0,GAMES
0,VIDEO GAMES
5,COMPUTER GRAPHICS
5,GRAPHICS
5,RENDERING (COMPUTER GRAPHICS)
5,GRAPHICS
78,MACHINE LEARNING
78,MACHINE LEARNING
78,LEARNING ALGORITHMS
55,THREE-DIMENSIONAL DISPLAYS
101,DATA INTEGRATION
100,URBAN PLANNING
109,HIGH-RISK AREAS
77,3D VISUALIZATION
119,OPENSTREETMAP DATA
57,SHAPE
99,VISUAL ANALYTICS
105,VISUAL ANALYSIS
134,LAND USE CHANGE
134,LAND USE DATA
122,SPATIOTEMPORAL DATA
121,SPATIOTEMPORAL DATASETS
134,LAND USE DATASET
0,GAMES
2,STREAMING MEDIA
5,RENDERING (COMPUTER GRAPHICS)
4,MOTION PICTURES
77,VISUALIZATION
55,THREE-DIMENSIONAL DISPLAYS
31,PIPELINES
153,VISUAL INTERFACE
77,VISUALIZATION TOOL
71,INTERSECTION POINT
5,COMPUTER GRAPHICS
56,MEASUREMENT
80,DECISION MAKING
187,FACE RECOGNITION
185,EARTH MOVER'S DISTANCE
185,EARTH MOVER
188,AUTHENTICATION
192,DEEP LEARNING SYSTEM
187,FACE RECOGNITION PERFORMANCE
5,GRAPHICS
187,FACE RECOGNITION
79,PERTURBATION METHODS
170,COST FUNCTION
189,FEATURE EXTRACTION
187,FACE RECOGNITION
196,NEURAL NETWORK
197,DEEP NEURAL NETWORK
170,COST FUNCTION
215,DATA AUGMENTATION
193,BIOMETRIC SYSTEMS
195,LOSS FUNCTION
214,TRAINING STAGE
221,SINGLE HIDDEN LAYER
214,TRAINING
54,SOLID MODELING
55,THREE-DIMENSIONAL DISPLAYS
187,FACE RECOGNITION
187,FACE RECOGNITION
241,3D FACE RECONSTRUCTION
197,DEEP NEURAL NETWORK
236,POINT CLOUD
61,3D SCANNING
242,AVAILABILITY OF LARGE DATASETS
187,FACE RECOGNITION MODEL
196,CONVOLUTIONAL NEURAL NETWORK
187,FACE RECOGNITION TASK
251,2D DATA
236,POINT CLOUD COMPRESSION
56,MEASUREMENT
55,THREE-DIMENSIONAL DISPLAYS
99,VISUAL ANALYTICS
105,VISUAL ANALYSIS
236,POINT CLOUD
259,INSTANCE SEGMENTATION
192,DEEP LEARNING TASKS
230,FALSE POSITIVE
269,OBJECT DETECTION
70,BOUNDING BOX
283,MATHEMATICAL SYMBOLS
214,TRAINING SET
196,CONVOLUTIONAL NEURAL NETWORK
192,DEEP LEARNING MODELS
244,GEOMETRIC FEATURES
269,OBJECT DETECTION METHODS
214,TRAINING
1,IMAGE COLOR ANALYSIS
57,SHAPE
196,NEURAL NETWORK
197,DEEP NEURAL NETWORK
214,TRAINING SET
196,CONVOLUTIONAL NEURAL NETWORK
200,FEATURE MAPS
68,ADAM OPTIMIZER
195,CROSS-ENTROPY LOSS FUNCTION
301,FIRE DETECTION
304,IMAGE CLASSIFI-CATION
192,DEEP LEARNING
214,TRAINING
129,FILTERING
196,NEURAL NETWORK
196,CONVOLUTIONAL NEURAL NETWORK
215,DATA AUGMENTATION
196,CONVOLUTIONAL NEURAL NETWORK MODEL
318,WILDLIFE MONITORING
289,VALIDATION SET
214,TRAINING IMAGE PAIRS
158,COMPUTATIONAL MODELING
196,NEURAL NETWORK
196,CONVOLUTIONAL NEURAL NETWORK
351,LONG SHORT-TERM MEMORY NEURAL NETWORK
343,INDUSTRIAL COSTS
84,PREDICTION MODEL
214,TRAINING SET
289,VALIDATION SET
199,CONVOLUTIONAL LAYERS
355,TIME SERIES DATA
345,DATA PROCESSING PIPELINE
214,TRAINING
5,GRAPHICS
355,TIME SERIES ANALYSIS
300,NEURAL NETWORKS
196,NEURAL NETWORK
355,TIME SERIES
304,IMAGE CLASSIFICATION
355,TIME SERIES CLASSIFICATION
375,AMERICAN SIGN LANGUAGE
345,DATA PROCESSING
85,MODEL PERFORMANCE
214,TRAINING SET
196,CONVOLUTIONAL NEURAL NETWORK
349,RECURRENT NEURAL NETWORK
369,IMAGE RECOGNITION
373,SELF-ATTENTION MECHANISM
1,IMAGE COLOR ANALYSIS
321,CAMERAS
34,REAL-TIME SYSTEMS
285,COMPLEXITY THEORY
363,INTERNET
393,TRAFFIC SIGN DETECTION
196,CONVOLUTIONAL NEURAL NETWORK
398,CAMERA INTRINSIC PARAMETERS
196,LIGHTWEIGHT CONVOLUTIONAL NEURAL NETWORK
70,BOUNDING BOX
391,VIDEO SEQUENCES
404,GOOGLE STREET VIEW
77,VISUALIZATION
297,IMAGE SEGMENTATION
129,FILTERING
269,OBJECT DETECTION
321,CAMERAS
414,SIMULTANEOUS LOCALIZATION AND MAPPING
269,OBJECT DETECTION
253,OBJECT SEGMENTATION
420,MONOCULAR IMAGES
214,TRAINING
5,GRAPHICS
189,FEATURE EXTRACTION
435,ANOMALY DETECTION
214,TRAINING PHASE
269,OBJECT DETECTION
70,BOUNDING BOX
189,FEATURE EXTRACTION STEP
299,TRANSFER LEARNING
214,TRAINING
5,GRAPHICS
55,THREE-DIMENSIONAL DISPLAYS
346,DATA MODELS
403,DETECTION MODEL
214,TRAINING FRAMEWORK
230,FALSE POSITIVE
214,TRAINING DATA
419,MONOCULAR
214,TRAINING MODALITIES
321,MULTIPLE CAMERAS
214,DETECTION TRAINING
5,GRAPHICS
297,IMAGE SEGMENTATION
379,COMPUTER VISION
300,NEURAL NETWORKS
214,TRAINING DATA
344,COMPUTER ARCHITECTURE
78,MACHINE LEARNING
196,NEURAL NETWORK
214,TRAINING DATA
378,CONVOLUTIONAL NETWORK
196,CONVOLUTIONAL NEURAL NETWORK
297,IMAGE SEGMENTATION
373,SELF-ATTENTION MECHANISM
381,VISION TRANSFORMER
382,TRANSFORMER MODEL
214,TRAINING
297,IMAGE SEGMENTATION
300,NEURAL NETWORKS
196,NEURAL NETWORK
300,ARTIFICIAL NEURAL NETWORK
497,INSPECTION ACTIVITIES
196,CONVOLUTIONAL NEURAL NETWORK
269,OBJECT DETECTION
32,GRAPHICS PROCESSING UNIT
291,INTERSECTION OVER UNION
271,SEMANTIC SEGMENTATION
412,FASTER R-CNN
259,INSTANCE SEGMENTATION
495,CORROSION PROCESS
418,MASK R-CNN
214,TRAINING
5,GRAPHICS
447,SUPERVISED LEARNING
516,CLASS ACTIVATION MAPS
230,FALSE POSITIVE
310,TRUE POSITIVE
403,DETECTION MODEL
469,FALSE NEGATIVE RATE
214,TRAINING SET
378,CONVOLUTIONAL NETWORK
196,CONVOLUTIONAL NEURAL NETWORK
199,CONVOLUTIONAL LAYERS
304,IMAGE CLASSIFICATION
214,TRAINING PHASE
441,MULTIPLE INSTANCE LEARNING
89,MODEL INTERPRETATION
514,DETECTION OF LESIONS
291,INTERSECTION OVER UNION
310,HIGH TRUE POSITIVE RATE
304,MEDICAL IMAGE CLASSIFICATION
214,TRAINING
77,VISUALIZATION
317,PROTOCOLS
346,DATA MODELS
531,ROBUST INFORMATION EXTRACTION
214,TRAINING SET
242,LARGE DATASETS
196,CONVOLUTIONAL NEURAL NETWORK
289,VALIDATION SET
373,ATTENTION MECHANISM
70,BOUNDING BOX
214,JOINT TRAINING
490,TRANSFORMER ENCODER
382,TRANSFORMER MODEL
56,MEASUREMENT
5,GRAPHICS
192,DEEP LEARNING
297,IMAGE SEGMENTATION
480,SOYBEAN CULTIVARS
192,DEEP LEARNING BASELINES
340,INPUT IMAGE
378,PRE-TRAINED CONVOLUTIONAL NETWORK
290,PUBLIC DATASETS
480,SOYBEAN SEEDS
196,PRE-TRAINED CONVOLUTIONAL NEURAL NETWORK
555,LINEAR DISCRIMINANT ANALYSIS CLASSIFIER
214,TRAINING
5,GRAPHICS
237,ADAPTATION MODELS
215,DATA AUGMENTATION
196,CONVOLUTIONAL NEURAL NETWORKS
434,TASK ANALYSIS
561,OPEN SET DOMAIN ADAPTATION
196,CONVOLUTIONAL NEURAL NETWORK
215,DATA AUGMENTATION
222,NEGATIVE SAMPLES
533,GENERATIVE ADVERSARIAL NETWORKS
227,UNKNOWN SAMPLES
447,SELF-SUPERVISED LEARNING
568,TARGET DOMAIN SAMPLES
564,DOMAIN SHIFT PROBLEM
5,GRAPHICS
192,DEEP LEARNING
54,SOLID MODELING
379,COMPUTER VISION
284,FOURIER TRANSFORMS
346,DATA MODELS
364,FOURIER TRANSFORM
378,CONVOLUTIONAL NETWORK
578,CONVOLUTIONAL DEEP BELIEF NETWORK
192,DEEP LEARNING
196,NEURAL NETWORK
527,MEDICAL IMAGING
196,CONVOLUTIONAL NEURAL NETWORK
221,HIDDEN LAYER
366,FAST FOURIER TRANSFORM
364,DISCRETE FOURIER TRANSFORM
214,TRAINING
5,GRAPHICS
379,COMPUTER VISION
196,CONVOLUTIONAL NEURAL NETWORKS
434,TASK ANALYSIS
304,IMAGE CLASSIFICATION
415,HEURISTIC
198,LINEAR COMBINATION
304,IMAGE CLASSIFICATION
196,CONVOLUTIONAL NEURAL NETWORK
384,COMBINATION OF FUNCTIONS
379,COMPUTER VISION PROBLEMS
198,LINEAR COMBINATION OF FUNCTIONS
304,IMAGE CLASSIFICATION PROBLEMS
289,VALIDATION SET
214,TRAINING IMAGES
286,MNIST DATASET
214,TRAINING
5,GRAPHICS
32,GRAPHICS PROCESSING UNITS
533,GENERATIVE ADVERSARIAL NETWORKS
536,SYNTHETIC IMAGES
32,GRAPHICS PROCESSING UNIT
533,GENERATIVE ADVERSARIAL NETWORKS
614,IMAGE SYNTHESIS
533,GENERATIVE ADVERSARIAL NETWORKS MODEL
85,MODEL PERFORMANCE
196,CONVOLUTIONAL NEURAL NETWORK
192,DEEP LEARNING MODELS
2,NEWS MEDIA
544,STRUCTURAL SIMILARITY INDEX MEASURE
5,GRAPHICS
260,SYSTEMATICS
390,ROADS
355,TIME SERIES ANALYSIS
104,CLIMATE CHANGE
390,RURAL ROADS
355,TIME SERIES
291,INTERSECTION OVER UNION
230,FALSE POSITIVE
469,FALSE NEGATIVE
621,HIGH-RESOLUTION IMAGES
469,FALSE NEGATIVE RATE
381,VISION TRANSFORMER
185,GOOGLE EARTH ENGINE
5,GRAPHICS
379,COMPUTER VISION
1,IMAGE COLOR ANALYSIS
31,PIPELINES
6,SKIN
6,SKIN COLOR
655,IMAGE ENHANCEMENT
379,COMPUTER VISION
192,DEEP LEARNING
196,CONVOLUTIONAL NEURAL NETWORK
533,GENERATIVE ADVERSARIAL NETWORKS
192,DEEP LEARNING APPROACHES
632,PEAK SIGNAL-TO-NOISE RATIO
276,HSV COLOR
544,STRUCTURAL SIMILARITY INDEX MEASURE
242,LARGE DATASETS
655,IMAGE ENHANCEMENT
192,DEEP LEARNING
214,TRAINING
5,GRAPHICS
519,BREAST CANCER
519,BREAST CANCER
577,DEEP NETWORK
378,CONVOLUTIONAL NETWORK
678,PUBLIC DATABASES
680,BREAST MAGNETIC RESONANCE IMAGING
196,NEURAL NETWORK
680,MAGNETIC RESONANCE IMAGING
370,TRANSFORMER
250,3D IMAGES
200,FEATURE MAPS
215,DATA AUGMENTATION
299,TRANSFER LEARNING
680,DYNAMIC CONTRAST-ENHANCED MAGNETIC RESONANCE IMAGING
77,VISUALIZATION
317,PROTOCOLS
511,ANNOTATIONS
78,MACHINE LEARNING
87,MACHINE LEARNING MODELS
695,RECENT COVID-19 PANDEMIC
269,OBJECT DETECTION
667,FACE DETECTION
192,DEEP LEARNING
59,MEASUREMENT UNCERTAINTY
423,ESTIMATION
344,COMPUTER ARCHITECTURE
192,DEEP LEARNING
381,VISION TRANSFORMER
196,NEURAL NETWORK
196,CONVOLUTIONAL NEURAL NETWORK
597,COMPUTATIONAL EFFICIENCY
189,FEATURE EXTRACTION CAPABILITY
343,COSTS
2,STREAMING MEDIA
442,SOFTWARE
78,MACHINE LEARNING
736,VIDEO CODING
84,PREDICTION MODEL
78,LEARNING ALGORITHMS
602,HYPERPARAMETERS
739,DECODING
87,MACHINE LEARNING MODELS
214,TRAINING GROUP
739,DECODING PROCESS
748,REGRESSION TREE ALGORITHM
84,PREDICTION MODE
214,TRAINING
511,ANNOTATIONS
370,TRANSFORMERS
370,TRANSFORMER
375,SIGN LANGUAGE
375,SIGN LANGUAGE TRANSLATION
764,NEURAL MACHINE TRANSLATION
196,NEURAL NETWORK
196,CONVOLUTIONAL NEURAL NETWORK
351,LONG SHORT-TERM MEMORY
349,RECURRENT NEURAL NETWORK
486,MULTILAYER PERCEPTRON
351,BIDIRECTIONAL LONG SHORT-TERM MEMORY
759,VOCABULARY SIZE
5,GRAPHICS
775,OPTICAL CHARACTER RECOGNITION
2,SOCIAL MEDIA
2,SOCIAL MEDIA PLATFORMS
214,TRAINING
613,IMAGE CODING
271,SEMANTIC SEGMENTATION
31,PIPELINES
434,TASK ANALYSIS
793,DIMENSIONALITY REDUCTION
297,IMAGE SEGMENTATION
196,NEURAL NETWORK
242,LARGE DATASETS
192,DEEP LEARNING
623,SOURCE CODE
379,COMPUTER VISION
564,DOMAIN SHIFT
271,SEMANTIC SEGMENTATION
502,SEGMENTATION RESULTS
793,DIMENSIONALITY REDUCTION ALGORITHMS
739,DECODING
291,INTERSECTION OVER UNION
793,DIMENSIONALITY REDUCTION APPROACH
77,VISUALIZATION
614,IMAGE SYNTHESIS
300,NEURAL NETWORKS
615,COMPLEX NETWORKS
189,FEATURE EXTRACTION
811,IMAGE RETRIEVAL
812,IMAGE REPRESENTATION
811,CONTENT-BASED IMAGE RETRIEVAL
615,COMPLEX NETWORK
704,IMAGE DESCRIPTORS
819,EXTRACT VISUAL FEATURES
554,SUPPORT VECTOR MACHINES
77,VISUALIZATION
78,MACHINE LEARNING ALGORITHMS
760,SOCIOLOGY
78,MACHINE LEARNING
189,FEATURE EXTRACTION
78,MACHINE LEARNING
554,SUPPORT VECTOR MACHINE
556,K-NEAREST NEIGHBOR
304,IMAGE CLASSIFICATION
663,COLOR SPACE
663,RGB COLOR SPACE
276,HSV COLOR
839,IMAGE ACQUISITION PROCESS
214,TRAINING
5,GRAPHICS
297,IMAGE SEGMENTATION
281,QR CODES
284,TRANSFORMS
297,IMAGE SEGMENTATION
297,UNSUPERVISED IMAGE SEGMENTATION
271,SEMANTIC SEGMENTATION
397,IMAGE DOMAIN
5,GRAPHICS
371,BEHAVIORAL SCIENCES
434,TASK ANALYSIS
9,VIRTUAL HUMANS
856,EMBODIED CONVERSATIONAL AGENTS
554,SUPPORT VECTOR MACHINE
620,FACIAL EXPRESSIONS
5,COMPUTER GRAPHICS
16,UNCANNY VALLEY
9,VIRTUAL HUMANS
856,EMBODIED CONVERSATIONAL AGENTS
297,IMAGE SEGMENTATION
77,VISUALIZATION
379,COMPUTER VISION
1,IMAGE COLOR ANALYSIS
196,CONVOLUTIONAL NEURAL NETWORK
304,IMAGE CLASSIFICATION
297,IMAGE SEGMENTATION
269,OBJECT DETECTION
647,PROBABILITY FUNCTION
500,SEGMENTATION METHOD
271,SEMANTIC SEGMENTATION
872,SUPERPIXEL
582,APPLICATIONS
214,TRAINING
157,GEOMETRY
5,GRAPHICS
300,NEURAL NETWORKS
871,TUTORIALS
346,DATA MODELS
157,DIFFERENTIAL GEOMETRY
195,LOSS FUNCTION
196,NEURAL NETWORK
214,NETWORK TRAINING
236,POINT CLOUD
113,TRIANGULAR MESH
38,EIGENVALUES OF OPERATOR
893,NEURAL FIELDS
157,DIFFERENTIAL GEOMETRY
260,SYSTEMATICS
99,VISUAL ANALYTICS
77,DATA VISUALIZATION
871,TUTORIALS
678,SPATIAL DATABASES
105,VISUAL ANALYSIS
77,DATA VISUALIZATION
108,VISUAL SYSTEM
77,INTERACTIVE VISUALIZATION
149,NEW YORK CITY
214,TRAINING
192,DEEP LEARNING
77,VISUALIZATION
319,VEGETATION MAPPING
496,MANUALS
321,CAMERAS
192,DEEP LEARNING
196,NEURAL NETWORK
795,MULTISPECTRAL IMAGES
214,TRAINING SET
196,CONVOLUTIONAL NEURAL NETWORK
289,VALIDATION SET
199,CONVOLUTIONAL LAYERS
200,FEATURE MAPS
297,IMAGE SEGMENTATION
105,VISUAL ANALYSIS
650,GROUND SAMPLING DISTANCE
934,POWER TRANSMISSION
560,BENCHMARK TESTING
290,PUBLIC DATASETS
935,TRANSMISSION LINE
215,DATA AUGMENTATION
292,MEAN AVERAGE PRECISION
412,FASTER R-CNN
215,DATA AUGMENTATION TECHNIQUES
412,FASTER R-CNN MODEL
214,TRAINING SET
192,DEEP LEARNING
497,VISUAL INSPECTION
269,OBJECT DETECTION
291,INTERSECTION OVER UNION
925,UNMANNED AERIAL VEHICLES
214,TRAINING
297,IMAGE SEGMENTATION
848,FORESTRY
636,DEFORESTATION DETECTION
214,TRAINING SET
611,ENSEMBLE METHOD
196,NEURAL NETWORK
554,SUPPORT VECTOR MACHINE
300,ARTIFICIAL NEURAL NETWORK
740,DECISION TREE
214,TRAINING AREA
192,DEEP LEARNING ARCHITECTURES
554,SUPPORT VECTOR MACHINES
214,TRAINING
192,DEEP LEARNING
78,MACHINE LEARNING ALGORITHMS
560,BENCHMARK TESTING
616,HIGH SPATIAL RESOLUTION DATASETS
616,SPATIAL RESOLUTION
214,TRAINING SET
78,LEARNING ALGORITHMS
134,LAND USE
554,SUPPORT VECTOR MACHINE
197,DEEP NEURAL NETWORK
521,CLASSIFICATION TASK
134,LAND USE/LAND COVER
78,TRADITIONAL MACHINE LEARNING ALGORITHMS
196,CONVOLUTIONAL NEURAL NETWORK
289,VALIDATION SET
87,MACHINE LEARNING MODELS
81,MACHINE LEARNING CLASSIFICATION ALGORITHMS
192,DEEP LEARNING MODELS
276,HSV COLOR
983,VEGETATION INDEX
214,TRAINING
192,DEEP LEARNING
5,GRAPHICS
677,ANALYTICAL MODELS
300,NEURAL NETWORKS
513,ROBUSTNESS
346,DATA MODELS
196,NEURAL NETWORK
196,CONVOLUTIONAL NEURAL NETWORK
215,DATA AUGMENTATION
196,CONVOLUTIONAL NEURAL NETWORK TRAINING
990,PRESENCE OF NOISY LABELS
197,DEEP NEURAL NETWORK
214,TRAINING STRATEGY
286,MNIST DATASET
214,TRAINING SET
601,LEARNING RATE
337,STOCHASTIC GRADIENT DESCENT
215,DATA AUGMENTATION METHODS
214,STANDARD TRAINING
995,LABEL NOISE
192,DEEP LEARNING
81,CLASSIFICATION
214,TRAINING
379,COMPUTER VISION
77,VISUALIZATION
269,OBJECT DETECTION
461,DETECTORS
269,OBJECT DETECTION
378,CONVOLUTIONAL NETWORK
214,TRAINING PHASE
379,COMPUTER VISION RESEARCH
196,NEURAL NETWORK
192,DEEP LEARNING
196,CONVOLUTIONAL NEURAL NETWORK
577,DEEP NETWORK
70,BOUNDING BOX
271,SEMANTIC SEGMENTATION
827,SCALE-INVARIANT FEATURE TRANSFORM
945,COCO DATASET
511,OBJECT ANNOTATIONS
197,DEEP NEURAL NETWORK
594,SOFTMAX
77,VISUALIZATION
379,COMPUTER VISION
189,FEATURE EXTRACTION
209,FACES
246,FACIAL FEATURES
246,FACIAL FEATURES
819,VISUAL FEATURES
620,FACIAL EXPRESSIONS
667,FACE DETECTION
5,GRAPHICS
99,VISUAL ANALYTICS
238,SOFT SENSORS
100,URBAN PLANNING
77,DATA VISUALIZATION
101,DATA INTEGRATION
101,DATA INTEGRATION
107,URBAN DATA
100,URBAN PLANNING
77,VISUALIZATION TOOL
1039,DIFFERENT TYPES OF LAYERS
355,TIME SERIES
77,DATA VISUALIZATION
801,LATENT SPACE
62,3D MESH
156,MAP VIEW
99,VISUAL ANALYTICS TOOL
107,URBAN DATA
99,VISUAL ANALYTICS
77,VISUALIZATION
512,PREDICTIVE MODELS
196,CONVOLUTIONAL NEURAL NETWORKS
196,CONVOLUTIONAL NEURAL NETWORK
196,NEURAL NETWORK
554,SUPPORT VECTOR MACHINE
300,ARTIFICIAL NEURAL NETWORK
197,DEEP NEURAL NETWORK
840,CLASSIFICATION PERFORMANCE
199,CONVOLUTIONAL LAYERS
358,FREQUENCY DOMAIN
196,CONVOLUTIONAL NEURAL NETWORK ARCHITECTURE
226,RELU ACTIVATION FUNCTION
214,TRAINING
283,SYMBOLS
351,MEMORY
530,INFORMATION RETRIEVAL
214,TRAINING DATASET
196,CONVOLUTIONAL NEURAL NETWORK
957,CLASSIFICATION RESULTS
531,INFORMATION EXTRACTION
349,RECURRENT NEURAL NETWORK
779,TEXT DATA
306,PRECISION AND RECALL
70,BOUNDING BOX
196,CONVOLUTIONAL NEURAL NETWORK MODEL
368,EARLY STOPPING
214,TRAINING
5,GRAPHICS
547,SOURCE CODING
31,PIPELINES
461,DETECTORS
196,CONVOLUTIONAL NEURAL NETWORKS
196,CONVOLUTIONAL NEURAL NETWORK
326,IMAGE PAIRS
214,TRAINING FRAMEWORK
214,TRAINING PIPELINE
214,TRAINING
55,THREE-DIMENSIONAL DISPLAYS
300,NEURAL NETWORKS
512,PREDICTIVE MODELS
239,3D RECONSTRUCTION
423,POSE ESTIMATION
424,CAMERA POSE
424,3D CAMERA POSE
799,MEAN SQUARE ERROR
486,MULTILAYER PERCEPTRON
405,COORDINATE SYSTEM
236,POINT CLOUD
414,SIMULTANEOUS LOCALIZATION AND MAPPING
425,STEREO CAMERA
239,3D RECONSTRUCTION
321,RGB-D CAMERAS
56,MEASUREMENT
379,COMPUTER VISION
547,SOURCE CODING
423,POSE ESTIMATION
344,COMPUTER ARCHITECTURE
269,OBJECT DETECTION
1146,ACTION RECOGNITION APPROACHES
379,COMPUTER VISION
269,OBJECT DETECTION
423,POSE ESTIMATION
383,TRANSFORMER ARCHITECTURE
379,COMPUTER VISION APPROACHES
267,SEMANTIC
645,CONTEXTUAL INFORMATION
265,SPATIAL DIMENSIONS
373,ATTENTION MECHANISM
378,GRAPH CONVOLUTIONAL NETWORK
705,VERSION OF DATASET
214,PRE-TRAINING PHASE
297,IMAGE SEGMENTATION
1,IMAGE COLOR ANALYSIS
57,SHAPE
513,ROBUSTNESS
872,SUPERPIXEL SEGMENTATION
875,HOMOGENEOUS COLOR
308,PIXEL COLOR
166,PRODUCTIVITY
77,VISUALIZATION
677,ANALYTICAL MODELS
237,ADAPTATION MODELS
54,SOLID MODELING
299,TRANSFER LEARNING
985,SOIL
480,SOYBEAN SEEDLINGS
192,DEEP LEARNING
87,LEARNING MODELS
196,CONVOLUTIONAL NEURAL NETWORK
196,CONVOLUTIONAL NEURAL NETWORK MODEL
473,LABELED DATA
480,SOYBEAN GENOTYPES
304,IMAGE CLASSIFICATION
334,NUMBER OF IMAGES
70,BOUNDING BOX
292,AVERAGE PRECISION
508,EDGE DETECTION
1018,SINGLE SHOT DETECTOR
196,CONVOLUTIONAL NEURAL NETWORK TRAINING
705,VERSION OF DATASET
480,SOYBEAN SEEDS
480,SOYBEAN PLANTS
939,POWER LINE
5,GRAPHICS
595,BRAIN
189,FEATURE EXTRACTION
579,STROKE CLASSIFICATION
1181,COMPUTED TOMOGRAPHY
526,COMPUTER-AIDED DIAGNOSIS
526,COMPUTER-AIDED DIAGNOSIS SYSTEM
196,CONVOLUTIONAL NEURAL NETWORK
554,SUPPORT VECTOR MACHINE
977,RANDOM FOREST
556,K-NEAREST NEIGHBOR
1181,COMPUTED TOMOGRAPHY IMAGES
486,MULTILAYER PERCEPTRON
554,SUPPORT VECTOR MACHINE CLASSIFIER
1183,GAUSSIAN MIXTURE MODEL
787,DEFAULT CONFIGURATION
845,PIXEL CLASSIFICATION
588,RESTRICTED BOLTZMANN MACHINE
579,STROKE
81,CLASSIFICATION
1181,COMPUTED TOMOGRAPHY
5,GRAPHICS
678,DATABASES
78,MACHINE LEARNING
1202,LUNG SOUND CLASSIFICATION
78,MACHINE LEARNING
381,VISION TRANSFORMER
196,NEURAL NETWORK
378,CONVOLUTIONAL NETWORK
196,CONVOLUTIONAL NEURAL NETWORK
373,ATTENTION MECHANISM
486,MULTILAYER PERCEPTRON
364,DISCRETE FOURIER TRANSFORM
630,GLOBAL AVERAGE POOLING
691,CONVOLUTIONAL BLOCK
1074,SHORT-TIME FOURIER TRANSFORM
1209,SPATIAL ATTENTION MODULE
378,TEMPORAL CONVOLUTIONAL NETWORK
349,CONVOLUTIONAL RECURRENT NEURAL NETWORK
1209,CHANNEL ATTENTION MODULE
1206,AUSCULTATION
1202,LUNG SOUND CLASSIFICATION
381,VISION TRANSFORMER
595,BRAIN
297,IMAGE SEGMENTATION
77,VISUALIZATION
55,THREE-DIMENSIONAL DISPLAYS
679,STATISTICAL ANALYSIS
680,FUNCTIONAL MAGNETIC RESONANCE IMAGING
189,FEATURE EXTRACTION
680,MAGNETIC RESONANCE IMAGING
53,3D TEXTURE FEATURES
1180,NEUROIMAGING
839,IMAGE ACQUISITION
1223,NORMAL CONTROL GROUP
1222,ANATOMICAL BRAIN REGIONS
680,MAGNETIC RESONANCE IMAGING SCANS
1196,GRAY LEVEL CO-OCCURRENCE MATRIX
554,SUPPORT VECTOR MACHINE
214,TRAINING
496,MANUALS
189,FEATURE EXTRACTION
196,CONVOLUTIONAL NEURAL NETWORKS
196,CONVOLUTIONAL NEURAL NETWORK
39,WHITE MATTER HYPERINTENSITIES
196,U-NET CONVOLUTIONAL NEURAL NETWORK
680,MAGNETIC RESONANCE IMAGING
1222,BRAIN REGIONS
1247,FLUID-ATTENUATED INVERSION RECOVERY IMAGES
39,WHITE MATTER HYPERINTENSITIES VOLUME
39,WHITE MATTER PATHOLOGY
39,WHITE MATTER HYPERINTENSITIES BURDEN
521,CLASSIFICATION TASK
1243,PREDICTION OF ALZHEIMER'S DISEASE
215,DATA AUGMENTATION
214,TRAINING
5,GRAPHICS
271,SEMANTIC SEGMENTATION
1145,SEMANTICS
196,CONVOLUTIONAL NEURAL NETWORKS
271,SEMANTIC SEGMENTATION
373,ATTENTION MECHANISM
289,VALIDATION SET
1007,PERCENTAGE POINTS
214,TRAINING STEP
378,FULLY CONVOLUTIONAL NETWORK
5,GRAPHICS
433,SURVEILLANCE
318,WILDLIFE
130,URBAN AREAS
319,VEGETATION
1278,TREE SPECIES CLASSIFICATION
78,MACHINE LEARNING
214,TRAINING SET
554,SUPPORT VECTOR MACHINE
977,RANDOM FOREST
264,CONFUSION MATRIX
977,RANDOM FOREST CLASSIFIER
1292,MINORITY CLASS SAMPLES
1291,OVERSAMPLING TECHNIQUE
705,VERSION OF DATASET
1279,OPTIMUM-PATH FOREST
192,DEEP LEARNING
196,CONVOLUTIONAL NEURAL NETWORKS
1284,URBAN FOREST
5,GRAPHICS
423,ESTIMATION
848,FORESTRY
434,TASK ANALYSIS
1183,MIXTURE MODEL
1183,GAUSSIAN MIXTURE MODEL
1279,OPTIMUM-PATH FOREST
242,LARGE DATASETS
1300,CLUSTERING ALGORITHM
356,COMPUTATIONAL COST
470,GAUSSIAN KERNEL
289,VALIDATION SET
982,FEATURE SPACE
1038,NODES IN THE GRAPH
1289,COVARIANCE MATRIX
192,DEEP LEARNING
77,VISUALIZATION
299,TRANSFER LEARNING
31,PIPELINES
300,NEURAL NETWORKS
6,SKIN
197,DEEP NEURAL NETWORK
811,CONTENT-BASED IMAGE RETRIEVAL
618,IMAGE RESOLUTION
334,NUMBER OF IMAGES
554,SUPPORT VECTOR MACHINES
192,DEEP LEARNING
5,GRAPHICS
379,COMPUTER VISION
434,TASK ANALYSIS
304,IMAGE CLASSIFICATION
304,IMAGE CLASSIFICATION
1219,TEXTURE FEATURES
554,SUPPORT VECTOR MACHINE
556,K-NEAREST NEIGHBOR
304,IMAGE CLASSIFICATION PROBLEMS
379,COMPUTER VISION RESEARCH
196,NEURAL NETWORK
196,CONVOLUTIONAL NEURAL NETWORK
1025,COMBINATION OF FEATURES
555,LINEAR DISCRIMINANT ANALYSIS
823,IMAGE TEXTURE
1214,DISCRETE COSINE TRANSFORM
900,SURFACE RECONSTRUCTION
912,SMOOTHING METHODS
618,IMAGE RESOLUTION
31,PIPELINES
32,GRAPHICS PROCESSING UNITS
344,COMPUTER ARCHITECTURE
900,SURFACE RECONSTRUCTION
900,SURFACE RECONSTRUCTION METHOD
62,3D MESH
214,TRAINING
57,SHAPE
158,COMPUTATIONAL MODELING
269,OBJECT DETECTION
321,CAMERAS
549,PRODUCTION FACILITIES
192,DEEP LEARNING
379,COMPUTER VISION
192,DEEP LEARNING MODELS
269,OBJECT DETECTION
70,BOUNDING BOX
328,IMAGE CAPTURE
192,TRAINING DEEP LEARNING MODELS
672,ILLUMINATION
214,TRAINING SET
661,IMAGE DATASET
423,POSE ESTIMATION
536,SYNTHETIC IMAGES
562,DOMAIN ADAPTATION
1139,3D POSE
269,OBJECT DETECTION MODEL
269,OBJECT DETECTION TASK
947,IMAGE ANNOTATION
299,TRANSFER LEARNING
56,MEASUREMENT
214,TRAINING
31,PIPELINES
32,GRAPHICS PROCESSING UNITS
5,RENDERING (COMPUTER GRAPHICS)
52,KERNEL
602,HYPERPARAMETERS
239,3D RECONSTRUCTION
851,OBJECT OF INTEREST
157,SCENE GEOMETRY
1288,TRILINEAR INTERPOLATION
54,SOLID MODELING
55,THREE-DIMENSIONAL DISPLAYS
492,HEAD
953,BIOLOGICAL SYSTEM MODELING
158,COMPUTATIONAL MODELING
5,COMPUTER GRAPHICS
1390,ANDROGENETIC ALOPECIA
1288,INTERPOLATION
533,GENERATIVE ADVERSARIAL NETWORKS
1388,HAIR DENSITY
1388,HAIR TEXTURE
1396,3D HUMAN MODEL
5,GRAPHICS
129,FILTERING
449,CONVOLUTION
129,FILTERING ALGORITHMS
52,KERNEL
997,WEIGHT DECAY
358,FREQUENCY DOMAIN
364,FOURIER TRANSFORM
1357,COMPUTATION TIME
470,GAUSSIAN KERNEL
366,FAST FOURIER TRANSFORM
1037,SPATIAL DOMAIN
913,NONLINEAR PROGRAMMING
71,INTERSECTION POINT
5,GRAPHICS
618,IMAGE RESOLUTION
300,NEURAL NETWORKS
42,IMAGING
812,IMAGE REPRESENTATION
196,NEURAL NETWORK
812,IMAGE REPRESENTATION
196,CONVOLUTIONAL NEURAL NETWORK
221,HIDDEN LAYER
794,IMAGE RECONSTRUCTION
486,MULTILAYER PERCEPTRON
899,NEURAL REPRESENTATIONS
197,DEEP NEURAL NETWORK
1076,LOW-PASS
214,TRAINING ADAPTATIONS
129,LEVEL OF FILTERING
300,NEURAL NETWORKS
42,IMAGING
56,MEASUREMENT
77,VISUALIZATION
449,CONVOLUTION
300,NEURAL NETWORKS
344,COMPUTER ARCHITECTURE
370,TRANSFORMERS
597,COMPUTATIONAL EFFICIENCY
381,VISION TRANSFORMER
540,IMAGE INPAINTING
356,COMPUTATIONAL COST
200,FEATURE MAPS
458,RECEPTIVE FIELD
685,CONVOLUTION OPERATION
624,PATCH SIZE
196,CONVOLUTIONAL NEURAL NETWORK
533,GENERATIVE ADVERSARIAL NETWORKS
632,PEAK SIGNAL-TO-NOISE RATIO
386,LONG-RANGE DEPENDENCIES
627,FRECHET INCEPTION DISTANCE
492,MULTI-HEAD SELF-ATTENTION
540,IMAGE INPAINTING
370,VISUAL TRANSFORMERS
214,TRAINING
5,GRAPHICS
158,COMPUTATIONAL MODELING
129,COLLABORATIVE FILTERING
1299,SCALABILITY
146,BUILDINGS
678,DISTRIBUTED DATABASES
129,COLLABORATIVE FILTERING
356,COMPUTATIONAL COST
597,COMPUTATIONAL EFFICIENCY
64,PROCESSING TIME
556,K-NEAREST NEIGHBOR
801,LATENT SPACE
1038,NODES IN THE GRAPH
1465,NON-NEGATIVE MATRIX FACTORIZATION
214,LABELED TRAINING DATASET
580,RECOMMENDER SYSTEMS
78,MACHINE LEARNING
549,PRODUCTION
512,PREDICTIVE MODELS
78,MACHINE LEARNING
1476,BLAST FURNACE
554,SUPPORT VECTOR MACHINE
87,MACHINE LEARNING MODELS
1474,TEMPERATURE MEASUREMENTS
486,MULTILAYER PERCEPTRON
1483,IRON AND STEEL INDUSTRY
638,RAW MATERIALS
300,ARTIFICIAL NEURAL NETWORK
289,VALIDATION SET
355,TIME SERIES ANALYSIS
351,LONG SHORT-TERM MEMORY
192,DEEP LEARNING
214,TRAINING
678,DATABASES
1408,FREQUENCY-DOMAIN ANALYSIS
79,PERTURBATION METHODS
214,TRAINING DATA
195,LOSS FUNCTION
192,DEEP LEARNING
716,FORENSIC
656,ENHANCEMENT METHOD
358,FREQUENCY DOMAIN
366,FAST FOURIER TRANSFORM
215,DATA AUGMENTATION
533,GENERATIVE ADVERSARIAL NETWORKS
1214,DISCRETE COSINE TRANSFORM
1508,PEPPER NOISE
807,CONVOLUTIONAL AUTOENCODER
933,PERFORMANCE EVALUATION
678,DATABASES
696,PANDEMICS
187,FACE RECOGNITION
158,COMPUTATIONAL MODELING
31,PIPELINES
560,BENCHMARK TESTING
187,FACE RECOGNITION
209,MASKED FACES
187,MASKED FACE RECOGNITION
193,BIOMETRIC SYSTEMS
195,LOSS FUNCTION
196,CONVOLUTIONAL NEURAL NETWORK
326,IMAGE PAIRS
202,FACE IMAGES
643,LOW-RESOLUTION IMAGES
536,SYNTHETIC IMAGES
447,SELF-SUPERVISED LEARNING
206,EQUAL ERROR RATE
187,FACE RECOGNITION MODEL
187,FACE RECOGNITION PERFORMANCE
213,FALSE ACCEPTANCE RATE
56,MEASUREMENT
5,GRAPHICS
677,ANALYTICAL MODELS
614,IMAGE SYNTHESIS
761,GESTURE RECOGNITION
762,ASSISTIVE TECHNOLOGIES
533,GENERATIVE ADVERSARIAL NETWORKS
375,SIGN LANGUAGE
375,BRAZILIAN SIGN LANGUAGE
533,GENERATIVE ADVERSARIAL NETWORKS
632,PEAK SIGNAL-TO-NOISE RATIO
536,SYNTHETIC IMAGES
804,VARIATIONAL AUTOENCODER
614,IMAGE SYNTHESIS
544,STRUCTURAL SIMILARITY INDEX MEASURE
196,NEURAL NETWORK
192,DEEP LEARNING
669,IMAGES OF PEOPLE
764,NEURAL MACHINE TRANSLATION
804,CONDITIONAL VARIATIONAL AUTOENCODER
375,SIGN LANGUAGE RECOGNITION
375,SIGN LANGUAGE TRANSLATION
706,PERSON IMAGE
187,FACE RECOGNITION
895,DIFFERENTIAL EQUATIONS
187,FACE RECOGNITION
1333,DIFFUSION MODEL
246,FACIAL FEATURES
1532,INVERSE PROBLEM
632,PEAK SIGNAL-TO-NOISE RATIO
544,STRUCTURAL SIMILARITY INDEX MEASURE
621,HIGH-RESOLUTION IMAGES
1539,MARKOV CHAIN MONTE CARLO
533,GENERATIVE ADVERSARIAL NETWORKS
643,LOW-RESOLUTION IMAGES
614,IMAGE SYNTHESIS
912,IMAGE SMOOTHING
321,SURVEILLANCE CAMERAS
1499,RANDOM GAUSSIAN NOISE
300,NEURAL NETWORKS
497,INSPECTION
189,FEATURE EXTRACTION
370,TRANSFORMERS
1349,LOCAL PATTERNS
196,NEURAL NETWORK
1554,PATTERN RECOGNITION
196,CONVOLUTIONAL NEURAL NETWORK
78,MACHINE LEARNING
554,SUPPORT VECTOR MACHINE
300,ARTIFICIAL NEURAL NETWORK
199,CONVOLUTIONAL LAYERS
215,DATA AUGMENTATION
554,SUPPORT VECTOR MACHINE CLASSIFIER
1555,MELAMINE PANEL
214,TRAINING
369,IMAGE RECOGNITION
433,SURVEILLANCE
1533,SUPERRESOLUTION
214,TRAINING DATA
344,COMPUTER ARCHITECTURE
890,NOISE MEASUREMENT
1209,ATTENTION MODULE
195,LOSS FUNCTION
192,DEEP LEARNING
621,HIGH-RESOLUTION IMAGES
1499,GAUSSIAN NOISE
643,LOW-RESOLUTION IMAGES
789,LICENSE PLATE
544,STRUCTURAL SIMILARITY INDEX MEASURE
243,SINGLE IMAGE SUPER-RESOLUTION
789,LICENSE PLATE RECOGNITION
196,CONVOLUTIONAL NEURAL NETWORK
199,CONVOLUTIONAL LAYERS
794,IMAGE RECONSTRUCTION
373,ATTENTION MECHANISM
533,GENERATIVE ADVERSARIAL NETWORKS
1288,INTERPOLATION METHOD
632,PEAK SIGNAL-TO-NOISE RATIO
775,OPTICAL CHARACTER RECOGNITION
1458,RECOGNITION RATE
5,GRAPHICS
379,COMPUTER VISION
343,COSTS
158,COMPUTATIONAL MODELING
512,PREDICTIVE MODELS
789,LICENSE PLATE RECOGNITION
789,LICENSE PLATE RECOGNITION
290,PUBLIC DATASETS
379,COMPUTER VISION COMMUNITY
789,LICENSE PLATE
214,TRAINING SET
214,TRAINING DATA
196,CONVOLUTIONAL NEURAL NETWORK
554,SUPPORT VECTOR MACHINE
199,CONVOLUTIONAL LAYERS
661,IMAGE DATASET
214,TRAINING IMAGES
775,OPTICAL CHARACTER RECOGNITION
808,IMAGE COMPRESSION
1584,PROVINCES IN MAINLAND CHINA
196,LIGHTWEIGHT CONVOLUTIONAL NEURAL NETWORK
214,TRAINING
379,COMPUTER VISION
158,COMPUTATIONAL MODELING
130,URBAN AREAS
344,COMPUTER ARCHITECTURE
189,FEATURE EXTRACTION
1059,SAFETY
196,NEURAL NETWORK
196,CONVOLUTIONAL NEURAL NETWORK
197,DEEP NEURAL NETWORK
196,DEEP CONVOLUTIONAL NEURAL NETWORK
379,COMPUTER VISION
521,CLASSIFICATION TASK
1059,TRAFFIC SAFETY
214,TRAINING SET
601,LEARNING RATE
289,VALIDATION SET
624,BATCH SIZE
214,TRAINING TIME
215,DATA AUGMENTATION
215,DATA AUGMENTATION TECHNIQUES
1429,BLOCKING LAYER
214,TRAINING
379,COMPUTER VISION
831,ANIMALS
953,BIOLOGICAL SYSTEM MODELING
390,ROADS
346,DATA MODELS
1059,SAFETY
379,COMPUTER VISION
215,DATA AUGMENTATION
403,DETECTION MODEL
292,AVERAGE PRECISION
379,FIELD OF COMPUTER VISION
196,CONVOLUTIONAL NEURAL NETWORK
269,OBJECT DETECTION
70,BOUNDING BOX
292,MEAN AVERAGE PRECISION
473,LABELED DATA SET
324,CAMERA TRAPS
831,REAL ANIMALS
59,UNCERTAINTY
1200,SENSITIVITY
461,DETECTORS
269,OBJECT DETECTION
346,DATA MODELS
1614,ELECTRONIC COMPONENTS
1613,PRINTED CIRCUIT
269,OBJECT DETECTION
196,NEURAL NETWORK
192,DEEP LEARNING
326,IMAGE PAIRS
465,TARGET DATASET
269,OBJECT DETECTION MODEL
214,SELF-TRAINING
1614,ELECTRONIC COMPONENTS DETECTOR
56,MEASUREMENT
214,TRAINING
1351,IMAGE ANALYSIS
1,IMAGE COLOR ANALYSIS
158,COMPUTATIONAL MODELING
512,PREDICTIVE MODELS
84,PREDICTION MODEL
78,LEARNING ALGORITHMS
486,MULTILAYER PERCEPTRON
977,RANDOM FOREST CLASSIFIER
977,RANDOM FOREST ALGORITHM
1350,FRACTAL DIMENSION
526,COMPUTER-AIDED DIAGNOSIS
486,MULTILAYER PERCEPTRON CLASSIFIER
157,FRACTAL GEOMETRY
157,EUCLIDEAN GEOMETRY
116,VECTOR DATA
1409,REGULARIZATION
1631,HISTOPATHOLOGY
299,TRANSFER LEARNING
189,FEATURE EXTRACTION
81,CLASSIFICATION ALGORITHMS
514,LESIONS
196,CONVOLUTIONAL NEURAL NETWORK
199,CONVOLUTIONAL LAYERS
299,TRANSFER LEARNING
1197,ALEXNET
1653,MOUSE TONGUE
192,DEEP LEARNING
78,LEARNING ALGORITHMS
554,SUPPORT VECTOR MACHINE
977,RANDOM FOREST
521,CLASSIFICATION TASK
555,LINEAR DISCRIMINANT ANALYSIS
334,NUMBER OF IMAGES
196,CONVOLUTIONAL NEURAL NETWORK MODEL
514,IDENTIFICATION OF LESIONS
1636,HERMITE POLYNOMIALS
526,COMPUTER-AIDED DIAGNOSIS
56,MEASUREMENT
492,HEAD
369,IMAGE RECOGNITION
158,COMPUTATIONAL MODELING
344,COMPUTER ARCHITECTURE
496,MANUALS
196,CONVOLUTIONAL NEURAL NETWORK
196,DEEP CONVOLUTIONAL NEURAL NETWORK
1669,SPERM HEAD MORPHOLOGY
300,ARTIFICIAL NEURAL NETWORK
196,CONVOLUTIONAL NEURAL NETWORK MODEL
851,OBJECT OF INTEREST
1400,HUMERAL HEAD
1522,WORLD HEALTH ORGANIZATION
199,CONVOLUTIONAL LAYERS
340,INPUT IMAGE
200,FEATURE MAPS
264,CONFUSION MATRIX
215,DATA AUGMENTATION
306,PRECISION AND RECALL
586,CONVOLUTION KERNEL
196,CONVOLUTIONAL NEURAL NETWORK ARCHITECTURE
304,MEDICAL IMAGE CLASSIFICATION
129,FILTERING STAGE
192,DEEP LEARNING
214,TRAINING
300,NEURAL NETWORKS
344,COMPUTER ARCHITECTURE
370,TRANSFORMERS
519,BREAST CANCER
519,BREAST CANCER
519,BREAST CANCER HISTOPATHOLOGICAL IMAGES
196,NEURAL NETWORK
577,DEEP NETWORK
197,DEEP NEURAL NETWORK
1685,CLASSIFICATION ACCURACY RATE
214,TRAINING SET
1682,MALIGNANT TUMORS
199,CONVOLUTIONAL LAYERS
304,IMAGE CLASSIFICATION
661,IMAGE DATASET
215,DATA AUGMENTATION
197,DEEP NEURAL NETWORK MODEL
1685,HIGH CLASSIFICATION ACCURACY
947,IMAGE ANNOTATION
1514,MASKED IMAGES
695,COVID-19
192,DEEP LEARNING
433,SURVEILLANCE
300,NEURAL NETWORKS
321,CAMERAS
196,NEURAL NETWORK
196,CONVOLUTIONAL NEURAL NETWORK
197,DEEP NEURAL NETWORK
321,SURVEILLANCE CAMERAS
554,SUPPORT VECTOR MACHINE
300,ARTIFICIAL NEURAL NETWORK
269,OBJECT DETECTION
460,PEDESTRIAN
291,INTERSECTION OVER UNION
196,DEEP CONVOLUTIONAL NEURAL NETWORK
70,BOUNDING BOX
202,FACE IMAGES
536,SYNTHETIC IMAGES
209,MASKED FACES
667,FACE DETECTION
416,KITTI DATASET
669,IMAGES OF PEOPLE
214,TRAINING
297,IMAGE SEGMENTATION
869,TAXONOMY
447,SUPERVISED LEARNING
240,SURGERY
871,TUTORIALS
81,CLASSIFICATION ALGORITHMS
527,MEDICAL IMAGING
297,IMAGE SEGMENTATION
297,MEDICAL IMAGE SEGMENTATION
196,NEURAL NETWORK
214,TRAINING DATASET
447,SUPERVISED LEARNING
271,SEMANTIC SEGMENTATION
525,SEGMENTATION TASK
197,DEEP NEURAL NETWORK
304,IMAGE CLASSIFICATION
229,CROSS-ENTROPY
1308,LARGE-SCALE DATASETS
564,DOMAIN SHIFT
447,SELF-SUPERVISED LEARNING
976,FEW-SHOT LEARNING
205,QUERY IMAGE
976,FEW-SHOT LEARNING
271,SEMANTIC SEGMENTATION
527,MEDICAL IMAGING
793,DIMENSIONALITY REDUCTION
192,DEEP LEARNING
77,VISUALIZATION
677,ANALYTICAL MODELS
77,DATA VISUALIZATION
78,MACHINE LEARNING
871,TUTORIALS
78,MACHINE LEARNING
192,DEEP LEARNING
87,LEARNING MODELS
793,DIMENSIONALITY REDUCTION
87,MACHINE LEARNING MODELS
192,DEEP LEARNING MODELS
77,VISUALIZATION TECHNIQUES
1036,TOPOLOGICAL DATA ANALYSIS
196,NEURAL NETWORK
196,CONVOLUTIONAL NEURAL NETWORK
300,ARTIFICIAL NEURAL NETWORK
740,DECISION TREE
105,VISUAL ANALYSIS
264,CONFUSION MATRIX
351,LONG SHORT-TERM MEMORY
77,VISUALIZATION TOOL
793,DIMENSIONALITY REDUCTION METHODS
77,INTERACTIVE VISUALIZATION
77,VISUALIZATION
78,MACHINE LEARNING
77,VISUALIZATION
54,SOLID MODELING
1351,IMAGE ANALYSIS
158,COMPUTATIONAL MODELING
42,IMAGING
1733,VIRTUAL REALITY EXPERIENCE
243,SINGLE IMAGE
239,3D RECONSTRUCTION
458,RECEPTIVE FIELD
801,LATENT SPACE
472,GROUND PLANE
1126,3D POINT
1383,UNIT SPHERE
398,INTRINSIC PARAMETERS
405,WORLD COORDINATE SYSTEM
1737,SPHERICAL IMAGES
214,TRAINING
56,MEASUREMENT
5,GRAPHICS
300,NEURAL NETWORKS
533,GENERATIVE ADVERSARIAL NETWORKS
533,GENERATIVE ADVERSARIAL NETWORKS
536,SYNTHETIC IMAGES
214,STABLE TRAINING
378,CONVOLUTIONAL NETWORK
196,CONVOLUTIONAL NEURAL NETWORK
801,LATENT SPACE
614,IMAGE SYNTHESIS
214,ADVERSARIAL TRAINING
1468,LATENT VECTOR
214,GENERATOR TRAINING
214,GENERATIVE ADVERSARIAL NETWORKS TRAINING
627,FRECHET INCEPTION DISTANCE
533,GENERATIVE ADVERSARIAL NETWORK
614,DEEP IMAGE SYNTHESIS
197,DEEP NEURAL NETWORK
214,TRAINING
77,VISUALIZATION
260,SYSTEMATICS
271,SEMANTIC SEGMENTATION
869,TAXONOMY
1145,SEMANTICS
214,TRAINING DATA
271,SEMANTIC SEGMENTATION
227,UNKNOWN SAMPLES
196,NEURAL NETWORK
192,DEEP LEARNING
196,CONVOLUTIONAL NEURAL NETWORK
197,DEEP NEURAL NETWORK
567,RARE EVENTS
915,VISUAL TASK
533,GENERATIVE ADVERSARIAL NETWORKS
804,VARIATIONAL AUTOENCODER
340,INPUT IMAGE
561,OPEN-SET
271,SEMANTIC SEGMENTATION
192,DEEP LEARNING
196,NEURAL NETWORK
5,GRAPHICS
379,COMPUTER VISION
187,FACE RECOGNITION
1159,FOCUSING
78,MACHINE LEARNING
497,INSPECTION
78,MACHINE LEARNING
379,COMPUTER VISION
187,FACE RECOGNITION
526,COMPUTER-AIDED DIAGNOSIS
87,MACHINE LEARNING MODELS
270,TYPES OF ERRORS
473,LABELED DATA
811,IMAGE RETRIEVAL
667,FACE DETECTION
379,FIELD OF COMPUTER VISION
214,TRAINING
5,GRAPHICS
192,DEEP LEARNING
511,ANNOTATIONS
299,TRANSFER LEARNING
447,SUPERVISED LEARNING
871,TUTORIALS
577,DEEP NETWORK
214,TRAINING DEEP NETWORKS
598,ACTIVATION FUNCTION
370,TRANSFORMER
197,DEEP NEURAL NETWORK
199,CONVOLUTIONAL LAYERS
447,SUPERVISED LEARNING
299,TRANSFER LEARNING
447,SELF-SUPERVISED LEARNING
78,MACHINE LEARNING
214,TRAINING SET
192,DEEP LEARNING
601,LEARNING RATE
1076,LOW-PASS
379,COMPUTER VISION
624,BATCH SIZE
533,GENERATIVE ADVERSARIAL NETWORKS
200,FEATURE MAPS
337,STOCHASTIC GRADIENT DESCENT
215,DATA AUGMENTATION
214,TRAINING EXAMPLES
491,INDUCTIVE BIAS
1402,WHITE PIXELS
192,DEEP LEARNING
214,TRAINING
196,CONVOLUTIONAL NEURAL NETWORKS
157,GEOMETRY
192,DEEP LEARNING
55,THREE-DIMENSIONAL DISPLAYS
57,SHAPE
300,NEURAL NETWORKS
794,IMAGE RECONSTRUCTION
196,NEURAL NETWORK
906,IMPLICIT REPRESENTATION
197,DEEP NEURAL NETWORK
891,IMPLICIT FUNCTION
157,3D GEOMETRY
195,LOSS FUNCTION
1423,NETWORK LAYER
1465,MATRIX FACTORIZATION
1467,SINGULAR VALUE
236,POINT CLOUD
486,MULTILAYER PERCEPTRON
1467,SINGULAR VALUE DECOMPOSITION
899,NEURAL REPRESENTATIONS
910,SIMPLE ARCHITECTURE
1468,LATENT VECTOR
905,SIGNED DISTANCE FUNCTION
1549,AFFINE FUNCTION
900,SURFACE RECONSTRUCTION
232,DECISION BOUNDARY
300,NEURAL NETWORKS
906,IMPLICIT REPRESENTATIONS
77,VISUALIZATION
32,GRAPHICS PROCESSING UNITS
512,PREDICTIVE MODELS
5,RENDERING (COMPUTER GRAPHICS)
34,REAL-TIME SYSTEMS
77,VISUALIZATION TECHNIQUES
851,OBJECT OF INTEREST
70,BOUNDING BOX
77,SCIENTIFIC VISUALIZATION
1817,RESERVOIR MODEL
57,SHAPE
146,BUILDINGS
755,BINARY TREES
1294,OPTIMIZATION
755,BINARY TREE
396,RUNNING TIME
70,BOUNDING BOX
415,HEURISTIC
157,COMPUTATIONAL GEOMETRY
5,GRAPHICS
55,THREE-DIMENSIONAL DISPLAYS
1,IMAGE COLOR ANALYSIS
31,PIPELINES
423,ESTIMATION
321,CAMERAS
1864,GRAVITY ALIGNMENT
1740,DEPTH ESTIMATION
1124,ROOT MEAN SQUARE ERROR
196,CONVOLUTIONAL NEURAL NETWORK
340,INPUT IMAGE
174,ROTATION ANGLE
1822,DEPTH MAP
378,GRAPH CONVOLUTIONAL NETWORK
1268,DILATED CONVOLUTION
1864,GRAVITY VECTOR
1737,SPHERICAL IMAGE
601,LEARNING RATE
472,GROUND PLANE
458,RECEPTIVE FIELD
799,MEAN SQUARE ERROR
1734,SPHERICAL SURFACE
214,TRAINING
5,GRAPHICS
192,DEEP LEARNING
423,ESTIMATION
1260,NETWORK ARCHITECTURE
434,TASK ANALYSIS
209,FACES
192,DEEP LEARNING
202,FACE IMAGES
1874,ANGULAR ERROR
196,NEURAL NETWORK
378,CONVOLUTIONAL NETWORK
196,CONVOLUTIONAL NEURAL NETWORK
199,CONVOLUTIONAL LAYERS
340,INPUT IMAGE
373,ATTENTION MECHANISM
423,POSE ESTIMATION
406,YAW ANGLE
1446,NUMBER OF HEADS
419,MONOCULAR CAMERA
5,GRAPHICS
379,COMPUTER VISION
423,POSE ESTIMATION
344,COMPUTER ARCHITECTURE
890,NOISE MEASUREMENT
434,TASK ANALYSIS
423,POSE ESTIMATION
423,HAND POSE ESTIMATION
685,CONVOLUTION OPERATION
1594,INFERENCE TIME
1578,MOTION BLUR
196,CONVOLUTIONAL NEURAL NETWORK
199,CONVOLUTIONAL LAYERS
215,DATA AUGMENTATION
32,GRAPHICS PROCESSING UNIT
1153,HUMAN ACTIVITY RECOGNITION
1139,3D POSE
423,HUMAN POSE ESTIMATION
70,BOUNDING BOX
536,SYNTHETIC IMAGES
1146,ACTION RECOGNITION
214,TRAINING
5,GRAPHICS
379,COMPUTER VISION
300,NEURAL NETWORKS
370,TRANSFORMERS
498,IMAGE RESTORATION
196,NEURAL NETWORK
373,ATTENTION MECHANISM
884,TEMPORAL COHERENCE
540,IMAGE INPAINTING
1908,REDUCE MEMORY USAGE
577,DEEP NETWORK
982,FEATURE SPACE
1847,TIME COMPLEXITY
1209,ATTENTION MODULE
771,OPTICAL FLOW
449,3D CONVOLUTION
192,DEEP LEARNING
540,VIDEO INPAINTING
214,TRAINING
793,DIMENSIONALITY REDUCTION
5,GRAPHICS
192,DEEP LEARNING
379,COMPUTER VISION
343,COSTS
214,TRAINING DATA
793,DIMENSIONALITY REDUCTION
562,DOMAIN ADAPTATION
793,EFFECT OF DIMENSIONALITY REDUCTION
196,NEURAL NETWORK
197,DEEP NEURAL NETWORK
379,COMPUTER VISION
304,IMAGE CLASSIFICATION
568,TARGET DOMAIN
562,DOMAIN ADAPTATION METHODS
196,CONVOLUTIONAL NEURAL NETWORK
1183,MIXTURE MODEL
1303,EXPECTATION MAXIMIZATION
533,GENERATIVE ADVERSARIAL NETWORKS
473,LABELED DATA
571,SOURCE DOMAIN
464,TARGET DATA
793,DIMENSIONALITY REDUCTION STEP
793,DIMENSIONALITY REDUCTION ALGORITHMS
379,COMPUTER VISION
78,MACHINE LEARNING
562,DOMAIN ADAPTATION
299,TRANSFER LEARNING
214,TRAINING
1180,NEUROIMAGING
297,IMAGE SEGMENTATION
614,IMAGE SYNTHESIS
1145,SEMANTICS
1241,BRAIN MODELING
533,GENERATIVE ADVERSARIAL NETWORKS
1180,NEUROIMAGING
614,IMAGE SYNTHESIS
527,MEDICAL IMAGING
297,IMAGE SEGMENTATION
661,IMAGE DATASET
533,GENERATIVE ADVERSARIAL NETWORKS
525,SEGMENTATION TASK
536,SYNTHETIC IMAGES
533,GENERATIVE ADVERSARIAL NETWORKS MODEL
199,CONVOLUTIONAL LAYERS
215,DATA AUGMENTATION
271,SEMANTIC SEGMENTATION
1247,FLUID-ATTENUATED INVERSION RECOVERY
271,SEMANTIC SEGMENTATION TASK
627,FRECHET INCEPTION DISTANCE
533,GENERATIVE ADVERSARIAL NETWORKS
614,SEMANTIC IMAGE SYNTHESIS
5,GRAPHICS
297,IMAGE SEGMENTATION
343,COSTS
511,ANNOTATIONS
1145,SEMANTICS
512,PREDICTIVE MODELS
527,MEDICAL IMAGING
1710,CHEST X-RAY
271,SEMANTIC SEGMENTATION
571,SOURCE DOMAIN
680,MAGNETIC RESONANCE IMAGING
378,CONVOLUTIONAL NETWORK
196,CONVOLUTIONAL NEURAL NETWORK
297,IMAGE SEGMENTATION
500,SEGMENTATION METHOD
564,DOMAIN SHIFT
525,SEGMENTATION TASK
1714,QUERY SET
297,MEDICAL IMAGE SEGMENTATION
196,PRE-TRAINED CONVOLUTIONAL NEURAL NETWORK
378,FULLY CONVOLUTIONAL NETWORK
197,DEEP NEURAL NETWORK
192,DEEP LEARNING
195,LOSS FUNCTION
285,COMPLEXITY THEORY
81,CLASSIFICATION ALGORITHMS
196,CONVOLUTIONAL NEURAL NETWORKS
1161,PROPOSALS
434,TASK ANALYSIS
196,NEURAL NETWORK
527,MEDICAL IMAGING
196,CONVOLUTIONAL NEURAL NETWORK
304,IMAGE CLASSIFICATION
1345,CLASSIFICATION PROBLEM
1970,CONTEXT-FREE GRAMMAR
199,CONVOLUTIONAL LAYERS
214,TRAINING IMAGES
630,POOLING LAYER
196,CONVOLUTIONAL NEURAL NETWORK MODEL
1904,TRAINABLE PARAMETERS
196,CONVOLUTIONAL NEURAL NETWORK ARCHITECTURE
1266,BATCH NORMALIZATION LAYER
1039,TYPES OF LAYERS
1972,MULTI-OBJECTIVE EVOLUTIONARY ALGORITHMS
691,CONVOLUTIONAL BLOCK
197,DEEP NEURAL NETWORKS
1976,MULTI-OBJECTIVE OPTIMIZATION
56,MEASUREMENT
595,BRAIN
57,SHAPE
760,SOCIOLOGY
1464,SIMILARITY MEASURE
1986,IMAGE REGISTRATION
1942,MULTIMODAL IMAGING
1954,MULTIMODAL BRAIN IMAGING
1986,MULTIMODAL IMAGE REGISTRATION
1986,BRAIN IMAGE REGISTRATION
680,MAGNETIC RESONANCE IMAGING
611,ENSEMBLE METHOD
195,LOSS FUNCTION
242,LARGE DATASETS
378,CONVOLUTIONAL NETWORK
196,CONVOLUTIONAL NEURAL NETWORK
197,DEEP NEURAL NETWORK
291,INTERSECTION OVER UNION
804,AUTOENCODER
1963,TARGET TASK
1986,IMAGE REGISTRATION
611,ENSEMBLE
1954,BRAIN IMAGING
1947,MRI
5,GRAPHICS
297,IMAGE SEGMENTATION
1351,IMAGE ANALYSIS
1201,PULMONARY DISEASES
1202,LUNG
1669,MORPHOLOGY
890,NOISE MEASUREMENT
1710,CHEST X-RAY
835,IMAGE PROCESSING TECHNIQUES
1202,LUNG REGIONS
1710,CHEST X-RAY IMAGES
695,COVID-19
291,INTERSECTION OVER UNION
78,LEARNING ALGORITHMS
196,CONVOLUTIONAL NEURAL NETWORK
1348,GRAYSCALE
340,INPUT IMAGE
88,SCOLIOSIS
504,MORPHOLOGICAL OPERATIONS
196,CONVOLUTIONAL NEURAL NETWORK METHOD
1202,LUNG SEGMENTATION
835,IMAGE PROCESSING
1669,MATHEMATICAL MORPHOLOGY
214,TRAINING
1239,PATHOLOGY
297,IMAGE SEGMENTATION
680,MAGNETIC RESONANCE IMAGING
31,PIPELINES
1145,SEMANTICS
680,MAGNETIC RESONANCE IMAGING
2016,POSTERIOR FOSSA STRUCTURES
680,PEDIATRIC MAGNETIC RESONANCE IMAGING
1377,VOLUMETRIC
2013,CEREBELLUM
271,SEMANTIC SEGMENTATION
214,TRAINING DATA
192,DEEP LEARNING
527,MEDICAL IMAGING
196,CONVOLUTIONAL NEURAL NETWORK
39,WHITE MATTER
1369,OBJECT CLASSIFICATION
297,BIOMEDICAL IMAGE SEGMENTATION
2016,POSTERIOR FOSSA STRUCTURES
192,DEEP LEARNING
5,GRAPHICS
1181,COMPUTED TOMOGRAPHY
1261,LOGIC GATES
533,GENERATIVE ADVERSARIAL NETWORKS
1540,DENOISING
1181,COMPUTED TOMOGRAPHY IMAGES
533,GENERATIVE ADVERSARIAL NETWORKS
1181,LOW-DOSE COMPUTED TOMOGRAPHY
1755,CONDITIONAL GENERATIVE ADVERSARIAL NETWORK
1181,LOW-DOSE COMPUTED TOMOGRAPHY IMAGES
1181,COMPUTED TOMOGRAPHY
340,INPUT IMAGE
2032,IONIZING RADIATION
794,IMAGE RECONSTRUCTION
2038,RADIATION DOSE REDUCTION
1181,COMPUTED TOMOGRAPHY SLICES
192,DEEP LEARNING
544,STRUCTURAL SIMILARITY INDEX MEASURE
632,PEAK SIGNAL-TO-NOISE RATIO
533,ADVERSARIAL NETWORKS
1540,DENOISING
99,VISUAL ANALYTICS
1145,SEMANTICS
811,IMAGE RETRIEVAL
496,MANUALS
497,INSPECTION
434,TASK ANALYSIS
77,VISUALIZATION TOOL
99,VISUAL ANALYTICS TOOL
811,CONTENT-BASED IMAGE RETRIEVAL
2007,COMPLEXITY ANALYSIS
340,INPUT IMAGE
334,NUMBER OF IMAGES
205,QUERY IMAGE
5,GRAPHICS
129,FILTERING
678,DATABASES
77,DATA VISUALIZATION
2075,CLINICAL TRIALS
77,INTERACTIVE VISUALIZATION
129,FEATURE FILTERING
670,HISTOGRAM
77,VISUALIZATION TOOL
77,INTERACTIVE VISUALIZATION TOOL
77,INFORMATION VISUALIZATION
5,GRAPHICS
1732,DEGRADATION
79,PERTURBATION METHODS
557,IMAGE EDGE DETECTION
1540,DENOISING
1770,DIVERGENCE
1464,SIMILARITY MEASURE
1499,GAUSSIAN NOISE
1764,KULLBACK-LEIBLER
1037,SPATIAL DOMAIN
1499,ADDITIVE GAUSSIAN NOISE
632,PEAK SIGNAL-TO-NOISE RATIO
1348,GRAYSCALE
1189,PROBABILITY DENSITY FUNCTION
1183,MIXTURE MODEL
2000,METRIC LEARNING
1079,ADDITIVE NOISE
905,DISTANCE FUNCTION
1540,IMAGE DENOISING
2104,IMPULSIVE NOISE
65,CORRELATION
344,COMPUTER ARCHITECTURE
512,PREDICTIVE MODELS
217,ENTROPY
2115,PREDICTIVE CODING
2114,VIDEO COMPRESSION
192,DEEP LEARNING TECHNIQUES
804,VARIATIONAL AUTOENCODER
2113,MOTION ESTIMATION
736,VIDEO CODING
196,NEURAL NETWORK
300,ARTIFICIAL NEURAL NETWORK
199,CONVOLUTIONAL LAYERS
1912,REFERENCE FRAME
200,FEATURE MAPS
801,LATENT SPACE
873,VISUAL QUALITY
771,OPTICAL FLOW
1997,SPATIAL TRANSFORMER NETWORK
745,ULTRA-HIGH-DEFINITION
808,IMAGE COMPRESSION
743,CODING EFFICIENCY
2114,VIDEO COMPRESSION
192,DEEP LEARNING
2115,PREDICTIVE CODING
5,GRAPHICS
192,DEEP LEARNING
379,COMPUTER VISION
237,ADAPTATION MODELS
512,PREDICTIVE MODELS
189,FEATURE EXTRACTION
513,ROBUSTNESS
562,DOMAIN ADAPTATION
195,LOSS FUNCTION
192,DEEP LEARNING
1685,CLASSIFICATION ACCURACY
982,FEATURE SPACE
564,DOMAIN SHIFT
1369,OBJECT CLASSIFICATION
775,OPTICAL CHARACTER RECOGNITION
961,RELATIVE GAIN
564,DOMAIN SHIFT PROBLEM
196,NEURAL NETWORK
196,CONVOLUTIONAL NEURAL NETWORK
199,CONVOLUTIONAL LAYERS
221,HIDDEN LAYER
192,DEEP LEARNING MODELS
1930,TARGET SAMPLE
224,FULLY-CONNECTED LAYER
571,SOURCE DOMAIN
568,TARGET DOMAIN
1266,BATCH NORMALIZATION LAYER
562,UNSUPERVISED DOMAIN ADAPTATION METHODS
1472,DIGITAL DATASET
404,STREET VIEW
99,VISUAL ANALYTICS
433,VIDEO SURVEILLANCE
1367,OBJECT RECOGNITION
434,TASK ANALYSIS
433,VIDEO SURVEILLANCE
108,VISUAL SYSTEM
448,OBJECTS IN THE SCENE
269,OBJECT DETECTION
70,BOUNDING BOX
1146,ACTION RECOGNITION
450,OBJECT APPEARANCE
439,VIDEO OBJECT
77,VISUALIZATION
99,VISUAL ANALYTICS
77,VISUALIZATION
774,SOCIAL NETWORKING (ONLINE)
1294,OPTIMIZATION
888,VIDEOS
2155,EMOTION RECOGNITION
2156,BACKGROUND MUSIC
267,SEMANTIC
304,IMAGE CLASSIFICATION
820,VISUAL SIGNALS
913,DYNAMIC PROGRAMMING
1311,OPTIMAL PATH
451,FULLY-CONNECTED NETWORK
627,FRECHET INCEPTION DISTANCE
214,TRAINING
192,DEEP LEARNING
5,GRAPHICS
511,ANNOTATIONS
496,MANUALS
1655,DEEP FEATURES
214,TRAINING SET
577,DEEP NETWORK
197,DEEP NEURAL NETWORK
289,VALIDATION SET
1781,ANNOTATION DATA
192,DEEP LEARNING
199,CONVOLUTIONAL LAYERS
982,FEATURE SPACE
801,LATENT SPACE
1673,DEEP ARCHITECTURE
1311,OPTIMAL PATH
476,PRE-TRAINED WEIGHTS
192,DEEP LEARNING FEATURES
976,FEW-SHOT LEARNING
214,TRAINING
5,GRAPHICS
511,ANNOTATIONS
269,OBJECT DETECTION
1160,BIRDS
346,DATA MODELS
1161,PROPOSALS
304,IMAGE CLASSIFICATION
269,OBJECT DETECTION
70,BOUNDING BOX
70,BOUNDING BOX ANNOTATIONS
304,IMAGE CLASSIFICATION DATA
941,FINE-TUNED
403,DETECTION MODEL
667,FACE DETECTION
269,OBJECT DETECTION PROBLEM
1599,IMAGE OBJECT
851,OBJECT OF INTEREST
1089,CLASSIFICATION DATASETS
473,LABELED DATA
781,BACKGROUND IMAGE
2152,BACKGROUND SCENE
253,OBJECT SEGMENTATION
507,SEGMENTATION STEP
269,OBJECT DETECTION
192,DEEP LEARNING
214,TRAINING
5,GRAPHICS
299,TRANSFER LEARNING
467,LABELING
196,CONVOLUTIONAL NEURAL NETWORKS
215,DATA AUGMENTATION
299,TRANSFER LEARNING
2180,PSEUDO LABELS
214,TRAINING SET
196,CONVOLUTIONAL NEURAL NETWORK
447,SELF-SUPERVISED LEARNING
465,TARGET DATASET
1962,SOURCE DATASET
215,DATA AUGMENTATION TECHNIQUES
356,COMPUTATIONAL COST
343,ADDITIONAL COSTS
243,SINGLE IMAGE
1878,IMAGENET
337,STOCHASTIC GRADIENT DESCENT
215,DATA AUGMENTATION METHODS
214,TRAINING SET SIZE
533,GENERATIVE ADVERSARIAL NETWORKS
1291,SYNTHETIC MINORITY OVERSAMPLING TECHNIQUE
195,CROSS-ENTROPY LOSS FUNCTION
534,IMAGE GENERATION
299,TRANSFER LEARNING
192,DEEP LEARNING
215,DATA AUGMENTATION
934,POWER TRANSMISSION LINES
618,IMAGE RESOLUTION
31,PIPELINES
269,OBJECT DETECTION
497,INSPECTION
621,HIGH-RESOLUTION IMAGES
925,UNMANNED AERIAL VEHICLES
939,POWER LINE
621,DETECTION IN HIGH-RESOLUTION IMAGES
269,OBJECT DETECTION
935,TRANSMISSION LINE
938,TRANSMISSION POWER
2219,CONSIDERABLE ROOM FOR IMPROVEMENT
192,DEEP LEARNING
1007,PERCENTAGE POINTS
290,PUBLIC DATASETS
215,DATA AUGMENTATION
291,INTERSECTION OVER UNION
70,BOUNDING BOX
192,DEEP LEARNING TECHNIQUES
292,AVERAGE PRECISION
412,FASTER R-CNN
569,ORIGINAL APPROACH
1518,PRIVATE DATASET
2076,DATA COLLECTION PROTOCOL
505,FEATURE PYRAMID NETWORK
214,TRAINING
5,GRAPHICS
511,ANNOTATIONS
447,SUPERVISED LEARNING
512,PREDICTIVE MODELS
513,ROBUSTNESS
323,SIAMESE NETWORK
527,MEDICAL IMAGING
447,SUPERVISED LEARNING
982,FEATURE SPACE
2228,REPRESENTATION LEARNING
2184,SEMI-SUPERVISED LEARNING
447,SELF-SUPERVISED LEARNING
440,PRETEXT TASK
214,TRAINING SET
850,COLOR IMAGES
1348,GRAYSCALE IMAGES
369,IMAGE RECOGNITION
2188,SEMI-SUPERVISED METHODS
397,IMAGE DOMAIN
204,IMAGE PATCHES
192,DEEP LEARNING
447,SELF SUPERVISED LEARNING
192,DEEP LEARNING
77,VISUALIZATION
379,COMPUTER VISION
158,COMPUTATIONAL MODELING
31,PIPELINES
300,NEURAL NETWORKS
521,CLASSIFICATION TASK
304,IMAGE CLASSIFICATION
1595,CAR MODEL
214,TRAINING SET
196,CONVOLUTIONAL NEURAL NETWORK
556,K-NEAREST NEIGHBOR
334,NUMBER OF IMAGES
501,PART OF THE IMAGE
304,IMAGE CLASSIFICATION TASKS
1714,QUERY SET
323,SIAMESE NETWORK
229,CATEGORICAL CROSS-ENTROPY
789,LICENSE PLATE RECOGNITION
68,ADAM OPTIMIZER
630,GLOBAL AVERAGE POOLING LAYER
379,FINE GRAINED COMPUTER VISION
1595,CAR MODEL CLASSIFICATION
56,MEASUREMENT
77,VISUALIZATION
696,PANDEMICS
57,SHAPE
717,MOUTH
533,GENERATIVE ADVERSARIAL NETWORKS
1701,FACE MASKS
533,GENERATIVE ADVERSARIAL NETWORKS
202,FACE IMAGES
195,LOSS FUNCTION
200,FEATURE MAPS
794,IMAGE RECONSTRUCTION
351,LONG SHORT-TERM MEMORY
291,INTERSECTION OVER UNION
2164,VIDEO FRAMES
327,REFERENCE IMAGE
1705,PRE-TRAINED NETWORK
351,BIDIRECTIONAL LONG SHORT-TERM MEMORY
1514,MASKED IMAGES
240,ORAL AND MAXILLOFACIAL SURGERY
1213,MEL-FREQUENCY CEPSTRAL COEFFICIENTS
717,MOUTH MOVEMENTS
540,IMAGE INPAINTING
1013,HISTOGRAM OF ORIENTED GRADIENTS
1487,MEAN ABSOLUTE ERROR
1998,TARGET IMAGE
1576,PERCEPTUAL LOSS
56,MEASUREMENT
5,GRAPHICS
369,IMAGE RECOGNITION
774,SOCIAL NETWORKING (ONLINE)
187,FACE RECOGNITION
461,DETECTORS
78,MACHINE LEARNING
667,FACE DETECTION
230,FALSE POSITIVE
78,MACHINE LEARNING
469,FALSE NEGATIVE
87,MACHINE LEARNING MODELS
620,FACIAL EXPRESSIONS
6,SKIN COLOR
202,FACE IMAGES
8,DARK SKIN
724,AGE GROUPS
672,ILLUMINATION
78,LEARNING ALGORITHMS
303,FALSE POSITIVE RATE
379,COMPUTER VISION
458,RECEPTIVE FIELD
469,FALSE NEGATIVE RATE
196,DEEP CONVOLUTIONAL NEURAL NETWORK
70,BOUNDING BOX
2223,SINGLE SHOT MULTIBOX DETECTOR
2051,SOFTWARE LIBRARIES
22,BIAS
5,GRAPHICS
55,THREE-DIMENSIONAL DISPLAYS
1145,SEMANTICS
423,POSE ESTIMATION
423,POSE ESTIMATION
423,HUMAN POSE ESTIMATION
1139,3D POSE
2285,3D HUMAN POSE
1148,GRAPH CONVOLUTION
1139,2D POSE
196,NEURAL NETWORK
378,CONVOLUTIONAL NETWORK
196,CONVOLUTIONAL NEURAL NETWORK
378,GRAPH CONVOLUTIONAL NETWORK
1892,2D KEYPOINTS
2292,3D MOTION CAPTURE
945,COCO DATASET
428,REPROJECTION ERROR
1126,3D JOINT
2297,GRAPH NEURAL NETWORKS
423,POSE ESTIMATION
2292,MOTION CAPTURE
214,TRAINING
77,VISUALIZATION
187,FACE RECOGNITION
489,ENCODING
2246,AUTONOMOUS AUTOMOBILES
434,TASK ANALYSIS
1215,SPATIAL ATTENTION
2163,VISUAL INFORMATION
373,ATTENTION MECHANISM
214,TRAINING ALGORITHM
373,SPATIAL ATTENTION MECHANISM
922,VISUAL ENCODING
2037,TIME STEP
1586,IMAGE REGIONS
486,PERCEPTRON
1730,HIDDEN STATE
2144,SELECTIVE REGIONS
227,UNKNOWN SAMPLES
488,ATTENTION MAP
488,SPATIAL ATTENTION MAP
2232,LINEARLY SEPARABLE
2303,VISUAL ATTENTION
1215,SPATIAL ATTENTION
2302,FEATURE BASED ATTENTION
5,GRAPHICS
511,ANNOTATIONS
299,TRANSFER LEARNING
146,BUILDINGS
189,FEATURE EXTRACTION
78,LEARNING ALGORITHMS
299,TRANSFER LEARNING
1705,PRE-TRAINED NETWORK
189,FEATURE EXTRACTION APPROACH
196,NEURAL NETWORK
192,DEEP LEARNING
602,HYPERPARAMETERS
554,SUPPORT VECTOR MACHINE
197,DEEP NEURAL NETWORK
740,DECISION TREE
2235,K-MEANS
337,STOCHASTIC GRADIENT DESCENT
1495,GRADIENT BOOSTING
2318,RAILWAY
299,TRANSFER LEARNING
627,INCEPTION
2321,BUCKLING
214,TRAINING
297,IMAGE SEGMENTATION
1145,SEMANTICS
269,OBJECT DETECTION
496,MANUALS
678,SPATIAL DATABASES
467,LABELING
215,DATA AUGMENTATION
271,SEMANTIC SEGMENTATION
214,TRAINING SET
269,OBJECT DETECTION
2207,AUGMENTATION METHODS
536,SYNTHETIC IMAGES
215,DATA AUGMENTATION TECHNIQUES
215,DATA AUGMENTATION METHODS
271,SEMANTIC SEGMENTATION DATASETS
214,TRAINING DATA
1685,CLASSIFICATION ACCURACY
214,TRAINING IMAGES
533,GENERATIVE ADVERSARIAL NETWORKS
1104,GEOMETRIC TRANSFORMATION
291,MEAN INTERSECTION OVER UNION
645,SPATIAL CONTEXTUAL INFORMATION
271,SEMANTIC SEGMENTATION NETWORK
2337,CLASS IMBALANCE PROBLEM
845,PIXEL CLASSIFICATION
271,SEMANTIC SEGMENTATION RESULTS
215,DATA AUGMENTATION
271,SEMANTIC SEGMENTATION
2335,REMOTE SENSING
214,TRAINING
5,GRAPHICS
297,IMAGE SEGMENTATION
511,ANNOTATIONS
1145,SEMANTICS
300,NEURAL NETWORKS
271,SEMANTIC SEGMENTATION
271,SEMANTIC SEGMENTATION NETWORK
196,NEURAL NETWORK
214,TRAINING SET
1832,GEOLOGICAL
214,SMALL TRAINING SET
195,LOSS FUNCTION
214,TRAINING DATA
291,INTERSECTION OVER UNION
236,POINT CLOUD
214,AMOUNT OF TRAINING DATA
378,FULLY CONVOLUTIONAL NETWORK
379,COMPUTER VISION COMMUNITY
192,DEEP LEARNING
304,IMAGE CLASSIFICATION
77,VISUALIZATION
1,IMAGE COLOR ANALYSIS
549,PRODUCTION CONTROL
238,OPTICAL SENSORS
238,OPTICAL SENSORS
663,COLOR SPACE
276,HSV COLOR
1506,MATCHING RESULTS
214,TRAINING
5,GRAPHICS
281,CODES
496,MANUALS
363,INTERNET
775,OPTICAL CHARACTER RECOGNITION
531,INFORMATION EXTRACTION
2027,MAJORITY VOTING
789,LICENSE PLATE
789,LICENSE PLATE RECOGNITION
775,OPTICAL CHARACTER RECOGNITION
1554,PATTERN RECOGNITION
56,MEASUREMENT
5,GRAPHICS
146,BUILDINGS
2098,EUCLIDEAN DISTANCE
170,COST FUNCTION
584,UNSUPERVISED LEARNING
2000,METRIC LEARNING
2000,UNSUPERVISED METRIC LEARNING
78,LEARNING ALGORITHMS
1685,CLASSIFICATION ACCURACY
793,DIMENSIONALITY REDUCTION
905,DISTANCE FUNCTION
1764,KULLBACK-LEIBLER
2414,PATTERN CLASSIFICATION
2107,STRONG EVIDENCE
1971,OBJECTIVE FUNCTION
470,GAUSSIAN KERNEL
1189,PROBABILITY DENSITY FUNCTION
551,FRIEDMAN TEST
2000,UNSUPERVISED METRIC LEARNING
793,DIMENSIONALITY REDUCTION
2415,LAPLACIAN EIGENMAPS
2111,KL DIVERGENCE
77,VISUALIZATION
282,EDUCATION
1159,FOCUSING
0,GAMES
1535,PARTICLE MEASUREMENTS
1688,HEATMAP
1076,LOW-PASS
555,LINEAR DISCRIMINANT ANALYSIS
860,VISUAL PERCEPTION
5,GRAPHICS
280,HANDWRITING RECOGNITION
186,LAW
188,AUTHENTICATION
513,ROBUSTNESS
196,CONVOLUTIONAL NEURAL NETWORKS
196,NEURAL NETWORK
196,CONVOLUTIONAL NEURAL NETWORK
1872,IMAGE ROTATION
1583,DATASET BIAS
670,HISTOGRAM
214,TRAINING DATA
1844,PAIRING
554,SUPPORT VECTOR MACHINE
326,IMAGE PAIRS
554,SUPPORT VECTOR MACHINE CLASSIFIER
827,SCALE-INVARIANT
1662,HANDCRAFTED FEATURES
206,EQUAL ERROR RATE
213,FALSE ACCEPTANCE RATE
1988,GLOBAL STATISTICS
1013,HISTOGRAM OF ORIENTED GRADIENTS
2455,SIGNATURE VERIFICATION
196,CONVOLUTIONAL NEURAL NETWORK
2136,LAYOUT
532,DOCUMENTATION
937,COMPANIES
530,INFORMATION RETRIEVAL
1554,PATTERN RECOGNITION
531,INFORMATION EXTRACTION
192,DEEP LEARNING
70,BOUNDING BOX
1090,TEXT CLASSIFICATION
775,OPTICAL CHARACTER RECOGNITION
2479,SHIPBUILDING INDUSTRY
531,INFORMATION EXTRACTION METHODS
2483,JAVASCRIPT OBJECT NOTATION FORMAT
2136,SPATIAL LAYOUT ANALYSIS
5,GRAPHICS
297,IMAGE SEGMENTATION
78,MACHINE LEARNING ALGORITHMS
557,IMAGE EDGE DETECTION
434,TASK ANALYSIS
977,RANDOM FORESTS
977,RANDOM FOREST
78,MACHINE LEARNING
818,IMAGE PIXELS
500,SEGMENTATION METHOD
2486,GRADIENT METHOD
1038,NODES IN THE GRAPH
508,EDGE DETECTION
1305,ADJACENCY RELATIONSHIP
340,INPUT IMAGE
297,IMAGE SEGMENTATION
2419,UNDIRECTED
525,SEGMENTATION TASK
1049,VERTICES
977,RANDOM FOREST TREE
1049,ADJACENT VERTICES
1469,LABEL PREDICTION
2487,IMAGE GRADIENTE
977,RANDOM FOREST
315,GRAPH
253,SEGMENTATION
56,MEASUREMENT
5,GRAPHICS
379,COMPUTER VISION
848,FORESTRY
597,COMPUTATIONAL EFFICIENCY
356,COMPUTATIONAL COST
877,PRIOR INFORMATION
872,SUPERPIXEL SEGMENTATION
196,NEURAL NETWORK
192,DEEP LEARNING
197,DEEP NEURAL NETWORK
2419,UNDIRECTED
1348,GRAYSCALE IMAGES
851,OBJECT OF INTEREST
356,LOW COMPUTATIONAL COST
1262,OBJECT BOUNDARIES
2495,SALIENCY MAP
829,SIMPLE LINEAR ITERATIVE CLUSTERING
2495,SALIENCY
253,SEGMENTATION
214,TRAINING
192,DEEP LEARNING
297,IMAGE SEGMENTATION
57,SHAPE
31,PIPELINES
1161,PROPOSALS
195,LOSS FUNCTION
196,NEURAL NETWORK
197,DEEP NEURAL NETWORK
297,IMAGE SEGMENTATION
851,OBJECT OF INTEREST
885,INTERACTIVE SEGMENTATION
196,CONVOLUTIONAL NEURAL NETWORK
340,INPUT IMAGE
500,SEGMENTATION METHOD
882,SCRIBBLE
2029,REFERENCE SEGMENTATION
2523,PASCAL VOC
253,OBJECT SEGMENTATION
297,INTERACTIVE IMAGE SEGMENTATION
192,DEEP LEARNING
214,TRAINING
5,GRAPHICS
379,COMPUTER VISION
1,IMAGE COLOR ANALYSIS
299,TRANSFER LEARNING
6,SKIN
196,CONVOLUTIONAL NEURAL NETWORKS
562,DOMAIN ADAPTATION
196,NEURAL NETWORK
378,CONVOLUTIONAL NETWORK
196,CONVOLUTIONAL NEURAL NETWORK
299,TRANSFER LEARNING
568,TARGET DOMAIN
562,DOMAIN ADAPTATION METHODS
196,CONVOLUTIONAL NEURAL NETWORK APPROACH
577,DEEP NETWORK
197,DEEP NEURAL NETWORK
2251,F1 SCORE
297,IMAGE SEGMENTATION
2184,SEMI-SUPERVISED LEARNING
571,SOURCE DOMAIN
2180,PSEUDO LABELS
651,U-NET MODEL
571,SOURCE DOMAIN SAMPLES
1962,SOURCE DATASET
465,TARGET DATASET
1968,SOURCE TASK
379,COMPUTER VISION
297,IMAGE SEGMENTATION
562,DOMAIN ADTAPTATION
297,IMAGE SEGMENTATION
1145,SEMANTICS
130,URBAN AREAS
319,VEGETATION
848,FORESTRY
344,COMPUTER ARCHITECTURE
34,REAL-TIME SYSTEMS
196,CONVOLUTIONAL NEURAL NETWORK
271,SEMANTIC SEGMENTATION
1502,RESIDUAL BLOCK
649,U-NET ARCHITECTURE
1277,URBAN ECOSYSTEMS
651,U-NET MODEL
1351,IMAGE ANALYSIS
200,FEATURE MAPS
297,IMAGE SEGMENTATION
269,OBJECT DETECTION
291,INTERSECTION OVER UNION
196,DEEP CONVOLUTIONAL NEURAL NETWORK
196,CONVOLUTIONAL NEURAL NETWORK MODEL
1902,DEPTHWISE CONVOLUTION
515,DETECTION IN IMAGES
739,DECODING PATH
1282,URBAN LANDSCAPE
404,GOOGLE STREET VIEW
1293,LIGHT DETECTION AND RANGING
1285,URBAN TREES
192,DEEP LEARNING
196,CONVOLUTIONAL NEURAL NETWORKS
835,IMAGE PROCESSING
271,SEMANTIC SEGMENTATION
1284,URBAN FOREST
192,DEEP LEARNING
5,GRAPHICS
680,MAGNETIC RESONANCE IMAGING
300,NEURAL NETWORKS
344,COMPUTER ARCHITECTURE
1115,TOMOGRAPHY
196,NEURAL NETWORK
581,INFORMATION FUSION
579,STROKE CLASSIFICATION
680,MAGNETIC RESONANCE IMAGING
364,FOURIER TRANSFORM
192,DEEP LEARNING
379,COMPUTER VISION
580,RECOMMENDER SYSTEMS
588,BOLTZMANN MACHINE
588,RESTRICTED BOLTZMANN MACHINE
378,CONVOLUTIONAL NETWORK
196,CONVOLUTIONAL NEURAL NETWORK
197,DEEP NEURAL NETWORK
1184,ISCHEMIC STROKE
221,HIDDEN LAYER
366,FAST FOURIER TRANSFORM
584,UNSUPERVISED LEARNING
32,GRAPHICS PROCESSING UNIT
1186,HEMORRHAGIC STROKE
364,DISCRETE FOURIER TRANSFORM
590,SINE AND COSINE
827,SCALE-INVARIANT FEATURE TRANSFORM
589,VISIBLE LAYER
592,STANDARD GAUSSIAN
579,STROKE CLASSIFICATION
588,RESTRICTED BOLTZMANN MACHINES
364,FOURIER TRANSFORM
5,GRAPHICS
157,GEOMETRY
343,COSTS
449,CONVOLUTION
300,NEURAL NETWORKS
196,CONVOLUTIONAL NEURAL NETWORKS
2123,ARITHMETIC
196,NEURAL NETWORK
598,ACTIVATION FUNCTION
196,CONVOLUTIONAL NEURAL NETWORK
630,AVERAGE POOLING
731,NETWORK DEPTH
1931,DIMENSIONAL SPACE
199,CONVOLUTIONAL LAYERS
2417,DIAGONAL MATRIX
1457,SPARSE MATRIX
1594,INFERENCE TIME
1427,LINEAR LAYER
286,MNIST DATASET
624,BATCH SIZE
200,FEATURE MAPS
196,CONVOLUTIONAL NEURAL NETWORK
5,GRAPHICS
951,PAIN
344,COMPUTER ARCHITECTURE
196,CONVOLUTIONAL NEURAL NETWORKS
1064,ARTIFICIAL INTELLIGENCE
2577,NEONATAL PAIN
2579,PAIN ASSESSMENT IN NEONATES
196,CONVOLUTIONAL NEURAL NETWORK
620,FACIAL EXPRESSIONS
2577,NEONATAL CARE
2577,NEONATAL INTENSIVE CARE UNIT
202,FACE IMAGES
196,CONVOLUTIONAL NEURAL NETWORK ARCHITECTURE
328,IMAGE CAPTURE
2553,ARTIFICIAL INTELLIGENCE TECHNIQUES
187,FACE RECOGNITION
667,FACE DETECTION
2251,F1 SCORE
215,DATA AUGMENTATION
246,FACIAL FEATURES
554,SUPPORT VECTOR MACHINES
5,GRAPHICS
343,COSTS
1815,OILS
549,PRODUCTION
848,FORESTRY
554,SUPPORT VECTOR MACHINE
977,RANDOM FOREST
566,BINARY CLASSIFICATION
2596,OIL AND GAS INDUSTRY
78,MACHINE LEARNING
214,TRAINING DATA
197,DEEP NEURAL NETWORK
740,DECISION TREE
352,VIBRATION SIGNALS
1566,TYPES OF DEFECTS
2445,HYPERPLANE
2420,LAGRANGE MULTIPLIER
554,STANDARD SUPPORT VECTOR MACHINE
554,SUPPORT VECTOR MACHINE CLASSIFIER
1768,ANOMALY SCORE
2594,ONE CLASS CLASSIFICATION
78,MACHINE LEARNING
435,ANOMALY DETECTION
214,TRAINING
5,GRAPHICS
300,NEURAL NETWORKS
461,DETECTORS
196,CONVOLUTIONAL NEURAL NETWORKS
434,TASK ANALYSIS
209,FACES
196,NEURAL NETWORK
2590,CLASSIFICATION MODEL
196,CONVOLUTIONAL NEURAL NETWORK
801,LATENT SPACE
2330,SQUEEZENET
554,SUPPORT VECTOR MACHINE
199,CONVOLUTIONAL LAYERS
304,IMAGE CLASSIFICATION
68,ADAM OPTIMIZER
1266,BATCH NORMALIZATION
533,GENERATIVE ADVERSARIAL NETWORKS
367,HYPERPARAMETER TUNING
804,VARIATIONAL AUTOENCODER
214,TRAINING SUBSETS
214,TRAINING METHODOLOGY
793,PERFORMED DIMENSIONALITY REDUCTION
1931,DIMENSIONAL SPACE
2228,REPRESENTATION LEARNING
214,TRAINING
54,SOLID MODELING
55,THREE-DIMENSIONAL DISPLAYS
811,IMAGE RETRIEVAL
299,TRANSFER LEARNING
196,CONVOLUTIONAL NEURAL NETWORK
2228,REPRESENTATION LEARNING
811,IMAGE RETRIEVAL
78,LEARNING ALGORITHMS
215,DATA AUGMENTATION
299,TRANSFER LEARNING
1146,ACTION RECOGNITION
292,MEAN AVERAGE PRECISION
961,RELATIVE GAIN
1146,ACTION RECOGNITION DATASETS
265,SPATIAL DIMENSIONS
2128,EXPERIMENTAL EVALUATION
196,CONVOLUTIONAL NEURAL NETWORK MODEL
1255,2D MODEL
811,IMAGE RETRIEVAL TASK
2049,IMAGE X
196,CONVOLUTIONAL NEURAL NETWORK FEATURES
205,QUERY IMAGE
108,HUMAN VISUAL SYSTEM
1153,HUMAN ACTIVITY RECOGNITION
811,IMAGE RETRIEVAL
2228,REPRESENTATION LEARNING
2430,MANIFOLD LEARNING
533,GENERATIVE ADVERSARIAL NETWORKS
214,TRAINING
346,DATA MODELS
158,COMPUTATIONAL MODELING
913,LINEAR PROGRAMMING
533,GENERATIVE ADVERSARIAL NETWORKS
196,NEURAL NETWORK
627,FRECHET INCEPTION DISTANCE
214,DISTRIBUTION OF THE TRAINING SET
1971,OBJECTIVE FUNCTION
196,CONVOLUTIONAL NEURAL NETWORK
2196,REAL SAMPLES
1764,KULLBACK-LEIBLER
1266,BATCH NORMALIZATION
534,IMAGE GENERATION
214,TRAINING EPOCHS
2055,VISUAL SPACE
1753,VANISHING GRADIENT
614,IMAGE SYNTHESIS
1104,GEOMETRIC TRANSFORMATION
1755,CONDITIONAL GENERATIVE ADVERSARIAL NETWORK
214,GENERATIVE ADVERSARIAL NETWORKS TRAINING
195,LOSS FUNCTION
890,NOISE MEASUREMENT
214,TRAINING
467,LABELING
192,DEEP LEARNING
434,TASK ANALYSIS
512,PREDICTIVE MODELS
192,DEEP LEARNING
990,NOISY LABELS
1520,DEEP MODELS
192,DEEP LEARNING MODELS
195,LOSS FUNCTION
196,CONVOLUTIONAL NEURAL NETWORK
197,DEEP NEURAL NETWORK
1183,MIXTURE MODEL
215,DATA AUGMENTATION
1878,IMAGENET
2535,TRUTH LABELS
1183,GAUSSIAN MIXTURE MODEL
2184,SEMI-SUPERVISED LEARNING
1937,INCORRECT LABELS
995,LABEL NOISE
323,SIAMESE NETWORK
999,NOISE RATE
214,TRAINING IMAGES
990,NOISY LABELS
192,DEEP LEARNING
1802,SURVEY
297,IMAGE SEGMENTATION
209,FACES
1145,SEMANTICS
888,VIDEOS
1388,HAIR
34,REAL-TIME SYSTEMS
1022,PAINTING
885,INTERACTIVE
912,SMOOTHING
619,QUALITY OF OUTCOMES
271,SEMANTIC SEGMENTATION
196,NEURAL NETWORK
196,CONVOLUTIONAL NEURAL NETWORK
200,FEATURE MAPS
594,SOFTMAX
1501,FEED-FORWARD NETWORK
2164,VIDEO FRAMES
5,COMPUTER GRAPHICS
1756,STYLE TRANSFER
1756,MULTI STYLE TRANSFER
271,SEMANTIC SEGMENTATION
2658,SOFT TRANSITION
158,COMPUTATIONAL MODELING
55,THREE-DIMENSIONAL DISPLAYS
169,PRINTING
54,SOLID MODELING
34,REAL-TIME SYSTEMS
171,3D PRINTING
113,TRIANGULAR
32,GRAPHICS PROCESSING UNIT
161,EFFECT OF PARTICLES
905,SIGNED DISTANCE FUNCTION
1854,COLLISION DETECTION
250,2D IMAGES
171,"3D PRINTING, HYDROGRAPHIC PRINTING, PHYSICALLY BASED SIMULATION, SOFT BODY SIMULATION, REAL TIME RENDERING, TEXTURE MAPPING"
953,BIOLOGICAL SYSTEM MODELING
77,VISUALIZATION
158,COMPUTATIONAL MODELING
285,COMPLEXITY THEORY
2670,MATHEMATICAL MODEL
9,VIRTUAL HUMANS
905,DISTANCE FUNCTION
1358,REGULAR GRID
2519,DISTANCE MAP
2609,VORONOI DIAGRAM
55,THREE-DIMENSIONAL DISPLAYS
5,RENDERING (COMPUTER GRAPHICS)
32,GRAPHICS PROCESSING UNITS
34,REAL-TIME SYSTEMS
52,KERNEL
1181,COMPUTED TOMOGRAPHY
2713,UNDERLYING DATA STRUCTURE
2291,3D SPACE
1848,ROOT NODE
2213,PERFORMANCE GAIN
1851,LEAF NODE
1908,MEMORY USAGE
755,BINARY TREE
70,MINIMUM BOUNDING BOX
1843,GEOMETRIC PRIMITIVES
2218,LIGHTING
34,REAL-TIME SYSTEMS
5,RENDERING (COMPUTER GRAPHICS)
157,GEOMETRY
31,PIPELINES
2671,TWO DIMENSIONAL DISPLAYS
2725,LIGHT SOURCE
1916,DOT PRODUCT
873,VISUAL QUALITY
884,TEMPORAL COHERENCE
1829,REGENERATION BUFFER
2218,INDIRECT LIGHTING
1261,LOGIC GATES
449,CONVOLUTION
344,COMPUTER ARCHITECTURE
2388,OPTICAL IMAGING
158,COMPUTATIONAL MODELING
192,DEEP LEARNING
775,OPTICAL CHARACTER RECOGNITION
196,NEURAL NETWORK
378,CONVOLUTIONAL NETWORK
196,CONVOLUTIONAL NEURAL NETWORK
349,RECURRENT NEURAL NETWORK
1458,RECOGNITION RATE
349,CONVOLUTIONAL RECURRENT NEURAL NETWORK
214,TRAINING SET
206,ERROR RATE
601,LEARNING RATE
199,CONVOLUTIONAL LAYERS
1007,PERCENTAGE POINTS
2738,HIDDEN MARKOV MODEL
351,LONG SHORT-TERM MEMORY
1799,DENSE LAYER
1266,BATCH NORMALIZATION
791,WORD ERROR RATE
351,BIDIRECTIONAL LONG SHORT-TERM MEMORY
2401,TEXT LINES
368,EARLY STOPPING
739,DECODING TIME
2561,HYPERBOLIC TANGENT
691,CONVOLUTIONAL BLOCK
2737,HANDWRITTEN TEXT RECOGNITION
197,DEEP NEURAL NETWORKS
284,DISCRETE COSINE TRANSFORMS
2,STREAMING MEDIA
613,IMAGE CODING
739,DECODING
1408,FREQUENCY-DOMAIN ANALYSIS
189,FEATURE EXTRACTION
192,DEEP LEARNING
358,FREQUENCY DOMAIN
1146,ACTION RECOGNITION
2114,VIDEO COMPRESSION
1146,VIDEO ACTION RECOGNITION
196,NEURAL NETWORK
192,DEEP LEARNING
197,DEEP NEURAL NETWORK
290,PUBLIC DATASETS
1711,RGB IMAGES
1153,HUMAN ACTIVITY RECOGNITION
379,COMPUTER VISION RESEARCH
196,CONVOLUTIONAL NEURAL NETWORK
1685,CLASSIFICATION ACCURACY
1214,DISCRETE COSINE TRANSFORM
2122,GROUP OF PICTURES
358,FREQUENCY DOMAIN DATA
771,OPTICAL FLOW
2125,MOTION COMPENSATION
1146,ACTION RECOGNITION
196,CONVOLUTIONAL NEURAL NETWORK
358,FREQUENCY DOMAIN
269,OBJECT DETECTION
888,VIDEOS
461,DETECTORS
34,REAL-TIME SYSTEMS
1161,PROPOSALS
446,OBJECT TRACKING
390,ROADS
1597,HIGHWAY
269,OBJECT DETECTION
446,MULTIPLE OBJECT TRACKING
230,FALSE POSITIVE
192,DEEP LEARNING
469,FALSE NEGATIVE
196,CONVOLUTIONAL NEURAL NETWORK
192,DEEP LEARNING MODELS
70,BOUNDING BOX
1329,CONFIDENCE SCORE
367,HYPERPARAMETER TUNING
1016,YOU ONLY LOOK ONCE
1018,SINGLE SHOT DETECTOR
2759,BACKGROUND SUBTRACTION METHOD
269,REAL-TIME OBJECT DETECTION
2218,LIGHTING
108,VISUAL SYSTEMS
557,IMAGE EDGE DETECTION
461,DETECTORS
379,COMPUTER VISION
1106,KEYPOINT DETECTION
379,COMPUTER VISION
2226,ILLUMINATION CONDITIONS
340,INPUT IMAGE
326,IMAGE PAIRS
2365,IMAGE NOISE
536,SYNTHETIC IMAGES
569,ORIGINAL APPROACH
108,HUMAN VISUAL SYSTEM
2589,BASELINE IMAGING
2281,ORIGINAL IMPLEMENTATION
2776,NON-UNIFORM ILLUMINATION
508,EDGE DETECTION
1411,GAUSSIAN FILTER
2725,LIGHT SOURCE
2769,SIFT
557,IMAGE EDGE DETECTION
32,GRAPHICS PROCESSING UNITS
2671,TWO DIMENSIONAL DISPLAYS
284,TRANSFORMS
52,KERNEL
1411,GAUSSIAN FILTER
1711,RGB IMAGES
799,MEAN SQUARE ERROR
129,QUALITY FILTERING
129,FILTERING ERROR
129,EDGE AWARE FILTERING
129,RECURSIVE FILTERING
835,IMAGE PROCESSING
1288,INTERPOLATION
557,IMAGE EDGE DETECTION
1,IMAGE COLOR ANALYSIS
77,VISUALIZATION
158,COMPUTATIONAL MODELING
794,IMAGE RECONSTRUCTION
2072,HISTOGRAMS
544,STRUCTURAL SIMILARITY
622,LOW RESOLUTION
597,COMPUTATIONAL EFFICIENCY
621,HIGH-RESOLUTION IMAGES
1711,RGB IMAGES
1288,INTERPOLATION METHOD
632,PEAK SIGNAL-TO-NOISE RATIO
643,LOW-RESOLUTION IMAGES
81,CLASSIFICATION ALGORITHMS
1625,WINDOW SIZE
632,AVERAGE PEAK SIGNAL-TO-NOISE RATIO
1288,SIMPLE INTERPOLATION
1288,NEAREST NEIGHBOR INTERPOLATION
707,VERSION OF IMAGE
670,ADAPTIVE HISTOGRAM EQUALIZATION
2033,NOISE REDUCTION
214,TRAINING
1540,IMAGE DENOISING
196,CONVOLUTIONAL NEURAL NETWORKS
1294,OPTIMIZATION
423,ESTIMATION
300,NEURAL NETWORKS
196,NEURAL NETWORK
196,CONVOLUTIONAL NEURAL NETWORK
1499,GAUSSIAN NOISE
632,PEAK SIGNAL-TO-NOISE RATIO
994,DIFFERENT LEVELS OF NOISE
839,IMAGE ACQUISITION PROCESS
196,RESIDUAL CONVOLUTIONAL NEURAL NETWORK
1499,LEVELS OF GAUSSIAN NOISE
195,LOSS FUNCTION
214,TRAINING DATASET
1939,QUANTITATIVE RESULTS
1940,QUALITATIVE RESULTS
373,ATTENTION MECHANISM
850,COLOR IMAGES
486,MULTILAYER PERCEPTRON
1348,GRAYSCALE IMAGES
2365,IMAGE NOISE
2651,TYPES OF NOISE
498,IMAGE RESTORATION
192,DEEP LEARNING
78,MACHINE LEARNING
214,TRAINING
196,CONVOLUTIONAL NEURAL NETWORKS
1,COLOR
1161,PROPOSALS
2670,MATHEMATICAL MODEL
189,FEATURE EXTRACTION
449,CONVOLUTION
196,CONVOLUTIONAL NEURAL NETWORK
196,RESIDUAL CONVOLUTIONAL NEURAL NETWORK
2822,SCENE CHANGE DETECTION
435,ANOMALY DETECTION
433,VIDEO SURVEILLANCE
1101,CHANGE DETECTION METHODS
196,CONVOLUTIONAL NEURAL NETWORK FOR SEGMENTATION
469,FALSE NEGATIVE
449,CONVOLUTION
199,CONVOLUTIONAL LAYERS
340,INPUT IMAGE
200,FEATURE MAPS
1266,BATCH NORMALIZATION
850,COLOR IMAGES
214,TRAINING PROCEDURE
1904,TRAINABLE PARAMETERS
2818,RESIDUAL LEARNING
1922,MEMORY CONSUMPTION
297,IMAGE SEGMENTATION
189,FEATURE EXTRACTION
214,TRAINING
158,COMPUTATIONAL MODELING
284,TRANSFORMS
344,COMPUTER ARCHITECTURE
2229,FEATURE LEARNING
196,NEURAL NETWORK
196,CONVOLUTIONAL NEURAL NETWORK
340,INPUT IMAGE
1586,IMAGE REGIONS
663,LAB COLOR SPACE
192,DEEP LEARNING
2061,IMAGE FEATURES
199,CONVOLUTIONAL LAYERS
304,IMAGE CLASSIFICATION
297,IMAGE SEGMENTATION
269,OBJECT DETECTION
291,INTERSECTION OVER UNION
486,MULTILAYER PERCEPTRON
1266,BATCH NORMALIZATION
271,SEMANTIC SEGMENTATION
196,CONVOLUTIONAL NEURAL NETWORK ARCHITECTURE
502,SEGMENTATION RESULTS
885,INTERACTIVE SEGMENTATION
2487,IMAGE GRADIENT
1978,NUMBER OF FILTERS
1270,BOUNDARY INFORMATION
297,IMAGE SEGMENTATION METHODS
1686,ANNOTATED DATASET
196,CONVOLUTIONAL NEURAL NETWORKS
189,FEATURE EXTRACTION
55,THREE-DIMENSIONAL DISPLAYS
2,STREAMING MEDIA
1288,INTERPOLATION
2671,TWO DIMENSIONAL DISPLAYS
5,RENDERING (COMPUTER GRAPHICS)
2168,TIME WARPING
912,SMOOTHING
818,IMAGE PIXELS
913,NONLINEAR PROGRAMMING
62,3D MESH
391,VIDEO SEQUENCES
113,TRIANGULAR MESH
659,PHOTO EDITING
1288,INTERPOLATION
55,THREE-DIMENSIONAL DISPLAYS
321,CAMERAS
1,IMAGE COLOR ANALYSIS
31,PIPELINES
794,IMAGE RECONSTRUCTION
54,SOLID MODELING
239,3D RECONSTRUCTION
1123,DEPTH CAMERA
236,POINT CLOUD
423,POSE ESTIMATION
424,CAMERA POSE
423,CAMERA POSE ESTIMATION
1971,OBJECTIVE FUNCTION
850,COLOR IMAGES
1711,RGB IMAGES
1822,DEPTH MAP
61,3D SCANNING
1371,DEPTH IMAGES
1109,DEPTH INFORMATION
1126,3D POINT
1142,RIGID TRANSFORMATION
2177,CAMERA MOTION
238,TIME-OF-FLIGHT SENSORS
252,ITERATIVE CLOSEST POINT
2754,RGB PIXEL
1740,DEPTH ESTIMATION
2794,BILATERAL FILTER
239,3D RECONSTRUCTION
321,RGBD CAMERAS
512,PREDICTIVE MODELS
77,VISUALIZATION
346,DATA MODELS
59,UNCERTAINTY
77,DATA VISUALIZATION
1111,MATCHING SCORE
2163,VISUAL INFORMATION
2878,FORECASTING MODEL
2878,FORECASTING PERFORMANCE
1880,AVERAGE ERROR
77,VISUALIZATION TOOL
2437,TOURNAMENT
2880,MEAN PREDICTION ERROR
2877,SPORTS FORECASTING
2878,FORECASTING EVALUATION
2877,SPORTS ANALYTICS
77,SPORTS VISUALIZATION
130,URBAN AREAS
434,TASK ANALYSIS
77,VISUALIZATION
77,DATA VISUALIZATION
52,KERNEL
77,VISUALIZATION TOOL
1042,SPATIAL PATTERNS
83,DOMAIN EXPERTS
2059,VISUAL RESOURCES
885,INTERACTIVE
1355,GRID CELLS
2064,ANALYSIS TASKS
641,ROAD MAP
1465,NON-NEGATIVE MATRIX FACTORIZATION
648,ROAD SEGMENTS
404,GOOGLE STREET VIEW
1054,SPATIAL DISCRETIZATION
1052,VISUAL COMPONENTS
1365,GRID REPRESENTATION
919,BAR CHARTS
2912,CRIME DATA
122,SPATIO TEMPORAL DATA
99,VISUAL ANALYTICS
57,SHAPE
2842,STRAIN
300,NEURAL NETWORKS
1161,PROPOSALS
40,NEURONS
189,FEATURE EXTRACTION
196,NEURAL NETWORK
2916,RED BLOOD CELLS
300,ARTIFICIAL NEURAL NETWORK
556,K-NEAREST NEIGHBOR
2606,NORMAL CLASS
356,COMPUTATIONAL COST
554,SUPPORT VECTOR MACHINE
2290,OUTPUT LAYER
221,HIDDEN LAYER
555,LINEAR DISCRIMINANT ANALYSIS
2738,HIDDEN MARKOV MODEL
270,TYPES OF ERRORS
969,ARTIFICIAL NEURAL NETWORK CLASSIFIER
356,REDUCTION IN COMPUTATIONAL COST
2918,SICKLE CELL DISEASE
157,INTEGRAL GEOMETRY
300,ARTIFICIAL NEURAL NETWORKS
81,CLASSIFICATION
297,IMAGE SEGMENTATION
300,NEURAL NETWORKS
461,DETECTORS
192,DEEP LEARNING
196,NEURAL NETWORK
577,DEEP NETWORK
197,DEEP NEURAL NETWORK
192,DEEP LEARNING
1007,PERCENTAGE POINTS
269,OBJECT DETECTION
253,OBJECT SEGMENTATION
259,INSTANCE SEGMENTATION
418,MASK R-CNN
720,PANORAMIC RADIOGRAPHS
721,PANORAMIC IMAGES
334,NUMBER OF IMAGES
271,SEMANTIC SEGMENTATION
945,COCO DATASET
461,TWO-STAGE DETECTORS
412,FASTER R-CNN
70,BOUNDING BOX
461,ONE-STAGE DETECTORS
1096,VALIDATION DATASET
197,DEEP NEURAL NETWORKS
259,INSTANCE SEGMENTATION AND NUMBERING
2936,PANORAMIC DENTAL X-RAYS
2432,ELECTROENCEPHALOGRAPHY
794,IMAGE RECONSTRUCTION
77,VISUALIZATION
1057,TIME-FREQUENCY ANALYSIS
321,CAMERAS
959,MONITORING
2948,STEADY-STATE VISUAL EVOKED POTENTIAL
794,IMAGE RECONSTRUCTION
364,DISCRETE FOURIER TRANSFORM
1076,LOW-PASS
366,FAST FOURIER TRANSFORM
1562,HUMAN EYE
2444,EEG DATA
257,HUMAN FACES
2444,RAW EEG DATA
366,FAST FOURIER TRANSFORM METHOD
1523,RECONSTRUCTED IMAGE QUALITY
1256,OCCIPITAL LOBE
2948,STEADY-STATE VISUALLY EVOKED POTENTIAL (SSVEP)
2950,LOCK-IN AMPLIFIER
1554,PATTERN RECOGNITION.
57,SHAPE
189,FEATURE EXTRACTION
1201,DISEASES
297,IMAGE SEGMENTATION
595,BRAIN
214,TRAINING
2899,TOOLS
2933,SHAPE DESCRIPTORS
2968,3D SHAPE DESCRIPTORS
1222,BRAIN REGIONS
1243,ALZHEIMER'S DISEASE
1228,ANATOMICAL REGIONS
1224,CONTROL SUBJECTS
1246,MILD COGNITIVE IMPAIRMENT
264,CONFUSION MATRIX
1243,ALZHEIMER'S DISEASE PATIENTS
1180,ALZHEIMER'S DISEASE NEUROIMAGING INITIATIVE
1243,STAGES OF ALZHEIMER'S DISEASE
588,RESTRICTED BOLTZMANN MACHINE
1243,ALZHEIMER'S DISEASE PROGRESSION
1230,BRAIN SEGMENTATION
578,DEEP BELIEF NETWORK
2933,SHAPE DESCRIPTOR
1243,ALZHEIMER
297,IMAGE SEGMENTATION
835,IMAGE PROCESSING
680,MAGNETIC RESONANCE IMAGING
1181,COMPUTED TOMOGRAPHY
297,IMAGE SEGMENTATION
2072,HISTOGRAMS
1905,DATA MINING
2671,TWO DIMENSIONAL DISPLAYS
55,THREE-DIMENSIONAL DISPLAYS
2985,CARBONATE ROCKS
1357,COMPUTATION TIME
2,POROUS MEDIA
297,IMAGE SEGMENTATION
250,2D IMAGES
835,IMAGE PROCESSING
64,PROCESSING TIME
250,3D IMAGES
334,NUMBER OF IMAGES
1693,OTSU'S METHOD
2985,CALCAREOUS ROCKS
509,SEGMENT CLASSIFICATION
2985,CARBONATE ROCKS
297,IMAGE SEGMENTATION
557,IMAGE EDGE DETECTION
1,IMAGE COLOR ANALYSIS
285,COMPLEXITY THEORY
597,COMPUTATIONAL EFFICIENCY
1300,CLUSTERING ALGORITHMS
297,IMAGE SEGMENTATION
2186,LABEL PROPAGATION
615,COMPLEX NETWORK
64,PROCESSING TIME
500,SEGMENTATION METHOD
2014,AUTOMATIC SEGMENTATION
500,AUTOMATIC SEGMENTATION METHOD
297,AUTOMATIC IMAGE SEGMENTATION
356,COMPUTATIONAL COST
1939,QUANTITATIVE RESULTS
1049,VERTICES
2871,COLOR INFORMATION
1049,NEIGHBORING VERTICES
829,SIMPLE LINEAR ITERATIVE CLUSTERING
2029,REFERENCE SEGMENTATION
1918,LINEAR COMPLEXITY
297,IMAGE SEGMENTATION
2670,MATHEMATICAL MODEL
557,IMAGE EDGE DETECTION
1,IMAGE COLOR ANALYSIS
189,FEATURE EXTRACTION
2671,TWO DIMENSIONAL DISPLAYS
55,THREE-DIMENSIONAL DISPLAYS
304,IMAGE CLASSIFICATION
196,NEURAL NETWORK
300,ARTIFICIAL NEURAL NETWORK
662,RAW IMAGES
2297,GRAPH NEURAL NETWORKS
373,SELF-ATTENTION MECHANISM
1148,GRAPH CONVOLUTION
556,K-NEAREST NEIGHBOR
236,POINT CLOUD
486,MULTILAYER PERCEPTRON
1266,BATCH NORMALIZATION
1348,GRAYSCALE IMAGES
1038,NODES IN THE GRAPH
2326,VALIDATION ACCURACY
286,MNIST DATASET
378,GRAPH CONVOLUTIONAL NETWORK
872,SUPERPIXEL SEGMENTATION
1737,SPHERICAL IMAGE
3016,GRAPH-BASED METHODS
304,IMAGE CLASSIFICATION PROBLEMS
2297,"SUPERPIXEL, GRAPH ATTENTION NETWORKS, GRAPH NEURAL NETWORKS"
214,TRAINING
1294,OPTIMIZATION
189,FEATURE EXTRACTION
269,OBJECT DETECTION
297,IMAGE SEGMENTATION
560,TESTING
1,IMAGE COLOR ANALYSIS
269,OBJECT DETECTION
215,DATA AUGMENTATION
269,SALIENT OBJECT DETECTION
196,NEURAL NETWORK
198,LINEAR COMBINATION
781,BACKGROUND IMAGE
635,AFFINE TRANSFORMATION
436,OBJECT POSITION
2208,AUGMENTATION TECHNIQUES
215,DATA AUGMENTATION TECHNIQUES
411,CROPPED IMAGES
3032,UNIFORM RANDOM DISTRIBUTION
540,IMAGE INPAINTING
2988,SIZE DISTRIBUTION
214,TRAINING DATASET
196,CONVOLUTIONAL NEURAL NETWORK
661,IMAGE DATASET
2224,SMALL OBJECTS
556,K-NEAREST NEIGHBOR
2945,TEST DATASET
271,SEMANTIC SEGMENTATION
70,BOUNDING BOX
1003,HORIZONTAL FLIP
215,DATA AUGMENTATION
269,SALIENT OBJECT DETECTION
297,IMAGE SEGMENTATION
192,DEEP LEARNING
540,IMAGE INPAINTING
1161,PROPOSALS
775,OPTICAL CHARACTER RECOGNITION SOFTWARE
189,FEATURE EXTRACTION
2737,TEXT RECOGNITION
511,ANNOTATIONS
775,CHARACTER RECOGNITION
214,TRAINING
789,LICENSE PLATE
789,LICENSE PLATE RECOGNITION
775,OPTICAL CHARACTER RECOGNITION
195,LOSS FUNCTION
2061,IMAGE FEATURES
199,CONVOLUTIONAL LAYERS
200,FEATURE MAPS
269,OBJECT DETECTION
70,BOUNDING BOX
607,SOFTMAX FUNCTION
630,GLOBAL AVERAGE POOLING
516,CLASS ACTIVATION MAPS
1161,OBJECT PROPOSALS
1161,SET OF PROPOSALS
3048,CHARACTER DETECTION
300,NEURAL NETWORKS
346,DATA MODELS
214,TRAINING
269,OBJECT DETECTION
55,THREE-DIMENSIONAL DISPLAYS
434,TASK ANALYSIS
253,OBJECT SEGMENTATION
269,OBJECT DETECTION
536,SYNTHETIC IMAGES
253,OBJECT SEGMENTATION
196,NEURAL NETWORK
192,DEEP LEARNING
196,CONVOLUTIONAL NEURAL NETWORK
197,DEEP NEURAL NETWORK
1503,GAUSSIAN BLUR
537,REAL TEST
418,MASK R-CNN
945,COCO DATASET
214,REAL TRAINING
2725,LIGHT SOURCE
1867,UNIT VECTOR
214,NETWORK TRAINING
70,BOUNDING BOX
271,SEMANTIC SEGMENTATION
502,SEGMENTATION RESULTS
525,SEGMENTATION TASK
777,SYNTHETIC DATA GENERATION
1514,MASKED IMAGES
1374,SYNTHETIC GENERATION
562,DOMAIN ADAPTATION
423,POSE ESTIMATION
1376,REALITY GAP
423,HUMAN POSE ESTIMATION
505,FEATURE PYRAMID NETWORK
777,SYNTHETIC DATA GENERATION
269,OBJECT DETECTION
253,OBJECT SEGMENTATION
192,DEEP LEARNING
297,IMAGE SEGMENTATION
959,MONITORING
2670,MATHEMATICAL MODEL
369,IMAGE RECOGNITION
344,COMPUTER ARCHITECTURE
434,TASK ANALYSIS
1200,SENSITIVITY
2578,MOBILE APP
304,IMAGE CLASSIFICATION
297,IMAGE SEGMENTATION
418,MASK R-CNN
304,IMAGE CLASSIFICATION METHODS
192,DEEP LEARNING
196,CONVOLUTIONAL NEURAL NETWORK
554,SUPPORT VECTOR MACHINE
661,IMAGE DATASET
291,INTERSECTION OVER UNION
2273,POSITIVE PREDICTOR
960,BALANCED ACCURACY
291,INTERSECTION OVER UNION VALUE
70,BOUNDING BOX
502,SEGMENTATION RESULTS
412,FASTER R-CNN
947,IMAGE ANNOTATION
3056,NUTRITION
3055,FOOD
449,CONVOLUTION
2670,MATHEMATICAL MODEL
794,IMAGE RECONSTRUCTION
1294,OPTIMIZATION
52,KERNEL
192,DEEP LEARNING
2134,TV
540,IMAGE INPAINTING
540,INPAINTING TECHNIQUES
540,IMAGE INPAINTING TECHNIQUES
192,DEEP LEARNING
214,TRAINING TIME
625,COMPUTATIONAL RESOURCES
192,DEEP LEARNING TECHNIQUES
2806,SOURCE IMAGES
214,REDUCE TRAINING TIME
196,CONVOLUTIONAL NEURAL NETWORK
619,QUALITY OF OUTCOMES
794,IMAGE RECONSTRUCTION
1586,IMAGE REGIONS
1878,IMAGENET
895,PARTIAL DIFFERENTIAL EQUATIONS
533,GENERATIVE ADVERSARIAL NETWORKS
327,REFERENCE IMAGE
632,PEAK SIGNAL-TO-NOISE RATIO
2956,RECONSTRUCTION QUALITY
1910,MISSING REGIONS
286,DATASET
192,DEEP LEARNING
540,INPAINTING
239,RECONSTRUCTION
189,FEATURE EXTRACTION
1161,PROPOSALS
1548,DYNAMICS
2,STREAMING MEDIA
391,VIDEO SEQUENCES
344,COMPUTER ARCHITECTURE
1905,DATA MINING
433,VIDEO SURVEILLANCE
888,DETECTION IN VIDEOS
290,PUBLIC DATASETS
2750,PUBLIC BENCHMARK DATASETS
1207,SPATIAL INFORMATION
200,FEATURE MAPS
2035,RECURRENT NETWORK
269,OBJECT DETECTION
1913,TEMPORAL INFORMATION
771,OPTICAL FLOW
391,VIDEO SEQUENCES
1197,ALEXNET
2126,MOTION INFORMATION
3039,REGION PROPOSAL
1859,RANKING FUNCTION
565,NEGATIVE INSTANCES
840,CLASSIFICATION PERFORMANCE
269,DETECTION
433,VIDEO SURVEILLANCE
1515,SECURITY
300,NEURAL NETWORKS
284,TRANSFORMS
214,TRAINING
196,NEURAL NETWORK
196,CONVOLUTIONAL NEURAL NETWORK
3101,NETWORK TRAFFIC CLASSIFICATION
840,CLASSIFICATION PERFORMANCE
367,HYPERPARAMETER TUNING
196,CONVOLUTIONAL NEURAL NETWORK ARCHITECTURE
192,DEEP LEARNING
601,LEARNING RATE
199,CONVOLUTIONAL LAYERS
817,LESS THAN OR EQUAL
2418,AVERAGE ACCURACY
2369,REAL SCENARIOS
351,LONG SHORT-TERM MEMORY
337,STOCHASTIC GRADIENT DESCENT
1294,BAYESIAN OPTIMIZATION
3099,NETWORK SLICING
196,PRE-TRAINED CONVOLUTIONAL NEURAL NETWORK
3101,NETWORK TRAFFIC CLASSIFICATION
196,CONVOLUTIONAL NEURAL NETWORKS
3099,NETWORK SLICING
215,DATA AUGMENTATION
214,TRAINING
2633,GALLIUM NITRIDE
2184,SEMISUPERVISED LEARNING
2335,REMOTE SENSING
1956,PREDICTION ALGORITHMS
300,NEURAL NETWORKS
215,DATA AUGMENTATION
2184,SEMI-SUPERVISED LEARNING
2184,GRAPH-BASED SEMI-SUPERVISED LEARNING
196,NEURAL NETWORK
214,TRAINING SET
78,LEARNING ALGORITHMS
196,CONVOLUTIONAL NEURAL NETWORK
447,SUPERVISED LEARNING
304,IMAGE CLASSIFICATION
533,GENERATIVE ADVERSARIAL NETWORKS
2231,UNLABELED DATA
215,DATA AUGMENTATION TECHNIQUES
1629,ORIGINAL LABEL
214,TRAINING DATASET
601,LEARNING RATE
1685,CLASSIFICATION ACCURACY
197,DEEP NEURAL NETWORK
1260,GENERATIVE ADVERSARIAL NETWORK ARCHITECTURE
215,DATA AUGMENTATION APPROACH
556,K-NEAREST NEIGHBOR
1927,LARGE AMOUNT OF DATA
215,DATA AUGMENTATION METHODS
456,TEST PARTITION
1104,GEOMETRIC TRANSFORMATION
214,LABELED TRAINING SET
215,"IMAGE CLASSIFICATION, DATA AUGMENTATION, IMAGE TRANSFORMATION, GANS, SEMI SUPERVISED LEARNING, MACHINE LEARNING"
214,TRAINING
344,COMPUTER ARCHITECTURE
40,NEURONS
2299,HARDWARE
434,TASK ANALYSIS
196,CONVOLUTIONAL NEURAL NETWORKS
378,CONVOLUTIONAL NETWORK
196,NEURAL NETWORK
601,LEARNING RATE
196,CONVOLUTIONAL NEURAL NETWORK
214,NETWORK TRAINING
214,TRAINING EPOCHS
601,LEARNING RATE SCHEDULE
197,DEEP NEURAL NETWORK
2803,SECOND DERIVATIVE
32,GRAPHICS PROCESSING UNIT
196,DEEP CONVOLUTIONAL NEURAL NETWORK
378,DEEP CONVOLUTIONAL NETWORK
1978,NUMBER OF FILTERS
214,END OF TRAINING
197,DEEP NEURAL NETWORK ARCHITECTURE
2740,MILLIONS OF PARAMETERS
1983,PRUNING TECHNIQUES
601,LEARNING RATE REWINDING
55,THREE-DIMENSIONAL DISPLAYS
1552,INDUSTRIES
1474,TEMPERATURE MEASUREMENT
77,VISUALIZATION
196,NEURAL NETWORK
497,NON-INVASIVE INSPECTION
486,MULTILAYER PERCEPTRON
486,MULTILAYER PERCEPTRON NEURAL NETWORK
196,CONVOLUTIONAL NEURAL NETWORK
300,ARTIFICIAL NEURAL NETWORK
2290,OUTPUT LAYER
221,HIDDEN LAYER
2804,PIXEL INTENSITY
61,3D SCANNING
272,COLOR MAP
2834,BACKPROPAGATION ALGORITHM
497,"THERMAL IMAGE, PIPELINE INSPECTION, NEURAL NETWORKS, FERTILIZER"
56,MEASUREMENT
217,ENTROPY
189,FEATURE EXTRACTION
1189,PROBABILITY DENSITY FUNCTION
38,EIGENVALUES AND EIGENFUNCTIONS
192,DEEP LEARNING
2622,MANIFOLDS
584,UNSUPERVISED LEARNING
2000,METRIC LEARNING
2000,UNSUPERVISED METRIC LEARNING
1685,CLASSIFICATION ACCURACY
793,DIMENSIONALITY REDUCTION
1464,SIMILARITY MEASURE
982,FEATURE SPACE
556,K-NEAREST NEIGHBOR
2513,SHORTEST PATH
1764,KULLBACK-LEIBLER
793,DIMENSIONALITY REDUCTION METHODS
556,K-NEAREST NEIGHBOR GRAPH
192,DEEP LEARNING
554,SUPPORT VECTOR MACHINE
3160,PAIRWISE DISTANCES
2270,GRAM MATRIX
624,PATCH SIZE
793,DIMENSIONALITY REDUCTION ALGORITHMS
1189,PROBABILITY DENSITY FUNCTION
189,FEATURE EXTRACTION
1,IMAGE COLOR ANALYSIS
214,TRAINING
434,TASK ANALYSIS
57,SHAPE
2072,HISTOGRAMS
317,PROTOCOLS
1486,PARTIAL LEAST SQUARES
1486,PARTIAL LEAST
2871,COLOR INFORMATION
1013,HISTOGRAM OF ORIENTED GRADIENTS
1689,HIGHEST ACCURACY VALUES
214,TRAINING SET
554,SUPPORT VECTOR MACHINE
300,ARTIFICIAL NEURAL NETWORK
214,TRAINING PHASE
2418,AVERAGE ACCURACY
264,CONFUSION MATRIX
1165,SIMILAR COLOR
3171,AUTOMATIC IDENTIFICATION
1554,PATTERN RECOGNITION
1486,PARTIAL LEAST SQUARES
831,ANIMALS
434,TASK ANALYSIS
217,ENTROPY
321,CAMERAS
130,URBAN AREAS
57,SHAPE
2072,HISTOGRAMS
3164,SPECIES IDENTIFICATION
333,ANIMAL SPECIES
324,CAMERA TRAPS
196,NEURAL NETWORK
196,CONVOLUTIONAL NEURAL NETWORK
554,SUPPORT VECTOR MACHINE
66,QUALITY MEASURES
340,INPUT IMAGE
1349,LOCAL PATTERNS
555,LINEAR DISCRIMINANT ANALYSIS
556,K-NEAREST NEIGHBOR
1973,SEARCH SPACE
831,WILD ANIMALS
1350,FRACTAL DIMENSION
1214,DISCRETE COSINE TRANSFORM
333,WILD ANIMAL SPECIES
3176,TEXTURE PATTERNS
3180,TEXTURE ANALYSIS
379,COMPUTER VISION
3179,WILD BOAR
678,DATABASES
55,THREE-DIMENSIONAL DISPLAYS
1988,STATISTICS
760,SOCIOLOGY
3191,PROTEIN SECONDARY STRUCTURE
3191,SECONDARY STRUCTURE PREDICTION
3191,PROTEIN SECONDARY STRUCTURE PREDICTION
3192,AMINO ACID SEQUENCE SIMILARITY
3190,PROTEIN SEQUENCES
289,VALIDATION SET
2035,RECURRENT NETWORK
306,PRECISION AND RECALL
1065,NEURONS IN LAYER
3189,PROPERTIES OF AMINO ACIDS
2035,BIDIRECTIONAL RECURRENT NETWORK
1915,METHODS IN THE LITERATURE
3192,AMINO ACID SEQUENCE
300,NEURAL NETWORKS
513,ROBUSTNESS
2670,MATHEMATICAL MODEL
217,ENTROPY
214,TRAINING
554,SUPPORT VECTOR MACHINES
434,TASK ANALYSIS
3211,LARGE MARGIN CLASSIFIER
195,LOSS FUNCTION
196,NEURAL NETWORK
2713,DATA STRUCTURE
229,CROSS-ENTROPY
647,PROBABILITY FUNCTION
607,SOFTMAX FUNCTION
286,MNIST DATASET
995,LABEL NOISE
195,CLASSIFICATION LOSS FUNCTION
214,TRAINING SET
214,TRAINING DATA
221,HIDDEN LAYER
222,NEGATIVE SAMPLES
215,DATA AUGMENTATION
214,TRAINING IMAGES
2244,WHITE-BOX ATTACK
2648,NOISY DATA
3212,ADVERSARIAL ATTACKS
238,TENSORS
423,POSE ESTIMATION
344,COMPUTER ARCHITECTURE
434,TASK ANALYSIS
300,NEURAL NETWORKS
2670,MATHEMATICAL MODEL
158,COMPUTATIONAL MODELING
1139,2D POSE
196,NEURAL NETWORK
378,CONVOLUTIONAL NETWORK
1465,FACTORIZATION
196,CONVOLUTIONAL NEURAL NETWORK
197,DEEP NEURAL NETWORK
379,COMPUTER VISION
373,ATTENTION MECHANISM
2292,MOTION CAPTURE
1209,ATTENTION MODULE
423,POSE ESTIMATION
199,CONVOLUTIONAL LAYERS
200,FEATURE MAPS
306,PRECISION AND RECALL
224,FULLY-CONNECTED LAYER
1215,SPATIAL ATTENTION
669,IMAGES OF PEOPLE
423,HUMAN POSE ESTIMATION
945,COCO DATASET
691,CONVOLUTIONAL BLOCK
423,POSE ESTIMATION
3225,CONVOLUTIONAL POSE MACHINES
2289,ATTENTION LAYERS
321,CAMERAS
54,SOLID MODELING
2218,LIGHTING
346,DATA MODELS
214,TRAINING
192,DEEP LEARNING
423,POSE ESTIMATION
423,POSE ESTIMATION
562,DOMAIN ADAPTATION
423,6-DOF POSE ESTIMATION
171,3D PRINTING
536,SYNTHETIC IMAGES
2770,ILLUMINATION CHANGES
192,DEEP LEARNING
337,STOCHASTIC GRADIENT DESCENT
70,BOUNDING BOX
192,DEEP LEARNING APPROACHES
851,OBJECT OF INTEREST
1822,DEPTH MAP
1376,REALITY GAP
1374,SYNTHETIC GENERATION
777,SYNTHETIC DATA GENERATION
1578,MOTION BLUR
1049,MESH VERTICES
2177,CAMERA MOTION
214,REAL TRAINING
423,HUMAN POSE ESTIMATION
423,POSE ESTIMATION
192,DEEP LEARNING
189,FEATURE EXTRACTION
512,PREDICTIVE MODELS
346,DATA MODELS
158,COMPUTATIONAL MODELING
1956,PREDICTION ALGORITHMS
65,CORRELATION
56,MEASUREMENT
78,MACHINE LEARNING
87,MACHINE LEARNING MODELS
799,MEAN SQUARE ERROR
86,IMPORTANT CHARACTERISTICS
1993,MUTUAL INFORMATION
129,FILTERING METHOD
92,CONTRIBUTION OF FEATURES
95,PELVIC TILT
740,GRADIENT BOOSTING DECISION TREE
93,SPONDYLOLISTHESIS
214,TRAINING
1348,GRAY-SCALE
297,IMAGE SEGMENTATION
196,CONVOLUTIONAL NEURAL NETWORKS
321,CAMERAS
78,MACHINE LEARNING
196,CONVOLUTIONAL NEURAL NETWORK
2823,RESIDUAL NETWORK
2822,CHANGE DETECTION
1146,ACTION RECOGNITION
435,ANOMALY DETECTION
2999,SEGMENTATION TECHNIQUES
2833,DYNAMIC BACKGROUND
850,COLOR IMAGES
1348,GRAYSCALE IMAGES
1904,TRAINABLE PARAMETERS
2354,BINARY IMAGE
2164,VIDEO FRAMES
1445,SMALL PATCHES
781,BACKGROUND IMAGE
2831,VIDEO CAPTURE
196,CONVOLUTIONAL NEURAL NETWORK FOR SEGMENTATION
2818,RESIDUAL LEARNING
196,LEARNING CONVOLUTIONAL NEURAL NETWORK
192,DEEP LEARNING
269,FOREGROUND OBJECT DETECTION
189,FEATURE EXTRACTION
554,SUPPORT VECTOR MACHINES
2388,OPTICAL IMAGING
78,MACHINE LEARNING
321,CAMERAS
4,MOTION PICTURES
196,NEURAL NETWORK
196,CONVOLUTIONAL NEURAL NETWORK
391,VIDEO SEQUENCES
196,MULTI-STREAM CONVOLUTIONAL NEURAL NETWORK
391,DETECTION IN VIDEO SEQUENCES
87,LEARNING MODELS
1207,SPATIAL INFORMATION
1913,TEMPORAL INFORMATION
2923,USE OF FEATURES
192,DEEP LEARNING APPROACHES
1109,DEPTH INFORMATION
888,DETECTION IN VIDEOS
554,SUPPORT VECTOR MACHINE
299,TRANSFER LEARNING
1501,FEED-FORWARD NETWORK
2164,VIDEO FRAMES
1183,GAUSSIAN MIXTURE MODEL
2384,RED-GREEN-BLUE
771,OPTICAL FLOW
1740,DEPTH ESTIMATION
441,MULTIPLE INSTANCE LEARNING
827,SCALE-INVARIANT FEATURE TRANSFORM
3083,ACT OF VIOLENCE
196,CONVOLUTIONAL NEURAL NETWORKS
2284,SKELETON
812,IMAGE REPRESENTATION
55,THREE-DIMENSIONAL DISPLAYS
2738,HIDDEN MARKOV MODELS
369,IMAGE RECOGNITION
888,VIDEOS
300,NEURAL NETWORKS
1281,TREE STRUCTURE
1146,ACTION RECOGNITION
2284,SKELETON IMAGE
1146,3D ACTION RECOGNITION
1146,REPRESENTATIONS FOR ACTION RECOGNITION
196,NEURAL NETWORK
196,CONVOLUTIONAL NEURAL NETWORK
351,LONG SHORT-TERM MEMORY
349,RECURRENT NEURAL NETWORK
2657,MAIN APPROACHES
1153,HUMAN ACTIVITY RECOGNITION
199,CONVOLUTIONAL LAYERS
1007,PERCENTAGE POINTS
2738,HIDDEN MARKOV MODEL
224,FULLY-CONNECTED LAYER
2021,LATE FUSION
2168,DYNAMIC TIME WARPING
196,CONVOLUTIONAL NEURAL NETWORK ARCHITECTURE
2284,SKELETON DATA
1915,METHODS IN THE LITERATURE
1109,DEPTH INFORMATION
196,CONVOLUTIONAL NEURAL NETWORK (CNN)
2284,SKELETON JOINTS
812,SKELETON IMAGE REPRESENTATION
1146,3D ACTION RECOGNITION
888,VIDEOS
55,THREE-DIMENSIONAL DISPLAYS
78,MACHINE LEARNING
158,COMPUTATIONAL MODELING
613,IMAGE CODING
739,DECODING
189,FEATURE EXTRACTION
378,CONVOLUTIONAL NETWORK
1146,ACTION RECOGNITION
449,3D CONVOLUTION
2114,VIDEO COMPRESSION
192,DEEP LEARNING
356,COMPUTATIONAL COST
2752,COMPUTATIONAL COMPLEXITY
3282,TEMPORAL DYNAMICS
1146,ACTION RECOGNITION TASK
2751,HIGH COMPUTATIONAL LOAD
1146,VIDEO ACTION RECOGNITION
196,CONVOLUTIONAL NEURAL NETWORK
1685,CLASSIFICATION ACCURACY
554,SUPPORT VECTOR MACHINE
2756,USE OF INFORMATION
199,CONVOLUTIONAL LAYERS
2626,TEMPORAL DIMENSION
2753,MOTION VECTOR
1214,DISCRETE COSINE TRANSFORM
2122,GROUP OF PICTURES
265,SPATIAL DIMENSIONS
2125,MOTION COMPENSATION
349,RECURRENT NEURAL NETWORK
771,OPTICAL FLOW
1662,HANDCRAFTED FEATURES
2795,PIXEL BLOCK
379,COMPUTER VISION
1146,ACTION RECOGNITION
192,DEEP LEARNING
2758,COMPRESSED DOMAIN
597,EFFICIENCY
2156,MUSIC
77,VISUALIZATION
189,FEATURE EXTRACTION
1161,PROPOSALS
434,TASK ANALYSIS
2300,ANIMATION
2396,LITERARY WORKS
1092,NATURAL LANGUAGE
2456,USER STUDY
2156,MUSIC COMPOSITION
167,PROTOTYPE
197,DEEP NEURAL NETWORK
2155,EMOTION RECOGNITION
2300,GRAPH BASED ANIMATION
77,DATA VISUALIZATION
130,URBAN AREAS
1588,TRANSPORTATION
760,SOCIOLOGY
1900,MOBILE DEVICES
2626,TEMPORAL DIMENSION
885,INTERACTIVE
2140,TIME INTERVAL
105,VISUAL ANALYSIS
1589,URBAN MOBILITY
1900,USE OF MOBILE DEVICES
156,MAP VIEW
3313,DAILY MOBILITY ANALYSIS
1,IMAGE COLOR ANALYSIS
1201,DISEASES
321,CAMERAS
297,IMAGE SEGMENTATION
678,DATABASES
196,CONVOLUTIONAL NEURAL NETWORKS
192,DEEP LEARNING
839,IMAGE ACQUISITION
839,DIGITAL IMAGE ACQUISITION
196,CONVOLUTIONAL NEURAL NETWORK
3338,MAGNIFYING GLASS
310,TRUE POSITIVE
199,CONVOLUTIONAL LAYERS
269,OBJECT DETECTION
291,INTERSECTION OVER UNION
306,PRECISION AND RECALL
70,BOUNDING BOX
740,DECISION TREE CLASSIFIER
2367,COUNTING PROCESS
1645,COLOR MODEL
842,SEGMENTATION PROCESS
663,RGB COLOR SPACE
1643,RGB COLOR
3339,AEDES AEGYPTI EGG COUNTING
3340,MOSQUITO EGGS
192,DEEP LEARNING
890,NOISE MEASUREMENT
55,THREE-DIMENSIONAL DISPLAYS
1181,COMPUTED TOMOGRAPHY
2033,NOISE REDUCTION
297,IMAGE SEGMENTATION
557,IMAGE EDGE DETECTION
794,IMAGE RECONSTRUCTION
1540,DENOISING
504,MORPHOLOGICAL OPERATIONS
2036,LOW-DOSE IMAGES
2943,DENTAL IMAGING
1181,COMPUTED TOMOGRAPHY
544,STRUCTURAL SIMILARITY
1523,IMAGE QUALITY
2038,RADIATION DOSE
632,PEAK SIGNAL-TO-NOISE RATIO
340,INPUT IMAGE
297,IMAGE SEGMENTATION
1411,GAUSSIAN FILTER
2101,MEDIAN FILTER
1504,OUTPUT IMAGE
881,BACKGROUND REGIONS
1546,NOISY IMAGES
129,COLLABORATIVE FILTERING
632,PEAK SIGNAL-TO-NOISE RATIO VALUES
2794,BILATERAL FILTER
2829,FOREGROUND REGIONS
1669,MATHEMATICAL MORPHOLOGY
670,ADAPTIVE HISTOGRAM EQUALIZATION
3284,3D ARRAY
1181,COMPUTED TOMOGRAPHY
2033,NOISE REDUCTION
1669,MATHEMATICAL MORPHOLOGY
1531,PSNR
739,DECODING
55,THREE-DIMENSIONAL DISPLAYS
297,IMAGE SEGMENTATION
680,MAGNETIC RESONANCE IMAGING
2671,TWO DIMENSIONAL DISPLAYS
344,COMPUTER ARCHITECTURE
297,IMAGE SEGMENTATION
680,MAGNETIC RESONANCE IMAGING
192,DEEP LEARNING
200,FEATURE MAPS
3360,HEART STRUCTURE
2024,DICE SCORE
3360,HEART FAILURE
289,VALIDATION SET
214,NETWORK TRAINING
271,SEMANTIC SEGMENTATION
1978,NUMBER OF FILTERS
1032,HAUSDORFF DISTANCE
378,FULLY CONVOLUTIONAL NETWORK
1750,CONVERGENCE TIME
3092,DECODER PART
649,U-NET ARCHITECTURE
502,SEGMENTATION RESULTS
680,MAGNETIC RESONANCE IMAGING IMAGES
297,SEMANTIC IMAGE SEGMENTATION
192,DEEP LEARNING
189,FEATURE EXTRACTION
297,IMAGE SEGMENTATION
514,LESIONS
2072,HISTOGRAMS
519,BREAST
2033,NOISE REDUCTION
1540,DENOISING
526,COMPUTER-AIDED DIAGNOSIS
3375,SPECKLE NOISE
526,COMPUTER-AIDED DIAGNOSIS SYSTEM
3375,REDUCE SPECKLE NOISE
3377,BREAST ULTRASOUND IMAGES
1025,COMBINATION OF FEATURES
670,HISTOGRAM EQUALIZATION
297,IMAGE SEGMENTATION TECHNIQUES
2033,NOISE REDUCTION METHOD
192,DEEP LEARNING
554,SUPPORT VECTOR MACHINE
554,SUPPORT VECTOR MACHINE CLASSIFIER
514,BREAST LESIONS
1650,CAD SYSTEM
2033,SPECKLE NOISE REDUCTION
297,IMAGE SEGMENTATION
680,MAGNETIC RESONANCE IMAGING
55,THREE-DIMENSIONAL DISPLAYS
496,MANUALS
2671,TWO DIMENSIONAL DISPLAYS
680,MAGNETIC RESONANCE IMAGING
3394,PARASPINAL MUSCLES
64,PROCESSING TIME
1487,MEAN ABSOLUTE ERROR
526,COMPUTER-AIDED DIAGNOSIS
2014,SEMI-AUTOMATIC SEGMENTATION
1239,SPINAL PATHOLOGY
64,FASTER PROCESSING TIME
396,RUNNING TIME
291,INTERSECTION OVER UNION
500,SEGMENTATION METHOD
811,CONTENT-BASED IMAGE RETRIEVAL
680,VOLUMETRIC MAGNETIC RESONANCE IMAGING
1402,WHITE PIXELS
502,SEGMENTATION RESULTS
253,SEGMENTATION
3394,MUSCLE
1947,MRI
77,DATA VISUALIZATION
434,TASK ANALYSIS
869,TAXONOMY
77,VISUALIZATION
1905,DATA MINING
56,MEASUREMENT
159,VISUAL EFFECTS
77,DATA VISUALIZATION
915,VISUAL TASK
919,BAR CHARTS
3294,STUDY INSTRUMENTS
151,LINE CHART
77,TYPE OF VISUALIZATION
670,HISTOGRAM
77,INFORMATION VISUALIZATION
77,VISUALIZATION TASKS
2072,HISTOGRAMS
2671,TWO DIMENSIONAL DISPLAYS
5,RENDERING (COMPUTER GRAPHICS)
1361,ISOSURFACES
1161,PROPOSALS
2205,STANDARDS
3432,TRANSFER FUNCTION
470,GAUSSIAN KERNEL
2803,SECOND DERIVATIVE
2648,NOISY DATA
1269,BOUNDARY DETECTION
3432,TRANSFER FUNCTION
1269,BOUNDARY DETECTION
77,VOLUME VISUALIZATION
297,IMAGE SEGMENTATION
557,IMAGE EDGE DETECTION
2695,MERGING
1351,IMAGE ANALYSIS
434,TASK ANALYSIS
284,TRANSFORMS
5,GRAPHICS
1351,IMAGE ANALYSIS
297,IMAGE SEGMENTATION
500,SEGMENTATION METHOD
879,HIERARCHICAL METHOD
2695,REGION MERGING
2493,FINITE SET
3013,EDGE WEIGHTS
2354,BINARY IMAGE
1038,NODES IN THE GRAPH
2495,SALIENCY MAP
297,HIERARCHICAL IMAGE SEGMENTATION
297,IMAGE SEGMENTATION
848,FORESTRY
31,PIPELINES
423,ESTIMATION
319,VEGETATION
1301,PARTITIONING ALGORITHMS
872,SUPERPIXEL SEGMENTATION
2503,OBJECTIVE INFORMATION
2495,SALIENCY MAP
3030,SALIENT OBJECT
836,PARASITE
2230,NATURAL IMAGES
851,OBJECT OF INTEREST
2668,BACKGROUND PIXELS
1015,OBJECT PIXELS
1857,PRIORITY QUEUE
829,SIMPLE LINEAR ITERATIVE CLUSTERING
2509,SUPERPIXELS
253,SEGMENTATION
2495,OBJECT SALIENCY MAP
284,TRANSFORMS
57,SHAPE
1669,MORPHOLOGY
434,TASK ANALYSIS
913,LINEAR PROGRAMMING
1669,MATHEMATICAL MORPHOLOGY
2519,DISTANCE MAP
504,MORPHOLOGICAL OPERATIONS
396,RUNNING TIME
170,COST FUNCTION
174,ROTATION ANGLE
3233,ELEMENT-WISE MULTIPLICATION
396,AVERAGE RUNNING TIME
3465,TANGRAM
1669,MATHEMATICAL MORPHOLOGY
2633,GALLIUM NITRIDE
2634,GENERATORS
794,IMAGE RECONSTRUCTION
214,TRAINING
434,TASK ANALYSIS
2670,MATHEMATICAL MODEL
801,LATENT SPACE
1767,RECONSTRUCTION LOSS
195,LOSS FUNCTION
297,IMAGE SEGMENTATION
804,AUTOENCODER
533,GENERATIVE ADVERSARIAL NETWORKS
568,TARGET DOMAIN
571,SOURCE DOMAIN
1753,VANISHING GRADIENT
1753,VANISHING GRADIENT PROBLEM
1468,LATENT VECTOR
1756,STYLE TRANSFER
2639,WASSERSTEIN DISTANCE
1288,CROSS DOMAIN INTERPOLATION
801,LATENT SPACE EXPLORATION
1816,RESERVOIRS
1815,OILS
5,RENDERING (COMPUTER GRAPHICS)
158,COMPUTATIONAL MODELING
32,GRAPHICS PROCESSING UNITS
54,SOLID MODELING
1816,OIL RESERVOIRS
1817,RESERVOIR MODEL
1819,EFFICIENT ALGORITHM
1820,LOCAL POINT
1358,REGULAR GRID
77,VISUALIZATION TECHNIQUES
825,COMPACT REPRESENTATION
1818,RESERVOIR SIMULATION
2596,OIL AND GAS
1355,GRID CELLS
3439,SCALAR VALUE
70,MINIMUM BOUNDING BOX
1406,TEXTURE MAP
103,CUTTING SURFACES
1838,GPU RENDERING
77,SCIENTIFIC VISUALIZATION
1817,RESERVOIR MODEL
1288,INTERPOLATION
57,SHAPE
2300,ANIMATION
2671,TWO DIMENSIONAL DISPLAYS
3312,SPATIOTEMPORAL PHENOMENA
2899,TOOLS
77,VISUALIZATION
2037,TIME STEP
134,LAND USE
2609,VORONOI DIAGRAM
157,ARBITRARY GEOMETRY
2721,QUADTREE
77,VISUALIZATION OF SPATIOTEMPORAL PHENOMENA
2300,ANIMATION
1288,INTERPOLATION
415,HEURISTIC ALGORITHMS
2842,STRAIN
2670,MATHEMATICAL MODEL
158,COMPUTATIONAL MODELING
3520,CHANGE IN KINETIC ENERGY
1087,CENTER OF MASS
2842,TENSILE STRAIN
2678,RIGID BODY
1360,PARTICLE POSITION
2859,VOLUME-PRESERVING
1889,PIOLA KIRCHHOFF STRESS
1118,DEFORMABLE OBJECTS
2679,INEQUALITY CONSTRAINTS
113,TRIANGULAR MESH
5,COMPUTER GRAPHICS
2300,ANIMATION
2688,PHYSICAL SIMULATION
321,CAMERAS
78,MACHINE LEARNING
433,SURVEILLANCE
2072,HISTOGRAMS
34,REAL-TIME SYSTEMS
1,IMAGE COLOR ANALYSIS
434,TASK ANALYSIS
192,DEEP LEARNING
192,DEEP LEARNING APPROACHES
196,NEURAL NETWORK
1702,NUMBER OF PEOPLE
196,CONVOLUTIONAL NEURAL NETWORK
379,COMPUTER VISION
2354,BINARY IMAGE
1711,RGB IMAGES
812,IMAGE REPRESENTATION
321,SURVEILLANCE CAMERAS
214,TRAINING SET
669,IMAGES OF PEOPLE
2871,COLOR INFORMATION
199,CONVOLUTIONAL LAYERS
2615,CONCEPT DRIFT
448,OBJECTS IN THE SCENE
196,CONVOLUTIONAL NEURAL NETWORK TRAINING
2708,CROWD DENSITY
1013,HISTOGRAM OF ORIENTED GRADIENTS
192,DEEP LEARNING
196,CONVOLUTIONAL NEURAL NETWORKS
3540,PEOPLE COUNTING
615,COMPLEX NETWORKS
187,FACE RECOGNITION
557,IMAGE EDGE DETECTION
2072,HISTOGRAMS
379,COMPUTER VISION
1348,GRAY-SCALE
615,COMPLEX NETWORK
187,FACE RECOGNITION
3118,IMAGE TRANSFORMATION
1349,LOCAL PATTERNS
457,FEATURE VECTOR OF SIZE
379,COMPUTER VISION
818,IMAGE PIXELS
620,FACIAL EXPRESSIONS
555,LINEAR DISCRIMINANT ANALYSIS
264,CONFUSION MATRIX
1348,GRAYSCALE IMAGES
246,FACIAL FEATURES
1038,NODES IN THE GRAPH
2810,NEIGHBORING PIXELS
1884,CHALLENGING DATASET
2963,CENTER OF WINDOW
704,IMAGE DESCRIPTORS
3555,CORRECT CLASSIFICATION RATE
615,COMPLEX NETWORKS
888,VIDEOS
434,TASK ANALYSIS
761,GESTURE RECOGNITION
3312,SPATIOTEMPORAL PHENOMENA
697,EMPLOYMENT
189,FEATURE EXTRACTION
158,COMPUTATIONAL MODELING
2035,RECURRENT NETWORK
761,GESTURE RECOGNITION
1537,RECOGNITION TASK
1600,DETECTION TASK
2164,VIDEO FRAMES
2827,RESIDUAL MODULE
577,DEEP NETWORK
199,CONVOLUTIONAL LAYERS
624,BATCH SIZE
68,ADAM OPTIMIZER
1089,CLASSIFICATION DATASETS
1502,RESIDUAL BLOCK
1999,BINARY CROSS ENTROPY
2850,CURRENT FRAME
351,BIDIRECTIONAL LONG SHORT-TERM MEMORY LAYER
771,OPTICAL FLOW
454,FUTURE FRAMES
3560,GESTURE DETECTION
761,GESTURE RECOGNITION
2035,RECURRENT NETWORKS
678,DATABASES
3574,IRIS
461,DETECTORS
187,FACE
3374,BIOMEDICAL IMAGING
434,TASK ANALYSIS
511,COARSE ANNOTATIONS
356,COMPUTATIONAL COST
196,CONVOLUTIONAL NEURAL NETWORK
678,PUBLIC DATABASES
269,OBJECT DETECTION
291,INTERSECTION OVER UNION
356,LOW COMPUTATIONAL COST
412,FASTER R-CNN
505,FEATURE PYRAMID NETWORK
1900,MOBILE DEVICES
199,CONVOLUTIONAL LAYERS
306,PRECISION AND RECALL
70,BOUNDING BOX
1600,DETECTION TASK
2396,LITERARY WORKS
291,INTERSECTION OVER UNION VALUE
3129,FILTERS IN LAYER
70,PREDICTED BOUNDING BOX
412,FASTER R-CNN MODEL
2926,IMAGE DATABASE
2665,MARKOV RANDOM FIELD
3574,IRIS
3575,PERIOCULAR
269,DETECTION
414,SIMULTANEOUS
187,FACE
321,CAMERAS
2134,TV
937,COMPANIES
667,FACE DETECTION
3378,BAYESIAN MODEL
724,AGE GROUPS
197,DEEP NEURAL NETWORK
2160,VIDEO CONTENT
2831,VIDEO CAPTURE
3086,VIDEO DATASET
1124,ROOT MEAN SQUARE ERROR
3585,ADVERTISING
332,TIME OF DAY
554,SUPPORT VECTOR MACHINE
740,DECISION TREE
379,COMPUTER VISION
1307,CONDITIONAL PROBABILITY
718,AGE ESTIMATION
3592,GENERATION X
667,FACE DETECTION
379,COMPUTER VISION
3586,AUDIENCE ANALYSIS
618,IMAGE RESOLUTION
187,FACE
434,TASK ANALYSIS
187,FACE RECOGNITION
214,TRAINING
56,MEASUREMENT
1533,SUPER-RESOLUTION
187,FACE RECOGNITION
195,LOSS FUNCTION
192,DEEP LEARNING
621,HIGH-RESOLUTION IMAGES
214,TRAINING METHODS
202,FACE IMAGES
632,PEAK SIGNAL-TO-NOISE RATIO
544,STRUCTURAL SIMILARITY INDEX
187,FACE RECOGNITION MODEL
196,NEURAL NETWORK
3382,RECEIVER OPERATING CHARACTERISTIC CURVE
556,K-NEAREST NEIGHBOR
2604,KERNEL FUNCTION
326,IMAGE PAIRS
533,GENERATIVE ADVERSARIAL NETWORKS
243,SINGLE IMAGE SUPER-RESOLUTION
643,LOW-RESOLUTION IMAGES
1575,SUPER-RESOLUTION MODEL
1994,CLASSICAL METRICS
3603,MEAN OPINION SCORE
187,FACE RECOGNITION TASK
1576,PERCEPTUAL LOSS
801,LATENT SPACE
192,DEEP LEARNING
1533,SUPER RESOLUTION
187,FACE RECOGNITION
297,IMAGE SEGMENTATION
1145,SEMANTICS
2335,REMOTE SENSING
434,TASK ANALYSIS
975,SATELLITES
616,SPATIAL RESOLUTION
621,HIGH-RESOLUTION DATA
2335,REMOTE SENSING
3184,AERIAL IMAGES
271,SEMANTIC SEGMENTATION
502,SEGMENTATION RESULTS
271,SEMANTIC SEGMENTATION RESULTS
621,HIGH-RESOLUTION IMAGES
269,OBJECT DETECTION
2224,SMALL OBJECTS
632,PEAK SIGNAL-TO-NOISE RATIO
643,LOW-RESOLUTION IMAGES
1732,LEVEL OF DEGRADATION
2348,SEMANTIC NETWORK
803,IMPERVIOUS SURFACE
707,VERSION OF IMAGE
1732,DEGRADATION FACTORS
271,SEMANTIC SEGMENTATION TASK
271,SEMANTIC SEGMENTATION NETWORK
1288,BICUBIC INTERPOLATION
243,SINGLE IMAGE SUPER-RESOLUTION
621,HIGH-RESOLUTION AERIAL IMAGES
3604,LOW-RESOLUTION INPUT
1288,SIMPLE INTERPOLATION
271,SEMANTIC SEGMENTATION METHODS
291,INTERSECTION OVER UNION
1732,TYPICAL DEGRADATION
214,TRAINING IMAGES
271,"SUPER RESOLUTION, SEMANTIC SEGMENTATION, REMOTE SENSING"
55,THREE-DIMENSIONAL DISPLAYS
238,SENSORS
1240,VOLUME MEASUREMENT
390,ROADS
794,IMAGE RECONSTRUCTION
1293,LIGHT DETECTION AND RANGING
405,COORDINATE SYSTEM
1487,MEAN ABSOLUTE ERROR
236,POINT CLOUD
252,ITERATIVE CLOSEST POINT
252,ITERATIVE CLOSEST POINT ALGORITHM
3310,TRAJECTORY LINE
3310,LINEAR TRAJECTORY
1240,VOLUME MEASUREMENT
57,SHAPE
77,VISUALIZATION
189,FEATURE EXTRACTION
214,TRAINING
811,IMAGE RETRIEVAL
1882,TOPOLOGY
811,IMAGE RETRIEVAL
2354,BINARY IMAGE
812,IMAGE REPRESENTATION
2926,IMAGE DATABASE
196,CONVOLUTIONAL NEURAL NETWORK
520,LOCAL FEATURES
982,FEATURE SPACE
523,GLOBAL FEATURES
306,PRECISION AND RECALL
214,TRAINING STAGE
1281,TREE STRUCTURE
896,RADIAL BASIS FUNCTION KERNEL
292,MEAN AVERAGE PRECISION
775,OPTICAL CHARACTER RECOGNITION
205,QUERY IMAGE
827,SCALE-INVARIANT FEATURE TRANSFORM
1852,TREE LEVEL
2406,EDIT OPERATIONS
225,EVALUATION STAGE
1348,GRAYSCALE IMAGES
811,TRADEMARK IMAGE RETRIEVAL
78,MACHINE LEARNING
189,VISUAL FEATURE EXTRACTION AND MATCHING
65,CORRELATION
188,AUTHENTICATION
77,VISUALIZATION
3633,CALIBRATION
57,SHAPE
188,USER AUTHENTICATION
188,AUTHENTICATION SYSTEM
2435,EYE MOVEMENTS
303,FALSE POSITIVE RATE
2443,EYE-TRACKING
2443,EYE-TRACKING DEVICE
3663,SMOOTH PURSUIT
1554,PATTERN RECOGNITION
1515,SECURITY
496,MANUALS
2205,STANDARDS
297,IMAGE SEGMENTATION
595,BRAIN
214,TRAINING
2206,GUIDELINES
3398,MANUAL ANNOTATION
3673,SILVER STANDARD
196,CONVOLUTIONAL NEURAL NETWORK
297,IMAGE SEGMENTATION
1781,ANNOTATION DATA
2099,FINE DETAILS
196,CONVOLUTIONAL NEURAL NETWORK TRAINING
947,IMAGE ANNOTATION
2206,ANNOTATION GUIDELINES
583,SIGNED-RANK TEST
68,ADAM OPTIMIZER
2939,AUTOMATIC METHOD
2536,DICE SIMILARITY COEFFICIENT
1686,ANNOTATED DATASET
3674,BRAIN EXTRACTION TOOL
253,SEGMENTATION
1947,MRI
595,BRAIN
189,FEATURE EXTRACTION
3159,PRINCIPAL COMPONENT ANALYSIS
434,TASK ANALYSIS
214,TRAINING
57,SHAPE
1,IMAGE COLOR ANALYSIS
2671,TWO DIMENSIONAL DISPLAYS
378,CONVOLUTIONAL NETWORK
196,CONVOLUTIONAL NEURAL NETWORK
520,LOCAL FEATURES
304,IMAGE CLASSIFICATION
1423,NETWORK LAYER
523,GLOBAL FEATURES
196,CONVOLUTIONAL NEURAL NETWORK LAYERS
2130,FEATURE ALIGNMENT
521,CLASSIFICATION TASK
982,FEATURE SPACE
200,FEATURE MAPS
299,TRANSFER LEARNING
1331,LOCAL DESCRIPTORS
1337,GLOBAL DESCRIPTORS
214,TRAINING SET
3412,DATA DISTRIBUTION
554,SUPPORT VECTOR MACHINE
1502,RESIDUAL BLOCK
1962,SOURCE DATASET
1878,IMAGENET
514,SKIN LESIONS
793,DIMENSIONALITY REDUCTION
458,RECEPTIVE FIELD
818,IMAGE PIXELS
2229,FEATURE LEARNING
378,CONVOLUTIONAL NETWORKS
189,FEATURE EXTRACTION
214,TRAINING
1161,PROPOSALS
1969,SEARCH PROBLEMS
369,IMAGE RECOGNITION
349,RECURRENT NEURAL NETWORKS
1145,SEMANTICS
351,SHORT-TERM MEMORY
351,LONG SHORT-TERM MEMORY
1367,OBJECT RECOGNITION
196,NEURAL NETWORK
196,CONVOLUTIONAL NEURAL NETWORK
349,RECURRENT NEURAL NETWORK
214,TRAINING APPROACH
351,LONG SHORT-TERM MEMORY NETWORK
351,BIDIRECTIONAL LONG SHORT-TERM MEMORY
289,VALIDATION SET
3639,LOCAL INFORMATION
199,CONVOLUTIONAL LAYERS
1878,IMAGENET
196,DEEP CONVOLUTIONAL NEURAL NETWORK
70,BOUNDING BOX
196,CONVOLUTIONAL NEURAL NETWORK APPROACH
421,INDOOR ENVIRONMENTS
2268,RECURRENT MODEL
176,OBJECT PARTS
3366,FINAL PREDICTION
3689,INDOOR SCENE RECOGNITION
349,RECURRENT NEURAL NETWORKS
794,IMAGE RECONSTRUCTION
284,TRANSFORMS
1408,FREQUENCY-DOMAIN ANALYSIS
344,COMPUTER ARCHITECTURE
214,TRAINING
3374,BIOMEDICAL IMAGING
680,MAGNETIC RESONANCE IMAGING
794,IMAGE RECONSTRUCTION
192,DEEP LEARNING
1377,VOLUMETRIC
366,FAST FOURIER TRANSFORM
2039,RECONSTRUCTION METHOD
397,IMAGE DOMAIN
839,IMAGE ACQUISITION TIME
195,LOSS FUNCTION
214,TRAINING SET
196,CONVOLUTIONAL NEURAL NETWORK
358,FREQUENCY DOMAIN
32,GRAPHICS PROCESSING UNIT
533,GENERATIVE ADVERSARIAL NETWORKS
73,MEAN ABSOLUTE DEVIATION
1225,AMYGDALA VOLUME
699,ASSISTIVE TECHNOLOGY
761,GESTURE RECOGNITION
2284,SKELETON
189,FEATURE EXTRACTION
1,IMAGE COLOR ANALYSIS
57,SHAPE
297,IMAGE SEGMENTATION
196,CONVOLUTIONAL NEURAL NETWORK
375,SIGN LANGUAGE
375,SIGN LANGUAGE RECOGNITION
1406,TEXTURE MAP
197,DEEP NEURAL NETWORK
200,FEATURE MAPS
243,SINGLE IMAGE
620,FACIAL EXPRESSIONS
2738,HIDDEN MARKOV MODEL
1526,BODY POSITION
2164,VIDEO FRAMES
224,FULLY-CONNECTED LAYER
3082,DYNAMIC IMAGING
391,VIDEO SEQUENCES
2867,DEPTH DATA
2168,DYNAMIC TIME WARPING
2284,SKELETON DATA
3310,HAND TRAJECTORY
823,IMAGE TEXTURE
1859,RANKING FUNCTION
412,CNN
375,SIGN LANGUAGE
1406,TEXTURE MAPS
2033,NOISE REDUCTION
1294,OPTIMIZATION
55,THREE-DIMENSIONAL DISPLAYS
54,SOLID MODELING
2670,MATHEMATICAL MODEL
900,SURFACE RECONSTRUCTION
1540,MESH DENOISING
2425,OPTIMIZATION PROBLEM
113,TRIANGULAR MESH
2794,BILATERAL FILTER
894,DISCRETION
2817,NOISE INTENSITY
2933,SHAPE DESCRIPTORS
2417,DIAGONAL MATRIX
1540,MESH DENOISING
54,SOLID MODELING
1022,PAINTING
158,COMPUTATIONAL MODELING
157,GEOMETRY
55,THREE-DIMENSIONAL DISPLAYS
103,HIDDEN SURFACES
2519,DISTANCE MAP
2598,GAS INDUSTRY
268,BUILDING INFORMATION MODELLING
113,TRIANGULAR
1358,REGULAR GRID
851,OBJECT OF INTEREST
549,PRODUCTION PLATFORM
1922,MEMORY CONSUMPTION
448,OBJECTS IN THE SCENE
113,TRIANGULAR MESH
621,HIGH-RESOLUTION GRID
157,CONSTRUCTIVE SOLID GEOMETRY
1595,CAD MODEL
557,IMAGE EDGE DETECTION
1,IMAGE COLOR ANALYSIS
5,RENDERING (COMPUTER GRAPHICS)
2712,INDEXES
2670,MATHEMATICAL MODEL
157,COMPUTATIONAL GEOMETRY
434,TASK ANALYSIS
167,PROTOTYPES
848,FORESTRY
319,VEGETATION
2900,SWITCHES
2738,HIDDEN MARKOV MODELS
1092,NATURAL LANGUAGE PROCESSING
1279,OPTIMUM-PATH FOREST
876,HIERARCHICAL CLUSTERING
2027,MAJORITY VOTING
196,CONVOLUTIONAL NEURAL NETWORK
521,CLASSIFICATION TASK
2738,HIDDEN MARKOV MODEL
351,LONG SHORT-TERM MEMORY
349,RECURRENT NEURAL NETWORK
373,ATTENTION MECHANISM
2135,GRAPHICAL MODEL
2535,GROUND TRUTH LABELS
351,BIDIRECTIONAL LONG SHORT-TERM MEMORY
283,SPECIFIC SYMBOLS
554,SUPPORT VECTOR MACHINE
584,UNSUPERVISED LEARNING
1279,OPTIMUM PATH FOREST
822,CLUSTERING
189,FEATURE EXTRACTION
187,FACE
678,DATABASES
489,ENCODING
1905,DATA MINING
442,SOFTWARE
554,SUPPORT VECTOR MACHINES
620,FACIAL EXPRESSIONS
3226,ACCURACY AND PRECISION
554,SUPPORT VECTOR MACHINE
197,DEEP NEURAL NETWORK
520,LOCAL FEATURES
1300,CLUSTERING ALGORITHM
70,BOUNDING BOX
554,SUPPORT VECTOR MACHINE CLASSIFIER
971,LINEAR KERNEL
667,FACE DETECTION
1988,ORDER STATISTICS
1153,HUMAN ACTIVITY RECOGNITION
214,TRAINING VIDEOS
793,DIMENSIONALITY REDUCTION
3785,"OPINION CLASSIFICATION, VIDEO, FACIAL EXPRESSION, GESTURE BODY EXPRESSION, ENCODER"
189,FEATURE EXTRACTION
434,TASK ANALYSIS
449,CONVOLUTION
78,MACHINE LEARNING
300,NEURAL NETWORKS
65,CORRELATION
52,KERNEL
3801,FRUIT FLY IDENTIFICATION
192,DEEP LEARNING
2601,MACHINE LEARNING TECHNIQUES
1655,DEEP FEATURES
549,WORLD PRODUCTION
196,CONVOLUTIONAL NEURAL NETWORK
577,DEEP NETWORK
554,SUPPORT VECTOR MACHINE
197,DEEP NEURAL NETWORK
299,TRANSFER LEARNING
378,DEEP CONVOLUTIONAL NETWORK
192,DEEP LEARNING TECHNIQUES
1673,DEEP ARCHITECTURE
224,FULLY-CONNECTED LAYER
192,DEEP LEARNING ARCHITECTURES
827,SCALE-INVARIANT FEATURE TRANSFORM
157,VISUAL GEOMETRY GROUP
554,SUPPORT VECTOR MACHINE TECHNIQUE
2329,INCEPTION V3
1664,RESNET-50 ARCHITECTURE
1106,KEYPOINT DETECTION
299,TRANSFER LEARNING APPROACH
196,NEURAL NETWORK
192,DEEP LEARNING
81,CLASSIFICATION
3801,FRUIT FLY
848,FORESTRY
214,TRAINING
2335,REMOTE SENSING
959,MONITORING
616,SPATIAL RESOLUTION
185,EARTH
3810,ACTIVE LEARNING APPROACH
214,TRAINING SET
415,HEURISTIC
304,IMAGE CLASSIFICATION
958,BIOSPHERE
2335,REMOTE SENSING
955,TROPICAL FORESTS
2092,EXPERT USERS
1277,IMPORTANT ROLE IN ECOSYSTEMS
304,REMOTE SENSING IMAGE CLASSIFICATION
796,REMOTE SENSING IMAGERY
554,SUPPORT VECTOR MACHINE
977,RANDOM FOREST
447,SUPERVISED LEARNING
555,LINEAR DISCRIMINANT ANALYSIS
486,MULTILAYER PERCEPTRON
811,CONTENT-BASED IMAGE RETRIEVAL
1802,ANNUAL SURVEY
3810,ACTIVE LEARNING
3812,FOREST MONITORING
796,REMOTE SENSING IMAGERY
34,REAL-TIME SYSTEMS
1300,CLUSTERING ALGORITHMS
1,IMAGE COLOR ANALYSIS
32,GRAPHICS PROCESSING UNITS
434,TASK ANALYSIS
1294,OPTIMIZATION
618,IMAGE RESOLUTION
1300,CLUSTERING ALGORITHM
243,SINGLE IMAGE
835,IMAGE PROCESSING
64,PROCESSING TIME
621,HIGH-RESOLUTION IMAGES
618,IMAGE RESOLUTION
623,SOURCE CODE
340,INPUT IMAGE
2788,PARALLELIZATION
663,COLOR SPACE
632,PEAK SIGNAL-TO-NOISE RATIO
1258,PIXEL SPACING
2794,BILATERAL FILTER
3544,SINGLE-CHANNEL IMAGES
1824,SURFACE COLOR
822,CLUSTERING
1838,GPU
2033,NOISE REDUCTION
1749,QUALITY ASSESSMENT
890,NOISE MEASUREMENT
2205,STANDARDS
1499,GAUSSIAN NOISE
1540,VIDEO DENOISING
544,STRUCTURAL SIMILARITY
1499,GAUSSIAN NOISE
391,VIDEO SEQUENCES
2651,TYPES OF NOISE
2161,VIDEO QUALITY
2651,DIFFERENT TYPES OF NOISE
1540,DENOISING ALGORITHM
1411,GAUSSIAN FILTER
2164,VIDEO FRAMES
632,PEAK SIGNAL-TO-NOISE RATIO
2104,IMPULSIVE NOISE
2816,SHOT NOISE
2101,MEDIAN FILTER
2794,BILATERAL FILTER
2160,VIDEO CONTENT
276,HSV COLOR
1540,DENOISING METHODS
1540,DENOISING
632,NOISE
0,VIDEO
3837,QUALITY METRICS
321,CAMERAS
1121,ROBOT VISION SYSTEMS
3338,GLASS
3847,WELDING FUMES
1523,IMAGE QUALITY
3847,WELDING PROCESS
835,IMAGE PROCESSING
196,CONVOLUTIONAL NEURAL NETWORK
340,INPUT IMAGE
1586,IMAGE REGIONS
2806,SOURCE IMAGES
632,PEAK SIGNAL-TO-NOISE RATIO
835,IMAGE PROCESSING TECHNIQUES
1546,NOISY IMAGES
3452,WEIGHT MAP
670,HISTOGRAM EQUALIZATION
379,COMPUTER VISION ALGORITHMS
670,ADAPTIVE HISTOGRAM EQUALIZATION
498,"WELDING FUME, IMAGE PROCESSING, IMAGE RESTORATION"
300,NEURAL NETWORKS
498,IMAGE RESTORATION
214,TRAINING
2446,SCATTERING
1732,DEGRADATION
1260,NETWORK ARCHITECTURE
196,NEURAL NETWORK
196,CONVOLUTIONAL NEURAL NETWORK
3010,GENERAL METHOD
195,LOSS FUNCTION
199,CONVOLUTIONAL LAYERS
326,IMAGE PAIRS
533,GENERATIVE ADVERSARIAL NETWORKS
1822,DEPTH MAP
3361,SKIP CONNECTIONS
1504,OUTPUT IMAGE
536,SYNTHETIC IMAGES
2267,GROUND TRUTH IMAGE
3357,GUIDED FILTER
3867,LOSS OF STRUCTURAL INTEGRITY
197,DEEP NEURAL NETWORK
214,TRAINING SET
3427,BOXPLOTS
1533,SUPER-RESOLUTION
192,DEEP LEARNING
243,SINGLE IMAGE DEHAZING
196,CONVOLUTIONAL NEURAL NETWORK
3357,GUIDED FILTER
794,IMAGE RECONSTRUCTION
214,TRAINING
31,PIPELINES
678,DATABASES
1294,OPTIMIZATION
158,COMPUTATIONAL MODELING
2418,AVERAGE ACCURACY
214,TRAINING SET
214,TRAINING DATA
196,CONVOLUTIONAL NEURAL NETWORK
3214,POSITIVE SAMPLES
289,VALIDATION SET
3158,DISTANCE MATRIX
222,NEGATIVE SAMPLES
192,DEEP LEARNING MODELS
1091,LOCAL DATASET
787,DEFAULT CONFIGURATION
214,TRAINING PIPELINE
2330,SQUEEZENET
192,DEEP LEARNING
1592,INPUT SIZE
192,DEEP LEARNING
3878,COMPATIBILITY SCORE
2284,SKELETON
189,FEATURE EXTRACTION
1548,DYNAMICS
3312,SPATIOTEMPORAL PHENOMENA
1,IMAGE COLOR ANALYSIS
391,VIDEO SEQUENCES
2865,ROBOT SENSING SYSTEMS
196,CONVOLUTIONAL NEURAL NETWORK
3082,DYNAMIC IMAGING
1146,ACTION RECOGNITION
1153,HUMAN ACTIVITY RECOGNITION
2750,PUBLIC BENCHMARK DATASETS
554,SUPPORT VECTOR MACHINE
3719,BODY PARTS
264,CONFUSION MATRIX
349,RECURRENT NEURAL NETWORK
1914,GB MEMORY
2164,VIDEO FRAMES
196,CONVOLUTIONAL NEURAL NETWORK ARCHITECTURE
1868,INERTIAL MEASUREMENT UNIT
391,VIDEO SEQUENCES
1458,RECOGNITION RATE
761,GESTURE RECOGNITION
2284,SKELETON DATA
2565,CARTESIAN SPACE
3718,PART OF LEG
1859,RANKING FUNCTION
125,SPATIOTEMPORAL INFORMATION
2126,MOTION INFORMATION
823,IMAGE TEXTURE
1146,ACTION RECOGNITION
3095,DYNAMIC IMAGES
3894,RGB D DATA
412,CNN
1153,ACTIVITY RECOGNITION
888,VIDEOS
269,OBJECT DETECTION
434,TASK ANALYSIS
461,DETECTORS
2072,HISTOGRAMS
2766,DOGS
1146,ACTION RECOGNITION
853,RELATIVE SIZE
269,OBJECT DETECTION
1913,TEMPORAL INFORMATION
670,HISTOGRAM
215,DATA AUGMENTATION
2128,EXPERIMENTAL EVALUATION
486,MULTILAYER PERCEPTRON
70,BOUNDING BOX
1884,CHALLENGING DATASET
1273,SPATIAL PYRAMID
3691,SCENE CLASSIFICATION
854,OBJECT PAIRS
436,OBJECT POSITION
226,RELU ACTIVATION
1146,"ACTION RECOGNITION, CONTEXTUAL CUES, RELATIONAL REASONING"
789,LICENSE PLATE RECOGNITION
461,DETECTORS
434,TASK ANALYSIS
775,CHARACTER RECOGNITION
297,IMAGE SEGMENTATION
34,REAL-TIME SYSTEMS
577,DEEP NETWORK
789,LICENSE PLATE
789,LICENSE PLATE RECOGNITION
1007,PERCENTAGE POINTS
215,DATA AUGMENTATION
775,OPTICAL CHARACTER RECOGNITION
215,DATA AUGMENTATION TECHNIQUES
3888,PERMUTATION
214,TRAINING SET
192,DEEP LEARNING
214,TRAINING DATASET
289,VALIDATION SET
200,FEATURE MAPS
269,OBJECT DETECTION
291,INTERSECTION OVER UNION
3579,DETECTION APPROACH
70,BOUNDING BOX
291,INTERSECTION OVER UNION THRESHOLD
3039,REGION PROPOSAL
461,TWO-STAGE DETECTORS
3039,REGION PROPOSAL NETWORK
70,GROUND-TRUTH BOUNDING BOX
461,ONE-STAGE DETECTORS
2763,CORNER POINTS
789,AUTOMATIC LICENSE PLATE RECOGNITION
192,DEEP LEARNING
3573,MULTI TASK NETWORK
2736,REAL TIME
187,FACE
189,FEATURE EXTRACTION
461,DETECTORS
214,TRAINING
77,VISUALIZATION
246,FACIAL FEATURES
434,TASK ANALYSIS
196,NEURAL NETWORK
197,DEEP NEURAL NETWORK
3067,HUMAN-COMPUTER INTERACTION
246,FACIAL FEATURES
433,VIDEO SURVEILLANCE
667,FACE DETECTION
2523,PASCAL VOC
214,TRAINING PIPELINE
196,CONVOLUTIONAL NEURAL NETWORK
199,CONVOLUTIONAL LAYERS
200,FEATURE MAPS
269,OBJECT DETECTION
351,LONG SHORT-TERM MEMORY
215,DATA AUGMENTATION
299,TRANSFER LEARNING
291,INTERSECTION OVER UNION
70,BOUNDING BOX
224,FULLY-CONNECTED LAYER
2523,PASCAL VOC DATASET
516,ACTIVATION MAPS
463,PEDESTRIAN DETECTION
1451,CNN-BASED METHODS
379,COMPUTER VISION APPLICATIONS
3039,REGION PROPOSAL
2272,GENDER
269,DETECTION
5,COMPUTER
379,VISION
192,DEEP
78,LEARNING
952,PLANETS
214,TRAINING
434,TASK ANALYSIS
369,IMAGE RECOGNITION
189,FEATURE EXTRACTION
344,COMPUTER ARCHITECTURE
196,NEURAL NETWORK
196,CONVOLUTIONAL NEURAL NETWORK
197,DEEP NEURAL NETWORK
1007,PERCENTAGE POINTS
1345,CLASSIFICATION PROBLEM
196,DEEP CONVOLUTIONAL NEURAL NETWORK
85,MODEL PERFORMANCE
214,TRAINING SET
1685,CLASSIFICATION ACCURACY
340,INPUT IMAGE
215,DATA AUGMENTATION
811,IMAGE RETRIEVAL
2185,CONFIDENCE VALUE
1313,NEAREST NEIGHBOR SEARCH
1897,CASES OF OCCLUSION
215,PERFORM DATA AUGMENTATION
3929,LANDMARK RECOGNITION
196,CONVOLUTIONAL NEURAL NETWORKS
2877,SPORTS
77,VISUALIZATION
2,STREAMING MEDIA
0,GAMES
3429,VISUAL REPRESENTATION
2437,TOURNAMENT
391,VIDEO SEQUENCES
3263,VIDEO SEGMENTS
3303,VISUAL METAPHORS
885,INTERACTIVE
2160,VIDEO CONTENT
3096,VIDEO SUMMARIZATION
2877,SPORTS FANS
77,"VIDEO VISUALIZATION, VIDEO SUMMARIZATION, SPORTS VISUALIZATION, SOCCER ANALYTICS"
1,IMAGE COLOR ANALYSIS
1905,DATA MINING
3411,BARS
77,VISUALIZATION
77,DATA VISUALIZATION
489,ENCODING
613,IMAGE CODING
922,VISUAL ENCODING
3326,CARTOGRAPHIC
428,REPROJECTION
70,BOUNDING BOX
919,BAR CHARTS
151,LINE CHART
70,GROUND-TRUTH BOUNDING BOX
3424,CHART TYPES
196,CONVOLUTIONAL NEURAL NETWORK
272,COLOR MAP
554,SUPPORT VECTOR MACHINE
922,VISUAL ENCODING
3948,MAP CHART
77,DATA VISUALIZATION
3159,PRINCIPAL COMPONENT ANALYSIS
793,DIMENSIONALITY REDUCTION
3758,HISTORY
2899,TOOLS
2027,VOTING
118,RADAR
793,DIMENSIONALITY REDUCTION
77,VISUALIZATION TECHNIQUES
793,DIMENSIONALITY REDUCTION METHODS
1467,SINGULAR VALUE DECOMPOSITION
919,BAR CHARTS
2136,LAYOUT ALGORITHM
77,DATA VISUALIZATION
99,VISUAL ANALYTICS
77,POLITICAL VISUALIZATION
2136,LAYOUT
415,HEURISTIC ALGORITHMS
442,SOFTWARE
77,DATA VISUALIZATION
3916,ASPECT RATIO
3895,SPATIAL FEATURES
3837,QUALITY METRICS
415,HEURISTIC
2037,TIME STEP
3916,AVERAGE ASPECT RATIO
3916,ASPECT RATIO VALUES
3989,TREEMAP
417,DYNAMIC
1,IMAGE COLOR ANALYSIS
189,FEATURE EXTRACTION
678,DATABASES
1348,GRAY-SCALE
2072,HISTOGRAMS
317,PROTOCOLS
1196,CO-OCCURRENCE MATRIX
3999,BARRETT'S ESOPHAGUS
554,SUPPORT VECTOR MACHINE
2601,MACHINE LEARNING TECHNIQUES
896,RADIAL BASIS FUNCTION
559,BAYESIAN CLASSIFIER
2871,COLOR INFORMATION
214,TRAINING SET
1348,GRAYSCALE IMAGES
3965,COLOR CHANNELS
835,IMAGE PROCESSING TECHNIQUES
1,COLOR ANALYSIS
3171,AUTOMATIC IDENTIFICATION
3999,BARRETT'S ESOPHAGUS
78,MACHINE LEARNING
3180,TEXTURE ANALYSIS
317,PROTOCOLS
519,BREAST CANCER
189,FEATURE EXTRACTION
3140,INFRARED IMAGING
554,SUPPORT VECTOR MACHINES
196,NEURAL NETWORK
196,CONVOLUTIONAL NEURAL NETWORK
3140,INFRARED IMAGING
519,BREAST CANCER
192,DEEP LEARNING
554,SUPPORT VECTOR MACHINE
1662,HANDCRAFTED FEATURES
519,BREAST CANCER SCREENING
317,DISTINCT PROTOCOLS
214,TRAINING SET
78,LEARNING ALGORITHMS
300,ARTIFICIAL NEURAL NETWORK
850,COLOR IMAGES
690,BREAST IMAGING
196,CONVOLUTIONAL NEURAL NETWORK ARCHITECTURE
2236,IMAGES IN SET
2573,LINEAR ACTIVATION
1219,TEXTURE FEATURES
519,BREAST CANCER
526,COMPUTER AIDED DIAGNOSIS
196,CONVOLUTIONAL NEURAL NETWORK
192,DEEP LEARNING
189,FEATURE EXTRACTION
435,ANOMALY DETECTION
680,MAGNETIC RESONANCE IMAGING
3159,PRINCIPAL COMPONENT ANALYSIS
2671,TWO DIMENSIONAL DISPLAYS
760,SOCIOLOGY
290,PUBLIC DATASETS
4027,MAGNETIC FIELD STRENGTH
1114,INLIERS
1224,CONTROL SUBJECTS
982,FEATURE SPACE
2601,MACHINE LEARNING TECHNIQUES
1224,HEALTHY CONTROL SUBJECTS
3417,OUTLIER DETECTION
982,DIMENSIONAL FEATURE SPACE
982,ORIGINAL FEATURE SPACE
1101,OUTLIER DETECTION METHODS
793,FEATURE DIMENSIONALITY REDUCTION
3417,"MULTICENTER MR DATA, OUTLIER DETECTION, DATA VARIABILITY."
189,FEATURE EXTRACTION
514,LESIONS
6,SKIN
1,IMAGE COLOR ANALYSIS
974,RADIO FREQUENCY
577,DEEP NETWORK
982,FEATURE SPACE
514,SKIN LESIONS
378,CONVOLUTIONAL NETWORK
793,DIMENSIONALITY REDUCTION
4039,SKIN CANCER
378,DEEP CONVOLUTIONAL NETWORK
2365,IMAGE NOISE
960,BALANCED ACCURACY
514,APPEARANCE OF LESIONS
4039,INCIDENCE OF SKIN CANCER
1351,IMAGE ANALYSIS
242,LARGE DATASETS
304,IMAGE CLASSIFICATION
200,FEATURE MAPS
1799,DENSE LAYER
554,LINEAR SUPPORT VECTOR MACHINE
2331,ADABOOST
378,PRE-TRAINED CONVOLUTIONAL NETWORK
2232,LINEARLY SEPARABLE
1878,IMAGENET
3685,LOW-LEVEL FEATURES
1902,DEPTHWISE CONVOLUTION
1502,RESIDUAL BLOCK
192,DEEP LEARNING
196,CONVOLUTIONAL NEURAL NETWORKS
4041,SKIN LESION CLASSIFICATION
715,DIAGNOSTIC RADIOGRAPHY
214,TRAINING
189,FEATURE EXTRACTION
2472,MEDICAL SERVICES
2818,RESIDUAL LEARNING
4048,BONE AGE ASSESSMENT
214,TRAINING DATASET
196,CONVOLUTIONAL NEURAL NETWORK
197,DEEP NEURAL NETWORK
199,CONVOLUTIONAL LAYERS
196,DEEP CONVOLUTIONAL NEURAL NETWORK
272,COLOR MAP
2823,RESIDUAL NETWORK
4046,CARPAL BONES
1950,INSTANCE NORMALIZATION
196,NEURAL NETWORK
554,SUPPORT VECTOR MACHINE
4048,BONE AGE ASSESSMENT
192,DEEP LEARNING
2818,RESIDUAL LEARNING
297,IMAGE SEGMENTATION
434,TASK ANALYSIS
1202,LUNG
344,COMPUTER ARCHITECTURE
3360,HEART
3374,BIOMEDICAL IMAGING
1145,SEMANTICS
192,DEEP LEARNING
1710,CHEST X-RAY
299,TRANSFER LEARNING
299,DEEP TRANSFER LEARNING
502,SEGMENTATION RESULTS
525,SEGMENTATION TASK
1960,CLAVICLE
465,TARGET DATASET
299,TRANSFER LEARNING METHOD
2537,AMOUNT OF LABELS
196,CONVOLUTIONAL NEURAL NETWORK
197,DEEP NEURAL NETWORK
199,CONVOLUTIONAL LAYERS
533,GENERATIVE ADVERSARIAL NETWORKS
271,SEMANTIC SEGMENTATION
571,SOURCE DOMAIN
378,FULLY CONVOLUTIONAL NETWORK
2638,DISCRIMINATOR NETWORK
568,TARGET DOMAIN
3360,HEART REGION
197,DEEP NEURAL NETWORK ARCHITECTURE
3,HUMAN OBSERVERS
3361,SKIP CONNECTIONS
192,DEEP LEARNING
299,TRANSFER LEARNING
6,SKIN
55,THREE-DIMENSIONAL DISPLAYS
54,SOLID MODELING
57,SHAPE
157,GEOMETRY
1889,STRESS
1397,SKIN WRINKLES
3700,ABSOLUTE DIFFERENCE
340,INPUT IMAGE
70,BOUNDING BOX
62,3D MESH
1546,NOISY IMAGES
2688,PHYSICAL SIMULATION
3754,GEOMETRIC OBJECTS
4045,SKIN APPEARANCE
157,MESH GEOMETRY
37,TRACING ALGORITHM
2300,ANIMATION
300,NEURAL NETWORKS
1548,DYNAMICS
65,CORRELATION
678,DATABASES
3561,HUMAN MOTION
2292,MOTION CAPTURE
196,NEURAL NETWORK
3789,GESTURES
221,HIDDEN LAYER
1501,FEED-FORWARD NETWORK
801,LATENT SPACE
2285,HUMAN POSE
1540,DENOISING AUTOENCODER
2292,MOTION CAPTURE
192,DEEP LEARNING
2300,ANIMATION
5,RENDERING (COMPUTER GRAPHICS)
57,SHAPE
1475,METALS
321,CAMERAS
560,BENCHMARK TESTING
1612,XML
2725,LIGHT SOURCE
327,REFERENCE IMAGE
62,3D MESH
1373,CAMERA POSITION
5,COMPUTER GRAPHICS
3754,GEOMETRIC OBJECTS
1804,SCENE REPRESENTATION
5,RENDERING (COMPUTER GRAPHICS)
54,SOLID MODELING
55,THREE-DIMENSIONAL DISPLAYS
158,COMPUTATIONAL MODELING
3745,COMPUTER-AIDED DESIGN
1523,IMAGE QUALITY
64,PROCESSING TIME
850,COLOR IMAGES
3067,HUMAN-COMPUTER INTERACTION
3698,HYBRID APPROACH
2728,FINAL IMAGE
1821,PROJECTION MATRIX
614,IMAGE SYNTHESIS
113,TRIANGULAR MESH
3478,PARALLELOGRAM
906,IMPLICIT REPRESENTATION
739,DECODING
1650,CAD REMOTE RENDERING
4118,CLOUD RENDERING
1650,CAD MODELS
2218,LIGHTING
1294,OPTIMIZATION
5,RENDERING (COMPUTER GRAPHICS)
157,GEOMETRY
2670,MATHEMATICAL MODEL
913,LINEAR PROGRAMMING
1532,INVERSE PROBLEM
672,ILLUMINATION
2425,OPTIMIZATION PROBLEM
2725,LIGHT SOURCE
1971,OBJECTIVE FUNCTION
157,SCENE GEOMETRY
4134,PHOTON TRACING
1294,OPTIMIZATION
321,CAMERAS
56,MEASUREMENT
1,IMAGE COLOR ANALYSIS
433,SURVEILLANCE
189,FEATURE EXTRACTION
554,SUPPORT VECTOR MACHINES
1464,SIMILARITY MEASURE
566,BINARY CLASSIFICATION
1662,HANDCRAFTED FEATURES
321,SURVEILLANCE CAMERAS
622,LOW RESOLUTION
554,SUPPORT VECTOR MACHINE
219,FEATURE REPRESENTATION
1486,PARTIAL LEAST SQUARES
326,IMAGE PAIRS
2396,LITERARY WORKS
801,LATENT SPACE
554,SUPPORT VECTOR MACHINE MODEL
4145,IMAGING PROBES
2000,METRIC LEARNING
228,GALLERY SET
205,QUERY IMAGE
321,MULTIPLE CAMERAS
3159,KERNEL PRINCIPAL COMPONENT ANALYSIS
408,CAMERA FIELD OF VIEW
1662,HANDCRAFTED
2002,SIMILARITY METRICS
1018,SINGLE SHOT
187,FACE
189,FEATURE EXTRACTION
187,FACE RECOGNITION
77,VISUALIZATION
300,NEURAL NETWORKS
667,FACE DETECTION
434,TASK ANALYSIS
1655,DEEP FEATURES
520,DEEP LOCAL FEATURES
196,NEURAL NETWORK
196,CONVOLUTIONAL NEURAL NETWORK
187,FACE RECOGNITION
202,FACE IMAGES
196,CONVOLUTIONAL NEURAL NETWORK ARCHITECTURE
321,PRESENCE OF CAMERAS
3382,RECEIVER OPERATING CHARACTERISTIC CURVE
2377,DIGITAL IMAGES
199,CONVOLUTIONAL LAYERS
1207,SPATIAL INFORMATION
200,FEATURE MAPS
351,LONG SHORT-TERM MEMORY
193,BIOMETRIC SYSTEMS
206,EQUAL ERROR RATE
667,FACE DETECTION
2164,VIDEO FRAMES
663,RGB COLOR SPACE
2244,DIRECT ATTACK
192,DEEP LEARNING ARCHITECTURES
193,BIOMETRICS
520,DEEP LOCAL FEATURES
214,LOCAL PRE TRAINING
196,CONVOLUTIONAL NEURAL NETWORKS
214,TRAINING
1408,FREQUENCY-DOMAIN ANALYSIS
189,FEATURE EXTRACTION
1496,FINGERPRINT RECOGNITION
82,RELIABILITY
297,IMAGE SEGMENTATION
655,IMAGE ENHANCEMENT
129,ITERATIVE FILTERING
1523,IMAGE QUALITY
3185,GABOR FILTERS
206,ERROR RATE
196,CONVOLUTIONAL NEURAL NETWORK
64,PROCESSING TIME
3124,END OF PROCESS
1750,CONVERGENCE CRITERION
881,BACKGROUND REGIONS
656,ENHANCEMENT METHOD
1193,PERCENTAGE OF PIXELS
3390,REGION OF INTEREST SEGMENTATION
206,EQUAL ERROR RATE
64,HIGH PROCESSING TIME
213,FALSE ACCEPTANCE RATE
193,BIOMETRICS
1496,FINGERPRINT
655,ENHANCEMENT
3185,GABOR
1496,FINGERPRINT RECOGNITION
1749,QUALITY ASSESSMENT
678,DATABASES
2205,STANDARDS
2072,HISTOGRAMS
716,FORENSICS
369,IMAGE RECOGNITION
3185,GABOR FILTERS
1111,MATCHING SCORE
3839,FILTER RESPONSE
1749,QUALITY ASSESSMENT METHODS
716,FORENSIC
2792,IMAGE BLOCK
193,BIOMETRICS
1496,FINGERPRINT
66,QUALITY
3185,GABOR
297,IMAGE SEGMENTATION
3574,IRIS RECOGNITION
3574,IRIS
533,GENERATIVE ADVERSARIAL NETWORKS
2633,GALLIUM NITRIDE
3374,BIOMEDICAL IMAGING
189,FEATURE EXTRACTION
378,CONVOLUTIONAL NETWORK
533,GENERATIVE ADVERSARIAL NETWORKS
378,FULLY CONVOLUTIONAL NETWORK
199,CONVOLUTIONAL LAYERS
193,BIOMETRIC
3247,GAME THEORY
224,FULLY-CONNECTED LAYER
3140,NEAR-INFRARED IMAGING
196,CONVOLUTIONAL NEURAL NETWORK
197,DEEP NEURAL NETWORK
269,OBJECT DETECTION
421,INDOOR ENVIRONMENTS
271,SEMANTIC SEGMENTATION
3583,PIXEL RESOLUTION
508,EDGE DETECTION
1020,EVALUATION PROTOCOL
4083,HOUGH TRANSFORM
77,VISUALIZATION OF DATASETS
2009,ADAPTIVE THRESHOLD
2638,DISCRIMINATOR NETWORK
1755,CONDITIONAL GENERATIVE ADVERSARIAL NETWORK
193,BIOMETRIC
4188,IRIS SEGMENTATION
3574,IRIS RECOGNITION
678,DATABASES
297,IMAGE SEGMENTATION
189,FEATURE EXTRACTION
192,DEEP LEARNING
317,PROTOCOLS
369,IMAGE RECOGNITION
3582,DEEP REPRESENTATION
3574,IRIS RECOGNITION
3577,VISIBLE LIGHT
297,IMAGE SEGMENTATION
215,DATA AUGMENTATION
299,TRANSFER LEARNING
369,IMAGE RECOGNITION
3827,SPECULAR REFLECTION
215,DATA AUGMENTATION TECHNIQUES
1578,MOTION BLUR
206,EQUAL ERROR RATE
214,TRAINING SET
192,DEEP LEARNING
196,CONVOLUTIONAL NEURAL NETWORK
554,SUPPORT VECTOR MACHINE
300,ARTIFICIAL NEURAL NETWORK
196,CONVOLUTIONAL NEURAL NETWORK MODEL
196,CONVOLUTIONAL NEURAL NETWORK ARCHITECTURE
575,UNCONTROLLED ENVIRONMENT
326,IMAGE PAIRS
2212,USE OF IMAGING
213,FALSE ACCEPTANCE RATE
70,BOUNDING BOX
1659,RESNET-50 MODEL
1664,RESNET-50 ARCHITECTURE
3574,IRIS RECOGNITION
192,DEEP LEARNING
193,BIOMETRICS
3574,NON NORMALIZED IRIS RECOGNITION
187,FACE
678,DATABASES
246,FACIAL FEATURES
2842,STRAIN
794,IMAGE RECONSTRUCTION
189,FEATURE EXTRACTION
77,VISUALIZATION
620,FACIAL EXPRESSIONS
1561,TYPES OF IMAGES
4103,COLOR DIFFERENCE
246,FACIAL FEATURES
202,FACE IMAGES
2806,SOURCE IMAGES
536,SYNTHETIC IMAGES
554,SUPPORT VECTOR MACHINE
635,AFFINE TRANSFORMATION
3581,EYEBROWS
26,REAL LEVEL
2202,REAL ONES
620,HAPPY FACIAL EXPRESSIONS
536,"FACIAL EXPRESSIONS SYNTHESIS, FACIAL EXPRESSIONS GENERATION, ASSESSMENT, SYNTHETIC IMAGES, PERCEPTION, REALISM, EMOTIONS"
344,COMPUTER ARCHITECTURE
321,CAMERAS
421,INDOOR ENVIRONMENT
101,DATA INTEGRATION
698,VISUAL IMPAIRMENT
700,VISUALLY IMPAIRED PEOPLE
3792,DATA FUSION
417,DYNAMIC OBJECTS
1087,CENTER OF MASS
3140,INFRARED IMAGING
2759,BACKGROUND SUBTRACTION
421,INDOOR ENVIRONMENTS
1822,DEPTH MAP
1371,DEPTH IMAGES
771,OPTICAL FLOW
2564,SUBMODULE
436,OBJECT POSITION
129,FILTERING THRESHOLD
253,OBJECT SEGMENTATION
3570,INPUT MODALITIES
417,"VISUALLY IMPAIRED PEOPLE, PREDICTION, COLLISION RISK, DYNAMIC OBJECTS"
321,CAMERAS
3848,LENSES
189,FEATURE EXTRACTION
1733,VIRTUAL REALITY
1611,GOOGLE
4183,TEMPLATE MATCHING
1733,VIRTUAL REALITY APPLICATIONS
4156,FIELD OF VIEW
1114,INLIERS
1733,VIRTUAL REALITY DEVICES
1737,SPHERICAL IMAGE
1733,VIRTUAL REALITY
2218,LIGHTING
4239,FREQUENCY SYNCHRONIZATION
442,SOFTWARE
321,DIGITAL CAMERAS
2760,KALMAN FILTER
2218,LIGHTING APPLICATIONS
1289,COVARIANCE MATRIX
2119,CONSECUTIVE FRAMES
2218,STRUCTURED LIGHTING
2218,ASYNCHRONOUS STROBOSCOPIC STRUCTURED LIGHTING
4246,ROLLING SHUTTER
55,THREE-DIMENSIONAL DISPLAYS
3374,BIOMEDICAL IMAGING
2472,MEDICAL SERVICES
1905,DATA MINING
189,FEATURE EXTRACTION
1464,SIMILARITY MEASURE
1384,SPHERICAL HARMONICS
3369,LEFT VENTRICULAR
3360,CONGESTIVE HEART FAILURE
1387,HARMONIC COEFFICIENTS
554,SUPPORT VECTOR MACHINE
442,OPEN-SOURCE SOFTWARE
530,INFORMATION RETRIEVAL
3889,RECONSTRUCTION PROCESS
3641,RECALL CURVE
811,CONTENT-BASED IMAGE RETRIEVAL
1387,SPHERICAL HARMONIC COEFFICIENTS
1337,GLOBAL DESCRIPTORS
3360,CONGESTIVE HEART FAILURE DISEASE
457,FEATURE VECTOR OF SIZE
4261,NETWORK FLOW
1464,SIMILARITY MEASURE
2671,TWO DIMENSIONAL DISPLAYS
59,UNCERTAINTY
1288,INTERPOLATION
4259,HARMONIC ANALYSIS
793,DIMENSIONALITY REDUCTION
158,COMPUTATIONAL MODELING
77,DATA VISUALIZATION
929,VECTOR FIELD
885,INTERACTIVE
793,DIMENSIONALITY REDUCTION
3067,HUMAN-COMPUTER INTERACTION
896,RADIAL BASIS FUNCTION
1288,INTERPOLATION METHOD
1931,LOW-DIMENSIONAL SPACE
896,RADIAL BASIS FUNCTION KERNEL
1288,INTERPOLATION FUNCTION
929,VECTOR FIELDS
4277,INVERSE PROJECTION
1288,SHEPARD INTERPOLATION
38,EIGENVALUES AND EIGENFUNCTIONS
284,FOURIER TRANSFORMS
2899,TOOLS
129,FILTERING
77,DATA VISUALIZATION
434,TASK ANALYSIS
77,VISUALIZATION
129,SPECTRAL FILTERING
915,VISUAL TASK
38,EIGENVALUES
909,EIGENVECTORS
374,MATRIX MULTIPLICATION
3013,EDGE WEIGHTS
1465,NON-NEGATIVE MATRIX FACTORIZATION
129,FILTERING STRATEGY
2421,GRAPH LAPLACIAN
77,VISUALIZATION
2965,GRAPH SIGNAL PROCESSING
129,SPECTRAL FILTERING
196,NETWORK
2671,TWO DIMENSIONAL DISPLAYS
77,VISUALIZATION
214,TRAINING
793,DIMENSIONALITY REDUCTION
1,COLOR
2767,BRIGHTNESS
434,TASK ANALYSIS
232,DECISION BOUNDARY
232,DECISION BOUNDARY OF THE CLASSIFIER
78,MACHINE LEARNING
793,DIMENSIONALITY REDUCTION
1936,INPUT SPACE
793,DIMENSIONALITY REDUCTION METHODS
3257,HIGH-DIMENSIONAL DATASETS
1327,MACHINE LEARNING TASKS
214,TRAINING SET
196,CONVOLUTIONAL NEURAL NETWORK
554,SUPPORT VECTOR MACHINE
818,IMAGE PIXELS
556,K-NEAREST NEIGHBOR
1561,TYPES OF IMAGES
286,MNIST DATASET
2191,2D PROJECTION
96,CLASSIFICATION CONFUSION
2183,LABELED SAMPLES
2767,BRIGHTNESS VARIATIONS
4284,DATA SPACE
988,MACHINE LEARNING CLASSIFIERS
77,VISUALIZATION
78,MACHINE LEARNING
77,VISUALIZATION
77,DATA VISUALIZATION
2843,FORCE
2670,MATHEMATICAL MODEL
1036,DATA ANALYSIS
2899,TOOLS
2136,LAYOUT
779,TEXT DATA
2055,VISUAL SPACE
2165,ACOUSTIC
1300,CLUSTERING ALGORITHM
2062,CONTROL POINTS
1889,STRESS VALUES
4283,MULTIDIMENSIONAL DATA
2063,CLOUD DATA
4033,ORIGINAL SPACE
3774,DATA PARTITIONING
3162,SILHOUETTE COEFFICIENT
4297,VISUAL CLUTTER
3495,HIERARCHICAL STRUCTURE
1848,ROOT NODE
77,"INFORMATION VISUALIZATION, MULTIDIMENSIONAL PROJECTION, MULTILEVEL PROJECTION"
189,FEATURE EXTRACTION
1,IMAGE COLOR ANALYSIS
284,TRANSFORMS
519,CANCER
554,SUPPORT VECTOR MACHINES
1634,NON-HODGKIN LYMPHOMA
554,SUPPORT VECTOR MACHINE
977,RANDOM FOREST
1639,CHRONIC LYMPHOCYTIC LEUKEMIA
1644,MANTLE CELL LYMPHOMA
1554,PATTERN RECOGNITION
1348,GRAYSCALE
817,LESS THAN OR EQUAL
818,IMAGE PIXELS
2657,MAIN APPROACHES
1640,MAXIMUM POINT
3380,SECOND MOMENT
3606,AREA UNDER CURVE
1350,FRACTAL DIMENSION
1645,COLOR MODEL
4337,COLOR NORMALIZATION
1634,NON HODGKIN LYMPHOMA
81,CLASSIFICATION
189,FEATURE EXTRACTION
1,IMAGE COLOR ANALYSIS
1348,GRAY-SCALE
214,TRAINING
1005,QUANTIZATION (SIGNAL)
2362,COLORED NOISE
281,CONVOLUTIONAL CODES
378,CONVOLUTIONAL NETWORK
299,TRANSFER LEARNING
1004,NOISY SCENARIOS
299,TRANSFER LEARNING SCENARIO
196,CONVOLUTIONAL NEURAL NETWORK
214,NETWORK TRAINING
850,COLOR IMAGES
1348,GRAYSCALE IMAGES
3154,PRESENCE OF NOISE
1711,RGB IMAGES
4009,ROBUST FEATURES
705,VERSION OF DATASET
3850,MACHINE VISION
196,CONVOLUTIONAL NEURAL NETWORK FEATURES
4042,QUANTIZATION LEVELS
214,TRAINING SET
1523,IMAGE QUALITY
199,CONVOLUTIONAL LAYERS
196,CONVOLUTIONAL NEURAL NETWORK ARCHITECTURE
196,SIMPLE CONVOLUTIONAL NEURAL NETWORK
1799,DENSE LAYER
594,SOFTMAX LAYER
1499,GAUSSIAN NOISE
1979,DROPOUT LAYER
808,IMAGE COMPRESSION
2651,TYPES OF NOISE
1546,NOISY IMAGES
299,TRANSFER LEARNING
192,DEEP LEARNING
379,COMPUTER VISION
214,TRAINING
99,VISUAL ANALYTICS
189,FEATURE EXTRACTION
192,DEEP LEARNING
739,DECODING
192,DEEP LEARNING
105,VISUAL ANALYSIS
215,DATA AUGMENTATION
196,NEURAL NETWORK
78,MACHINE LEARNING
214,TRAINING SET
196,CONVOLUTIONAL NEURAL NETWORK
982,FEATURE SPACE
304,IMAGE CLASSIFICATION
299,TRANSFER LEARNING
635,AFFINE TRANSFORMATION
4033,ORIGINAL SPACE
3787,FEATURE ENCODER
4280,PROJECTIVE SPACE
304,IMAGE CLASSIFICATION PROBLEMS
982,ORIGINAL FEATURE SPACE
287,ARTIFICIAL IMAGES
4330,PROJECTION ALGORITHM
224,FULLY-CONNECTED LAYER
199,CONVOLUTIONAL LAYERS
3129,FILTERS IN LAYER
340,INPUT IMAGE
2055,VISUAL SPACE
4282,POINTS IN SPACE
577,DEEP NETWORK
4356,DELAUNAY TRIANGULATION
215,DATA AUGMENTATION
99,VISUAL ANALYTICS
192,DEEP LEARNING
196,CONVOLUTIONAL NEURAL NETWORK
214,TRAINING
554,SUPPORT VECTOR MACHINES
2184,SEMISUPERVISED LEARNING
300,NEURAL NETWORKS
2671,TWO DIMENSIONAL DISPLAYS
189,FEATURE EXTRACTION
281,CONVOLUTIONAL CODES
982,FEATURE SPACE
2184,SEMI-SUPERVISED LEARNING
4280,PROJECTIVE SPACE
2186,LABEL PROPAGATION
196,NEURAL NETWORK
78,MACHINE LEARNING
214,TRAINING SET
2229,FEATURE LEARNING
2184,SEMI-SUPERVISED LEARNING APPROACH
836,PARASITE
554,SUPPORT VECTOR MACHINE
197,DEEP NEURAL NETWORK
199,CONVOLUTIONAL LAYERS
2939,AUTOMATIC METHOD
214,TRAINING IMAGES
554,SUPPORT VECTOR MACHINE CLASSIFIER
286,MNIST DATASET
4366,COHEN'S KAPPA COEFFICIENT
2184,SEMI SUPERVISED LEARNING
2186,INTERACTIVE LABEL PROPAGATION
4362,AUTO ENCODER NEURAL NETWORK
99,VISUAL ANALYTICS
2934,TEETH
297,IMAGE SEGMENTATION
2935,DENTISTRY
214,TRAINING
498,IMAGE RESTORATION
189,FEATURE EXTRACTION
259,INSTANCE SEGMENTATION
720,PANORAMIC RADIOGRAPHS
721,PANORAMIC IMAGES
2937,TOOTH SEGMENTATION
192,DEEP LEARNING
378,CONVOLUTIONAL NETWORK
196,CONVOLUTIONAL NEURAL NETWORK
2938,DENTISTS
1561,TYPES OF IMAGES
299,TRANSFER LEARNING
500,SEGMENTATION METHOD
299,TRANSFER LEARNING STRATEGY
418,MASK R-CNN
334,NUMBER OF IMAGES
577,DEEP NETWORK
505,FEATURE PYRAMID NETWORK
945,MS COCO DATASET
3039,REGION PROPOSAL NETWORK
2943,DENTAL IMAGING
306,PRECISION AND RECALL
259,INSTANCE SEGMENTATION
2937,TOOTH SEGMENTATION
4375,PANORAMIC X-RAY IMAGES
848,FORESTRY
297,IMAGE SEGMENTATION
319,VEGETATION
1,IMAGE COLOR ANALYSIS
55,THREE-DIMENSIONAL DISPLAYS
284,TRANSFORMS
2671,TWO DIMENSIONAL DISPLAYS
872,SUPERPIXEL SEGMENTATION
379,COMPUTER VISION
3155,GEODESIC
3457,SEED SAMPLES
1305,ADJACENCY RELATIONSHIP
527,MEDICAL IMAGING
2230,NATURAL IMAGES
2293,NEIGHBORING NODES
1850,ROOT OF THE TREE
1311,OPTIMAL PATH
253,OBJECT SEGMENTATION
1267,FINAL SEGMENTATION
2526,GROUND TRUTH SEGMENTATION
1857,PRIORITY QUEUE
2508,IMAGE FORESTING TRANSFORM
297,IMAGE SEGMENTATION
872,SUPERPIXEL SEGMENTATION
1300,CLUSTERING ALGORITHMS
214,TRAINING
848,FORESTRY
1301,PARTITIONING ALGORITHMS
1189,PROBABILITY DENSITY FUNCTION
319,VEGETATION
167,PROTOTYPES
1279,OPTIMUM-PATH FOREST
1300,CLUSTERING ALGORITHM
2230,NATURAL IMAGES
4326,CLUSTERING TECHNIQUES
836,PARASITE
680,MAGNETIC RESONANCE IMAGING
214,TRAINING SET
242,LARGE DATASETS
1242,CEREBROSPINAL FLUID
982,FEATURE SPACE
850,COLOR IMAGES
214,TRAINING IMAGES
1309,CLUSTERING RESULTS
851,OBJECT OF INTEREST
1311,OPTIMAL PATH
214,LARGE TRAINING SET
2186,LABEL PROPAGATION
2386,CLUSTER REPRESENTATIVES
2897,WORST PERFORMANCE
822,CLUSTERING
1279,OPTIMUM PATH FOREST
297,IMAGE SEGMENTATION
2508,IMAGE FORESTING TRANSFORM
78,MACHINE LEARNING
297,IMAGE SEGMENTATION
2136,LAYOUT
557,IMAGE EDGE DETECTION
78,MACHINE LEARNING
214,TRAINING
78,MACHINE LEARNING
196,CONVOLUTIONAL NEURAL NETWORK
230,FALSE POSITIVE
214,TRAINING SET
289,VALIDATION SET
3916,ASPECT RATIO
3283,SPATIAL RELATIONSHIP
4315,CLASS LABELS
70,BOUNDING BOX
244,GEOMETRIC FEATURES
607,SOFTMAX FUNCTION
196,CONVOLUTIONAL NEURAL NETWORK CLASSIFIER
204,IMAGE PATCHES
196,"PAGE SEGMENTATION, DOCUMENT IMAGE, MACHINE LEARNING, GRAPH, CONNECTED COMPONENTS CLASSIFICATION, CONVOLUTIONAL NEURAL NETWORK"
321,CAMERAS
1986,IMAGE REGISTRATION
2218,LIGHTING
959,MONITORING
467,LABELING
65,CORRELATION
4414,POWER DISTRIBUTION SUBSTATIONS
196,CONVOLUTIONAL NEURAL NETWORK
554,SUPPORT VECTOR MACHINE
1540,DENOISING
1986,IMAGE REGISTRATION
835,IMAGE PROCESSING TECHNIQUES
2832,BAD WEATHER
321,SURVEILLANCE CAMERAS
827,SCALE-INVARIANT FEATURE TRANSFORM
2832,BAD WEATHER CONDITIONS
364,DISCRETE FOURIER TRANSFORM
1013,HISTOGRAM OF ORIENTED GRADIENTS
557,IMAGE EDGE
473,LABELED DATA
555,LINEAR DISCRIMINANT ANALYSIS
3850,MACHINE VISION
379,COMPUTER VISION
2900,DISCONNECT SWITCHES
4415,ELECTRIC POWER DISTRIBUTION SUBSTATION AUTOMATION
189,FEATURE EXTRACTION
739,DECODING
214,TRAINING
281,CONVOLUTIONAL CODES
794,IMAGE RECONSTRUCTION
77,VISUALIZATION
434,TASK ANALYSIS
982,FEATURE SPACE
584,UNSUPERVISED LEARNING
2228,REPRESENTATION LEARNING
2228,UNSUPERVISED REPRESENTATION LEARNING
196,NEURAL NETWORK
378,CONVOLUTIONAL NETWORK
196,CONVOLUTIONAL NEURAL NETWORK
793,DIMENSIONALITY REDUCTION
199,CONVOLUTIONAL LAYERS
2229,FEATURE LEARNING
1799,DENSE LAYER
2231,UNLABELED DATA
196,CONVOLUTIONAL NEURAL NETWORK FEATURES
196,PRE-TRAINED CONVOLUTIONAL NEURAL NETWORK
801,LATENT SPACE
214,AUTOENCODER TRAINING
1685,CLASSIFICATION ACCURACY
214,TRAINING SET
2232,LINEARLY SEPARABLE
554,SUPPORT VECTOR MACHINE
304,IMAGE CLASSIFICATION
221,HIDDEN LAYER
192,DEEP LEARNING
2228,REPRESENTATION LEARNING
189,FEATURE EXTRACTION
2229,UNSUPERVISED FEATURE LEARNING
1145,SEMANTICS
77,VISUALIZATION
189,FEATURE EXTRACTION
1081,DICTIONARIES
489,ENCODING
461,DETECTORS
214,TRAINING
2139,VIDEO EVENTS
196,NEURAL NETWORK
196,CONVOLUTIONAL NEURAL NETWORK
197,DEEP NEURAL NETWORK
982,FEATURE SPACE
2164,VIDEO FRAMES
3274,HIGH-LEVEL FEATURES
273,SINGLE INSTANCE
594,SOFTMAX LAYER
825,COMPACT REPRESENTATION
520,LOCAL FEATURES
1068,MAX-POOLING
988,LEARNING CLASSIFIERS
3280,VIDEO ANALYSIS
973,BASELINE METHODS
630,AVERAGE POOLING
3794,SINGLE VECTOR
2613,PROBABILITY VECTOR
709,VISUAL CONTENT
2160,VIDEO CONTENT
3685,LOW-LEVEL FEATURES
1081,VISUAL DICTIONARIES
1145,SEMANTICS
187,FACE
423,ESTIMATION
186,LAW ENFORCEMENT
461,DETECTORS
1,IMAGE COLOR ANALYSIS
77,VISUALIZATION
189,FEATURE EXTRACTION
661,IMAGE DATASET
718,AGE ESTIMATION
1686,ANNOTATED DATASET
192,DEEP LEARNING
1101,DETECTION METHODS
196,CONVOLUTIONAL NEURAL NETWORK
554,SUPPORT VECTOR MACHINE
199,CONVOLUTIONAL LAYERS
6,SKIN COLOR
1600,DETECTION TASK
3366,FINAL PREDICTION
3589,GENDER BINARY
202,FACE IMAGES
667,FACE DETECTION
3129,FILTERS IN LAYER
2899,FORENSIC TOOLS
1013,HISTOGRAM OF ORIENTED GRADIENTS
1664,RESNET-50 ARCHITECTURE
70,BOUNDING BOX
724,AGE GROUPS
192,"CHILD PORNOGRAPHY DETECTION, BENCHMARK DATASET, DEEP LEARNING, COMPUTER FORENSICS"
680,MAGNETIC RESONANCE IMAGING
1986,IMAGE REGISTRATION
2842,STRAIN
1181,COMPUTED TOMOGRAPHY
1099,DEFORMABLE MODELS
1344,MEDICAL DIAGNOSTIC IMAGING
192,DEEP LEARNING
527,MEDICAL IMAGING
1986,IMAGE REGISTRATION
192,DEEP LEARNING-BASED APPROACHES
1986,MEDICAL IMAGE REGISTRATION
680,MAGNETIC RESONANCE IMAGING
1181,COMPUTED TOMOGRAPHY
196,CONVOLUTIONAL NEURAL NETWORK
1464,SIMILARITY MEASURE
1993,MUTUAL INFORMATION
2804,PIXEL INTENSITY
533,GENERATIVE ADVERSARIAL NETWORKS
1942,MULTIMODAL IMAGING
2982,FREESURFER
1986,IMAGE REGISTRATION METHOD
2000,METRIC LEARNING
3407,3D SLICER
4430,STACKED AUTOENCODER
192,"IMAGE REGISTRATION, MEDICAL IMAGING, DEEP LEARNING."
187,FACE
187,FACE RECOGNITION
214,TRAINING
667,FACE DETECTION
189,FEATURE EXTRACTION
187,FACE RECOGNITION
187,DEEP FACE RECOGNITION
195,LOSS FUNCTION
192,DEEP LEARNING
379,COMPUTER VISION
299,TRANSFER LEARNING
196,DEEP CONVOLUTIONAL NEURAL NETWORK
187,FACE RECOGNITION PERFORMANCE
4198,UNCONSTRAINED ENVIRONMENT
214,TRAINING SET
215,DATA AUGMENTATION
2968,3D SHAPE
423,POSE ESTIMATION
667,FACE DETECTION
995,LABEL NOISE
2000,DEEP METRIC LEARNING
3856,CONTRASTIVE LOSS
2000,METRIC LEARNING
241,3D FACE
3500,FRONT FACE
187,FACE RECOGNITION
192,DEEP LEARNING
1802,SURVEY
321,CAMERAS
433,SURVEILLANCE
492,HEAD
57,SHAPE
193,BIOMETRIC RECOGNITION
4481,MASTER-SLAVE ARCHITECTURE
4104,KIND OF SYSTEM
554,SUPPORT VECTOR MACHINE
982,FEATURE SPACE
1183,MIXTURE MODEL
2759,BACKGROUND SUBTRACTION
446,OBJECT TRACKING
1681,HEAD SHAPE
193,BIOMETRIC SYSTEMS
1013,HISTOGRAM OF ORIENTED GRADIENTS
2151,SCENE REGIONS
1400,HUMERAL HEAD
475,3D POSITION
193,BIOMETRICS
4481,MASTER SLAVE
321,CAMERAS
423,POSE ESTIMATION
189,FEATURE EXTRACTION
55,THREE-DIMENSIONAL DISPLAYS
3809,METERS
2875,VISUAL ODOMETRY
2875,MONOCULAR VISUAL ODOMETRY
1460,SPARSITY
423,POSE ESTIMATION
2009,ADAPTIVE THRESHOLD
1373,CAMERA POSITION
424,CAMERA POSE
416,KITTI DATASET
423,CAMERA POSE ESTIMATION
2804,PIXEL INTENSITY
326,IMAGE PAIRS
472,GROUND PLANE
1140,IMAGE COORDINATES
628,PREVIOUS FRAME
2487,IMAGE GRADIENT
428,REPROJECTION ERROR
429,BUNDLE ADJUSTMENT
855,RELATIVE POSE
2855,WARPED IMAGE
1105,CORRECT MATCHES
2875,VISUAL ODOMETRY
429,BUNDLE ADJUSTMENT
297,IMAGE SEGMENTATION
284,TRANSFORMS
170,COST FUNCTION
5,GRAPHICS
872,SUPERPIXEL SEGMENTATION
170,PATH-COST FUNCTION
885,INTERACTIVE
170,COST FUNCTION
4425,ORIGINAL ALGORITHM
3994,SUBTREE
4388,ALGORITHM EXECUTION
1857,PRIORITY QUEUE
829,SIMPLE LINEAR ITERATIVE CLUSTERING
2508,IMAGE FORESTING TRANSFORM
2509,SUPERPIXELS
2508,DIFFERENTIAL IMAGE FORESTING TRANSFORM
321,CAMERAS
2218,LIGHTING
4239,SYNCHRONIZATION
2725,LIGHT SOURCES
442,SOFTWARE
835,IMAGE PROCESSING
4241,STRUCTURED ILLUMINATION
4243,USE OF TECHNIQUES
1523,IMAGE QUALITY
379,COMPUTER VISION
835,IMAGE PROCESSING
2725,LIGHT SOURCE
4248,LINE SCAN
4244,HIGH-SPEED CAMERA
2490,GRADIENT OPERATOR
4255,CAMERA EXPOSURE
4246,ROLLING SHUTTER
4257,SHORT LIGHT PULSES
157,GEOMETRY
1288,INTERPOLATION
3510,MESH GENERATION
3395,SILICON
57,SHAPE
2300,ANIMATION
2284,SKELETON
2062,CONTROL POINTS
2973,HEAT KERNEL
5,COMPUTER GRAPHICS
902,PRINCIPAL CURVATURES
113,TRIANGULAR MESH
3722,VERTEX POSITION
2423,LAPLACE-BELTRAMI OPERATOR
4535,REGIONS OF HIGH CURVATURE
4531,MORPHING
54,SOLID MODELING
1970,GRAMMAR
57,SHAPE
55,THREE-DIMENSIONAL DISPLAYS
5,RENDERING (COMPUTER GRAPHICS)
32,GRAPHICS PROCESSING UNITS
549,PRODUCTION
1595,CAD MODEL
1970,SHAPE GRAMMAR
3749,REALISTIC MODEL
1922,MEMORY CONSUMPTION
1650,3D CAD MODELS
873,VISUAL QUALITY
113,TRIANGULAR MESH
2558,MEMORY FOOTPRINT
1803,3D SCENE
2198,OBJECT INSTANCES
2622,MANIFOLDS
55,THREE-DIMENSIONAL DISPLAYS
297,IMAGE SEGMENTATION
2713,DATA STRUCTURES
4557,SIMULATED ANNEALING
3511,ELEMENT MESH
113,TRIANGULAR
3124,END OF PROCESS
3985,SET OF CELLS
62,3D MESH
1032,HAUSDORFF DISTANCE
157,COMPUTATIONAL GEOMETRY
5,COMPUTER GRAPHICS
2430,MANIFOLD
2388,OPTICAL IMAGING
2072,HISTOGRAMS
1153,ACTIVITY RECOGNITION
888,VIDEOS
189,FEATURE EXTRACTION
2,STREAMING MEDIA
344,COMPUTER ARCHITECTURE
1146,ACTION RECOGNITION
196,NEURAL NETWORK
378,CONVOLUTIONAL NETWORK
771,OPTICAL FLOW
2126,MOTION INFORMATION
196,CONVOLUTIONAL NEURAL NETWORK
577,DEEP NETWORK
1207,SPATIAL INFORMATION
196,DEEP CONVOLUTIONAL NEURAL NETWORK
1913,TEMPORAL INFORMATION
378,DEEP CONVOLUTIONAL NETWORK
1662,HANDCRAFTED FEATURES
1559,NEURAL NETWORK APPROACH
1013,HISTOGRAM OF ORIENTED GRADIENTS
2753,MOTION VECTOR
1153,HUMAN ACTIVITY RECOGNITION
215,DATA AUGMENTATION TECHNIQUES
3912,CENTER OF FRAME
3132,MAGNITUDE
1780,ORIENTATION
4574,STREAM NETWORK
196,CONVOLUTIONAL NEURAL NETWORKS
789,LICENSE PLATE RECOGNITION
2246,AUTOMOBILES
775,CHARACTER RECOGNITION
321,CAMERAS
678,DATABASES
214,TRAINING
196,CONVOLUTIONAL NEURAL NETWORK
196,DEEP CONVOLUTIONAL NEURAL NETWORK
789,LICENSE PLATE
789,LICENSE PLATE RECOGNITION
789,LICENSE PLATE DETECTION
192,DEEP LEARNING
379,COMPUTER VISION
1588,INTELLIGENT TRANSPORTATION
214,TRAINING DATASET
554,SUPPORT VECTOR MACHINE
289,VALIDATION SET
3916,ASPECT RATIO
661,IMAGE DATASET
214,TRAINING PROCEDURE
306,PRECISION AND RECALL
70,BOUNDING BOX
3216,NETWORK OUTPUT
192,DEEP LEARNING TECHNIQUES
588,RESTRICTED BOLTZMANN MACHINE
2687,FRAMES PER SECOND
4474,FRONTAL VIEW
775,OPTICAL CHARACTER RECOGNITION
1013,HISTOGRAM OF ORIENTED GRADIENTS
3206,PRECISION RATE
2224,SMALL OBJECTS
1294,OPTIMIZATION
2670,MATHEMATICAL MODEL
214,TRAINING
794,IMAGE RECONSTRUCTION
1534,STOCHASTIC PROCESSES
415,HEURISTIC ALGORITHMS
102,COLLABORATION
588,BOLTZMANN MACHINE
588,RESTRICTED BOLTZMANN MACHINE
78,LEARNING ALGORITHMS
221,HIDDEN LAYER
3379,FIREFLY
794,IMAGE RECONSTRUCTION
3561,HUMAN MOTION
129,COLLABORATIVE FILTERING
1153,HUMAN ACTIVITY RECOGNITION
4135,METAHEURISTIC TECHNIQUES
214,TRAINING SET
214,TRAINING DATA
601,LEARNING RATE
2158,OPTIMIZATION ALGORITHM
578,DEEP BELIEF NETWORK
367,HYPERPARAMETER TUNING
997,WEIGHT DECAY
192,DEEP LEARNING
189,FEATURE EXTRACTION
214,TRAINING
300,NEURAL NETWORKS
186,LAW
1552,INDUSTRIES
0,GAMES
196,NEURAL NETWORK
196,CONVOLUTIONAL NEURAL NETWORK
577,DEEP NETWORK
197,DEEP NEURAL NETWORK
196,DEEP CONVOLUTIONAL NEURAL NETWORK
378,DEEP CONVOLUTIONAL NETWORK
2925,NETWORK MODEL
1520,DEEP MODELS
299,TRANSFER LEARNING
534,IMAGE GENERATION
197,DEEP NEURAL NETWORK MODEL
5,COMPUTER GRAPHICS
189,HAND-CRAFTED FEATURE EXTRACTION
3293,OVERFITTING
554,SUPPORT VECTOR MACHINE
2418,AVERAGE ACCURACY
1423,NETWORK LAYER
554,SUPPORT VECTOR MACHINE CLASSIFIER
1915,METHODS IN THE LITERATURE
224,FULLY-CONNECTED LAYER
299,TRANSFER LEARNING APPROACH
1878,IMAGENET LARGE SCALE VISUAL RECOGNITION CHALLENGE
4449,CHILD PORNOGRAPHY
1963,TARGET TASK
465,TARGET DATASET
1502,RESIDUAL BLOCK
1664,RESNET-50 ARCHITECTURE
1978,NUMBER OF FILTERS
716,DIGITAL FORENSICS
192,DEEP LEARNING
299,TRANSFER LEARNING
297,IMAGE SEGMENTATION
284,TRANSFORMS
1294,OPTIMIZATION
319,VEGETATION
253,OBJECT SEGMENTATION
3374,BIOMEDICAL IMAGING
253,MULTI-OBJECT SEGMENTATION
527,MEDICAL IMAGING
297,IMAGE SEGMENTATION
1599,IMAGE OBJECT
500,SEGMENTATION METHOD
536,SYNTHETIC IMAGES
297,MEDICAL IMAGE SEGMENTATION
680,MAGNETIC RESONANCE IMAGING
4511,SMOOTH FUNCTION
850,COLOR IMAGES
3067,HUMAN-COMPUTER INTERACTION
1848,ROOT NODE
502,SEGMENTATION RESULTS
1305,ADJACENCY RELATIONSHIP
297,IMAGE SEGMENTATION TASKS
1311,OPTIMAL PATH
4390,COST PATH
253,OBJECT SEGMENTATION
854,OBJECT PAIRS
253,MULTI-OBJECT SEGMENTATION
2508,IMAGE FORESTING TRANSFORM
189,FEATURE EXTRACTION
2218,LIGHTING
1613,PRINTED CIRCUITS
497,INSPECTION
529,GOVERNMENT
1615,PRINTED CIRCUIT BOARD
1615,CIRCUIT BOARD
554,SUPPORT VECTOR MACHINE
827,SCALE-INVARIANT FEATURE TRANSFORM
497,HUMAN INSPECTION
196,NEURAL NETWORK
3382,RECEIVER OPERATING CHARACTERISTIC CURVE
3214,POSITIVE SAMPLES
4420,LIGHT CONDITIONS
340,INPUT IMAGE
222,NEGATIVE SAMPLES
1986,IMAGE REGISTRATION
327,REFERENCE IMAGE
2614,TEST SUBSET
4609,FRAUD DETECTION IN FUEL PUMPS
379,COMPUTER VISION
1986,IMAGE REGISTRATION
78,MACHINE LEARNING
699,ASSISTIVE TECHNOLOGY
761,GESTURE RECOGNITION
297,IMAGE SEGMENTATION
369,IMAGE RECOGNITION
6,SKIN
678,IMAGE DATABASES
6,SKIN COLOR
375,BRAZILIAN SIGN LANGUAGE
6,SKIN COLOR SEGMENTATION
835,IMAGE PROCESSING
566,BINARY CLASSIFICATION
1525,HEARING LOSS
375,SIGN LANGUAGE
375,SIGN LANGUAGE RECOGNITION
300,ARTIFICIAL NEURAL NETWORK
1087,CENTER OF MASS
1183,MIXTURE MODEL
2738,HIDDEN MARKOV MODEL
2759,BACKGROUND SUBTRACTION
3583,PIXEL RESOLUTION
1183,GAUSSIAN MIXTURE MODEL
2101,MEDIAN FILTER
375,AMERICAN SIGN LANGUAGE
670,HISTOGRAM EQUALIZATION
2926,IMAGE DATABASE
4620,HIGHER FREQUENCY OF USE
375,SIGN LANGUAGE RECOGNITION
835,IMAGE PROCESSING
375,BRAZILIAN SIGN LANGUAGE
3310,TRAJECTORY
77,DATA VISUALIZATION
99,VISUAL ANALYTICS
4336,PROBABILISTIC LOGIC
2899,TOOLS
105,VISUAL ANALYSIS
2141,MOVEMENT PATTERNS
77,VISUALIZATION TOOL
77,INTERACTIVE VISUALIZATION
2578,MOBILE APP
3326,CARTOGRAPHIC
1848,ROOT NODE
77,VISUALIZATION TECHNIQUES
3310,TRAJECTORY PATTERNS
923,JSON FILE
122,SPATIOTEMPORAL DATA
105,VISUAL ANALYSIS
2141,MOVEMENT PATTERN
77,DATA VISUALIZATION
3310,TRAJECTORY
77,VISUALIZATION
238,SENSORS
260,SYSTEMATICS
2300,ANIMATION
3310,TRAJECTORY DATA
77,DYNAMIC VISUALIZATION
114,URBANIZATION
105,VISUAL ANALYSIS
77,VISUALIZATION TOOL
929,VECTOR FIELD
2951,RAW DATA
242,LARGE DATASETS
100,URBAN PLANNING
1591,TRAFFIC FLOW
402,SPEED LIMIT
3310,TRAJECTORY DATASET
4125,CLIENT-SIDE
77,VISUALIZATION TECHNIQUES
77,INTERACTIVE VISUALIZATION
77,TRAFFIC VISUALIZATION
4656,TRAFFIC PATTERNS
121,SPATIOTEMPORAL
77,VISUALIZATION
1882,TOPOLOGY
2899,TOOLS
4297,CLUTTER
1465,MATRIX FACTORIZATION
4291,SIMPLE NETWORK
1465,NON-NEGATIVE MATRIX FACTORIZATION
4669,NETWORK TOPOLOGY
1359,COMPARISON OF SETS
4300,LEVELS OF HIERARCHY
4296,HIERARCHICAL REPRESENTATION
4310,GRAPH MATCHING
4297,VISUAL CLUTTER
3013,EDGE WEIGHTS
4303,SIMILAR NODES
4307,COLLEGE FOOTBALL
2613,PROBABILITY VECTOR
4301,ORIGINAL NETWORK
3837,QUALITY METRICS
315,GRAPH
1102,MATCHING
3454,SIMPLIFICATION
1465,NON-NEGATIVE MATRIX FACTORIZATION
1294,OPTIMIZATION
214,TRAINING
167,PROTOTYPES
913,LINEAR PROGRAMMING
560,TESTING
1976,MULTI-OBJECTIVE OPTIMIZATION
1279,OPTIMUM-PATH FOREST
214,TRAINING SET
2425,OPTIMIZATION PROBLEM
173,FITNESS FUNCTION
1971,OBJECTIVE FUNCTION
554,SUPPORT VECTOR MACHINE
2464,ACCURACY LOSS
214,TRAINING SET SIZE
1977,PARETO FRONT
1976,MULTI-OBJECTIVE OPTIMIZATION PROBLEM
4391,LOOP LINES
1857,PRIORITY QUEUE
4582,MULTI-OBJECTIVE PARTICLE SWARM OPTIMIZATION
1279,OPTIMUM-PATH FOREST
1976,META-HEURISTIC MULTI-OBJECTIVE OPTIMIZATION
214,TRAINING
189,FEATURE EXTRACTION
1161,PROPOSALS
3120,BIOLOGICAL NEURAL NETWORKS
560,TESTING
78,MACHINE LEARNING
57,SHAPE
214,TRAINING SET
340,INPUT IMAGE
476,PRE-TRAINED WEIGHTS
2223,SINGLE SHOT MULTIBOX DETECTOR
196,NEURAL NETWORK
192,DEEP LEARNING
196,CONVOLUTIONAL NEURAL NETWORK
300,ARTIFICIAL NEURAL NETWORK
200,FEATURE MAPS
269,OBJECT DETECTION
215,DATA AUGMENTATION
299,TRANSFER LEARNING
196,DEEP CONVOLUTIONAL NEURAL NETWORK
70,BOUNDING BOX
630,POOLING LAYER
1110,FEATURE MATCHING
811,IMAGE RETRIEVAL
214,TRAINING INSTANCES
815,BAG OF VISUAL WORDS
412,FASTER R-CNN
1884,CHALLENGING DATASET
214,TRAINING IMAGES
379,COMPUTER VISION
4696,LOGO RECOGNITION
192,DEEP LEARNING
4336,PROBABILISTIC LOGIC
346,DATA MODELS
344,COMPUTER ARCHITECTURE
300,NEURAL NETWORKS
284,TRANSFORMS
739,DECODING
2238,AUXILIARY TASK
195,LOSS FUNCTION
196,NEURAL NETWORK
197,DEEP NEURAL NETWORK
982,FEATURE SPACE
2231,UNLABELED DATA
804,VARIATIONAL AUTOENCODER
2654,UNSUPERVISED WAY
214,TRAINING SET
601,LEARNING RATE
1300,CLUSTERING ALGORITHM
219,FEATURE REPRESENTATION
2184,SEMI-SUPERVISED LEARNING
801,LATENT SPACE
1767,RECONSTRUCTION LOSS
473,LABELED DATA
1519,DEEP GENERATIVE MODELS
2228,REPRESENTATION LEARNING
192,DEEP LEARNING
1519,GENERATIVE MODELS
822,CLUSTERING
2184,SEMI-SUPERVISED LEARNING
4699,PROBABILISTIC MODELS
189,FEATURE EXTRACTION
489,ENCODING
888,VIDEOS
2205,STANDARDS
77,VISUALIZATION
2072,HISTOGRAMS
4440,POOLING STRATEGY
982,FEATURE SPACE
3555,CLASSIFICATION RATE
196,CONVOLUTIONAL NEURAL NETWORK
1300,CLUSTERING ALGORITHM
1192,LEAVE-ONE-OUT CROSS-VALIDATION
771,OPTICAL FLOW
896,RADIAL BASIS FUNCTION KERNEL
1458,RECOGNITION RATE
1331,LOCAL DESCRIPTORS
1013,HISTOGRAM OF ORIENTED GRADIENTS
346,DATA MODELS
214,TRAINING
513,ROBUSTNESS
1294,OPTIMIZATION
344,COMPUTER ARCHITECTURE
189,FEATURE EXTRACTION
38,EIGENVALUES AND EIGENFUNCTIONS
3119,ROBUST CLASSIFICATION
588,BOLTZMANN MACHINE
196,NEURAL NETWORK
196,CONVOLUTIONAL NEURAL NETWORK
64,PROCESSING TIME
850,COLOR IMAGES
486,MULTILAYER PERCEPTRON
221,HIDDEN LAYER
214,TRAINING IMAGES
4557,SIMULATED ANNEALING
1821,PROJECTION MATRIX
1163,LUMINOSITY
486,MULTILAYER PERCEPTRON NEURAL NETWORK
2782,SUBSET OF IMAGES
588,RESTRICTED BOLTZMANN MACHINE
578,DEEP BELIEF NETWORK
1588,INTELLIGENT TRANSPORTATION SYSTEMS
192,DEEP LEARNING ARCHITECTURES
670,HISTOGRAM EQUALIZATION
1351,IMAGE ANALYSIS
4724,DEEP BOLTZMANN MACHINES
1081,DICTIONARIES
167,PROTOTYPES
1300,CLUSTERING ALGORITHMS
189,FEATURE EXTRACTION
1279,OPTIMUM-PATH FOREST
1300,CLUSTERING ALGORITHM
196,NEURAL NETWORK
355,TIME SERIES
214,TRAINING SET
1189,PROBABILITY DENSITY FUNCTION
556,K-NEAREST NEIGHBOR
896,RADIAL BASIS FUNCTION
3710,HAND MOVEMENTS
1038,NODES IN THE GRAPH
559,BAYESIAN CLASSIFIER
1311,OPTIMAL PATH
1458,RECOGNITION RATE
1331,LOCAL DESCRIPTORS
4737,PARKINSON'S DISEASE
1279,OPTIMUM-PATH FOREST
344,COMPUTER ARCHITECTURE
214,TRAINING
1201,DISEASES
2072,HISTOGRAMS
300,NEURAL NETWORKS
196,CONVOLUTIONAL NEURAL NETWORK
214,TRAINING SET
4750,HUMAN EPITHELIAL CELLS
304,IMAGE CLASSIFICATION
215,DATA AUGMENTATION
2396,LITERARY WORKS
1197,ALEXNET
1357,COMPUTATION TIME
554,SUPPORT VECTOR MACHINE
289,VALIDATION SET
199,CONVOLUTIONAL LAYERS
670,HISTOGRAM EQUALIZATION
189,HAND-CRAFTED FEATURE EXTRACTION
196,CONVOLUTIONAL NEURAL NETWORK MODEL
196,CONVOLUTIONAL NEURAL NETWORK ARCHITECTURE
630,POOLING LAYER
224,FULLY-CONNECTED LAYER
196,DEEP CONVOLUTIONAL NEURAL NETWORK
594,SOFTMAX LAYER
196,CONVOLUTIONAL NEURAL NETWORKS
4749,HEP-2 CELLS
1197,ALEXNET
4038,PRE-PROCESSING
215,DATA AUGMENTATION
2432,ELECTROENCEPHALOGRAPHY
55,THREE-DIMENSIONAL DISPLAYS
78,MACHINE LEARNING
214,TRAINING
300,NEURAL NETWORKS
449,CONVOLUTION
192,DEEP LEARNING
196,NEURAL NETWORK
196,CONVOLUTIONAL NEURAL NETWORK
840,CLASSIFICATION PERFORMANCE
2291,3D SPACE
192,DEEP LEARNING TECHNIQUES
1733,USE OF VIRTUAL REALITY
214,TRAINING SET
214,TRAINING DATASET
554,SUPPORT VECTOR MACHINE
197,DEEP NEURAL NETWORK
199,CONVOLUTIONAL LAYERS
2212,USE OF IMAGING
2444,EEG DATA
30,VIRTUAL BODY
196,CONVOLUTIONAL NEURAL NETWORK CLASSIFIER
196,CONVOLUTIONAL NEURAL NETWORK ARCHITECTURE
192,DEEP LEARNING
2432,ELECTROENCEPHALOGRAPHY
2451,ELECTRODES
217,ENTROPY
2447,BRAIN MAPPING
0,GAMES
4294,MULTIVARIATE DATA
2447,BRAIN MAPPING
80,DECISION-MAKING
1367,OBJECT RECOGNITION
2444,EEG DATA
4765,EEG SIGNALS
4792,FACTOR F2
1245,TEMPORAL LOBE
284,WAVELET TRANSFORMS
4335,FRACTALS
297,IMAGE SEGMENTATION
189,FEATURE EXTRACTION
678,IMAGE DATABASES
3589,GENDER BINARY
1350,FRACTAL DIMENSION
193,BIOMETRIC
187,FACE RECOGNITION
214,TRAINING VARIABLES
4800,STATIONARY WAVELET TRANSFORM
214,TRAINING DATA
554,SUPPORT VECTOR MACHINE
2061,IMAGE FEATURES
555,LINEAR DISCRIMINANT ANALYSIS
556,K-NEAREST NEIGHBOR
486,MULTILAYER PERCEPTRON
508,EDGE DETECTION
4565,VERTICAL COMPONENT
4567,HORIZONTAL COMPONENTS
2926,IMAGE DATABASE
4725,AUTOMATIC CLASSIFICATION
4800,STATIONARY WAVELET TRANSFORM
1350,FRACTAL DIMENSION
81,CLASSIFICATION
187,FACE RECOGNITION
214,TRAINING
189,FEATURE EXTRACTION
187,FACE
1905,DATA MINING
554,SUPPORT VECTOR MACHINES
513,ROBUSTNESS
187,FACE RECOGNITION
214,TRAINING SET
554,SUPPORT VECTOR MACHINE
222,NEGATIVE SAMPLES
202,FACE IMAGES
554,LINEAR SUPPORT VECTOR MACHINE
242,LARGE DATASETS
196,CONVOLUTIONAL NEURAL NETWORK
64,PROCESSING TIME
3214,POSITIVE SAMPLES
620,FACIAL EXPRESSIONS
555,LINEAR DISCRIMINANT ANALYSIS
334,NUMBER OF IMAGES
4403,INDIVIDUAL IMAGES
1511,RECOGNITION PERFORMANCE
213,FALSE ACCEPTANCE RATE
214,NEGATIVE TRAINING
193,BIOMETRIC SYSTEMS
214,LARGE TRAINING SET
1264,RATE SET
187,FACE RECOGNITION
378,CONVOLUTIONAL NETWORKS
187,FACE
189,FEATURE EXTRACTION
214,TRAINING
187,FACE RECOGNITION
55,THREE-DIMENSIONAL DISPLAYS
56,MEASUREMENT
4542,LEAST-SQUARES
1486,PARTIAL LEAST SQUARES
187,FACE RECOGNITION
1486,PARTIAL LEAST
1486,PARTIAL LEAST SQUARES MODEL
2590,CLASSIFICATION MODEL
326,IMAGE PAIRS
214,TRAINING STAGE
202,FACE IMAGES
196,NEURAL NETWORK
192,DEEP LEARNING
3382,RECEIVER OPERATING CHARACTERISTIC CURVE
206,EQUAL ERROR RATE
2000,METRIC LEARNING METHODS
196,CONVOLUTIONAL NEURAL NETWORK
2000,METRIC LEARNING
197,DEEP NEURAL NETWORK
1486,PARTIAL LEAST SQUARES REGRESSION
214,TRAINING PAIRS
1020,EVALUATION PROTOCOL
554,SUPPORT VECTOR MACHINE
1486,PARTIAL LEAST SQUARES
189,FEATURE EXTRACTION
297,IMAGE SEGMENTATION
2135,GRAPHICAL MODELS
321,CAMERAS
959,MONITORING
1160,BIRDS
1523,POOR IMAGE QUALITY
584,UNSUPERVISED LEARNING TECHNIQUES
1889,THERMAL STRESS CONDITIONS
3382,RECEIVER OPERATING CHARACTERISTIC CURVE
1348,GRAYSCALE
297,IMAGE SEGMENTATION
556,K-NEAREST NEIGHBOR
2354,BINARY IMAGE
3606,AREA UNDER CURVE
2844,IMAGE DISTORTION
771,OPTICAL FLOW
2810,NEIGHBORING PIXELS
2467,ROTATION INVARIANCE
1565,LOCAL BINARY PATTERN FEATURES
321,SURVEILLANCE CAMERAS
1348,GRAYSCALE IMAGES
214,CLASSIFIER TRAINING
379,COMPUTER VISION
269,OBJECT DETECTION
835,IMAGE PROCESSING
2670,MATHEMATICAL MODEL
158,COMPUTATIONAL MODELING
391,VIDEO SEQUENCES
1905,DATA MINING
346,DATA MODELS
4845,CULTURAL DIFFERENCES
460,PEDESTRIAN
391,VIDEO SEQUENCES
2756,USE OF INFORMATION TECHNOLOGY
300,ARTIFICIAL NEURAL NETWORK
379,COMPUTER VISION
2164,VIDEO FRAMES
863,CROWD BEHAVIOR
4731,SCALED CONJUGATE GRADIENT
3159,PRINCIPAL COMPONENT ANALYSIS
678,DATABASES
1288,INTERPOLATION
38,EIGENVALUES AND EIGENFUNCTIONS
4686,ELECTRONIC MAIL
793,DIMENSIONALITY REDUCTION
3508,SMOOTH TRANSITION
4033,ORIGINAL SPACE
4865,WIDE RANGE OF MATERIALS
5,COMPUTER GRAPHICS
38,EIGENVALUES
1467,SINGULAR VALUE DECOMPOSITION
4406,CONVEX HULL
2121,HIGH DYNAMIC RANGE
825,COMPACT REPRESENTATION
793,LINEAR DIMENSIONALITY REDUCTION
4356,DELAUNAY TRIANGULATION
261,NAVIGATION STRATEGIES
1810,POLYTOPE
2725,LIGHT SOURCES
2098,EUCLIDEAN DISTANCE
284,TRANSFORMS
34,REAL-TIME SYSTEMS
321,CAMERAS
1839,APPROXIMATION ALGORITHMS
2098,EUCLIDEAN DISTANCE TRANSFORM
5,COMPUTER GRAPHICS
2733,LIGHT LEAKAGE
1302,SCALABLE
2725,LIGHT SOURCE
32,GRAPHICS PROCESSING UNIT
534,IMAGE GENERATION
873,VISUAL QUALITY
884,TEMPORAL COHERENCE
57,SHAPE
5,RENDERING (COMPUTER GRAPHICS)
280,HANDWRITING RECOGNITION
2284,SKELETON
2456,USER STUDY
3916,ASPECT RATIO
3750,TOP-DOWN APPROACH
70,BOUNDING BOX
2519,DISTANCE MAP
4080,HUMAN HAND
786,INPUT TEXT
1463,TEXT SAMPLES
1,IMAGE COLOR ANALYSIS
3672,DETECTION ALGORITHMS
1895,AUGMENTED REALITY
321,CAMERAS
2072,HISTOGRAMS
129,FILTERING
3028,RECTANGULAR
4420,LIGHT CONDITIONS
661,IMAGE DATASET
424,CAMERA POSE
1895,AUGMENTED REALITY APPLICATIONS
1895,AUGMENTED REALITY
4906,FIDUCIAL MARKER
4909,RECURSIVE
2528,HIERARCHY
835,IMAGE PROCESSING
1171,AGRICULTURE
2335,REMOTE SENSING
189,FEATURE EXTRACTION
297,IMAGE SEGMENTATION
214,TRAINING
1145,SEMANTICS
192,DEEP LEARNING FEATURES
192,DEEP LEARNING
378,CONVOLUTIONAL NETWORK
447,SUPERVISED LEARNING
621,HIGH-RESOLUTION
199,CONVOLUTIONAL LAYERS
3895,SPATIAL FEATURES
2229,FEATURE LEARNING
3615,PROCESSING UNIT
32,GRAPHICS PROCESSING UNIT
1914,GB MEMORY
271,SEMANTIC SEGMENTATION
2561,HYPERBOLIC TANGENT
3608,THEMATIC MAP
192,DEEP LEARNING STRATEGIES
4386,SEGMENTATION SCALE
192,DEEP LEARNING-BASED APPROACHES
704,IMAGE DESCRIPTORS
2027,MAJORITY VOTING STRATEGY
1625,LARGER WINDOW SIZE
192,DEEP LEARNING
2335,REMOTE SENSING
548,COFFEE CROPS
621,HIGH-RESOLUTION IMAGES
1171,AGRICULTURE
319,VEGETATION MAPPING
975,SATELLITES
616,SPATIAL RESOLUTION
189,FEATURE EXTRACTION
554,SUPPORT VECTOR MACHINES
196,NEURAL NETWORK
2335,REMOTE SENSING
4800,WAVELET TRANSFORM
35,RESOURCE MANAGEMENT
1219,TEXTURE FEATURES
616,SPATIAL RESOLUTION
554,SUPPORT VECTOR MACHINE
300,ARTIFICIAL NEURAL NETWORK
740,DECISION TREE
3182,INVASIVE SPECIES
4927,GLOBAL POSITIONING SYSTEM
983,VEGETATION INDEX
1445,SMALL PATCHES
4927,GLOBAL POSITIONING SYSTEM UNITS
1196,GRAY LEVEL CO-OCCURRENCE MATRIX
189,TEXTURE FEATURE EXTRACTION
83,DOMAIN EXPERTS
823,IMAGE TEXTURE CLASSIFICATION
2767,BRIGHTNESS
284,TRANSFORMS
2844,DISTORTION
1669,MORPHOLOGY
1348,GRAY-SCALE
157,GEOMETRY
56,MEASUREMENT
3140,INFRARED IMAGING
655,IMAGE ENHANCEMENT
2844,DISTORTION
3853,CONTRAST AGENT
1348,GRAYSCALE IMAGES
3184,AERIAL IMAGES
2844,IMAGE DISTORTION
1669,MATHEMATICAL MORPHOLOGY
2767,MEAN BRIGHTNESS
835,IMAGE PROCESSING
678,PUBLIC DATABASES
1586,IMAGE REGIONS
380,ELEMENTS
632,PEAK SIGNAL-TO-NOISE RATIO
4250,DARK REGIONS
670,HISTOGRAM EQUALIZATION
4946,THERMAL IMAGES
1669,MATHEMATICAL MORPHOLOGY
2767,MEAN BRIGHTNESS
2694,MICROSCOPY
2694,OPTICAL MICROSCOPY
2388,BIOMEDICAL OPTICAL IMAGING
2388,OPTICAL IMAGING
513,ROBUSTNESS
2670,MATHEMATICAL MODEL
618,IMAGE RESOLUTION
4237,STITCHING ALGORITHM
4156,FIELD OF VIEW
1523,IMAGE QUALITY
334,NUMBER OF IMAGES
1108,FEATURE DETECTION
1110,FEATURE MATCHING
1544,CORRECTION STEP
827,SCALE-INVARIANT FEATURE TRANSFORM
1114,INLIERS
429,BUNDLE ADJUSTMENT
4009,SPEEDED UP ROBUST FEATURES
1115,HOMOGRAPHY MATRIX
811,IMAGE RETRIEVAL
55,THREE-DIMENSIONAL DISPLAYS
3185,GABOR FILTERS
217,ENTROPY
189,FEATURE EXTRACTION
77,VISUALIZATION
1234,TEXTUAL DESCRIPTIONS
811,IMAGE RETRIEVAL
2350,SEISMIC TOMOGRAPHY
1464,SIMILARITY MEASURE
1196,GRAY LEVEL CO-OCCURRENCE MATRIX
4899,VISUAL SIMILARITY
554,SUPPORT VECTOR MACHINE
300,ARTIFICIAL NEURAL NETWORK
1219,TEXTURE FEATURES
4146,DISTANCE METRICS
457,VECTOR OF SIZE
1196,CO-OCCURRENCE MATRIX
2400,SELF-ORGANIZING MAP
2349,SEISMIC DATA
3185,GABOR FILTERS
811,CONTENT-BASED IMAGE RETRIEVAL
205,QUERY IMAGE
1348,GRAYSCALE
196,NEURAL NETWORK
6,SKIN
187,FACE
461,DETECTORS
1,IMAGE COLOR ANALYSIS
667,FACE DETECTION
189,FEATURE EXTRACTION
2072,HISTOGRAMS
667,FACE DETECTION
667,FACE DETECTION PERFORMANCE
3206,PRECISION RATE
4084,SKIN CHARACTERISTICS
3382,RECEIVER OPERATING CHARACTERISTIC CURVE
6,SKIN COLOR
663,COLOR SPACE
1183,GAUSSIAN MIXTURE MODEL
257,HUMAN FACES
1645,COLOR MODEL
2280,INTEGRAL IMAGE
663,RGB COLOR SPACE
129,MORPHOLOGICAL FILTERING
667,FACE DETECTION
2540,SKIN DETECTION
2357,POST-PROCESSING
3999,ESOPHAGUS
189,FEATURE EXTRACTION
554,SUPPORT VECTOR MACHINES
214,TRAINING
319,VEGETATION
519,CANCER
3999,BARRETT'S ESOPHAGUS
1279,OPTIMUM-PATH FOREST
554,SUPPORT VECTOR MACHINE
554,SUPPORT VECTOR MACHINE CLASSIFIER
4009,ROBUST FEATURES
3171,AUTOMATIC IDENTIFICATION
827,SCALE-INVARIANT FEATURE TRANSFORM
4014,ENDOSCOPIC IMAGES
4009,SPEEDED UP ROBUST FEATURES
214,TRAINING SET
214,TRAINING PHASE
1586,IMAGE REGIONS
2459,IMAGE SCALE
1311,OPTIMAL PATH
1458,RECOGNITION RATE
4010,ESOPHAGEAL ADENOCARCINOMA
4744,DICTIONARY SIZE
441,MULTIPLE INSTANCE LEARNING
1318,GRAPH PARTITIONING
1554,PATTERN RECOGNITION TECHNIQUES
189,FEATURE EXTRACTION TECHNIQUES
678,BENCHMARK DATABASES
3999,BARRETT'S ESOPHAGUS
78,MACHINE LEARNING
1554,PATTERN RECOGNITION
32,GRAPHICS PROCESSING UNITS
5,RENDERING (COMPUTER GRAPHICS)
31,PIPELINES
158,COMPUTATIONAL MODELING
344,COMPUTER ARCHITECTURE
913,PROGRAMMING
1302,SCALABLE
1526,BODY POSITION
43,FIRST PASS
913,PROGRAMMING MODEL
4524,LINE SEGMENT
1415,SINGLE THREAD
2687,FRAMES PER SECOND
52,KERNEL COMPUTATION
189,FEATURE EXTRACTION
554,SUPPORT VECTOR MACHINES
391,VIDEO SEQUENCES
2072,HISTOGRAMS
3159,PRINCIPAL COMPONENT ANALYSIS
284,TRANSFORMS
214,TRAINING
391,VIDEO SEQUENCES
2176,VIDEO SCENES
554,SUPPORT VECTOR MACHINE
977,RANDOM FOREST
4148,DESCRIPTIVE CHARACTERISTICS
1183,MIXTURE MODEL
819,VISUAL FEATURES
2759,BACKGROUND SUBTRACTION
337,STOCHASTIC GRADIENT DESCENT
896,RADIAL BASIS FUNCTION
2164,VIDEO FRAMES
1183,GAUSSIAN MIXTURE MODEL
896,RADIAL BASIS FUNCTION KERNEL
1503,GAUSSIAN BLUR
971,LINEAR KERNEL
2331,ADABOOST
448,OBJECTS IN THE SCENE
554,SUPPORT VECTOR MACHINE TECHNIQUE
670,HISTOGRAM EQUALIZATION
3029,GEOMETRIC INFORMATION
214,TRAINING STEP
554,LINEAR SUPPORT VECTOR MACHINE
554,SUPPORT VECTOR MACHINE CLASSIFIER
3280,VIDEO ANALYSIS
1573,SURVEILLANCE SYSTEMS
1145,SEMANTICS
77,VISUALIZATION
1,IMAGE COLOR ANALYSIS
1523,IMAGE QUALITY
560,TESTING
1619,INTEGRATED CIRCUITS
214,TRAINING
1523,IMAGE QUALITY
1145,VISUAL SEMANTICS
1523,BLIND IMAGE QUALITY ASSESSMENT
1349,LOCAL PATTERNS
1941,SEMANTIC INFORMATION
1219,TEXTURE FEATURES
327,REFERENCE IMAGE
3696,SEMANTIC FEATURES
977,RANDOM FOREST REGRESSION
1749,QUALITY ASSESSMENT METHODS
196,CONVOLUTIONAL NEURAL NETWORK
2163,VISUAL INFORMATION
1079,ADDITIVE NOISE
196,DEEP CONVOLUTIONAL NEURAL NETWORK
1234,TEXTUAL DESCRIPTIONS
1503,GAUSSIAN BLUR
1491,SUPPORT VECTOR REGRESSION
3965,COLOR CHANNELS
2871,COLOR INFORMATION
214,TRAINING SUBSETS
3557,CENTRAL PIXEL
2104,IMPULSIVE NOISE
2810,NEIGHBORING PIXELS
2614,TEST SUBSET
1523,IMAGE QUALITY ASSESSMENT
3559,OPPOSITE COLOR LOCAL BINARY PATTERNS
1878,IMAGENET
192,DEEP LEARNING
3696,SEMANTIC FEATURES
2760,KALMAN FILTERS
59,UNCERTAINTY
4480,TARGET TRACKING
77,VISUALIZATION
1987,FUSES
237,ADAPTATION MODELS
2760,KALMAN FILTER
37,TRACKING ALGORITHM
2738,HIDDEN MARKOV MODEL
70,BOUNDING BOX
1370,TARGET OBJECT
771,OPTICAL FLOW
4443,COLOR HISTOGRAM
446,OBJECT TRACKING
2760,KALMAN FILTER
284,TRANSFORMS
189,FEATURE EXTRACTION
78,MACHINE LEARNING
2345,GEOLOGY
2899,TOOLS
214,TRAINING
192,DEEP LEARNING
4451,AUTOMATIC DETECTION
230,FALSE POSITIVE
196,NEURAL NETWORK
4083,HOUGH TRANSFORM
196,CONVOLUTIONAL NEURAL NETWORK
554,SUPPORT VECTOR MACHINE
2354,BINARY IMAGE
508,EDGE DETECTION
1197,ALEXNET
192,DEEP LEARNING STRATEGIES
192,DEEP LEARNING
5032,AUTOMATIC FRACTURE DETECTION
1554,PATTERN RECOGNITION
1300,CLUSTERING ALGORITHMS
1889,STRESS
77,VISUALIZATION
1889,STRESS MEASUREMENT
2670,MATHEMATICAL MODEL
66,QUALITY MEASURES
1931,DIMENSIONAL SPACE
1300,CLUSTERING ALGORITHM
4393,DATA CLUSTERING
2062,CONTROL POINTS
3837,QUALITY METRICS
2055,VISUAL SPACE
3038,CLASS INSTANCES
3162,SILHOUETTE COEFFICIENT
3427,BOXPLOTS
57,SHAPE
297,IMAGE SEGMENTATION
549,PRODUCTION
1653,TONGUE
680,MAGNETIC RESONANCE IMAGING
680,REAL-TIME MAGNETIC RESONANCE IMAGING
1669,VOCAL TRACT MORPHOLOGY
5060,LEVEL SET METHOD
5059,APRAXIA OF SPEECH
471,QUANTITATIVE EVALUATION
877,PRIOR INFORMATION
305,ENERGY FUNCTION
469,FALSE NEGATIVE RATE
5059,SPEECH THERAPY
2365,IMAGE NOISE
502,SEGMENTATION RESULTS
2014,AUTOMATIC SEGMENTATION
884,TEMPORAL COHERENCE
4193,ACTIVE CONTOUR MODEL
2946,DENTAL ARCH
189,FEATURE EXTRACTION
1944,BLOOD
1,IMAGE COLOR ANALYSIS
1201,DISEASES
297,IMAGE SEGMENTATION
300,NEURAL NETWORKS
554,SUPPORT VECTOR MACHINES
196,NEURAL NETWORK
196,CONVOLUTIONAL NEURAL NETWORK
2924,BLOOD SMEARS
1705,PRE-TRAINED NETWORK
196,PRE-TRAINED CONVOLUTIONAL NEURAL NETWORK
554,SUPPORT VECTOR MACHINE
977,RANDOM FOREST
486,MULTILAYER PERCEPTRON
3261,FEATURE SELECTION TECHNIQUES
4243,USE OF TECHNIQUES
199,CONVOLUTIONAL LAYERS
304,IMAGE CLASSIFICATION
1219,TEXTURE FEATURES
663,COLOR SPACE
2027,MAJORITY VOTING
1196,GRAY LEVEL CO-OCCURRENCE MATRIX
526,COMPUTER-AIDED DIAGNOSIS SYSTEM
1197,ALEXNET
2926,IMAGE DATABASE
189,FEATURE EXTRACTION STEP
1350,FRACTAL DIMENSION
507,SEGMENTATION STEP
1639,LEUKEMIA
526,COMPUTER-AIDED DIAGNOSIS
196,CONVOLUTIONAL NEURAL NETWORKS
299,TRANSFER LEARNING
321,CAMERAS
5047,ALGORITHM DESIGN AND ANALYSIS
935,TRANSMISSION LINE MATRIX METHODS
423,POSE ESTIMATION
55,THREE-DIMENSIONAL DISPLAYS
2844,DISTORTION
31,PIPELINES
326,IMAGE PAIRS
423,POSE ESTIMATION
1737,SPHERICAL IMAGE
379,COMPUTER VISION
1871,ERROR METRICS
4614,RANDOM SAMPLE CONSENSUS
4526,CAMERA MODEL
424,CAMERA POSE
3764,TRANSLATION VECTOR
1736,SPHERICAL DOMAIN
4526,PINHOLE CAMERA MODEL
1467,SINGULAR VALUE
4266,COORDINATION SPHERE
1467,SINGULAR VALUE DECOMPOSITION
635,AFFINE TRANSFORMATION
1745,SPHERICAL PROJECTION
400,EXTRINSIC PARAMETERS
423,CAMERA POSE ESTIMATION
536,SYNTHETIC IMAGES
4955,HOMOGENEOUS COORDINATES
1737,SPHERICAL IMAGES
1106,KEYPOINT DETECTION AND MATCHING
423,POSE ESTIMATION
1171,AGRICULTURE
2335,REMOTE SENSING
975,SATELLITES
214,TRAINING
189,FEATURE EXTRACTION
185,EARTH
192,DEEP LEARNING
192,DEEP LEARNING TECHNIQUES
196,NEURAL NETWORK
196,CONVOLUTIONAL NEURAL NETWORK
804,AUTOENCODER
2335,REMOTE SENSING
1913,TEMPORAL INFORMATION
2335,REMOTE SENSING DATA
616,SPATIAL RESOLUTION
480,SOYBEAN
554,SUPPORT VECTOR MACHINE
199,CONVOLUTIONAL LAYERS
983,NORMALIZED DIFFERENCE VEGETATION INDEX
2336,SPATIAL CONTEXT
578,DEEP BELIEF NETWORK
196,CONVOLUTIONAL NEURAL NETWORK ARCHITECTURE
3778,CONDITIONAL RANDOM FIELD
818,IMAGE PIXELS
1037,SPATIAL DOMAIN
115,DIGITAL ELEVATION MODEL
4919,CROP RECOGNITION
196,CONVOLUTIONAL NEURAL NETWORKS
214,TRAINING
890,NOISE MEASUREMENT
1540,IMAGE DENOISING
2033,NOISE REDUCTION
3120,BIOLOGICAL NEURAL NETWORKS
1499,GAUSSIAN NOISE
40,NEURONS
588,BOLTZMANN MACHINE
588,RESTRICTED BOLTZMANN MACHINE
1499,GAUSSIAN NOISE
1690,MACHINE LEARNING APPROACHES
994,DIFFERENT LEVELS OF NOISE
839,IMAGE ACQUISITION PROCESS
1499,LEVELS OF GAUSSIAN NOISE
196,NEURAL NETWORK
214,TRAINING SET
1523,IMAGE QUALITY
197,DEEP NEURAL NETWORK
4699,PROBABILISTIC MODEL
1307,CONDITIONAL PROBABILITY
522,TEST PHASE
299,TRANSFER LEARNING
2365,IMAGE NOISE
1568,LEARNING PHASE
3355,WIENER FILTER
3220,NOISY SET
4898,IMAGES OF HANDWRITTEN DIGITS
632,PEAK SIGNAL-TO-NOISE RATIO
1472,DIGITAL DATASET
1000,HIGH NOISE LEVELS
498,IMAGE RESTORATION
78,MACHINE LEARNING
588,RESTRICTED BOLTZMANN MACHINE
214,TRAINING
794,IMAGE RECONSTRUCTION
618,IMAGE RESOLUTION
189,FEATURE EXTRACTION
1,IMAGE COLOR ANALYSIS
1288,INTERPOLATION
2034,RECONSTRUCTION ALGORITHMS
1533,SUPER-RESOLUTION
3796,EXTREME LEARNING MACHINE
243,SINGLE IMAGE SUPER-RESOLUTION
242,LARGE DATASETS
192,DEEP LEARNING
622,LOW RESOLUTION
982,FEATURE SPACE
214,TRAINING TIME
643,LOW-RESOLUTION IMAGES
2956,RECONSTRUCTION QUALITY
214,TRAINING DATASET
621,HIGH-RESOLUTION IMAGES
221,HIDDEN LAYER
818,IMAGE PIXELS
1501,FEED-FORWARD NETWORK
663,COLOR SPACE
3557,CENTRAL PIXEL
3604,LOW-RESOLUTION INPUT
1288,BICUBIC INTERPOLATION
598,NEURON ACTIVATION FUNCTION
1550,SUPER-RESOLUTION ALGORITHMS
678,DATABASES
187,FACE RECOGNITION
214,TRAINING
317,PROTOCOLS
560,TESTING
187,FACE
300,NEURAL NETWORKS
378,CONVOLUTIONAL NETWORK
620,FACIAL EXPRESSIONS
187,FACE RECOGNITION
2274,FACIAL EXPRESSION RECOGNITION
196,NEURAL NETWORK
196,CONVOLUTIONAL NEURAL NETWORK
678,LITERATURE DATABASES
3693,RECOGNITION PROBLEM
3121,RANDOM INITIALIZATION
1559,NEURAL NETWORK APPROACH
85,MODEL PERFORMANCE
214,TRAINING SET
554,SUPPORT VECTOR MACHINE
197,DEEP NEURAL NETWORK
214,TRAINING PHASE
215,DATA AUGMENTATION
334,NUMBER OF IMAGES
4813,EYE POSITION
941,FINE-TUNED MODEL
3778,CONDITIONAL RANDOM FIELD
3806,MULTIPLE KERNEL LEARNING
2396,LITERARY WORKS
3205,RESULTS IN THE LITERATURE
601,BASE LEARNING RATE
189,FEATURE EXTRACTION
953,BIOLOGICAL SYSTEM MODELING
158,COMPUTATIONAL MODELING
187,FACE
1,IMAGE COLOR ANALYSIS
2766,DOGS
661,IMAGE DATASET
1599,IMAGE OBJECT
2027,MAJORITY VOTING
1822,DEPTH MAP
445,APPEARANCE FEATURES
92,CONTRIBUTION OF FEATURES
511,OBJECT ANNOTATIONS
4480,TARGET TRACKING
65,CORRELATION
513,ROBUSTNESS
77,VISUALIZATION
5014,FUSION METHOD
391,VIDEO SEQUENCES
569,ORIGINAL APPROACH
4838,ILLUMINATION VARIATIONS
3214,POSITIVE SAMPLES
70,BOUNDING BOX
1370,TARGET OBJECT
204,IMAGE PATCHES
37,TRACKING ALGORITHM
628,PREVIOUS FRAME
254,FUSION APPROACH
450,OBJECT APPEARANCE
446,OBJECT TRACKING
761,GESTURE RECOGNITION
189,FEATURE EXTRACTION
2738,HIDDEN MARKOV MODELS
369,IMAGE RECOGNITION
38,EIGENVALUES AND EIGENFUNCTIONS
285,COMPLEXITY THEORY
761,GESTURE RECOGNITION
356,COMPUTATIONAL COST
1931,DIMENSIONAL SPACE
1207,SPATIAL INFORMATION
379,COMPUTER VISION
3067,HUMAN-COMPUTER INTERACTION
1913,TEMPORAL INFORMATION
3280,VIDEO ANALYSIS
825,COMPACT REPRESENTATION
379,COMPUTER VISION AREA
38,EIGENVALUES
909,EIGENVECTORS
4810,RANDOM SELECTION
2738,HIDDEN MARKOV MODEL
334,NUMBER OF IMAGES
4680,VECTOR-BASED
2168,DYNAMIC TIME WARPING
1458,RECOGNITION RATE
4038,PRE-PROCESSING TECHNIQUES
761,GESTURE RECOGNITION
498,IMAGE RESTORATION
300,NEURAL NETWORKS
1732,DEGRADATION
214,TRAINING
78,MACHINE LEARNING
3864,ATMOSPHERIC MODELING
344,COMPUTER ARCHITECTURE
192,DEEP LEARNING
196,NEURAL NETWORK
196,CONVOLUTIONAL NEURAL NETWORK
1732,DEGRADATION EFFECT
2926,IMAGE DATABASE
5088,REAL SCENES
3866,SIMPLE MODEL
214,TRAINING SET
200,FEATURE MAPS
1533,SUPER-RESOLUTION
32,GRAPHICS PROCESSING UNIT
326,IMAGE PAIRS
3869,IMAGE FORMATION
1822,DEPTH MAP
4223,OBJECT DISTANCE
3871,LIGHT RAYS
3876,TRANSMISSION MAP
3874,SCENE DEPTH
3873,KINECT CAMERA
297,IMAGE SEGMENTATION
42,IMAGING
284,TRANSFORMS
2072,HISTOGRAMS
57,SHAPE
680,MAGNETIC RESONANCE IMAGING
5169,COMMON CAROTID ARTERY LUMEN
5168,ATHEROSCLEROSIS
622,LOW RESOLUTION
303,FALSE POSITIVE RATE
447,SUPERVISED LEARNING
500,SEGMENTATION METHOD
3082,DYNAMIC IMAGING
502,SEGMENTATION RESULTS
2536,DICE SIMILARITY COEFFICIENT
680,DYNAMIC MAGNETIC RESONANCE IMAGING
2354,BINARY IMAGE
977,RANDOM FOREST CLASSIFIER
2951,RAW DATA
2487,IMAGE GRADIENT
189,FEATURE EXTRACTION
214,TRAINING
297,IMAGE SEGMENTATION
57,SHAPE
1905,DATA MINING
300,NEURAL NETWORKS
2136,LAYOUT
196,CONVOLUTIONAL NEURAL NETWORK
645,CONTEXTUAL INFORMATION
306,PRECISION AND RECALL
486,MULTILAYER PERCEPTRON
214,TRAINING SET
289,VALIDATION SET
199,CONVOLUTIONAL LAYERS
70,BOUNDING BOX
244,GEOMETRIC FEATURES
2860,MAJOR AXIS
2354,BINARY IMAGE
4400,TYPES OF COMPONENTS
2326,VALIDATION ACCURACY
196,CONVOLUTIONAL NEURAL NETWORK CLASSIFIER
196,CONVOLUTIONAL NEURAL NETWORK TRAINING
1693,OTSU'S METHOD
4412,COMPONENT OF IMAGE
196,CONVOLUTIONAL NEURAL NETWORK
158,COMPUTATIONAL MODELING
55,THREE-DIMENSIONAL DISPLAYS
2671,TWO DIMENSIONAL DISPLAYS
54,SOLID MODELING
4046,BONES
2300,ANIMATION
3495,HIERARCHICAL STRUCTURE
4377,HUMAN BONE
1255,2D MODEL
415,HEURISTIC
70,BOUNDING BOX
4474,FRONTAL VIEW
4549,EULER ANGLES
4627,JOINT POINT
2300,COMPUTER ANIMATION
1104,GEOMETRIC TRANSFORMATIONS
240,SURGERY
158,COMPUTATIONAL MODELING
214,TRAINING
237,ADAPTATION MODELS
54,SOLID MODELING
885,INTERACTIVE
2677,FINITE ELEMENT METHOD
3067,HUMAN-COMPUTER INTERACTION
2842,STRAIN ENERGY
1392,HEAT DIFFUSION
1854,COLLISION DETECTION
4562,TETRAHEDRAL MESH
2687,FRAMES PER SECOND
1118,DEFORMABLE OBJECTS
2987,POWER CALCULATION
2843,EXTERNAL FORCE
3526,SPRING CONSTANT
2300,COMPUTER ANIMATION
2677,FINITE ELEMENT METHOD
3535,MASS-SPRING
5221,MINIMALLY INVASIVE SURGERY
2300,PHYSICS-BASED ANIMATION
1392,HEAT DIFFUSION
297,IMAGE SEGMENTATION
3374,BIOMEDICAL IMAGING
189,FEATURE EXTRACTION
2284,SKELETON
1348,GRAY-SCALE
1669,MATHEMATICAL MORPHOLOGY
5238,RETINAL VESSEL SEGMENTATION
4901,SKELETONIZATION ALGORITHM
5235,BLOOD VESSELS
297,IMAGE SEGMENTATION
1267,FINAL SEGMENTATION
5235,RETINAL BLOOD VESSELS
4971,POSITIVE PREDICTIVE VALUE
303,FALSE POSITIVE RATE
1348,GRAYSCALE IMAGES
469,FALSE NEGATIVE RATE
1183,GAUSSIAN MIXTURE MODEL
5248,FUZZY CLUSTERING ALGORITHM
504,MORPHOLOGICAL OPERATIONS
3,HUMAN OBSERVERS
5238,RETINAL BLOOD VESSEL SEGMENTATION
1669,MATHEMATICAL MORPHOLOGY
2694,MICROSCOPY
3138,DUCTS
3834,ANISOTROPIC MAGNETORESISTANCE
2670,MATHEMATICAL MODEL
423,ESTIMATION
1654,MICE
55,THREE-DIMENSIONAL DISPLAYS
2694,CONFOCAL MICROSCOPY
2694,CONFOCAL MICROSCOPY IMAGES
839,IMAGE ACQUISITION
1523,IMAGE QUALITY
632,PEAK SIGNAL-TO-NOISE RATIO
3840,ANISOTROPIC DIFFUSION
839,IMAGE ACQUISITION PROCESS
4729,IMAGES OF SAMPLES
2101,MEDIAN FILTER
1669,MATHEMATICAL MORPHOLOGY
2487,IMAGE GRADIENT
2821,NOISE ESTIMATION
3138,INTRAHEPATIC DUCTS
826,HISTOGRAM OF VALUES
3840,ANISOTROPIC DIFFUSION
835,IMAGE PROCESSING
77,VOLUMETRIC VISUALIZATION
519,BREAST CANCER
524,MAMMOGRAPHY
217,ENTROPY
890,NOISE MEASUREMENT
322,CONTEXT
527,MEDICAL IMAGING
78,LEARNING ALGORITHMS
1540,DENOISING
623,SOURCE CODE
1219,TEXTURE FEATURES
2365,IMAGE NOISE
519,BREAST CANCER SCREENING
3845,AMOUNT OF NOISE
526,COMPUTER-AIDED DIAGNOSIS
3845,LARGE AMOUNT OF NOISE
526,COMPUTER-AIDED DIAGNOSIS SYSTEM
518,MAMMOGRAPHIC IMAGES
519,BREAST CANCER
554,SUPPORT VECTOR MACHINE
524,DIGITAL MAMMOGRAPHY
1063,INFLUENCE OF NOISE
1348,GRAYSCALE IMAGES
4577,PARTIAL MATCH
5270,INFORMATION THEORY
1839,APPROXIMATION ALGORITHMS
5047,ALGORITHM DESIGN AND ANALYSIS
1847,TIME COMPLEXITY
2712,INDEXES
2205,STANDARDS
2110,SORTING
77,VISUALIZATION
4406,CONVEX HULL
4406,CONVEX HULL COMPUTATION
396,RUNNING TIME
1007,PERCENTAGE POINTS
1846,MAXIMUM DISTANCE
1847,TIME COMPLEXITY
2731,UNIT CIRCLE
157,EDGE GEOMETRY
70,MINIMUM BOUNDING BOX
1640,MAXIMUM POINT
4406,CONVEX HULL
4336,PROBABILISTIC LOGIC
158,COMPUTATIONAL MODELING
1839,APPROXIMATION ALGORITHMS
513,ROBUSTNESS
2473,PROBABILITY DISTRIBUTION
237,ADAPTATION MODELS
1189,PROBABILITY DENSITY FUNCTION
4406,CONVEX HULL
1125,ERROR MODEL
4395,DIVIDE-AND-CONQUER
4395,DIVIDE-AND-CONQUER APPROACH
78,LEARNING ALGORITHMS
396,RUNNING TIME
1007,PERCENTAGE POINTS
1820,LOCAL POINT
3507,APPLICABILITY DOMAIN
5291,POINTS IN ORDER
157,COMPUTATIONAL GEOMETRY
2695,MERGING ALGORITHM
2695,MERGING STEP
4406,CONVEX HULL
55,THREE-DIMENSIONAL DISPLAYS
57,SHAPE
2072,HISTOGRAMS
1367,OBJECT RECOGNITION
423,POSE ESTIMATION
1,COLOR
1,IMAGE COLOR ANALYSIS
1367,OBJECT RECOGNITION
236,POINT CLOUD
423,POSE ESTIMATION
1337,GLOBAL DESCRIPTORS
423,HUMAN POSE ESTIMATION
3242,OBJECT POSE
1912,REFERENCE FRAME
1126,3D POINT
1458,RECOGNITION RATE
2198,OBJECT INSTANCES
520,LOCAL FEATURES
2871,COLOR INFORMATION
1313,NEAREST NEIGHBOR SEARCH
252,ITERATIVE CLOSEST POINT
2933,SHAPE DESCRIPTORS
1331,LOCAL DESCRIPTORS
1126,3D POINT CLOUD
1288,TRILINEAR INTERPOLATION
423,ACCURACY OF POSE ESTIMATION
911,SURFACE NORMALS
1367,OBJECT RECOGNITION
423,POSE ESTIMATION
77,VISUALIZATION
2388,OPTICAL IMAGING
158,COMPUTATIONAL MODELING
2389,ADAPTIVE OPTICS
5236,RETINA
321,CAMERAS
1562,HUMAN EYE
544,STRUCTURAL SIMILARITY
1998,TARGET IMAGE
4209,PUPIL SIZE
632,PEAK SIGNAL-TO-NOISE RATIO
5162,SIMULATED IMAGES
4500,FOCAL LENGTH
632,PEAK SIGNAL-TO-NOISE RATIO VALUES
3851,CAMERA LENS
5332,LOW-ORDER ABERRATIONS
616,SPATIAL RESOLUTION
489,ENCODING
379,COMPUTER VISION
2,STREAMING MEDIA
269,OBJECT DETECTION
2114,VIDEO COMPRESSION
379,COMPUTER VISION
2164,VIDEO FRAMES
775,OPTICAL CHARACTER RECOGNITION
3122,COMPRESSION LEVEL
616,SPATIAL RESOLUTION
269,OBJECT DETECTION
246,FACIAL FEATURES
851,OBJECT OF INTEREST
632,PEAK SIGNAL-TO-NOISE RATIO
391,VIDEO SEQUENCES
4899,VISUAL SIMILARITY
4466,SUM OF SQUARED DIFFERENCES
758,VIDEO ENCODING
621,HIGH-RESOLUTION VIDEO
1678,RAW VIDEO
789,LICENSE PLATE RECOGNITION
736,VIDEO CODING
2122,GROUP OF PICTURES
269,OBJECT DETECTION AND TRACKING
2114,VIDEO COMPRESSION
379,COMPUTER VISION APPLICATIONS
321,CAMERAS
266,VEHICLES
3633,CALIBRATION
390,ROADS
322,CONTEXT
189,FEATURE EXTRACTION
157,GEOMETRY
463,PEDESTRIAN DETECTION
394,ONBOARD CAMERA
3579,DETECTION APPROACH
398,INTRINSIC PARAMETERS
321,USE OF CAMERAS
413,ADVANCED DRIVER ASSISTANCE SYSTEMS
400,EXTRINSIC PARAMETERS
554,SUPPORT VECTOR MACHINE
1367,OBJECT RECOGNITION
70,BOUNDING BOX
472,GROUND PLANE
1140,IMAGE COORDINATES
4526,CAMERA MODEL
1013,HISTOGRAM OF ORIENTED GRADIENTS
70,HEIGHT OF THE BOUNDING BOX
405,WORLD COORDINATE SYSTEM
4526,PINHOLE CAMERA MODEL
1435,IMAGE PYRAMID
398,CAMERA INTRINSIC PARAMETERS
419,MONOCULAR CAMERA
405,WORLD COORDINATE
463,PEDESTRIAN DETECTION
321,ONBOARD VEHICULAR CAMERAS
5371,CAMERA CALIBRATION
187,FACE
214,TRAINING
4454,ACTIVE APPEARANCE MODEL
57,SHAPE
78,MACHINE LEARNING
423,ESTIMATION
300,NEURAL NETWORKS
196,CONVOLUTIONAL NEURAL NETWORK
215,DATA AUGMENTATION
718,AGE ESTIMATION
192,DEEP LEARNING
2128,EXPERIMENTAL EVALUATION
2396,LITERARY WORKS
196,CONVOLUTIONAL NEURAL NETWORK MODEL
257,HUMAN FACES
242,LARGE DATASETS
199,CONVOLUTIONAL LAYERS
340,INPUT IMAGE
246,FACIAL FEATURES
202,FACE IMAGES
2383,SHAPE MODEL
196,CONVOLUTIONAL NEURAL NETWORK CLASSIFIER
667,FACE DETECTION
1404,FACIAL AGE
215,DATA AUGMENTATION TECHNIQUES
215,DATA AUGMENTATION
718,AGE ESTIMATION
192,DEEP LEARNING
5381,FIDUCIAL POINTS
667,FACE DETECTION
187,FACE
187,FACE RECOGNITION
2218,LIGHTING
214,TRAINING
433,SURVEILLANCE
2033,NOISE REDUCTION
189,FEATURE EXTRACTION
187,FACE RECOGNITION
620,FACIAL EXPRESSIONS
202,FACE IMAGES
391,VIDEO SEQUENCES
3086,VIDEO DATASET
197,DEEP NEURAL NETWORK
2738,HIDDEN MARKOV MODEL
5105,CLEAN DATA
1764,KULLBACK-LEIBLER
2648,NOISY DATA
3583,PIXEL RESOLUTION
2027,MAJORITY VOTING
4145,IMAGING PROBES
1458,RECOGNITION RATE
629,NEUTRAL EXPRESSIONS
4612,VARIABLE LIGHT
825,COMPACT REPRESENTATION
207,GALLERY IMAGES
4470,DISSIMILARITY METRICS
2776,UNIFORM ILLUMINATION
221,HIDDEN LAYER
4838,ILLUMINATION VARIATIONS
187,FACE RECOGNITION
433,SURVEILLANCE
2388,OPTICAL IMAGING
5235,BLOOD VESSELS
3374,BIOMEDICAL IMAGING
2077,DIABETES
65,CORRELATION
77,VISUALIZATION
5236,RETINA
5240,FUNDUS IMAGES
1881,EYE IMAGES
5235,BLOOD VESSELS
2926,IMAGE DATABASE
4250,DARK REGIONS
2098,AVERAGE EUCLIDEAN DISTANCE
835,IMAGE PROCESSING
5405,CROSS-CORRELATION
5410,DIABETIC RETINOPATHY
214,TRAINING
1367,OBJECT RECOGNITION
55,THREE-DIMENSIONAL DISPLAYS
54,SOLID MODELING
423,POSE ESTIMATION
557,IMAGE EDGE DETECTION
4686,ELECTRONIC MAIL
1367,OBJECT RECOGNITION
1367,EFFICIENT OBJECT RECOGNITION
635,AFFINE TRANSFORMATION
423,POSE ESTIMATION
4356,DELAUNAY TRIANGULATION
423,HUMAN POSE ESTIMATION
205,QUERY IMAGE
3242,OBJECT POSE
4810,RANDOM SELECTION
1986,IMAGE REGISTRATION
334,NUMBER OF IMAGES
1355,GRID CELLS
5244,TOPOLOGICAL PROPERTIES
4489,IMAGE POSITION
2526,GROUND TRUTH SEGMENTATION
2342,PERSPECTIVE TRANSFORMATION
129,FILTERING STAGE
334,LARGE NUMBER OF IMAGES
1110,LOCAL IMAGE FEATURE MATCHING; SEMI-LOCAL GRAPH MATCHING; GRAPH TOPOLOGICAL PROPERTIES
55,THREE-DIMENSIONAL DISPLAYS
189,FEATURE EXTRACTION
3360,HEART
794,IMAGE RECONSTRUCTION
4670,MATRIX DECOMPOSITION
678,DATABASES
3360,CONGESTIVE HEART FAILURE
3360,DIAGNOSIS OF HEART FAILURE
680,MAGNETIC RESONANCE IMAGING
3369,LEFT VENTRICULAR
292,AVERAGE PRECISION
680,MAGNETIC RESONANCE IMAGING IMAGES
4269,SIMILAR OBJECTS
3754,GEOMETRIC OBJECTS
811,CONTENT-BASED IMAGE RETRIEVAL
2417,DIAGONAL MATRIX
3489,REPRESENTATIVE MODEL
1467,SINGULAR VALUE DECOMPOSITION
62,3D MESH
4961,MANHATTAN DISTANCE
2416,LAPLACIAN MATRIX
4272,3D DOMAIN
157,MESH GEOMETRY
4083,HOUGH TRANSFORM
1384,SPHERICAL HARMONICS
3641,RECALL CURVE
811,CONTENT-BASED IMAGE RETRIEVAL (CBIR)
3360,CONGESTIVE HEART FAILURE
1099,DEFORMABLE MODELS
2671,TWO DIMENSIONAL DISPLAYS
285,COMPLEXITY THEORY
322,CONTEXT
55,THREE-DIMENSIONAL DISPLAYS
54,SOLID MODELING
3010,GENERAL METHOD
3730,LINEAR CONSTRAINTS
113,TRIANGULAR MESH
4562,TETRAHEDRAL
5062,FIXED POINT
2062,CONTROL POINTS
896,RADIAL BASIS FUNCTION
1049,MESH VERTICES
2406,EDIT OPERATIONS
912,SMOOTHING
4531,MORPHING
659,EDITING
1117,DEFORMATION
5437,SPLINES
1486,LEAST SQUARES
4531,MORPHING
3720,SURFACE TREATMENT
959,MONITORING
238,TEMPERATURE SENSORS
2098,EUCLIDEAN DISTANCE
5,GRAPHICS
2352,COVERAGE AREA
5455,WIRELESS SENSOR NETWORKS
4691,SPANNING TREE
3106,FOURTH STEP
2609,VORONOI DIAGRAM
1104,GEOMETRIC TRANSFORMATION
4356,DELAUNAY TRIANGULATION
4955,HOMOGENEOUS COORDINATES
5455,WIRELESS SENSOR NETWORK
5462,SENSOR NODES
5456,DEPLOYMENT
868,SIMULATION
55,THREE-DIMENSIONAL DISPLAYS
1477,CONTROL SYSTEMS
549,OPTIMIZED PRODUCTION TECHNOLOGY
871,TUTORIALS
442,SOFTWARE
157,GEOMETRY
1882,TOPOLOGY
70,BOUNDING BOX
62,3D MESH
1848,ROOT NODE
3590,DIRECTED ACYCLIC GRAPH
4553,SCENE GRAPH
3628,VOLUME MESH
54,MODELING
2299,HARDWARE
3100,FIELD PROGRAMMABLE GATE ARRAYS
344,COMPUTER ARCHITECTURE
890,NOISE MEASUREMENT
129,IMAGE FILTERING
1998,TARGET IMAGE
755,BINARY TREE
1546,NOISY IMAGES
3151,PIXEL WINDOW
913,GENETIC PROGRAMMING
129,FILTERING IMAGES
101,DATA INTEGRATION
322,CONTEXT
189,FEATURE EXTRACTION
4213,SURFACE ACOUSTIC WAVES
698,VISUAL IMPAIRMENT
3792,DATA FUSION
1854,COLLISION
4217,SITUATIONAL AWARENESS
4225,PROJECTION PROCESS
379,COMPUTER VISION TECHNIQUES
4216,NEAR FUTURE
554,SUPPORT VECTOR MACHINE
3378,BAYESIAN MODEL
1087,CENTER OF MASS
1599,IMAGE OBJECT
4091,VELOCITY VECTOR
421,INDOOR ENVIRONMENTS
663,COLOR SPACE
771,OPTICAL FLOW
842,SEGMENTATION PROCESS
448,OBJECTS IN THE SCENE
663,RGB COLOR SPACE
5371,CAMERA CALIBRATION
1104,GEOMETRIC TRANSFORMATION
238,EXTERNAL SENSORS
486,MULTILAYER PERCEPTRON
6,SKIN
1,IMAGE COLOR ANALYSIS
187,FACE
297,IMAGE SEGMENTATION
678,DATABASES
58,ISO STANDARDS
6,SKIN COLOR
193,BIOMETRIC CHARACTERISTICS
206,EQUAL ERROR RATE
340,INPUT IMAGE
187,FACE RECOGNITION
663,COLOR SPACE
202,FACE IMAGES
2871,COLOR INFORMATION
667,FACE DETECTION
1193,PERCENTAGE OF PIXELS
540,INPAINTING
668,SKIN REGIONS
1645,COLOR MODEL
276,HSV COLOR
675,UNNATURAL SKIN TONE
5511,INTERNATIONAL CIVIL AVIATION ORGANIZATION (ICAO)
58,ISO/IEC 19794-5
187,FACE
3574,IRIS
1,IMAGE COLOR ANALYSIS
678,DATABASES
557,IMAGE EDGE DETECTION
6,SKIN
2205,STANDARDS
202,FACE IMAGES
2396,LITERARY WORKS
193,BIOMETRIC CHARACTERISTICS
5511,INTERNATIONAL CIVIL AVIATION ORGANIZATION
554,SUPPORT VECTOR MACHINE
2443,EYE-TRACKING
2354,BINARY IMAGE
508,EDGE DETECTION
2871,COLOR INFORMATION
1886,GAZE DIRECTION
1645,COLOR MODEL
1881,EYE IMAGES
206,EQUAL ERROR RATE
5517,SOFTWARE DEVELOPMENT KIT
1886,EYE GAZE DIRECTION
276,HSV COLOR
4838,ILLUMINATION VARIATIONS
1402,WHITE PIXELS
4083,HOUGH TRANSFORM
1,IMAGE COLOR ANALYSIS
187,FACE
717,MOUTH
1388,HAIR
1523,IMAGE QUALITY
678,DATABASES
6,SKIN
202,FACE IMAGES
206,ERROR RATE
193,BIOMETRIC
5510,INTERNATIONAL ORGANIZATION FOR STANDARDIZATION
206,EQUAL ERROR RATE
1101,DETECTION METHODS
554,SUPPORT VECTOR MACHINE
6,SKIN COLOR
187,FACE RECOGNITION
663,COLOR SPACE
508,EDGE DETECTION
257,HUMAN FACES
5513,HUMAN EXPERTS
3729,FACE AREA
194,SUNGLASSES
2871,COLOR INFORMATION
1645,COLOR MODEL
1,COLOR ANALYSIS
4083,HOUGH TRANSFORM
5511,INTERNATIONAL CIVIL AVIATION ORGANIZATION
3666,AUTOMATED TELLER MACHINES
276,HSV COLOR
508,CANNY EDGE DETECTION
1523,FACE IMAGE QUALITY
5537,ICAO
58,ISO/IEC 19794-5
1388,HAIR ACROSS EYES
717,MOUTH OPENED
2,STREAMING MEDIA
0,GAMES
77,VISUALIZATION
189,FEATURE EXTRACTION
2072,HISTOGRAMS
812,IMAGE REPRESENTATION
3280,VIDEO ANALYSIS
290,PUBLIC DATASETS
4725,AUTOMATIC CLASSIFICATION
704,IMAGE DESCRIPTORS
0,VIDEO GAMES
2877,TEAM SPORTS
2164,VIDEO FRAMES
3685,LOW-LEVEL FEATURES
827,SCALE-INVARIANT
812,IMAGE REPRESENTATION
3794,SINGLE VECTOR
2160,VIDEO CONTENT
4716,CODEWORD
1331,LOCAL DESCRIPTORS
3086,VIDEO DATASET
4444,SINGLE FEATURE VECTOR
1337,GLOBAL DESCRIPTORS
2027,MAJORITY VOTING
4448,MID-LEVEL VIDEO REPRESENTATION
888,VIDEOS
189,FEATURE EXTRACTION
3937,MOTION SEGMENTATION
3310,TRAJECTORY
77,VISUALIZATION
297,IMAGE SEGMENTATION
4711,ACTION CLASSES
4712,HUMAN ACTION CLASSIFICATION
521,CLASSIFICATION TASK
3067,HUMAN-COMPUTER INTERACTION
3280,VIDEO ANALYSIS
3263,VIDEO SEGMENTS
3896,CLASSIFICATION PROCESS
502,SEGMENTATION RESULTS
1146,ACTION RECOGNITION
4716,CODEWORD
189,FEATURE EXTRACTION STEP
1013,HISTOGRAM OF ORIENTED GRADIENTS
214,REDUCE TRAINING TIME
5552,HISTOGRAM OF DISTANCES
3270,SPATIO-TEMPORAL VIDEO SEGMENTATION
4712,HUMAN ACTION CLASSIFICATION
189,FEATURE EXTRACTION
3310,TRAJECTORY
391,VIDEO SEQUENCES
4845,CULTURAL DIFFERENCES
760,SOCIOLOGY
1988,STATISTICS
1905,DATA MINING
391,VIDEO SEQUENCES
1702,NUMBER OF PEOPLE
4845,CULTURAL DIFFERENCES
4678,FORMATION OF GROUPS
4149,MAHALANOBIS DISTANCE
3324,INDIVIDUAL TRAJECTORIES
37,TRACKING ALGORITHM
405,WORLD COORDINATE SYSTEM
2708,CROWD DENSITY
3310,PEDESTRIAN TRAJECTORY
835,IMAGE PROCESSING
81,CLASSIFICATION
3310,TRAJECTORY
189,FEATURE EXTRACTION
761,GESTURE RECOGNITION
2284,SKELETON
2072,HISTOGRAMS
2865,ROBOT SENSING SYSTEMS
761,GESTURE RECOGNITION
761,DYNAMIC GESTURE RECOGNITION
3435,VOLUME OF DATA
1207,SPATIAL INFORMATION
1526,BODY POSITION
4266,COORDINATION SPHERE
2867,DEPTH DATA
375,SIGN LANGUAGE
5089,RELEVANT POINTS
3711,HAND POSITION
3310,HAND TRAJECTORY
761,HAND GESTURE RECOGNITION
554,SUPPORT VECTOR MACHINE
520,LOCAL FEATURES
2738,HIDDEN MARKOV MODEL
523,GLOBAL FEATURES
2168,DYNAMIC TIME WARPING
2284,SKELETON DATA
3714,HAND SHAPE
5202,BODY JOINTS
3565,GESTURE CLASSIFICATION
554,SUPPORT VECTOR MACHINE CLASSIFIER
3893,KINECT SENSOR
1868,INERTIAL MEASUREMENT UNIT
761,HAND GESTURE RECOGNITION
520,GLOBAL AND LOCAL FEATURES
1,IMAGE COLOR ANALYSIS
1811,RUNTIME
77,VISUALIZATION
557,IMAGE EDGE DETECTION
912,SMOOTHING METHODS
158,COMPUTATIONAL MODELING
890,NOISE MEASUREMENT
3097,SALIENCY DETECTION
4910,DETECTION ACCURACY
3641,PRECISION-RECALL CURVE
108,HUMAN VISUAL SYSTEM
396,AVERAGE RUNNING TIME
2495,SALIENCY MAP
808,IMAGE COMPRESSION
373,VISUAL ATTENTION MECHANISM
811,CONTENT-BASED IMAGE RETRIEVAL
4364,RANDOM SAMPLING
340,INPUT IMAGE
818,IMAGE PIXELS
306,PRECISION AND RECALL
663,COLOR SPACE
1166,HOMOGENEOUS REGIONS
829,SIMPLE LINEAR ITERATIVE CLUSTERING
2794,BILATERAL FILTER
4364,RANDOM SAMPLING APPROACH
3097,SALIENCY DETECTION
2303,VISUAL ATTENTION
189,FEATURE EXTRACTION
2670,MATHEMATICAL MODEL
557,IMAGE EDGE DETECTION
1847,TIME COMPLEXITY
618,IMAGE RESOLUTION
2098,EUCLIDEAN DISTANCE
129,FILTERING
1986,IMAGE REGISTRATION
3852,ROLE IN MANY APPLICATIONS
64,PROCESSING TIME
396,RUNNING TIME
1847,TIME COMPLEXITY
306,PRECISION AND RECALL
326,IMAGE PAIRS
3583,PIXEL RESOLUTION
635,AFFINE TRANSFORMATION
4614,RANDOM SAMPLE CONSENSUS
827,SCALE-INVARIANT FEATURE TRANSFORM
5091,CAMERA MOVEMENT
1118,DEFORMABLE OBJECTS
4009,SPEEDED UP ROBUST FEATURES
129,FILTERING
1,IMAGE COLOR ANALYSIS
2218,LIGHTING
321,CAMERAS
2670,MATHEMATICAL MODEL
4926,RIVERS
2072,HISTOGRAMS
1408,FREQUENCY-DOMAIN ANALYSIS
5166,UNDERWATER IMAGE
640,AMAZONIA
2121,DYNAMIC RANGE
3853,CONTRAST AGENT
340,INPUT IMAGE
366,FAST FOURIER TRANSFORM
1066,HIGH-PASS FILTER
326,IMAGE PAIRS
3869,IMAGE FORMATION
1544,CORRECTION STEP
3603,MEAN OPINION SCORE
276,HSV COLOR
340,SINGLE INPUT IMAGE
5339,OBJECTIVE METRICS
1348,GRAYSCALE IMAGES
655,IMAGE ENHANCEMENT
3869,IMAGE FORMATION PROCESS
1066,BUTTERWORTH HIGH-PASS FILTER
5166,UNDERWATER IMAGES
655,IMAGE ENHANCEMENT
2033,NOISE REDUCTION
55,THREE-DIMENSIONAL DISPLAYS
1348,GRAY-SCALE
2072,HISTOGRAMS
1005,QUANTIZATION (SIGNAL)
2671,TWO DIMENSIONAL DISPLAYS
1540,IMAGE DENOISING
1349,LOCAL PATTERNS
1540,VIDEO DENOISING
250,3D IMAGES
1166,HOMOGENEOUS REGIONS
4836,NON-UNIFORM PATTERN
670,HISTOGRAM
835,IMAGE PROCESSING
470,GAUSSIAN KERNEL
1348,GRAYSCALE
1499,GAUSSIAN NOISE
2461,SCALE CHANGES
5268,BITPLANE
391,VIDEO SEQUENCES
4836,UNIFORM PATTERN
994,DIFFERENT LEVELS OF NOISE
2102,SEARCH WINDOW
1540,DENOISING METHODS
1499,LEVELS OF GAUSSIAN NOISE
3783,NEIGHBORHOOD SIZE
2463,ROTATION CHANGES
3559,LOCAL BINARY PATTERNS
5620,MOST SIGNIFICANT BITS
2106,NON-LOCAL MEANS
1540,VIDEO DENOISING
811,IMAGE RETRIEVAL
77,VISUALIZATION
158,COMPUTATIONAL MODELING
5047,ALGORITHM DESIGN AND ANALYSIS
56,CURRENT MEASUREMENT
82,RELIABILITY
597,COMPUTATIONAL EFFICIENCY
584,UNSUPERVISED LEARNING
811,IMAGE RETRIEVAL
811,IMAGE RETRIEVAL TASK
290,PUBLIC DATASETS
819,VISUAL FEATURES
4385,EFFICIENCY OF METHOD
2630,RANKED LIST
2654,UNSUPERVISED WAY
811,CONTENT-BASED IMAGE RETRIEVAL
2128,EXTENSIVE EXPERIMENTAL EVALUATION
396,RUNNING TIME
1464,SIMILARITY MEASURE
2788,PARALLELIZATION
326,IMAGE PAIRS
205,QUERY IMAGE
584,UNSUPERVISED LEARNING METHODS
292,MEAN AVERAGE PRECISION
4378,UNSUPERVISED METHODS
2632,LIST OF SETS
2628,SIMILAR INFORMATION
549,PRODUCTION SETTINGS
811,CONTENT-BASED IMAGE RETRIEVAL
584,UNSUPERVISED LEARNING
5629,CARTESIAN PRODUCT
2082,EFFECTIVENESS
597,EFFICIENCY
1081,DICTIONARIES
77,VISUALIZATION
189,FEATURE EXTRACTION
214,TRAINING
1145,SEMANTICS
2072,HISTOGRAMS
489,ENCODING
2160,VIDEO CONTENT
825,COMPACT REPRESENTATION
2139,VIDEO EVENTS
4137,CONFIDENCE INTERVAL
267,SEMANTIC
982,FEATURE SPACE
2164,VIDEO FRAMES
292,AVERAGE PRECISION
973,BASELINE METHODS
2630,RANKED LIST
292,MEAN AVERAGE PRECISION
704,IMAGE DESCRIPTORS
4443,COLOR HISTOGRAM
214,TRAINING FRAMES
5636,VIDEO RETRIEVAL
4448,VIDEO REPRESENTATION
1081,VISUAL DICTIONARIES
1145,SEMANTICS
297,IMAGE SEGMENTATION
557,IMAGE EDGE DETECTION
1534,STOCHASTIC PROCESSES
1669,SURFACE MORPHOLOGY
319,VEGETATION
3720,SURFACE TREATMENT
5643,SURFACE TOPOGRAPHY
297,IMAGE SEGMENTATION
5269,RANDOM NOISE
1586,IMAGE REGIONS
3013,EDGE WEIGHTS
1038,NODES IN THE GRAPH
3844,UNIFORM NOISE
470,GAUSSIAN KERNEL
1189,PROBABILITY DENSITY FUNCTION
3124,END OF PROCESS
1348,GRAYSCALE IMAGES
586,CONVOLUTION KERNEL
1148,GRAPH CONVOLUTION
2495,SALIENCY MAP
5174,WATERSHED SEGMENTATION
2487,IMAGE GRADIENT
2498,UNIFORM REGION
5174,WATERSHED
1669,MATHEMATICAL MORPHOLOGY
297,IMAGE SEGMENTATION
214,TRAINING
3374,BIOMEDICAL IMAGING
794,IMAGE RECONSTRUCTION
57,SHAPE
527,MEDICAL IMAGING
297,IMAGE SEGMENTATION
297,MEDICAL IMAGE SEGMENTATION
885,INTERACTIVE SEGMENTATION
297,INTERACTIVE IMAGE SEGMENTATION
2013,CEREBELLUM
2939,AUTOMATIC METHOD
3067,HUMAN-COMPUTER INTERACTION
500,SEGMENTATION METHOD
502,SEGMENTATION RESULTS
2014,AUTOMATIC SEGMENTATION
253,OBJECT SEGMENTATION
4363,USER EFFORT
1986,IMAGE REGISTRATION
1367,OBJECT RECOGNITION
214,TRAINING IMAGES
2092,EXPERT USERS
4468,DEFORMABLE REGISTRATION
1262,OBJECT BOUNDARIES
851,OBJECT OF INTEREST
327,REFERENCE IMAGE
4537,HARD CONSTRAINTS
2487,IMAGE GRADIENT
297,INTERACTIVE MEDICAL IMAGE SEGMENTATION
297,IMAGE SEGMENTATION
557,IMAGE EDGE DETECTION
1348,GRAY-SCALE
3834,ANISOTROPIC MAGNETORESISTANCE
890,NOISE MEASUREMENT
1351,IMAGE ANALYSIS
297,IMAGE SEGMENTATION
645,CONTEXTUAL INFORMATION
818,IMAGE PIXELS
1586,IMAGE REGIONS
1348,GRAYSCALE IMAGES
5669,GRAPH THEORY
842,SEGMENTATION PROCESS
1546,NOISY IMAGES
1693,OTSU'S METHOD
3840,ANISOTROPIC DIFFUSION
645,USE OF CONTEXTUAL INFORMATION
1499,GAUSSIAN NOISE
4366,COHEN'S KAPPA
1599,IMAGE OBJECT
852,INTEREST IN IMAGES
1348,GRAYSCALE VALUE
845,PIXEL CLASSIFICATION
2999,SEGMENTATION TECHNIQUES
4267,MAXIMUM FLOW
1038,NODES IN THE GRAPH
5669,GRAPH THEORY
3840,ANISOTROPIC DIFFUSION
297,IMAGE SEGMENTATION
297,IMAGE SEGMENTATION
284,TRANSFORMS
1839,APPROXIMATION ALGORITHMS
549,OPTIMIZED PRODUCTION TECHNOLOGY
1882,TOPOLOGY
285,COMPLEXITY THEORY
467,LABELING
3067,HUMAN-COMPUTER INTERACTION
253,OBJECT SEGMENTATION
297,IMAGE SEGMENTATION
397,IMAGE DOMAIN
1311,OPTIMAL PATH
1195,MAXIMUM A POSTERIORI
5662,SHAPE CONSTRAINTS
297,IMAGE SEGMENTATION
5680,CONNECTIVITY CONSTRAINTS
2508,IMAGE FORESTING TRANSFORM
77,VISUALIZATION
77,DATA VISUALIZATION
496,MANUALS
2671,TWO DIMENSIONAL DISPLAYS
31,PIPELINES
5049,MULTIDIMENSIONAL PROJECTION
4283,MULTIDIMENSIONAL DATA
1289,COVARIANCE MATRIX
105,VISUAL ANALYSIS
4323,EXPLORATORY DATA
1355,GRID CELLS
919,BAR CHARTS
4220,2D PLANE
2429,NEIGHBORING POINTS
2609,VORONOI DIAGRAM
2055,VISUAL SPACE
5697,IMPORTANT ROLE IN ANALYSIS
2692,UNIFORM GRID
3427,BOXPLOTS
635,AFFINE TRANSFORMATION
77,HIGH-DIMENSIONAL DATA VISUALIZATION
105,INTERACTIVE VISUAL ANALYSIS
52,KERNEL
423,ESTIMATION
77,VISUALIZATION
186,LAW ENFORCEMENT
1059,SAFETY
108,VISUAL SYSTEM
5705,INTERACTIVE SYSTEM
2843,POLICE FORCE
5696,CELL SIZE
1189,PROBABILITY DENSITY FUNCTION
4511,SMOOTH FUNCTION
2604,KERNEL FUNCTION
5704,SMALL BANDWIDTH
3515,NUMBER OF POLYGONS
77,VISUALIZATION
297,IMAGE SEGMENTATION
2713,DATA STRUCTURES
55,THREE-DIMENSIONAL DISPLAYS
1161,PROPOSALS
77,DATA VISUALIZATION
261,NAVIGATION
2110,SORTING
3509,INTERACTIVE TOOL
77,INTERACTIVE VISUALIZATION
77,INTERACTIVE VISUALIZATION TOOL
2713,DATA STRUCTURE
2488,GRAPHICAL REPRESENTATION
250,3D IMAGES
5165,PROCESSING TASKS
5165,IMAGE PROCESSING TASKS
340,INPUT IMAGE
304,IMAGE CLASSIFICATION
1848,ROOT NODE
1371,DEPTH IMAGES
4683,NODE ATTRIBUTES
77,MAX-TREE VISUALIZATION
5184,INTERACTIVE MAX-TREE
5184,3D MAX-TREE
5184,MAX-TREE SIMPLIFICATION
297,IMAGE SEGMENTATION
2695,MERGING
5,GRAPHICS
4686,ELECTRONIC MAIL
189,FEATURE EXTRACTION
5047,ALGORITHM DESIGN AND ANALYSIS
297,IMAGE SEGMENTATION
4293,SIMPLE PROCESS
2513,SHORTEST PATH
4412,COMPONENT OF IMAGE
5174,WATERSHED SEGMENTATION
1,IMAGE COLOR ANALYSIS
739,DECODING
489,ENCODING
281,REED-SOLOMON CODES
297,IMAGE SEGMENTATION
4227,QR CODE
281,REED-SOLOMON CODES
5309,ERROR CORRECTION ALGORITHM
739,DECODING
328,IMAGE CAPTURE
739,DECODING PROCESS
283,INFORMATION SYMBOLS
283,INPUT SYMBOLS
4227,CQR CODE
189,FEATURE EXTRACTION
1,IMAGE COLOR ANALYSIS
167,PROTOTYPES
5556,YOUTUBE
2098,EUCLIDEAN DISTANCE
319,VEGETATION
1189,PROBABILITY DENSITY FUNCTION
3096,VIDEO SUMMARIZATION
1279,OPTIMUM-PATH FOREST
290,PUBLIC DATASETS
1207,SPATIAL INFORMATION
982,FEATURE SPACE
5638,DOCUMENTARY
1913,TEMPORAL INFORMATION
1311,OPTIMAL PATH
2160,VIDEO CONTENT
1279,OPTIMUM-PATH FOREST
3096,VIDEO SUMMARIZATION
189,FEATURE EXTRACTION
449,CONVOLUTION
300,NEURAL NETWORKS
238,SENSORS
4737,PARKINSON'S DISEASE
4737,DIAGNOSIS OF PARKINSON'S DISEASE
196,NEURAL NETWORK
196,CONVOLUTIONAL NEURAL NETWORK
3171,AUTOMATIC IDENTIFICATION
355,TIME SERIES
214,TRAINING SET
583,SIGNED-RANK TEST
199,CONVOLUTIONAL LAYERS
1878,IMAGENET
630,POOLING LAYER
1348,GRAYSCALE IMAGES
4737,PARKINSON'S DISEASE PATIENTS
795,MULTISPECTRAL IMAGES
196,CONVOLUTIONAL NEURAL NETWORK ARCHITECTURE
4742,MEANDERING
1458,RECOGNITION RATE
214,SMALL TRAINING SET
3349,RELU LAYER
4737,PARKINSON'S DISEASE
196,CONVOLUTIONAL NEURAL NETWORKS
189,FEATURE EXTRACTION
187,FACE RECOGNITION
57,SHAPE
187,FACE
554,SUPPORT VECTOR MACHINES
678,DATABASES
3581,EYEBROWS
554,SUPPORT VECTOR MACHINE
620,FACIAL EXPRESSIONS
187,FACE RECOGNITION
2274,FACIAL EXPRESSION RECOGNITION
244,GEOMETRIC FEATURES
1458,RECOGNITION RATE
196,CONVOLUTIONAL NEURAL NETWORK
4005,FEATURE CLASSIFICATION
896,RADIAL BASIS FUNCTION
246,FACIAL FEATURES
3253,FEATURE SUBSET
4714,FEATURE POINTS
5173,STATIC IMAGES
189,FEATURE EXTRACTION METHODS
257,HUMAN FACES
896,RADIAL BASIS FUNCTION KERNEL
3795,LINEAR CLASSIFIER
629,NEUTRAL EXPRESSIONS
256,FACIAL SHAPE
4206,NEUTRAL FACES
3260,FEATURE SELECTION APPROACH
3087,SVM CLASSIFIER
3394,FACIAL MUSCLES
4458,RECALL RATE
3581,EYEBROWS
5534,CORNER OF EYE
2274,FACIAL EXPRESSION RECOGNITION
3159,PRINCIPAL COMPONENT ANALYSIS
554,SUPPORT VECTOR MACHINES
214,TRAINING
678,DATABASES
5731,REDUNDANCY
189,FEATURE EXTRACTION
187,FACE
554,SUPPORT VECTOR MACHINE
555,DISCRIMINANT ANALYSIS
521,CLASSIFICATION TASK
620,FACIAL EXPRESSIONS
555,LINEAR DISCRIMINANT ANALYSIS
245,DISCRIMINATIVE FEATURES
1458,RECOGNITION RATE
1458,HIGH RECOGNITION RATE
1124,ROOT MEAN SQUARE ERROR
214,TRAINING SET
38,EIGENVALUES
3795,LINEAR CLASSIFIER
214,TRAINING INSTANCES
5002,PRINCIPAL COMPONENT ANALYSIS TECHNIQUE
5772,RANKING PCA COMPONENTS
611,ENSEMBLE METHODS
2331,ADABOOST
189,FEATURE EXTRACTION
5047,ALGORITHM DESIGN AND ANALYSIS
285,COMPLEXITY THEORY
2205,STANDARDS
4335,FRACTALS
677,ANALYTICAL MODELS
3180,TEXTURE ANALYSIS
2513,SHORTEST PATH
1458,RECOGNITION RATE
823,IMAGE TEXTURE
4514,DIJKSTRA'S ALGORITHM
3314,TIME AND SPACE
170,COST FUNCTION
555,LINEAR DISCRIMINANT ANALYSIS
290,PUBLIC DATASETS
1847,TIME COMPLEXITY
5775,SEARCH METHOD
2419,UNDIRECTED
5669,GRAPH THEORY
3555,CLASSIFICATION RATE
415,HEURISTIC ALGORITHM
555,LINEAR DISCRIMINANT ANALYSIS CLASSIFIER
5627,FINAL FEATURE VECTOR
1554,PATTERN RECOGNITION
3180,TEXTURE ANALYSIS
5775,SEARCH METHODS
297,IMAGE SEGMENTATION
1,IMAGE COLOR ANALYSIS
1956,PREDICTION ALGORITHMS
2072,HISTOGRAMS
78,MACHINE LEARNING ALGORITHMS
2205,STANDARDS
297,IMAGE SEGMENTATION
5736,SEGMENTATION ALGORITHM
297,IMAGE SEGMENTATION ALGORITHM
78,MACHINE LEARNING
977,RANDOM FOREST
2158,OPTIMIZATION ALGORITHM
3249,SELECTION ALGORITHM
2999,SEGMENTATION TECHNIQUES
2381,CHICKEN
78,LEARNING ALGORITHMS
554,SUPPORT VECTOR MACHINE
2601,MACHINE LEARNING TECHNIQUES
1561,TYPES OF IMAGES
1348,GRAYSCALE IMAGES
500,SEGMENTATION METHOD
977,RANDOM FOREST ALGORITHM
554,SUPPORT VECTOR MACHINE ALGORITHM
379,FIELD OF COMPUTER VISION
5615,ENHANCEMENT MEASURES
276,HSV COLOR
663,RGB COLOR SPACE
835,IMAGE PROCESSING
5736,SEGMENTATION ALGORITHM RECOMMENDATION
1718,META-LEARNING
835,IMAGE PROCESSING
2738,HIDDEN MARKOV MODELS
285,COMPLEXITY THEORY
2135,GRAPHICAL MODELS
761,GESTURE RECOGNITION
1153,ACTIVITY RECOGNITION
158,COMPUTATIONAL MODELING
4704,RANDOM VARIABLES
4069,MODEL DISCRIMINATION
761,GESTURE RECOGNITION
4706,LATENT VARIABLES
3778,CONDITIONAL RANDOM FIELD
554,SUPPORT VECTOR MACHINE
2738,HIDDEN MARKOV MODEL
2135,GRAPHICAL MODEL
1146,ACTION RECOGNITION
473,LABELED DATA SET
2359,BINARY LABEL
375,AMERICAN SIGN LANGUAGE
3778,CONDITIONAL RANDOM FIELD MODEL
4706,VALUES OF THE LATENT VARIABLES
3778,CONDITIONAL RANDOM FIELDS
761,GESTURE RECOGNITION
1153,ACTIVITY RECOGNITION
52,KERNEL
214,TRAINING
189,FEATURE EXTRACTION
554,SUPPORT VECTOR MACHINES
38,EIGENVALUES AND EIGENFUNCTIONS
2205,STANDARDS
4837,KERNEL ESTIMATION
554,SUPPORT VECTOR MACHINE
1348,GRAYSCALE
326,IMAGE PAIRS
232,DECISION BOUNDARY
2270,GRAM MATRIX
214,SUPPORT VECTOR MACHINE TRAINING
470,GAUSSIAN KERNEL
289,VALIDATION SET
740,DECISION TREE
340,INPUT IMAGE
200,FEATURE MAPS
1504,OUTPUT IMAGE
1235,IMAGE PATTERN
4899,VISUAL SIMILARITY
78,MACHINE LEARNING
835,IMAGE PROCESSING
519,CANCER
189,FEATURE EXTRACTION
1202,LUNGS
55,THREE-DIMENSIONAL DISPLAYS
678,DATABASES
514,LESIONS
1219,TEXTURE FEATURES
53,3D TEXTURE
5827,SMALL PULMONARY NODULES
5829,PULMONARY NODULE CLASSIFICATION
53,3D TEXTURE FEATURES
1202,LUNG CANCER
2590,CLASSIFICATION MODEL
78,LEARNING ALGORITHMS
977,RANDOM FOREST
2061,IMAGE FEATURES
556,K-NEAREST NEIGHBOR
486,MULTILAYER PERCEPTRON
526,COMPUTER-AIDED DIAGNOSIS
1196,GRAY LEVEL CO-OCCURRENCE MATRIX
1202,LUNG NODULES
1202,LUNG CANCER SCREENING
554,SUPPORT VECTOR MACHINE
2971,SHAPE FEATURES
4524,LINE SEGMENT
1202,LUNG CANCER
5828,SMALL NODULES
1684,EARLY DIAGNOSIS
526,COMPUTER-AIDED DIAGNOSIS
1219,TEXTURE FEATURES
5830,MARGIN SHARPNESS FEATURES
81,CLASSIFICATION
78,MACHINE LEARNING
167,PROTOTYPES
322,CONTEXT
1294,OPTIMIZATION
78,MACHINE LEARNING
618,IMAGE RESOLUTION
467,LABELING
2350,SEISMIC TOMOGRAPHY
1279,OPTIMUM-PATH FOREST
982,FEATURE SPACE
4326,CLUSTERING TECHNIQUES
304,IMAGE CLASSIFICATION
584,UNSUPERVISED LEARNING
556,K-NEAREST NEIGHBOR
1309,CLUSTERING RESULTS
1311,OPTIMAL PATH
2400,SELF-ORGANIZING MAP
3783,NEIGHBORHOOD SIZE
286,MNIST DATASET
3096,VIDEO SUMMARIZATION
608,CIFAR-100 DATASET
1279,OPTIMUM-PATH FOREST
3582,DEEP REPRESENTATIONS
2361,SEISMIC IMAGES
2712,INDEXES
319,VEGETATION MAPPING
913,GENETIC PROGRAMMING
2335,REMOTE SENSING
56,MEASUREMENT
5493,GENE REGULATORY NETWORKS
566,BINARY CLASSIFICATION
2335,REMOTE SENSING
566,BINARY CLASSIFICATION PROBLEM
304,REMOTE SENSING IMAGE CLASSIFICATION
214,TRAINING SET
1685,CLASSIFICATION ACCURACY
289,VALIDATION SET
173,FITNESS FUNCTION
983,VEGETATION INDEX
585,MEAN ACCURACY
983,NORMALIZED DIFFERENCE VEGETATION INDEX
521,BINARY CLASSIFICATION TASK
2335,REMOTE SENSING
238,SENSORS
616,SPATIAL RESOLUTION
189,FEATURE EXTRACTION
101,DATA INTEGRATION
238,IMAGE SENSORS
2335,REMOTE SENSING
621,HIGH-RESOLUTION
616,SPATIAL RESOLUTION
1037,SPATIAL DOMAIN
3583,PIXEL RESOLUTION
3117,IMAGE PROPERTIES
3608,THEMATIC MAP
2335,REMOTE SENSING IMAGES
468,MAJOR DATA SOURCES
214,TRAINING DATA
740,DECISION TREE
616,HIGH SPATIAL RESOLUTION
555,LINEAR DISCRIMINANT ANALYSIS
3816,MODERATE RESOLUTION IMAGING SPECTRORADIOMETER
3792,DATA FUSION
5766,WEAK LEARNERS
1642,ACCURACY METRICS
1293,LIGHT DETECTION AND RANGING
2335,REMOTE SENSING
3792,DATA FUSION
2451,ELECTRODES
2432,ELECTROENCEPHALOGRAPHY
5,RENDERING (COMPUTER GRAPHICS)
680,MAGNETIC RESONANCE IMAGING
65,CORRELATION
900,SURFACE RECONSTRUCTION
77,INTERACTIVE VISUALIZATION
5870,SCALP ELECTRODES
1833,RAY CASTING
680,MAGNETIC RESONANCE IMAGING
4796,RIGHT HEMISPHERE
680,MAGNETIC RESONANCE IMAGING DATA
4906,FIDUCIAL MARKERS
4496,SUBJECT HEAD
5870,SCALP SURFACE
2858,VOLUME RENDERING
680,ANATOMICAL MAGNETIC RESONANCE IMAGING
3433,AUTOMATIC GENERATION
900,SURFACE RECONSTRUCTION
5,RENDERING (COMPUTER GRAPHICS)
1,IMAGE COLOR ANALYSIS
1833,CASTING
32,GRAPHICS PROCESSING UNITS
52,KERNEL
1361,ISOSURFACES
3432,TRANSFER FUNCTIONS
1523,IMAGE QUALITY
1361,ISOSURFACE
2858,VOLUME RENDERING
1833,RAY CASTING
3435,VOLUME OF DATA
3432,TRANSFER FUNCTION
3067,HUMAN-COMPUTER INTERACTION
534,IMAGE GENERATION
1908,MEMORY USAGE
1400,HUMERAL HEAD
1643,RGB COLOR
77,DETAILED VISUALIZATION
5699,PROJECTION STEP
2858,HYBRID VOLUME RENDERING
2858,VOLUME RENDERING
1300,CLUSTERING ALGORITHMS
1839,APPROXIMATION ALGORITHMS
346,DATA MODELS
677,ANALYTICAL MODELS
5047,ALGORITHM DESIGN AND ANALYSIS
1300,CLUSTERING ALGORITHM
173,FITNESS FUNCTION
2373,CLASSICAL CLUSTERING
1464,SIMILARITY MEASURE
4326,CLUSTERING TECHNIQUES
3827,SPECULAR REFLECTION
822,CLUSTERING
198,LINEAR COMBINATION OF BRDFS
57,SHAPE
1389,HEATING
55,THREE-DIMENSIONAL DISPLAYS
52,KERNEL
38,EIGENVALUES AND EIGENFUNCTIONS
54,SOLID MODELING
2968,3D SHAPE
5915,CROSS-RECURRENCE PLOT
1464,SIMILARITY MEASURE
355,TIME SERIES ANALYSIS
2933,SHAPE DESCRIPTORS
2973,HEAT KERNEL
267,SEMANTIC
38,EIGENVALUES
2417,DIAGONAL MATRIX
3391,CANDIDATE REGIONS
113,TRIANGULAR MESH
2423,LAPLACE-BELTRAMI OPERATOR
5918,PHASE SPACE RECONSTRUCTION
1049,MESH VERTICES
5915,CROSS RECURRENCE PLOT
2973,HEAT KERNEL SIGNATURE
157,GEOMETRY PROCESSING
321,CAMERAS
3633,CALIBRATION
1750,CONVERGENCE
433,SURVEILLANCE
496,MANUALS
189,FEATURE EXTRACTION
55,THREE-DIMENSIONAL DISPLAYS
472,GROUND PLANE
1373,CAMERA POSITION
1750,PARAMETER CONVERGENCE
321,SURVEILLANCE CAMERAS
5371,CAMERA CALIBRATION
1743,SCENE INFORMATION
1518,PRIVATE DATASET
2351,BODY HEIGHT
2759,BACKGROUND SUBTRACTION
4500,FOCAL LENGTH
2860,MAJOR AXIS
4524,LINE SEGMENT
504,MORPHOLOGICAL OPERATIONS
4526,CAMERA MODEL
2687,FRAMES PER SECOND
2759,BACKGROUND SUBTRACTION METHOD
5374,CAMERA HEIGHT
405,WORLD COORDINATE SYSTEM
5371,CAMERA CALIBRATION
5,RENDERING (COMPUTER GRAPHICS)
1475,METALS
1,IMAGE COLOR ANALYSIS
157,GEOMETRY
1406,TEXTURE MAP
4918,MULTIPLE SCALES
2099,FINE DETAILS
1822,DEPTH MAP
272,COLOR MAP
4011,COLOR TEXTURE
2874,NORMAL MAP
4075,DISPLACEMENT MAPS
5940,TEXTURE-SPACE AMBIENT OCCLUSION
2700,PATH PLANNING
261,NAVIGATION
597,COMPUTATIONAL EFFICIENCY
32,GRAPHICS PROCESSING UNITS
2844,DISTORTION
34,REAL-TIME SYSTEMS
2844,DISTORTION
356,COMPUTATIONAL COST
2788,PARALLELIZATION
2700,PATH PLANNING
3155,GEODESIC DISTANCE
103,NON-PLANAR SURFACES
4156,FIELD OF VIEW
4243,USE OF TECHNIQUES
2513,SHORTEST PATH
3737,3D SURFACE
2702,NUMBER OF AGENTS
4990,EFFICIENT IMPLEMENTATION
2572,ORTHOGONAL PROJECTION
62,3D MESH
2519,DISTANCE MAP
1311,OPTIMAL PATH
4514,DIJKSTRA'S ALGORITHM
2700,PATH PLANNING
856,AGENTS
5,COMPUTER GRAPHICS
5,RENDERING (COMPUTER GRAPHICS)
388,ACCURACY
2502,ITERATIVE METHODS
3432,TRANSFER FUNCTIONS
32,GRAPHICS PROCESSING UNITS
158,COMPUTATIONAL MODELING
2858,VOLUME RENDERING
5039,STEP SIZE
3432,TRANSFER FUNCTION
1928,ADAPTIVE METHOD
3522,INTEGRATION METHOD
2728,FINAL IMAGE
4883,SUBINTERVALS
1414,ERROR TOLERANCE
2789,NUMERICAL ERRORS
2167,ADAPTIVE SAMPLING
3439,SCALAR VALUE
5039,ADAPTIVE STEP SIZE
3522,NUMERICAL INTEGRATION METHOD
2858,VOLUME RENDERING
55,THREE-DIMENSIONAL DISPLAYS
54,SOLID MODELING
158,COMPUTATIONAL MODELING
252,ITERATIVE CLOSEST POINT ALGORITHM
171,3D PRINTING
61,3D SCANNING
5982,3D COMPUTATIONAL MODEL
858,VIRTUALLY
236,POINT CLOUD
62,3D MESH
5980,REVERSE ENGINEERING
1595,CAD MODEL
4465,RIGID REGISTRATION
252,ITERATIVE CLOSEST POINT
1650,3D CAD MODELS
252,ITERATIVE CLOSEST POINT ALGORITHM
4560,ORIGINAL MESH
4465,NON-RIGID REGISTRATION
113,TRIANGULAR MESH
4364,RANDOM SAMPLING
5991,3D REGISTRATION
5980,3D REVERSE ENGINEERING
5984,3D MODELING
3067,HUMAN-COMPUTER INTERACTION
2218,LIGHTING
56,MEASUREMENT
4133,PHOTONICS
5,RENDERING (COMPUTER GRAPHICS)
1,IMAGE COLOR ANALYSIS
2725,LIGHT SOURCES
423,ESTIMATION
3837,QUALITY METRICS
4420,LIGHT CONDITIONS
1750,CONVERGENCE RATE
4873,GENERAL CASE
327,REFERENCE IMAGE
2226,ILLUMINATION CONDITIONS
5997,DENSITY ESTIMATION METHOD
1124,ROOT MEAN SQUARE ERROR
2725,LIGHT SOURCE
71,INTERSECTION POINT
4105,LIGHT ENVIRONMENT
208,TWO-STAGE METHOD
3965,COLOR CHANNELS
448,OBJECTS IN THE SCENE
2726,INDIRECT LIGHT
544,STRUCTURAL SIMILARITY INDEX
4956,WORTH MENTION
2734,GLOBAL ILLUMINATION
614,IMAGE SYNTHESIS
1523,IMAGE QUALITY METRICS
6006,RAY TRACING
77,VISUALIZATION
56,MEASUREMENT
189,FEATURE EXTRACTION
3006,CLUSTERING METHODS
1,IMAGE COLOR ANALYSIS
1300,CLUSTERING ALGORITHMS
554,SUPPORT VECTOR MACHINES
4542,LEAST-SQUARES
1486,PARTIAL LEAST SQUARES
1486,PARTIAL LEAST
3006,CLUSTERING METHOD
2236,IMAGES IN SET
782,GROUP OF IMAGES
5731,LOW REDUNDANCY
3096,VIDEO SUMMARIZATION
1464,SIMILARITY MEASURE
1300,CLUSTERING ALGORITHM
306,PRECISION AND RECALL
1219,TEXTURE FEATURES
2976,SIMILARITY MATRIX
2164,VIDEO FRAMES
4146,DISTANCE METRICS
276,HSV COLOR
2695,MERGING STEP
1214,DISCRETE COSINE TRANSFORM
4443,COLOR HISTOGRAM
189,FEATURE EXTRACTION PROCESS
4356,DELAUNAY TRIANGULATION
5844,IMAGE CLUSTERING
1486,PARTIAL LEAST SQUARES
3096,VIDEO SUMMARIZATION
189,FEATURE EXTRACTION
77,VISUALIZATION
759,VOCABULARY
214,TRAINING
678,DATABASES
554,SUPPORT VECTOR MACHINES
2072,HISTOGRAMS
304,IMAGE CLASSIFICATION
356,COMPUTATIONAL COST
396,RUNNING TIME
520,LOCAL FEATURES
1458,RECOGNITION RATE
189,LOCAL FEATURE EXTRACTION
3319,RESPONSE TIME
554,SUPPORT VECTOR MACHINE
32,GRAPHICS PROCESSING UNIT
214,TRAINING IMAGES
896,RADIAL BASIS FUNCTION
1358,REGULAR GRID
812,IMAGE REPRESENTATION
813,BAG-OF-WORDS
759,VOCABULARY SIZE
827,SCALE-INVARIANT FEATURE TRANSFORM
759,VOCABULARY WORDS
3691,SCENE CLASSIFICATION
3185,GABOR FILTERS
304,IMAGE CLASSIFICATION
1,IMAGE COLOR ANALYSIS
498,IMAGE RESTORATION
1348,GRAY-SCALE
1,COLOR
2844,DISTORTION
1523,IMAGE QUALITY
850,COLOR IMAGES
5682,MINIMIZATION PROBLEM
3965,COLOR CHANNELS
2425,OPTIMIZATION PROBLEM
5631,DISTANCING MEASURES
1464,SIMILARITY MEASURE
1348,GRAYSCALE IMAGES
4103,COLOR DIFFERENCE
2354,BINARY IMAGE
3837,QUALITY METRICS
108,HUMAN VISUAL SYSTEM
3642,DISSIMILARITY MEASURE
671,RGB CHANNELS
1523,IMAGE QUALITY METRICS
6031,DIGITAL WATERMARKING
739,DECODING TIME
1157,EMBEDDING
214,TRAINING
217,ENTROPY
5913,GENETIC ALGORITHMS
297,IMAGE SEGMENTATION
214,TRAINING DATA
597,COMPUTATIONAL EFFICIENCY
322,CONTEXT
1625,WINDOW SIZE
5701,MANUAL SELECTION
504,MORPHOLOGICAL OPERATIONS
3264,LEARNING PROCESS
1307,CONDITIONAL PROBABILITY
173,FITNESS FUNCTION
334,NUMBER OF IMAGES
270,TYPES OF ERRORS
214,TRAINING IMAGES
326,IMAGE PAIRS
2354,BINARY IMAGE
4572,MAGNITUDE INFORMATION
214,TRAINING IMAGE PAIRS
2354,BINARY IMAGE
6049,CONDITIONAL ENTROPY
52,KERNEL
388,ACCURACY
214,TRAINING
189,FEATURE EXTRACTION
699,ASSISTIVE TECHNOLOGY
761,GESTURE RECOGNITION
57,SHAPE
1371,DEPTH IMAGES
1711,RGB IMAGES
1109,DEPTH INFORMATION
1123,DEPTH CAMERA
375,SIGN LANGUAGE
3714,HAND SHAPE
375,AMERICAN SIGN LANGUAGE
554,SUPPORT VECTOR MACHINE
470,GAUSSIAN KERNEL
2418,AVERAGE ACCURACY
2604,KERNEL FUNCTION
4680,VECTOR-BASED
1367,OBJECT RECOGNITION
1941,SEMANTIC INFORMATION
3159,KERNEL PRINCIPAL COMPONENT ANALYSIS
1739,DEPTH VALUES
554,SUPPORT VECTOR MACHINE CLASSIFIER
204,IMAGE PATCHES
896,RADIAL BASIS FUNCTION
4716,CODEWORD
4427,GRADIENT MAGNITUDE
6056,FINGER SPELLING
1371,DEPTH IMAGES
6057,KERNEL DESCRIPTORS
813,BAG-OF-WORDS
297,IMAGE SEGMENTATION
59,MEASUREMENT UNCERTAINTY
56,CURRENT MEASUREMENT
2205,STANDARDS
2712,INDEXES
4686,ELECTRONIC MAIL
297,IMAGE SEGMENTATION
3601,EVALUATION METHOD
500,SEGMENTATION METHOD
327,REFERENCE IMAGE
2267,GROUND TRUTH IMAGE
818,IMAGE PIXELS
291,INTERSECTION OVER UNION
3084,LOCALIZATION ERROR
3640,SIMILAR IMAGES
3019,NATURAL SCENE IMAGES
2000,METRIC
225,EVALUATION
297,IMAGE SEGMENTATION
5060,LEVEL SET
297,IMAGE SEGMENTATION
557,IMAGE EDGE DETECTION
38,EIGENVALUES AND EIGENFUNCTIONS
57,SHAPE
5060,LEVEL SET APPROACH
1586,IMAGE REGIONS
881,BACKGROUND REGIONS
5060,LEVEL SET METHOD
5304,NORMAL DISTRIBUTION
305,ENERGY FUNCTION
6077,GREEN ALGAE
2354,BINARY IMAGE
397,IMAGE DOMAIN
1235,IMAGE PATTERN
1262,OBJECT BOUNDARIES
4469,DEFORMATION MODEL
4193,ACTIVE CONTOUR MODEL
1669,MATHEMATICAL MORPHOLOGY
4193,ACTIVE CONTOUR
2377,DIGITAL IMAGES
508,EDGE DETECTION
297,IMAGE SEGMENTATION
5060,LEVEL SET
1,IMAGE COLOR ANALYSIS
189,FEATURE EXTRACTION
888,VIDEOS
214,TRAINING
1300,CLUSTERING ALGORITHMS
1,COLOR
1161,PROPOSALS
4475,STILL IMAGES
301,FIRE DETECTION
5779,TEXTURE CLASSIFICATION
303,FALSE POSITIVE RATE
3554,CLASSIFICATION METHODS
3383,SMALL REGION
818,IMAGE PIXELS
297,IMAGE SEGMENTATION
556,K-NEAREST NEIGHBOR
1913,TEMPORAL INFORMATION
663,COLOR SPACE
189,FEATURE EXTRACTION METHODS
1504,OUTPUT IMAGE
2810,NEIGHBORING PIXELS
4836,UNIFORM PATTERN
829,SIMPLE LINEAR ITERATIVE CLUSTERING
663,LAB COLOR SPACE
303,FALSE POSITIVE RATE VALUES
301,FIRE DETECTION
4475,STILL IMAGES
1219,TEXTURE FEATURE
794,IMAGE RECONSTRUCTION
1288,INTERPOLATION
616,SPATIAL RESOLUTION
3311,MOBILE HANDSETS
189,FEATURE EXTRACTION
888,VIDEOS
556,K-NEAREST NEIGHBOR
621,HIGH-RESOLUTION IMAGES
3650,MOBILE PHONE
340,INPUT IMAGE
334,NUMBER OF IMAGES
193,BIOMETRIC
2335,REMOTE SENSING
2516,LINEAR TIME
643,LOW-RESOLUTION IMAGES
433,VIDEO SURVEILLANCE
5111,SUPER-RESOLUTION TECHNIQUES
661,IMAGE DATASET
1998,TARGET IMAGE
2728,FINAL IMAGE
1108,FEATURE DETECTION
2034,RECONSTRUCTION ALGORITHM
632,PEAK SIGNAL-TO-NOISE RATIO
4009,SPEEDED UP ROBUST FEATURES
827,SCALE-INVARIANT FEATURE TRANSFORM
1550,SUPER-RESOLUTION ALGORITHMS
1238,REGISTRATION STEP
621,HIGH-RESOLUTION GRID
2342,PERSPECTIVE TRANSFORMATION
1533,SUPER-RESOLUTION
6106,BURST
1900,MOBILE DEVICES
297,IMAGE SEGMENTATION
388,ACCURACY
189,FEATURE EXTRACTION
554,SUPPORT VECTOR MACHINES
322,CONTEXT
77,VISUALIZATION
497,INSPECTION
297,IMAGE SEGMENTATION
2091,HIGH-LEVEL TASKS
497,VISUAL INSPECTION
1971,OBJECTIVE FUNCTION
1685,CLASSIFICATION ACCURACY
500,SEGMENTATION METHOD
2590,CLASSIFICATION MODEL
3601,EVALUATION METHOD
957,CLASSIFICATION RESULTS
645,CONTEXTUAL INFORMATION
5736,SEGMENTATION ALGORITHM
502,SEGMENTATION RESULTS
775,OPTICAL CHARACTER RECOGNITION
5339,OBJECTIVE METRICS
670,HISTOGRAM EQUALIZATION
297,IMAGE SEGMENTATION METHODS
3087,SVM CLASSIFIER
3797,CLASSIFICATION CONFIDENCE
297,IMAGE SEGMENTATION ALGORITHM
304,PLANKTON IMAGE CLASSIFICATION
6111,SEGMENTATION EVALUATION
297,PLANKTON IMAGE SEGMENTATION
2,STREAMING MEDIA
884,COHERENCE
6032,YTTRIUM
1261,LOGIC GATES
2695,MERGING
55,THREE-DIMENSIONAL DISPLAYS
297,IMAGE SEGMENTATION
3263,VIDEO SEGMENTS
3314,TIME AND SPACE
2057,USABILITY
1915,METHODS IN THE LITERATURE
1318,GRAPH PARTITIONING
884,TEMPORAL COHERENCE
64,PROCESSING TIME
816,DIFFERENCES IN INTENSITY
1940,QUALITATIVE RESULTS
500,SEGMENTATION METHOD
3449,ADJACENT REGIONS
3013,EDGE WEIGHTS
5561,HIERARCHICAL LEVELS
879,HIERARCHICAL METHOD
4350,OBSERVATION SCALE
1922,MEMORY CONSUMPTION
3016,GRAPH-BASED METHODS
5058,NEIGHBORS IN SPACE
3452,WEIGHT MAP
3270,STREAMING VIDEO SEGMENTATION
4350,OBSERVATION SCALE
2186,LABEL PROPAGATION
2388,OPTICAL IMAGING
2072,HISTOGRAMS
189,FEATURE EXTRACTION
2738,HIDDEN MARKOV MODELS
379,COMPUTER VISION
670,HISTOGRAM
771,OPTICAL FLOW
4569,MAGNITUDE OF FLOW
5007,ANOMALOUS EVENTS
2139,VIDEO EVENTS
771,MAGNITUDE OF OPTICAL FLOW
4148,DESCRIPTIVE CHARACTERISTICS
391,VIDEO SEQUENCES
1313,NEAREST NEIGHBOR SEARCH
554,SUPPORT VECTOR MACHINE
1131,HORIZONTAL AXIS
1303,EXPECTATION MAXIMIZATION
2738,HIDDEN MARKOV MODEL
460,PEDESTRIAN
435,ANOMALY DETECTION
206,EQUAL ERROR RATE
3606,AREA UNDER CURVE
5003,CROWDED SCENES
1183,GAUSSIAN MIXTURE MODEL
2151,SCENE REGIONS
6132,ANOMALOUS EVENT DETECTION
189,SPATIOTEMPORAL FEATURE EXTRACTION
771,OPTICAL FLOW
771,HISTOGRAMS OF ORIENTED OPTICAL FLOW
3310,TRAJECTORY
321,CAMERAS
37,TRACKING
0,GAMES
237,ADAPTATION MODELS
214,TRAINING
3276,SINGLE CAMERA
2759,BACKGROUND SUBTRACTION
6140,PARTICLE FILTER
230,FALSE POSITIVE
310,TRUE POSITIVE
1183,MIXTURE MODEL
269,OBJECT DETECTION
70,BOUNDING BOX
2760,KALMAN FILTER
1183,GAUSSIAN MIXTURE MODEL
1738,IMAGE POINT
448,OBJECTS IN THE SCENE
3268,FOREGROUND OBJECTS
1140,IMAGE COORDINATES
4487,MOTION MODEL
6140,PARTICLE FILTER
6141,FUTSAL
1732,DEGRADATION
317,PROTOCOLS
739,DECODING
1299,SCALABILITY
391,VIDEO SEQUENCES
5009,MULTIMEDIA
2326,VALIDATION ACCURACY
736,VIDEO CODING
739,DECODING
3495,HIERARCHICAL STRUCTURE
3587,TYPE OF CONTENT
391,VIDEO SEQUENCES
2160,VIDEO CONTENT
5357,QUANTIZATION PARAMETER
3882,ORIGINAL CONTENT
6158,ENCRYPTION KEY
2122,GROUP OF PICTURES
5361,I-FRAME
2156,DIGITAL MUSIC
736,SCALABLE VIDEO CODING
317,FAIR EXCHANGE PROTOCOLS
1732,REVERSIBLE DEGRADATION
5437,SPLINES (MATHEMATICS)
390,ROADS
321,CAMERAS
266,VEHICLES
2844,DISTORTION
2205,STANDARDS
6092,GAUSSIAN DISTRIBUTION
5441,CUBIC SPLINE
5441,CUBIC SPLINE MODEL
419,MONOCULAR
6140,PARTICLE FILTER
289,VALIDATION SET
460,PEDESTRIAN
5307,POINT VALUES
2062,CONTROL POINTS
2009,ADAPTIVE THRESHOLD
628,PREVIOUS FRAME
2777,DIFFERENCE OF GAUSSIAN
6153,PARTICLE WEIGHT
4662,LANE CHANGE
2793,IMAGES IN ROW
6140,PARTICLE FILTER
5441,CUBIC SPLINES
3848,LENSES
3574,IRIS RECOGNITION
678,DATABASES
3574,IRIS
214,TRAINING
4669,NETWORK TOPOLOGY
812,IMAGE REPRESENTATION
5334,CONTACT LENS
3582,DEEP REPRESENTATION
378,CONVOLUTIONAL NETWORK
3814,MULTINOMIAL REGRESSION
224,FULLY-CONNECTED LAYER
2926,IMAGE DATABASE
193,BIOMETRIC SYSTEMS
4200,STATE OF THE ART APPROACHES
214,TRAINING DATA
1101,DETECTION METHODS
554,SUPPORT VECTOR MACHINE
199,CONVOLUTIONAL LAYERS
340,INPUT IMAGE
5494,IMAGE SIZE
4669,NETWORK TOPOLOGY
192,DEEP LEARNING TECHNIQUES
3555,CORRECT CLASSIFICATION RATE
213,FALSE ACCEPTANCE RATE
411,CROPPED IMAGES
340,INPUT IMAGE SIZE
827,SCALE-INVARIANT FEATURE TRANSFORM
214,TRAINING METHODOLOGY
3129,FILTERS IN LAYER
1424,WEIGHTS OF LAYER
1196,CO-OCCURRENCE MATRIX
202,FAKE IMAGES
5334,CONTACT LENS DETECTION
192,DEEP LEARNING
378,CONVOLUTIONAL NETWORKS
77,DATA VISUALIZATION
77,VISUALIZATION
2136,LAYOUT
3338,GLASS
322,CONTEXT
3294,INSTRUMENTS
521,CLASSIFICATION TASK
77,VISUALIZATION TECHNIQUES
2364,VISUAL PROCESSING
5646,SCALE PARAMETER
3726,DIMENSIONAL VECTOR
77,VISUALIZATION TOOL
530,INFORMATION RETRIEVAL
4033,ORIGINAL SPACE
4327,DATA INSTANCES
292,MEAN AVERAGE PRECISION
2055,VISUAL SPACE
5403,CENTER OF THE CIRCLE
1887,HEAD POSE
3303,VISUAL METAPHORS
4283,MULTIDIMENSIONAL DATA
99,VISUAL ANALYTICS TOOL
3451,ORIGINAL WEIGHT
885,INTERACTIVE
292,AVERAGE PRECISION
6192,MULTI-TASK CLASSIFICATION
77,INFORMATION VISUALIZATION
2072,HISTOGRAMS
699,ASSISTIVE TECHNOLOGY
55,THREE-DIMENSIONAL DISPLAYS
761,GESTURE RECOGNITION
554,SUPPORT VECTOR MACHINES
388,ACCURACY
297,IMAGE SEGMENTATION
2867,DEPTH DATA
6056,FINGERSPELLING
554,SUPPORT VECTOR MACHINE
236,POINT CLOUD
554,SUPPORT VECTOR MACHINE CLASSIFIER
1371,DEPTH IMAGES
1109,DEPTH INFORMATION
375,SIGN LANGUAGE
1126,3D POINT CLOUD
6058,LETTERS OF THE ALPHABET
3714,HAND SHAPE
375,AMERICAN SIGN LANGUAGE
196,CONVOLUTIONAL NEURAL NETWORK
520,LOCAL FEATURES
896,RADIAL BASIS FUNCTION
1711,RGB IMAGES
3710,HAND MOVEMENTS
1331,LOCAL DESCRIPTORS
1458,RECOGNITION RATE
3185,GABOR FILTERS
1123,DEPTH CAMERA
2492,GRID GRAPH
4628,DEAF COMMUNITY
1109,DEPTH INFORMATION
554,SUPPORT VECTOR MACHINE (SVM)
2110,SORTING
3100,ARRAYS
32,GRAPHICS PROCESSING UNITS
2205,STANDARDS
1847,TIME COMPLEXITY
1313,NEAREST NEIGHBOR SEARCH
1313,APPROXIMATE NEAREST NEIGHBOR SEARCH
2788,PARALLELIZATION
5289,DISTRIBUTION OF POINTS
3290,APPROACH TASK
2713,DATA STRUCTURE
3031,UNIFORM DISTRIBUTION
396,RUNNING TIME
817,LESS THAN OR EQUAL
1847,TIME COMPLEXITY
1358,REGULAR GRID
2774,LINEAR ALGORITHM
2609,VORONOI DIAGRAM
1320,TREE SEARCH
2110,SORTING ALGORITHM
1364,SMOOTHED PARTICLE HYDRODYNAMICS
2692,UNIFORM GRID
1126,2D POINT
6212,SPATIAL SORTING
556,K-NEAREST NEIGHBORS
2713,DATA STRUCTURES
238,SENSORS
794,IMAGE RECONSTRUCTION
238,IMAGE SENSORS
321,CAMERAS
1294,OPTIMIZATION
616,SPATIAL RESOLUTION
622,LOW RESOLUTION
1822,DEPTH MAP
4138,OPTIMIZATION PROCESS
794,IMAGE RECONSTRUCTION
1367,OBJECT RECOGNITION
6205,IMAGE INTENSITY
1371,DEPTH IMAGES
1109,DEPTH INFORMATION
643,LOW-RESOLUTION IMAGES
238,LOW-COST SENSORS
1124,ROOT MEAN SQUARE ERROR
2425,OPTIMIZATION PROBLEM
77,DATA VISUALIZATION
1912,REFERENCE FRAME
1805,WORK IN THIS AREA
239,3D RECONSTRUCTION
305,ENERGY FUNCTION
334,NUMBER OF IMAGES
5390,MULTIPLE IMAGES
3154,PRESENCE OF NOISE
1288,BICUBIC INTERPOLATION
632,PEAK SIGNAL-TO-NOISE RATIO
2665,MARKOV RANDOM FIELD
3054,VIRTUAL CAMERA
536,SYNTHETIC IMAGES
428,REPROJECTION
424,CAMERA POSE
1533,SUPER-RESOLUTION
6226,CONVEX OPTIMIZATION
3894,RGB-D DATA
239,3D RECONSTRUCTION
379,COMPUTER VISION
1,IMAGE COLOR ANALYSIS
2413,LAPLACE EQUATIONS
2217,POLES AND TOWERS
5440,LINEAR SYSTEMS
2670,MATHEMATICAL MODEL
2218,LIGHTING
6228,SEAMLESS CLONING
5203,AUTOMATIC CALCULATION
5440,LINEAR SYSTEM
1998,TARGET IMAGE
929,VECTOR FIELD
2806,SOURCE IMAGES
781,BACKGROUND IMAGE
901,POISSON EQUATION
2413,LAPLACE EQUATION
6033,ORIGINAL COLOR
3053,ALPHA MATTE
6229,COLOR ADJUSTMENT
6228,SEAMLESS CLONING
390,ROADS
1,IMAGE COLOR ANALYSIS
237,ADAPTATION MODELS
2246,AUTOMOBILES
677,ANALYTICAL MODELS
433,SURVEILLANCE
6148,BACKGROUND MODEL
2759,BACKGROUND SUBTRACTION
3268,FOREGROUND OBJECTS
2759,BACKGROUND SUBTRACTION METHOD
196,NEURAL NETWORK
3916,ASPECT RATIO
2804,PIXEL INTENSITY
1591,TRAFFIC FLOW
4406,CONVEX HULL
5930,ADAPTIVE LEARNING
391,VIDEO SEQUENCES
322,CONTEXT-AWARE
2668,BACKGROUND PIXELS
321,SURVEILLANCE CAMERAS
5597,SAMPLE PIXELS
2010,FOREGROUND PIXELS
2764,VEHICLE DETECTION
2154,SURVEILLANCE VIDEOS
6,SKIN
157,GEOMETRY
214,TRAINING
1,IMAGE COLOR ANALYSIS
189,FEATURE EXTRACTION
1388,HAIR
78,MACHINE LEARNING ALGORITHMS
202,FACE IMAGES
447,SUPERVISED LEARNING
2601,SUPERVISED MACHINE LEARNING TECHNIQUES
214,TRAINING SET
340,INPUT IMAGE
556,K-NEAREST NEIGHBOR
246,FACIAL FEATURES
2728,FINAL IMAGE
4714,FEATURE POINTS
1491,SUPPORT VECTOR REGRESSION
157,CHANGES IN GEOMETRY
2214,ORIGINAL ONES
668,SKIN REGIONS
308,PIXEL COLOR
2855,WARPED IMAGE
4210,TARGET FACE
6248,FACIAL ATTRACTIVENESS
157,FACIAL GEOMETRY
6252,SKIN TEXTURE
78,MACHINE LEARNING
187,FACE
240,SURGERY
557,IMAGE EDGE DETECTION
100,PLANNING
187,FACE RECOGNITION
297,IMAGE SEGMENTATION
620,FACIAL EXPRESSIONS
187,FACE RECOGNITION
718,AGE ESTIMATION
240,ORAL AND MAXILLOFACIAL SURGERY
5494,IMAGE SIZE
2803,SECOND DERIVATIVE
246,FACIAL FEATURES
508,EDGE DETECTION
257,HUMAN FACES
667,FACE DETECTION
5218,PLASTIC SURGEONS
4193,ACTIVE CONTOUR MODEL
6262,TIP OF THE NOSE
5387,FACIAL POINTS
57,SHAPE
55,THREE-DIMENSIONAL DISPLAYS
2072,HISTOGRAMS
158,COMPUTATIONAL MODELING
54,SOLID MODELING
285,COMPLEXITY THEORY
678,DATABASES
2968,3D SHAPE
2933,SHAPE DESCRIPTORS
2968,3D SHAPE DESCRIPTORS
523,GLOBAL FEATURES
32,GRAPHICS PROCESSING UNIT
4990,EFFICIENT IMPLEMENTATION
157,GEOMETRY AND TOPOLOGY
306,PRECISION AND RECALL
71,INTERSECTION POINT
61,3D SCANNING
827,SCALE-INVARIANT
4146,DISTANCE METRICS
1739,DEPTH VALUES
292,MEAN AVERAGE PRECISION
2069,TEXT RETRIEVAL
185,EARTH MOVER'S DISTANCE
2467,ROTATION INVARIANCE
1384,SPHERICAL HARMONICS
2972,SHAPE ANALYSIS
1253,THICKNESS
2072,HISTOGRAMS
2072,HISTOGRAMS
77,DATA VISUALIZATION
146,BUILDINGS
2136,LAYOUT
3758,HISTORY
1905,DATA MINING
189,FEATURE EXTRACTION
2140,TIME INTERVAL
1913,TEMPORAL INFORMATION
530,INFORMATION RETRIEVAL
2063,CLOUD DATA
4347,TRANSITION PROBABILITY MATRIX
2056,COLLECTION OF PAPERS
3096,VIDEO SUMMARIZATION
2417,DIAGONAL MATRIX
6295,TIMELINE
55,THREE-DIMENSIONAL DISPLAYS
2713,DATA STRUCTURES
54,SOLID MODELING
77,DATA VISUALIZATION
1,IMAGE COLOR ANALYSIS
157,GEOMETRY
2715,3D GRID
2713,DATA STRUCTURE
1355,GRID CELLS
5293,CONVEX POLYGON
1358,REGULAR GRID
1848,ROOT NODE
6070,NUMBER OF OBJECTS
83,DOMAIN EXPERTS
272,COLOR MAP
4406,CONVEX HULL
77,VISUALIZATION TECHNIQUES
4220,2D PLANE
755,BINARY TREE
1595,CAD MODEL
157,COMPUTATIONAL GEOMETRY
5,COMPUTER GRAPHICS
77,VISUALIZATION
189,FEATURE EXTRACTION
5689,AEROSPACE ELECTRONICS
2072,HISTOGRAMS
297,IMAGE SEGMENTATION
31,PIPELINES
1288,INTERPOLATION
929,VECTOR FIELD
5049,MULTIDIMENSIONAL PROJECTION
2055,VISUAL SPACE
77,SCIENTIFIC VISUALIZATION
982,FEATURE SPACE
1355,GRID CELLS
3067,HUMAN-COMPUTER INTERACTION
2062,CONTROL POINTS
500,SEGMENTATION METHOD
3064,CORRECT PREDICTIONS
635,AFFINE TRANSFORMATION
842,SEGMENTATION PROCESS
5664,USER INTERVENTION
2072,FREQUENCY HISTOGRAMS
1164,SEGMENTATION QUALITY
929,VECTOR FIELD
253,SEGMENTATION
5049,MULTIDIMENSIONAL PROJECTION
77,VISUALIZATION
77,DATA VISUALIZATION
497,INSPECTION
529,GOVERNMENT
3159,PRINCIPAL COMPONENT ANALYSIS
1,IMAGE COLOR ANALYSIS
5047,ALGORITHM DESIGN AND ANALYSIS
885,INTERACTIVE
3968,ROLL CALL
3973,PRESIDENTIAL ELECTION
3758,POLITICAL HISTORY
4279,N-DIMENSIONAL SPACE
3975,POLITICAL SCIENCE
3969,POLITICAL ORIENTATION
1467,SINGULAR VALUE DECOMPOSITION
3978,INFOGRAPHIC
3973,GENERAL ELECTION
529,COALITION GOVERNMENT
3985,SET OF CALLS
77,POLITICAL DATA VISUALIZATION
77,ROLL CALLS VISUALIZATION
6,SKIN
1895,AUGMENTED REALITY
3720,SURFACE TREATMENT
2844,DISTORTION
513,ROBUSTNESS
3374,BIOMEDICAL IMAGING
888,VIDEOS
6,SKIN COLOR
1087,CENTER OF MASS
3702,PREVIOUS STEP
501,PART OF THE IMAGE
2009,ADAPTIVE THRESHOLD
504,MORPHOLOGICAL OPERATIONS
1895,AUGMENTED REALITY APPLICATIONS
1895,AUGMENTED REALITY
2520,MARKERS
214,TRAINING
187,FACE RECOGNITION
388,ACCURACY
187,FACE
369,IMAGE RECOGNITION
678,DATABASES
189,FEATURE EXTRACTION
378,CONVOLUTIONAL NETWORK
620,FACIAL EXPRESSIONS
187,FACE RECOGNITION
2274,FACIAL EXPRESSION RECOGNITION
2274,FACIAL EXPRESSION RECOGNITION SYSTEM
202,FACE IMAGES
706,PERSON IMAGE
379,COMPUTER VISION PROBLEMS
6265,ACCURATE METHOD
196,CONVOLUTIONAL NEURAL NETWORK
199,CONVOLUTIONAL LAYERS
214,TRAINING TIME
2418,AVERAGE ACCURACY
5173,STATIC IMAGES
3581,EYEBROWS
536,SYNTHETIC IMAGES
1458,RECOGNITION RATE
5115,SPATIAL NORMALIZATION
1013,HISTOGRAM OF ORIENTED GRADIENTS
4207,HAPPY EXPRESSIONS
1374,SYNTHETIC GENERATION
3731,NORMALIZATION STEP
411,CROPPED IMAGES
4524,LENGTH OF THE LINE SEGMENT
5529,EYE CENTER
620,FACIAL EXPRESSION
378,CONVOLUTIONAL NETWORKS
379,COMPUTER VISION
78,MACHINE LEARNING
146,BUILDINGS
4927,GLOBAL POSITIONING SYSTEM
59,UNCERTAINTY
1611,GOOGLE
158,COMPUTATIONAL MODELING
189,FEATURE EXTRACTION
404,STREET VIEW
3914,ERROR PROPAGATION
4639,GEOGRAPHIC COORDINATES
205,QUERY IMAGE
1289,COVARIANCE MATRIX
909,EIGENVECTORS
895,PARTIAL DIFFERENTIAL
1467,SINGULAR VALUE DECOMPOSITION
2848,JACOBIAN MATRIX
1110,FEATURE MATCHING
1049,VERTICES
4108,ENVIRONMENT MAP
404,GOOGLE STREET VIEW
185,RADIUS OF THE EARTH
1288,BICUBIC INTERPOLATION
38,SMALL EIGENVALUES
819,VISUAL FEATURES
404,STREET VIEW
4108,ENVIRONMENT MAP
189,FEATURE EXTRACTION
1110,FEATURE MATCHING
3914,ERROR PROPAGATION
189,FEATURE EXTRACTION
40,NEURONS
2335,REMOTE SENSING
2670,MATHEMATICAL MODEL
3120,BIOLOGICAL NEURAL NETWORKS
77,VISUALIZATION
513,ROBUSTNESS
378,CONVOLUTIONAL NETWORK
3895,SPATIAL FEATURES
219,SPATIAL FEATURE REPRESENTATION
621,HIGH-RESOLUTION
196,NEURAL NETWORK
78,MACHINE LEARNING
192,DEEP LEARNING
196,CONVOLUTIONAL NEURAL NETWORK
304,IMAGE CLASSIFICATION
819,VISUAL FEATURES
2229,FEATURE LEARNING
4040,CLASSIFICATION LAYER
704,IMAGE DESCRIPTORS
2335,REMOTE SENSING IMAGES
304,IMAGE CLASSIFICATION PERFORMANCE
199,CONVOLUTIONAL LAYERS
630,POOLING LAYER
192,DEEP LEARNING STRATEGIES
4922,SYNTHETIC APERTURE RADAR
501,PART OF THE IMAGE
3615,PROCESSING UNIT
269,OBJECT DETECTION
224,FULLY-CONNECTED LAYER
32,GRAPHICS PROCESSING UNIT
192,DEEP LEARNING
2335,REMOTE SENSING
2229,FEATURE LEARNING
304,IMAGE CLASSIFICATION
78,MACHINE LEARNING
621,HIGH-RESOLUTION IMAGES
57,SHAPE
388,ACCURACY
189,FEATURE EXTRACTION
740,DECISION TREES
319,VEGETATION
1,IMAGE COLOR ANALYSIS
214,TRAINING
196,NEURAL NETWORK
1501,FEED-FORWARD NETWORK
3261,FEATURE SELECTION TECHNIQUES
4646,PRINCIPAL COMPONENT SPACE
364,FOURIER TRANSFORM
554,SUPPORT VECTOR MACHINE
977,RANDOM FOREST
740,DECISION TREE
793,DIMENSIONALITY REDUCTION
2971,SHAPE FEATURES
4835,INFORMATION GAIN
1851,LEAF NODE
4929,PROBABILISTIC NEURAL NETWORK
2933,SHAPE DESCRIPTORS
755,BINARY TREE
559,BAYESIAN CLASSIFIER
1196,CO-OCCURRENCE MATRIX
2928,FOURIER COEFFICIENTS
2971,SHAPE FEATURES
364,FOURIER TRANSFORM
3246,FEATURE SELECTION
761,GESTURE RECOGNITION
6,SKIN
699,ASSISTIVE TECHNOLOGY
369,IMAGE RECOGNITION
57,SHAPE
2072,HISTOGRAMS
40,NEURONS
375,SIGN LANGUAGE
375,BRAZILIAN SIGN LANGUAGE
196,NEURAL NETWORK
2377,DIGITAL IMAGES
1458,RECOGNITION RATE
2933,SHAPE DESCRIPTORS
761,GESTURE RECOGNITION
1013,HISTOGRAM OF ORIENTED GRADIENTS
1458,HIGH RECOGNITION RATE
221,HIDDEN LAYER
661,IMAGE DATASET
1599,IMAGE OBJECT
486,MULTILAYER PERCEPTRON
1348,GRAYSCALE IMAGES
5123,PRESENT APPROACH
2519,DISTANCE MAP
3711,HAND POSITION
375,AMERICAN SIGN LANGUAGE
835,IMAGE PROCESSING TECHNIQUES
375,SIGN LANGUAGE RECOGNITION
1013,HISTOGRAM OF ORIENTED GRADIENTS
300,NEURAL NETWORKS
761,GESTURE RECOGNITION
4631,LIBRAS
632,NOISE
890,NOISE MEASUREMENT
1181,COMPUTED TOMOGRAPHY
2033,NOISE REDUCTION
794,IMAGE RECONSTRUCTION
65,CORRELATION
2205,STANDARDS
1540,DENOISING
1499,GAUSSIAN NOISE
794,IMAGE RECONSTRUCTION
4324,PROJECT DATA
632,PEAK SIGNAL-TO-NOISE RATIO
397,IMAGE DOMAIN
2816,SHOT NOISE
2043,FILTERED BACK PROJECTION
632,SIGNAL-TO-NOISE
2038,RADIATION DOSE
1079,ADDITIVE NOISE
1181,COMPUTED TOMOGRAPHY IMAGES
2034,RECONSTRUCTION ALGORITHM
4519,IMAGE ARTIFACTS
2810,NEIGHBORING PIXELS
1195,MAXIMUM A POSTERIORI
1546,NOISY IMAGES
3355,WIENER FILTER
2665,MARKOV RANDOM FIELD
3351,3D FILTER
1181,COMPUTED TOMOGRAPHY (CT)
1540,DOUBLE DENOISING
423,ESTIMATION
57,SHAPE
65,CORRELATION
811,IMAGE RETRIEVAL
1,IMAGE COLOR ANALYSIS
77,VISUALIZATION
811,IMAGE RETRIEVAL
5630,RANKING INFORMATION
5635,RECIPROCAL RANK
584,UNSUPERVISED LEARNING
2128,EXPERIMENTAL EVALUATION
2630,RANKED LIST
704,IMAGE DESCRIPTORS
2625,RETRIEVAL RESULTS
1219,TEXTURE FEATURES
530,INFORMATION RETRIEVAL
292,AVERAGE PRECISION
1234,TEXTUAL DESCRIPTIONS
811,CONTENT-BASED IMAGE RETRIEVAL
4489,IMAGE POSITION
2933,SHAPE DESCRIPTORS
205,QUERY IMAGE
814,RETRIEVAL SYSTEM
292,MEAN AVERAGE PRECISION
811,CONTENT-BASED IMAGE RETRIEVAL
57,SHAPE
189,FEATURE EXTRACTION
158,COMPUTATIONAL MODELING
187,FACE
423,ESTIMATION
297,IMAGE SEGMENTATION
2383,SHAPE MODEL
87,LEARNING MODELS
244,GEOMETRIC FEATURES
667,FACE DETECTION
4722,UNSUPERVISED CLUSTERING ALGORITHM
311,SEGMENTATION STAGE
214,TRAINING DATASET
2945,TEST DATASET
661,IMAGE DATASET
3013,EDGE WEIGHTS
2354,BINARY IMAGE
4524,LINE SEGMENT
1013,HISTOGRAM OF ORIENTED GRADIENTS
5778,LINEAR GRAPH
4475,STILL IMAGES
2665,MARKOV RANDOM FIELD
2014,AUTOMATIC SEGMENTATION
297,IMAGE SEGMENTATION
284,TRANSFORMS
1300,CLUSTERING ALGORITHMS
319,VEGETATION
388,ACCURACY
1,IMAGE COLOR ANALYSIS
57,SHAPE
829,SIMPLE LINEAR ITERATIVE CLUSTERING
1367,OBJECT RECOGNITION
1740,DEPTH ESTIMATION
4390,COST PATH
4515,NONSMOOTH FUNCTIONS
379,COMPUTER VISION SYSTEM
5631,DISTANCING MEASURES
818,IMAGE PIXELS
297,IMAGE SEGMENTATION
1311,OPTIMAL PATH
829,SIMPLE LINEAR ITERATIVE CLUSTERING
2508,IMAGE FORESTING TRANSFORM
872,SUPERPIXEL
2694,MICROSCOPY
38,EIGENVALUES AND EIGENFUNCTIONS
831,ANIMALS
1021,IMAGE SEQUENCES
1986,IMAGE REGISTRATION
77,VISUALIZATION
57,SHAPE
2694,INTRAVITAL MICROSCOPY
38,EIGENVALUES OF THE HESSIAN MATRIX
2694,INTRAVITAL VIDEO MICROSCOPY
471,QUANTITATIVE EVALUATION
1986,IMAGE REGISTRATION
2164,VIDEO FRAMES
4183,TEMPLATE MATCHING
2794,BILATERAL FILTER
1101,DETECTION METHODS
470,GAUSSIAN KERNEL
306,PRECISION AND RECALL
635,AFFINE TRANSFORMATION
632,PEAK SIGNAL-TO-NOISE RATIO
632,PEAK SIGNAL-TO-NOISE RATIO VALUES
1894,BLURRED IMAGES
5370,RANGE OF SCALES
5220,PRECISE METHOD
4183,TEMPLATE MATCHING METHOD
6443,DETECTION OF LEUKOCYTES
2694,INTRAVITAL VIDEO MICROSCOPY
1986,TEMPORAL IMAGE REGISTRATION
57,SHAPE
187,FACE
55,THREE-DIMENSIONAL DISPLAYS
423,ESTIMATION
54,SOLID MODELING
794,IMAGE RECONSTRUCTION
321,CAMERAS
239,3D RECONSTRUCTION
240,ORAL AND MAXILLOFACIAL SURGERY
241,3D FACE
241,3D FACE RECONSTRUCTION
1761,STATISTICAL MODELS
379,COMPUTER VISION
2034,RECONSTRUCTION ALGORITHM
423,POSE ESTIMATION
2383,SHAPE MODEL
4502,MEDIAN ERROR
2383,STATISTICAL SHAPE MODEL
5380,SHAPE PARAMETER
187,FACE RECOGNITION
246,FACIAL FEATURES
61,3D SCANNING
2968,3D SHAPE
1870,ROLL ANGLE
406,YAW ANGLE
2269,LANDMARK DETECTION
5084,STRUCTURE FROM MOTION
287,ARTIFICIAL IMAGES
1049,SUBSET OF VERTICES
628,PREVIOUS FRAME
6455,MORPHABLE MODEL
5,COMPUTER GRAPHICS
321,CAMERAS
1294,OPTIMIZATION
5047,ALGORITHM DESIGN AND ANALYSIS
3799,VECTORS
6006,RAY TRACING
2713,DATA STRUCTURES
2299,HARDWARE
2713,DATA STRUCTURE
70,BOUNDING BOX
913,APPLICATION PROGRAMMING INTERFACE
4425,ORIGINAL ALGORITHM
1373,CAMERA POSITION
1415,SINGLE THREAD
4395,DIVIDE-AND-CONQUER APPROACH
5899,NUMBER OF RAYS
2151,SCENE REGIONS
4395,DIVIDE-AND-CONQUER
6006,RAY-TRACING
2788,PARALLELIZATION
237,ADAPTATION MODELS
1882,TOPOLOGY
157,GEOMETRY
158,COMPUTATIONAL MODELING
3720,SURFACE TREATMENT
54,SOLID MODELING
4554,WORKFLOW
2360,HORIZON
126,TERRAIN
4076,PARAMETRIZED
6178,ERROR FUNCTION
62,3D MESH
475,3D POSITION
113,TRIANGULAR MESH
906,IMPLICIT REPRESENTATION
1832,GEOLOGICAL LAYERS
1393,GRAPHICS APPLICATIONS
6474,ADAPTIVE MESH
77,VISUALIZATION
189,FEATURE EXTRACTION
77,DATA VISUALIZATION
3799,VECTORS
1,COLOR
2136,LAYOUT
544,STRUCTURAL SIMILARITY
2156,MUSIC COLLECTIONS
3429,VISUAL REPRESENTATION
2168,DYNAMIC TIME WARPING
153,VISUAL INTERFACE
554,SUPPORT VECTOR MACHINE
3935,METADATA
108,VISUAL SYSTEM
236,POINT CLOUD
673,LOOKUP TABLE
3944,AUDIO DATA
1991,SIMILARITY MAP
2156,MUSIC GENRES
937,RECORD COMPANIES
3303,VISUAL METAPHORS
2156,MUSIC THEORY
3131,WORTH NOTICING
77,VISUALIZATION OF MUSIC COLLECTIONS
5049,MULTIDIMENSIONAL PROJECTION
77,HIGH-DIMENSIONAL DATA VISUALIZATION
6,SKIN
514,LESIONS
297,IMAGE SEGMENTATION
1081,DICTIONARIES
794,IMAGE RECONSTRUCTION
519,CANCER
2205,STANDARDS
514,SKIN LESIONS
666,SKIN PIGMENTATION
4743,DICTIONARY LEARNING
514,PIGMENTED LESIONS
514,MELANOCYTIC LESIONS
6498,SKIN LESION SEGMENTATION
514,PIGMENTED SKIN LESIONS
514,MELANOCYTIC SKIN LESIONS
340,INPUT IMAGE
500,SEGMENTATION METHOD
5736,SEGMENTATION ALGORITHM
663,COLOR SPACE
204,IMAGE PATCHES
276,HSV COLOR
297,IMAGE SEGMENTATION
514,MALIGNANT LESIONS
1993,MUTUAL INFORMATION MEASURES
514,MELANOMACYTIC SKIN LESIONS
253,SEGMENTATION
4743,DICTIONARY LEARNING
1181,COMPUTED TOMOGRAPHY
32,GRAPHICS PROCESSING UNITS
1181,SINGLE PHOTON EMISSION COMPUTED TOMOGRAPHY
4460,POSITRON EMISSION TOMOGRAPHY
632,NOISE
5872,NATIVE SPACE
885,INTERACTIVE
1993,MUTUAL INFORMATION
1993,MAXIMUM MUTUAL INFORMATION
1540,DENOISING
2031,VOXEL SIZE
32,GRAPHICS PROCESSING UNIT
1097,VALIDATION SAMPLE
1181,SINGLE-PHOTON EMISSION COMPUTED TOMOGRAPHY
1822,DEPTH MAP
129,FILTERING ALGORITHM
1142,RIGID TRANSFORMATION
2789,NUMERICAL ERRORS
1181,COMPUTED TOMOGRAPHY VOLUMES
1104,GEOMETRIC TRANSFORMATION
327,REFERENCE IMAGE
926,CO-REGISTRATION
77,MULTIMODAL VISUALIZATION
293,EQUATIONS
888,VIDEOS
3493,ACCELERATION
557,IMAGE EDGE DETECTION
56,MEASUREMENT
2767,BRIGHTNESS
34,REAL-TIME SYSTEMS
2690,REVERSE MAPPING
1523,IMAGE QUALITY
3856,CONTRASTIVE LOSS
2121,HIGH DYNAMIC RANGE IMAGE
470,GAUSSIAN KERNEL
340,INPUT IMAGE
4511,SMOOTH FUNCTION
3837,QUALITY METRICS
2794,BILATERAL FILTER
1523,IMAGE QUALITY METRICS
6531,REVERSE TONE MAPPING
2121,HIGH DYNAMIC RANGE
2794,CROSS-BILATERAL FILTER
187,FACE RECOGNITION
187,FACE
716,FORENSICS
2072,HISTOGRAMS
189,FEATURE EXTRACTION
3799,VECTORS
214,TRAINING
555,DISCRIMINANT ANALYSIS
716,FORENSIC
214,TRAINING SET
187,FACE RECOGNITION
1411,GAUSSIAN FILTER
202,FACE IMAGES
1821,PROJECTION MATRIX
4146,DISTANCE METRICS
5868,KERNEL METHODS
129,IMAGE FILTERING
827,SCALE-INVARIANT FEATURE TRANSFORM
5579,RECOGNITION APPROACH
189,LOCAL FEATURE EXTRACTION
1013,HISTOGRAM OF ORIENTED GRADIENTS
2777,DIFFERENCE OF GAUSSIAN
4426,GRADIENT ORIENTATION
187,FACE RECOGNITION
2670,MATHEMATICAL MODEL
293,EQUATIONS
158,COMPUTATIONAL MODELING
32,GRAPHICS PROCESSING UNITS
1353,LIQUIDS
2300,ANIMATION
1364,SMOOTHED PARTICLE HYDRODYNAMICS
1889,SHEAR STRESS
6541,VARIABLE VISCOSITY
2300,COMPUTER ANIMATION
2803,SECOND DERIVATIVE
2842,TENSILE STRAIN
32,GRAPHICS PROCESSING UNIT
5547,HASH FUNCTION
2321,BUCKLING
1363,PARTICLE BOUNDARIES
5242,SHEAR-THINNING BEHAVIOR
6541,DECREASE IN VISCOSITY
6543,FLUID FLOW SIMULATIONS
2321,JET BUCKLING
1353,VISCOUS LIQUIDS
2300,COMPUTER ANIMATION
297,IMAGE SEGMENTATION
1,IMAGE COLOR ANALYSIS
3311,MOBILE HANDSETS
388,ACCURACY
34,REAL-TIME SYSTEMS
1300,CLUSTERING ALGORITHMS
1900,MOBILE DEVICES
885,INTERACTIVE SEGMENTATION
5645,FINAL RESULTS
500,SEGMENTATION METHOD
5736,SEGMENTATION ALGORITHM
502,SEGMENTATION RESULTS
6238,IMAGE EDITING
818,IMAGE PIXELS
5494,IMAGE SIZE
10,USER EXPERIENCE
70,BOUNDING BOX
663,COLOR SPACE
851,OBJECT OF INTEREST
1183,GAUSSIAN MIXTURE MODEL
842,SEGMENTATION PROCESS
881,BACKGROUND REGIONS
1267,FINAL SEGMENTATION
829,SIMPLE LINEAR ITERATIVE CLUSTERING
2829,FOREGROUND REGIONS
502,FINAL SEGMENTATION RESULTS
3268,FOREGROUND OBJECTS
1262,OBJECT BOUNDARIES
297,INTERACTIVE IMAGE SEGMENTATION
872,SUPERPIXEL SEGMENTATION
77,DATA VISUALIZATION
77,VISUALIZATION
55,THREE-DIMENSIONAL DISPLAYS
1145,SEMANTICS
3848,LENSES
2205,STANDARDS
2671,TWO DIMENSIONAL DISPLAYS
885,INTERACTIVE
77,VISUALIZATION TECHNIQUES
5204,3D ROTATION
740,DECISION TREE
77,VISUALIZATION TOOL
1281,TREE STRUCTURE
4324,PROJECT DATA
1821,PROJECTION MATRIX
2572,ORTHOGONAL PROJECTION
5207,CURRENT VIEW
6179,VISUAL PERSPECTIVE
3257,DIMENSIONAL DATASETS
2191,2D PROJECTION
4668,VISUAL EXPLORATION
4306,PARALLEL COORDINATES
77,DATA VISUALIZATION
1654,MICE
5,GRAPHICS
3633,CALIBRATION
913,LINEAR PROGRAMMING
1288,INTERPOLATION
2057,USABILITY
1971,OBJECTIVE FUNCTION
4524,LINE SEGMENT
3881,SHEET OF PAPER
37,TRACKING ALGORITHM
1288,BILINEAR INTERPOLATION
2009,ADAPTIVE THRESHOLD
1140,IMAGE COORDINATES
1115,HOMOGRAPHY
6088,SOBEL OPERATOR
4955,HOMOGENEOUS COORDINATES
37,TRACKING
489,ENCODING
284,TRANSFORMS
388,ACCURACY
736,VIDEO CODING
293,EQUATIONS
613,IMAGE CODING
5731,REDUNDANCY
5731,SPATIAL REDUNDANCY
2160,VIDEO CONTENT
2810,NEIGHBORING PIXELS
743,CODING EFFICIENCY
736,VIDEO CODING
2815,ORIGINAL PIXEL
84,PREDICTION MODE
2124,ENTROPY CODING
6595,LOSSLESS CODING
4926,RIVERS
1300,CLUSTERING ALGORITHMS
632,NOISE
293,EQUATIONS
2670,MATHEMATICAL MODEL
2345,GEOLOGY
189,FEATURE EXTRACTION
6312,GEOLOGICAL FEATURES
1087,CENTER OF MASS
982,FEATURE SPACE
5664,USER INTERVENTION
4514,DIJKSTRA'S ALGORITHM
2568,HYPERSPHERE
822,CLUSTERING
6611,MEAN SHIFT
5953,PATH-FINDING
614,IMAGE SYNTHESIS
0,GAMES
214,TRAINING
167,PROTOTYPES
554,SUPPORT VECTOR MACHINES
2184,SEMISUPERVISED LEARNING
388,ACCURACY
447,SUPERVISED LEARNING
319,VEGETATION
2414,PATTERN CLASSIFICATION
2189,SEMI-SUPERVISED CLASSIFICATION
1279,OPTIMUM-PATH FOREST
214,TRAINING SET
554,SUPPORT VECTOR MACHINE
206,ERROR RATE
6265,ACCURATE METHOD
300,ARTIFICIAL NEURAL NETWORK
447,SUPERVISED LEARNING
3810,ACTIVE LEARNING
4032,SAMPLE QUALITY
584,UNSUPERVISED LEARNING
187,FACE RECOGNITION
551,FRIEDMAN TEST
896,RADIAL BASIS FUNCTION KERNEL
1311,OPTIMAL PATH
2184,SEMI-SUPERVISED LEARNING
4302,ADJACENT NODES
5778,LINEAR GRAPH
2186,LABEL PROPAGATION
1305,ADJACENCY RELATIONSHIP
3810,ACTIVE LEARNING METHODS
214,LARGE TRAINING SET
2184,SEMI-SUPERVISED LEARNING APPROACH
585,MEAN ACCURACY
1264,RATE SET
982,FEATURE SPACE
2184,SEMI-SUPERVISED LEARNING
1554,PATTERN RECOGNITION
1279,OPTIMUM-PATH FOREST CLASSIFIERS
5236,RETINA
1,IMAGE COLOR ANALYSIS
678,DATABASES
3374,BIOMEDICAL IMAGING
1239,PATHOLOGY
5235,BLOOD VESSELS
2388,OPTICAL IMAGING
4451,AUTOMATIC DETECTION
5245,RETINAL IMAGES
5235,BLOOD VESSELS
1101,DETECTION METHODS
5400,OPTIC NERVE HEAD
4007,RED CHANNEL
5411,CENTRAL MACULA
3965,COLOR CHANNELS
2926,IMAGE DATABASE
5402,DISC DIAMETER
5240,FUNDUS IMAGES
6627,DIABETIC MACULAR EDEMA
1239,ABSENCE OF PATHOLOGY
1669,MATHEMATICAL MORPHOLOGY
5398,OCULAR FUNDUS
5413,FOVEA DETECTION
5245,RETINAL IMAGES
2388,OPTICAL IMAGING
2389,ADAPTIVE OPTICS
1294,OPTIMIZATION
293,EQUATIONS
1021,IMAGE SEQUENCES
760,SOCIOLOGY
1988,STATISTICS
4582,PARTICLE SWARM
4582,PARTICLE SWARM OPTIMIZATION
771,OPTICAL FLOW
3298,HARMONY SEARCH
771,OPTICAL FLOW METHOD
1971,OBJECTIVE FUNCTION
2158,OPTIMIZATION ALGORITHM
1972,EVOLUTIONARY ALGORITHMS
1807,GLOBAL SOLUTION
1193,PERCENTAGE OF PIXELS
1899,ENDPOINT ERROR
4595,ROUND OF EXPERIMENTS
771,OPTICAL FLOW ESTIMATION
1976,MULTI-OBJECTIVE OPTIMIZATION METHOD
771,OPTICAL FLOW
214,TRAINING
761,GESTURE RECOGNITION
5202,JOINTS
238,SENSORS
34,REAL-TIME SYSTEMS
189,FEATURE EXTRACTION
761,GESTURE RECOGNITION
1543,RECOGNITION ACCURACY
1123,DEPTH CAMERA
2184,SEMI-SUPERVISED LEARNING
3931,RECOGNITION ALGORITHM
1153,HUMAN ACTIVITY RECOGNITION
214,TRAINING PHASE
3124,END OF PROCESS
4079,POINT IN DIRECTION
1458,RECOGNITION RATE
2167,ADAPTIVE SAMPLING
4096,FINAL POSE
3893,KINECT SENSOR
761,GESTURE RECOGNITION
78,MACHINE LEARNING
214,TRAINING
238,DEPTH SENSORS
189,FEATURE EXTRACTION
492,HEAD
2072,HISTOGRAMS
388,ACCURACY
557,IMAGE EDGE DETECTION
304,IMAGE CLASSIFICATION
704,IMAGE DESCRIPTORS
486,MULTILAYER PERCEPTRON
390,MAJOR ROADS
486,MULTILAYER PERCEPTRON CLASSIFIER
3382,RECEIVER OPERATING CHARACTERISTIC CURVE
554,SUPPORT VECTOR MACHINE
977,RANDOM FOREST
4971,POSITIVE PREDICTIVE VALUE
556,K-NEAREST NEIGHBOR
4800,WAVELET TRANSFORM
554,SUPPORT VECTOR MACHINE CLASSIFIER
1348,GRAYSCALE IMAGES
896,RADIAL BASIS FUNCTION
1369,OBJECT CLASSIFICATION
2354,BINARY IMAGE
1013,HISTOGRAM OF ORIENTED GRADIENTS
896,RADIAL BASIS FUNCTION NETWORK
3818,KAPPA INDEX
3029,GEOMETRIC INFORMATION
2926,IMAGE DATABASE
557,IMAGE EDGE
3606,AREA UNDER CURVE
6661,HELMET
189,FEATURE EXTRACTION
81,CLASSIFICATION
77,DATA VISUALIZATION
55,THREE-DIMENSIONAL DISPLAYS
54,SOLID MODELING
5,RENDERING (COMPUTER GRAPHICS)
322,CONTEXT
1344,MEDICAL DIAGNOSTIC IMAGING
3724,MEDICAL DATA
873,VISUAL QUALITY
6316,VOLUMETRIC DATA
424,CAMERA POSE
423,CAMERA POSE ESTIMATION
680,MAGNETIC RESONANCE IMAGING
239,3D RECONSTRUCTION
32,GRAPHICS PROCESSING UNIT
680,MAGNETIC RESONANCE IMAGING DATA
3677,IMAGE VOLUMES
77,VISUALIZATION TECHNIQUES
5088,REAL SCENES
1181,COMPUTED TOMOGRAPHY DATA
252,ITERATIVE CLOSEST POINT
2152,BACKGROUND SCENE
2858,VOLUME RENDERING
1833,RAY CASTING
3893,KINECT SENSOR
423,POSE ESTIMATION
850,COLOR IMAGES
77,FOCUS+CONTEXT VISUALIZATION
1895,AUGMENTED REALITY
2858,VOLUME RENDERING
77,VISUALIZATION
4260,BIPARTITE GRAPH
238,SENSORS
388,ACCURACY
5849,BAND SELECTION
5849,HYPERSPECTRAL BAND SELECTION
5849,UNSUPERVISED HYPERSPECTRAL BAND SELECTION
6315,AMOUNT OF INFORMATION
793,DIMENSIONALITY REDUCTION
4378,UNSUPERVISED METHODS
4310,GRAPH MATCHING
1732,DEGRADATION INFORMATION
554,SUPPORT VECTOR MACHINE
447,SUPERVISED LEARNING
4522,VERTICAL LINE
5847,SPECTRAL BANDS
265,SPATIAL DIMENSIONS
554,SUPPORT VECTOR MACHINE CLASSIFIER
391,VIDEO SEQUENCES
3642,DISSIMILARITY MEASURE
5854,SALINAS DATASET
5395,DISSIMILARITY VALUES
6685,INDIAN PINES DATASET
6686,PAVIA UNIVERSITY DATASET
796,HYPERSPECTRAL IMAGERY
5849,BAND SELECTION
4310,GRAPH MATCHING
2335,REMOTE SENSING
77,DATA VISUALIZATION
31,PIPELINES
3294,INSTRUMENTS
32,GRAPHICS PROCESSING UNITS
5978,PORTS (COMPUTERS)
1,IMAGE COLOR ANALYSIS
346,DATA MODELS
2788,PARALLELIZATION
355,TIME SERIES DATA
3024,DIRECTED GRAPH
272,COLOR MAP
508,EDGE DETECTION
77,VISUALIZATION TECHNIQUES
1503,GAUSSIAN BLUR
77,TRACE VISUALIZATION
214,TRAINING
59,UNCERTAINTY
1,IMAGE COLOR ANALYSIS
388,ACCURACY
1300,CLUSTERING ALGORITHMS
554,SUPPORT VECTOR MACHINES
2072,HISTOGRAMS
621,HIGH-RESOLUTION IMAGES
304,IMAGE CLASSIFICATION
242,LARGE DATASETS
3319,RESPONSE TIME
3810,ACTIVE LEARNING
3067,HUMAN-COMPUTER INTERACTION
3264,ACTIVE LEARNING PROCESS
3810,ACTIVE LEARNING TECHNIQUES
214,TRAINING SET
4364,RANDOM SAMPLING
1685,CLASSIFICATION ACCURACY
554,SUPPORT VECTOR MACHINE
2346,SMALL SET
1189,PROBABILITY DENSITY FUNCTION
297,IMAGE SEGMENTATION
4810,RANDOM SELECTION
3810,ACTIVE LEARNING METHODS
214,SMALL TRAINING SET
4443,COLOR HISTOGRAM
4326,CLUSTERING TECHNIQUES
6437,CLUSTER CENTERS
554,SUPPORT VECTOR MACHINE CLASSIFIER
2335,REMOTE SENSING IMAGES
3963,PIXEL REPRESENTATION
6706,VERY HIGH RESOLUTION IMAGE PROCESSING
3810,ACTIVE LEARNING
2189,SUPERVISED CLASSIFICATION
3799,VECTORS
447,SUPERVISED LEARNING
647,PROBABILITY
2514,FUZZY SETS
560,TESTING
6713,FUZZY LOGIC
3541,REGRESSION MODEL
289,VALIDATION SET
447,SUPERVISED LEARNING
982,FEATURE SPACE
556,K-NEAREST NEIGHBOR
486,MULTILAYER PERCEPTRON
972,BASE CLASSIFIERS
6196,CLASS PROBABILITIES
2616,SUBSET OF CLASSES
2514,FUZZY SET
221,HIDDEN LAYER
6727,FUZZY NUMBERS
1936,INPUT SPACE
558,AVERAGE RANK
1719,GENERALIZATION
447,SUPERVISED LEARNING
6724,FUZZY METHODS
187,FACE
187,FACE RECOGNITION
554,SUPPORT VECTOR MACHINES
2670,MATHEMATICAL MODEL
293,EQUATIONS
3799,VECTORS
189,FEATURE EXTRACTION
187,FACE RECOGNITION
3605,FACE IDENTITY
1463,TEST SAMPLES
3382,RECEIVER OPERATING CHARACTERISTIC CURVE
289,VALIDATION SET
4706,LATENT VARIABLES
4148,DESCRIPTIVE CHARACTERISTICS
1486,PARTIAL LEAST SQUARES
202,FACE IMAGES
1486,PARTIAL LEAST SQUARES REGRESSION
214,TRAINING SUBSETS
5819,POLYNOMIAL KERNEL
1486,PARTIAL LEAST SQUARES MODEL
321,SURVEILLANCE CAMERAS
5388,FACE REPRESENTATION
187,FACE RECOGNITION TASK
245,DISCRIMINATIVE FEATURES
2445,HYPERPLANE
555,LINEAR DISCRIMINANT ANALYSIS
1915,METHODS IN THE LITERATURE
187,FACE RECOGNITION
561,OPEN SET RECOGNITION
888,VIDEOS
6031,WATERMARKING
293,EQUATIONS
513,ROBUSTNESS
3672,DETECTION ALGORITHMS
632,NOISE
2161,VIDEO QUALITY
739,DECODING
2164,VIDEO FRAMES
6162,DIGITAL CONTENT
632,PEAK SIGNAL-TO-NOISE RATIO
3965,COLOR CHANNELS
3411,BLACK BARS
2160,VIDEO CONTENT
376,MATHEMATICAL OPERATIONS
5742,TEMPORAL LOCALIZATION
3411,WHITE BARS
4561,PSEUDO-RANDOM NUMBER GENERATOR
1508,SALT AND PEPPER NOISE
6031,WATERMARKING
616,SPATIAL RESOLUTION
3600,SIGNAL RESOLUTION
2965,SIGNAL PROCESSING ALGORITHMS
344,COMPUTER ARCHITECTURE
1288,INTERPOLATION
64,PROCESSING TIME
4654,PARALLEL DATA
1550,SUPER-RESOLUTION ALGORITHMS
1927,LARGE AMOUNT OF DATA
1912,REFERENCE FRAME
747,BLOCK SIZE
1037,SPATIAL DOMAIN
2164,VIDEO FRAMES
3965,COLOR CHANNELS
108,HUMAN VISUAL SYSTEM
1288,INTERPOLATION TECHNIQUE
1533,SUPER-RESOLUTION
6704,PARALLEL COMPUTING
2800,HIGH PERFORMANCE COMPUTING NETWORK
32,GRAPHICS PROCESSING UNITS
638,MATERIALS
158,COMPUTATIONAL MODELING
2712,INDEXES
5047,ALGORITHM DESIGN AND ANALYSIS
1882,TOPOLOGY
2785,INSTRUCTION SETS
905,DISTANCE FUNCTION
2513,SHORTEST PATH
2609,VORONOI DIAGRAM
2713,DATA STRUCTURE
32,GRAPHICS PROCESSING UNIT
157,COMPUTATIONAL GEOMETRY
5222,STIFFNESS
2788,PARALLELIZATION
4076,PARAMETRIZED
5465,EUCLIDEAN SPACE
4990,EFFICIENT IMPLEMENTATION
4302,ADJACENT NODES
4279,2-DIMENSIONAL SPACE
6224,PARALLEL ALGORITHM
2513,SHORTEST PATH PROBLEM
3798,INPUT INSTANCE
2609,VORONOI DIAGRAM
913,PARALLEL PROGRAMMING
2136,LAYOUT
77,VISUALIZATION
1145,SEMANTICS
1294,OPTIMIZATION
3799,VECTORS
5689,AEROSPACE ELECTRONICS
77,DATA VISUALIZATION
2136,DYNAMIC LAYOUT
885,INTERACTIVE
305,ENERGY FUNCTION
5664,USER INTERVENTION
1843,GEOMETRIC PRIMITIVES
4812,HIGH-DIMENSIONAL
5440,LINEAR SYSTEM
10,USER EXPERIENCE
4282,POINTS IN SPACE
779,TEXT DATA
3067,HUMAN-COMPUTER INTERACTION
2062,CONTROL POINTS
3163,COORDINATES OF POINTS
2063,CLOUD DATA
2416,LAPLACIAN MATRIX
4327,DATA INSTANCES
2055,VISUAL SPACE
4433,VISUAL DOMAIN
5699,PROJECTION STEP
5056,NEIGHBORHOOD RELATIONSHIP
5049,MULTIDIMENSIONAL PROJECTION
77,VISUALIZATION
321,CAMERAS
189,FEATURE EXTRACTION
414,SIMULTANEOUS LOCALIZATION AND MAPPING
55,THREE-DIMENSIONAL DISPLAYS
4504,FEATURE TRACKING
2875,VISUAL ODOMETRY
6225,RGB-D SENSOR
1124,ROOT MEAN SQUARE ERROR
108,VISUAL SYSTEM
819,VISUAL FEATURES
4714,FEATURE POINTS
414,SIMULTANEOUS LOCALIZATION AND MAPPING
424,CAMERA POSE
2299,SPECIFIC HARDWARE
4598,GLOBAL OPTIMIZATION
236,POINT CLOUD
5764,CORRESPONDING POINTS
771,OPTICAL FLOW
423,POSE ESTIMATION
2850,CURRENT FRAME
252,ITERATIVE CLOSEST POINT
4253,ADJACENT FRAMES
427,LOOP CLOSURE
3894,RGB-D DATA
819,EXTRACT VISUAL FEATURES
1114,INLIERS
261,ROBOT NAVIGATION
2875,VISUAL ODOMETRY
4504,FEATURE TRACKING
238,RGB-D SENSORS
237,ADAPTATION MODELS
5937,FABRICS
3799,VECTORS
5228,DAMPING
158,COMPUTATIONAL MODELING
2670,MATHEMATICAL MODEL
113,TRIANGULAR
113,TRIANGULAR MESH
6474,ADAPTIVE MESH
3532,CLOTH SIMULATION
2037,TIME STEP
1928,ADAPTIVE METHOD
4535,HIGH CURVATURE
448,OBJECTS IN THE SCENE
1854,COLLISION DETECTION
4535,REGIONS OF HIGH CURVATURE
3526,SPRING CONSTANT
2037,SIMULATION TIME STEP
2843,ELASTIC FORCE
3510,MESH GENERATION
2843,THRUST FORCE
2037,SMALL TIME STEP
2300,CLOTH ANIMATION
6474,ADAPTIVE MESH
811,IMAGE RETRIEVAL
57,SHAPE
1,IMAGE COLOR ANALYSIS
77,VISUALIZATION
2184,SEMISUPERVISED LEARNING
189,FEATURE EXTRACTION
2184,SEMI-SUPERVISED LEARNING
811,IMAGE RETRIEVAL
5432,RELEVANT FEEDBACK
811,IMAGE RETRIEVAL TASK
885,INTERACTIVE
78,LEARNING ALGORITHMS
584,UNSUPERVISED LEARNING
3067,HUMAN-COMPUTER INTERACTION
1234,TEXTUAL DESCRIPTIONS
2630,RANKED LIST
6291,USER FEEDBACK
704,IMAGE DESCRIPTORS
2933,SHAPE DESCRIPTORS
4363,USER EFFORT
3158,DISTANCE MATRIX
661,IMAGE DATASET
2128,EXPERIMENTAL EVALUATION
4378,UNSUPERVISED METHODS
4489,IMAGE POSITION
6423,UNSUPERVISED ALGORITHM
811,CONTENT-BASED IMAGE RETRIEVAL
205,QUERY IMAGE
3640,SIMILAR IMAGES
2231,UNLABELED DATA
6409,RANK AGGREGATION
2536,DICE SIMILARITY COEFFICIENT
3641,RECALL CURVE
811,CONTENT-BASED IMAGE RETRIEVAL
2184,SEMI-SUPERVISED LEARNING
2451,ELECTRODES
2432,ELECTROENCEPHALOGRAPHY
3623,LOADING
2447,BRAIN MAPPING
217,ENTROPY
1241,BRAIN MODELING
679,MULTIVARIATE STATISTICAL ANALYSIS
2447,BRAIN MAPPING
4765,EEG SIGNALS
4793,NEURAL ORGANIZATION
4783,FACTOR LOADINGS
909,EIGENVECTORS
555,LINEAR DISCRIMINANT ANALYSIS
4790,ORTHOGONAL MATRIX
4794,FACTOR LOADING ESTIMATES
2446,SCATTERING MATRIX
4795,PRINCIPAL COMPONENT METHOD
1821,PROJECTION MATRIX
2447,BRAIN MAPPING
52,KERNEL
554,SUPPORT VECTOR MACHINES
1636,POLYNOMIALS
214,TRAINING
388,ACCURACY
560,BENCHMARK TESTING
554,SUPPORT VECTOR MACHINE
554,KERNEL SUPPORT VECTOR MACHINE
4812,HIGH-DIMENSIONAL
2604,KERNEL FUNCTION
2232,LINEARLY SEPARABLE
214,TRAINING SET
604,SIGMOID FUNCTION
2418,AVERAGE ACCURACY
4450,BENCHMARK DATASETS
896,RADIAL BASIS FUNCTION
551,FRIEDMAN TEST
2445,HYPERPLANE
2751,COMPUTATIONAL LOAD
896,RADIAL BASIS FUNCTION KERNEL
971,LINEAR KERNEL
5819,POLYNOMIAL KERNEL
4595,ROUND OF EXPERIMENTS
214,SUPPORT VECTOR MACHINE TRAINING
554,RESULTS OF SUPPORT VECTOR MACHINE
78,MACHINE LEARNING
2604,KERNEL FUNCTIONS
554,SUPPORT VECTOR MACHINES
6,SKIN
187,FACE
6262,NOSE
717,MOUTH
1203,EAR
794,IMAGE RECONSTRUCTION
240,ORAL AND MAXILLOFACIAL SURGERY
6669,SOFT TISSUE
2383,SHAPE MODEL
732,FORENSIC SCIENCE
6669,SOFT TISSUE STRUCTURES
1486,PARTIAL LEAST SQUARES REGRESSION
257,HUMAN FACES
5878,ARC LENGTH
5881,MIDSAGITTAL PLANE
6841,FACIAL RECONSTRUCTION
732,FORENSIC SCIENCE
77,VISUALIZATION
342,BIOLOGY
2694,MICROSCOPY
618,IMAGE RESOLUTION
632,NOISE
77,VISUALIZATION PLATFORM
6860,DIGITAL IN-LINE HOLOGRAPHY
2725,LIGHT SOURCE
3236,IMAGE SENSOR
3869,IMAGE FORMATION
2694,CONVENTIONAL MICROSCOPY
2121,HIGH DYNAMIC RANGE
591,HOLOGRAPHIC IMAGES
4251,EXPOSURE VALUES
5619,WEIGHT FUNCTION
739,DECODING
6860,DIGITAL IN-LINE HOLOGRAPHY PLATFORM
77,SPERM MORPHOLOGY VISUALIZATION
297,IMAGE SEGMENTATION
1,IMAGE COLOR ANALYSIS
1348,GRAY-SCALE
3159,PRINCIPAL COMPONENT ANALYSIS
513,ROBUSTNESS
1294,OPTIMIZATION
3827,SPECULAR REFLECTION
4014,ENDOSCOPIC IMAGES
500,SEGMENTATION METHOD
502,SEGMENTATION RESULTS
2425,OPTIMIZATION PROBLEM
6528,INTENSITY VALUES
340,INPUT IMAGE
1711,RGB IMAGES
2728,FINAL IMAGE
2637,LIPSCHITZ CONTINUOUS
4624,SEGMENTED REGIONS
544,STRUCTURAL SIMILARITY INDEX
2267,GROUND TRUTH IMAGE
1894,BLURRED IMAGES
540,INPAINTING
302,COLOR THRESHOLD
3965,COLOR CHANNELS
4670,MATRIX DECOMPOSITION
5772,ROBUST PCA
527,MEDICAL IMAGING
794,IMAGE RECONSTRUCTION
4374,X-RAY IMAGING
157,GEOMETRY
461,DETECTORS
1181,COMPUTED TOMOGRAPHY
638,MATERIALS
1181,X-RAY COMPUTED TOMOGRAPHY
2039,RECONSTRUCTION METHOD
2417,DIAGONAL MATRIX
297,IMAGE SEGMENTATION
794,IMAGE RECONSTRUCTION
238,OPTICAL SENSORS
1370,TARGET OBJECT
157,INLINE SCANNING GEOMETRY
1181,COMPUTED TOMOGRAPHY
775,OPTICAL CHARACTER RECOGNITION SOFTWARE
189,FEATURE EXTRACTION
789,LICENSE PLATE RECOGNITION
388,ACCURACY
775,CHARACTER RECOGNITION
214,TRAINING
1294,OPTIMIZATION
378,CONVOLUTIONAL NETWORK
789,LICENSE PLATE
789,LICENSE PLATE RECOGNITION
789,VEHICLE LICENSE PLATE
789,VEHICLE LICENSE PLATE RECOGNITION
196,CONVOLUTIONAL NEURAL NETWORK
554,SUPPORT VECTOR MACHINE
554,LINEAR SUPPORT VECTOR MACHINE
775,OPTICAL CHARACTER RECOGNITION
189,FEATURE EXTRACTION NETWORK
214,TRAINING SET
340,INPUT IMAGE
585,MEAN ACCURACY
896,RADIAL BASIS FUNCTION
367,HYPERPARAMETER TUNING
4882,FILTER SIZE
196,CONVOLUTIONAL NEURAL NETWORK ARCHITECTURE
196,TRADITIONAL CONVOLUTIONAL NEURAL NETWORK
1675,POOLING OPERATION
4814,DIVISIVE NORMALIZATION
1978,NUMBER OF FILTERS
4575,RAW PIXEL
397,IMAGE DOMAIN
4816,SPATIAL POOLING
1200,POOLED SENSITIVITY
4589,RANDOM SEARCH
196,CONVOLUTIONAL NEURAL NETWORKS
4589,RANDOM SEARCH
775,OPTICAL CHARACTER RECOGNITION
789,VEHICLE LICENSE PLATE RECOGNITION
297,IMAGE SEGMENTATION
284,TRANSFORMS
3374,BIOMEDICAL IMAGING
1181,COMPUTED TOMOGRAPHY
513,ROBUSTNESS
297,IMAGE SEGMENTATION
297,IMAGE SEGMENTATION APPLICATIONS
527,MEDICAL IMAGING
305,ENERGY FUNCTION
303,FALSE POSITIVE RATE
2419,UNDIRECTED
5682,MINIMIZATION PROBLEM
3698,HYBRID APPROACH
2514,FUZZY SET
397,IMAGE DOMAIN
4607,OPPOSITE ORIENTATION
3016,GRAPH-BASED METHODS
6908,RELATIVE FUZZY CONNECTEDNESS
2508,IMAGE FORESTING TRANSFORM
869,TAXONOMY
5235,BLOOD VESSELS
3374,BIOMEDICAL IMAGING
557,IMAGE EDGE DETECTION
1654,MICE
297,IMAGE SEGMENTATION
835,IMAGE PROCESSING
5235,BLOOD VESSELS
1993,MUTUAL INFORMATION
2119,CONSECUTIVE FRAMES
1049,VERTICES
755,BINARY TREE
6915,MICROCIRCULATION
6915,SEPSIS
835,IMAGE PROCESSING
6916,GRAPH METRICS
1682,MALIGNANT TUMORS
514,LESIONS
189,FEATURE EXTRACTION
3799,VECTORS
1,IMAGE COLOR ANALYSIS
554,SUPPORT VECTOR MACHINES
6,SKIN
1234,TEXTUAL DESCRIPTIONS
526,COMPUTER-AIDED DIAGNOSIS
514,SKIN LESIONS
2396,LITERARY WORKS
508,EDGE DETECTION
457,VECTOR OF SIZE
189,IMAGE FEATURE EXTRACTION
4716,CODEWORD
1388,HAIR REMOVAL
1331,LOCAL DESCRIPTORS
1196,GRAY LEVEL CO-OCCURRENCE MATRIX
4816,SPATIAL POOLING
4444,SINGLE FEATURE VECTOR
6505,DERMOSCOPY
1207,SPATIAL INFORMATION
1219,TEXTURE FEATURES
5540,PRESENCE OF HAIRS
812,IMAGE REPRESENTATION
4039,MELANOMA SKIN CANCER
1883,SCREENING
4816,SPATIAL POOLING
5555,BOSSANOVA
1956,PREDICTION ALGORITHMS
217,ENTROPY
77,VISUALIZATION
1,IMAGE COLOR ANALYSIS
189,FEATURE EXTRACTION
2070,TEXTUAL INFORMATION
78,LEARNING ALGORITHMS
297,IMAGE SEGMENTATION
334,NUMBER OF IMAGES
291,INTERSECTION OVER UNION
326,IMAGE PAIRS
1998,TARGET IMAGE
423,POSE ESTIMATION
4689,ALGORITHM IN ORDER
704,IMAGE DESCRIPTORS
3957,TEXTUAL ELEMENTS
5805,NUMBER OF LABELS
4443,COLOR HISTOGRAM
947,IMAGE ANNOTATION
6060,COMBINATION OF DESCRIPTORS
6939,AUTOMATIC ANNOTATION
5763,MULTI-LABEL CLASSIFICATION
78,MACHINE LEARNING
157,GEOMETRY
54,SOLID MODELING
55,THREE-DIMENSIONAL DISPLAYS
57,SHAPE
5979,DESIGN AUTOMATION
5,RENDERING (COMPUTER GRAPHICS)
1595,CAD MODEL
885,INTERACTIVE
635,AFFINE TRANSFORMATION
1908,MEMORY USAGE
157,UNIQUE GEOMETRY
1908,REDUCE MEMORY USAGE
1650,3D CAD MODELS
1289,COVARIANCE MATRIX
5324,SIMILAR SHAPE
2560,LINEAR TRANSFORMATION
2294,MATRIX M
157,3D GEOMETRY
113,TRIANGULAR MESH
6481,ERROR THRESHOLD
1803,3D SCENE
157,REFERENCE GEOMETRY
4553,SCENE GRAPH
4545,MEMORY REDUCTION
5,GRAPHICS
5,COMPUTER GRAPHICS
57,SHAPE
5,RENDERING (COMPUTER GRAPHICS)
2,STREAMING MEDIA
3799,VECTORS
3100,ARRAYS
77,VISUALIZATION
3720,SURFACE TREATMENT
4356,TRIANGULATION
929,VECTOR FIELD
1908,MEMORY USAGE
4012,IMAGE-BASED APPROACH
2713,DATA STRUCTURE
2037,TIME STEP
5039,STEP SIZE
2788,PARALLELIZATION
4076,PARAMETRIZED
1360,PARTICLE POSITION
1504,OUTPUT IMAGE
1750,FLOW CONVERGENCE
113,TRIANGULAR MESH
4395,DIVIDE-AND-CONQUER
77,FLOW VISUALIZATION
52,KERNEL
189,FEATURE EXTRACTION
699,ASSISTIVE TECHNOLOGY
761,GESTURE RECOGNITION
388,ACCURACY
554,SUPPORT VECTOR MACHINES
3799,VECTORS
6056,FINGERSPELLING
2866,RGB-D INFORMATION
6057,KERNEL DESCRIPTORS
554,SUPPORT VECTOR MACHINE
554,SUPPORT VECTOR MACHINE CLASSIFIER
6062,HYBRID SYSTEM
1711,RGB IMAGES
3710,HAND MOVEMENTS
1822,DEPTH MAP
1371,DEPTH IMAGES
1109,DEPTH INFORMATION
1123,DEPTH CAMERA
2867,DEPTH DATA
375,SIGN LANGUAGE
761,GESTURE RECOGNITION
827,SCALE-INVARIANT FEATURE TRANSFORM
6058,LETTERS OF THE ALPHABET
6059,DEAF PEOPLE
3714,HAND SHAPE
6205,IMAGE INTENSITY
2061,IMAGE FEATURES
470,GAUSSIAN KERNEL
2418,AVERAGE ACCURACY
896,RADIAL BASIS FUNCTION
1367,OBJECT RECOGNITION
1458,RECOGNITION RATE
4427,GRADIENT MAGNITUDE
4680,VECTOR-BASED
204,IMAGE PATCHES
375,SIGN LANGUAGE
6056,FINGER SPELLING
3799,VECTORS
3159,PRINCIPAL COMPONENT ANALYSIS
1889,STRESS
214,TRAINING
52,KERNEL
2098,EUCLIDEAN DISTANCE
2205,STANDARDS
2229,FEATURE LEARNING
1367,OBJECT RECOGNITION
267,SEMANTIC
5631,DISTANCING MEASURES
661,IMAGE DATASET
812,IMAGE REPRESENTATION
1273,SPATIAL PYRAMID
189,FEATURE EXTRACTION TECHNIQUES
2375,ASPECTS OF IMAGE
6934,SPATIAL MATCHING
982,FEATURE SPACE
2922,FEATURE DIMENSION
804,AUTOENCODER
306,PRECISION AND RECALL
326,IMAGE PAIRS
2665,MARKOV RANDOM FIELD
3159,KERNEL PRINCIPAL COMPONENT ANALYSIS
827,SCALE-INVARIANT FEATURE TRANSFORM
185,EARTH MOVER'S DISTANCE
4288,MULTIDIMENSIONAL SCALING METHOD
4009,SPEEDED UP ROBUST FEATURES
3726,LOW-DIMENSIONAL VECTOR
2229,FEATURE LEARNING
4288,MULTIDIMENSIONAL SCALING
65,CORRELATION
214,TRAINING
554,SUPPORT VECTOR MACHINES
388,ACCURACY
1171,AGRICULTURE
2630,RANKED LIST
2335,REMOTE SENSING IMAGES
214,TRAINING SET
554,SUPPORT VECTOR MACHINE
6408,USE OF MEASURES
289,VALIDATION SET
1931,DIMENSIONAL SPACE
1586,IMAGE REGIONS
2027,MAJORITY VOTING
1462,CLASSIFIER FUSION
704,IMAGE DESCRIPTORS
3818,KAPPA INDEX
949,PERCENTAGE OF IMAGES
4443,COLOR HISTOGRAM
6989,DIVERSITY MEASURES
4919,COFFEE CROP RECOGNITION
4259,HARMONIC ANALYSIS
2712,INDEXES
214,TRAINING
40,NEURONS
293,EQUATIONS
3120,BIOLOGICAL NEURAL NETWORKS
388,ACCURACY
584,UNSUPERVISED LEARNING
2184,SEMI-SUPERVISED LEARNING
1316,GRAPH CONSTRUCTION
196,NEURAL NETWORK
6311,STOPPING CRITERION
1049,VERTICES
2189,SEMI-SUPERVISED CLASSIFICATION
78,LEARNING ALGORITHMS
602,HYPERPARAMETERS
447,SUPERVISED LEARNING
909,EIGENVECTORS
3013,EDGE WEIGHTS
473,LABELED DATA
2231,UNLABELED DATA
1841,CONSTRUCTION ALGORITHM
2184,SEMI-SUPERVISED LEARNING ALGORITHM
1049,ADJACENT VERTICES
3767,VERTEX COORDINATES
2421,GRAPH LAPLACIAN
2186,LABEL PROPAGATION
158,COMPUTATIONAL MODELING
5951,COLLISION AVOIDANCE
34,REAL-TIME SYSTEMS
2670,MATHEMATICAL MODEL
677,ANALYTICAL MODELS
5,GRAPHICS
293,EQUATIONS
1854,COLLISION
863,CROWD BEHAVIOR
85,MODEL PERFORMANCE
2037,TIME STEP
2702,NUMBER OF AGENTS
2708,CROWD DENSITY
2672,REAL-TIME SIMULATION
2705,LARGE CROWDS
5955,POSITION OF AGENT
1302,SCALABLE BEHAVIORS
868,CROWD SIMULATION
5437,SPLINES (MATHEMATICS)
3799,VECTORS
1099,DEFORMABLE MODELS
158,COMPUTATIONAL MODELING
4259,HARMONIC ANALYSIS
7035,CONFORMAL GEOMETRIC ALGEBRA
2678,RIGID BODY MOTION
5440,LINEAR SYSTEM
5441,CUBIC SPLINE
3067,HUMAN-COMPUTER INTERACTION
1142,RIGID TRANSFORMATION
6234,DIRICHLET BOUNDARY CONDITIONS
2413,LAPLACE EQUATION
7015,HARMONIC FUNCTIONS
1049,MESH VERTICES
2423,LAPLACE-BELTRAMI OPERATOR
4955,HOMOGENEOUS COORDINATES
2291,3D SPACE
1288,LINEAR INTERPOLATION
4680,VECTOR-BASED
157,COMPUTATIONAL GEOMETRY AND OBJECT MODELING
5489,LANGUAGES
5060,LEVEL SET
638,MATERIALS
187,FACE
2670,MATHEMATICAL MODEL
293,EQUATIONS
1288,INTERPOLATION
322,CONTEXT
6676,REGIONAL VOLUME
3449,ADJACENT REGIONS
6764,TOPOLOGICAL CHANGES
1049,PAIR OF VERTICES
2843,SURFACE TENSION FORCE
5060,LEVEL SET
3100,ARRAYS
2110,SORTING
32,GRAPHICS PROCESSING UNITS
2695,MERGING
158,COMPUTATIONAL MODELING
2051,LIBRARIES
5047,ALGORITHM DESIGN AND ANALYSIS
1854,COLLISION DETECTION
2788,PARALLELIZATION
5967,ADAPTIVE ALGORITHM
1355,GRID CELLS
5547,HASH FUNCTION
1416,BINARY SEARCH
2110,SORTING ALGORITHM
2706,OPERATOR SPLITTING
2707,MERGE OPERATION
5962,GPU IMPLEMENTATION
2695,MERGING STRATEGY
6959,TIME CONSTANT
913,GPU PROGRAMMING
2110,SORTING
2072,HISTOGRAMS
3799,VECTORS
321,CAMERAS
2738,HIDDEN MARKOV MODELS
2389,ADAPTIVE OPTICS
2843,FORCE
238,OPTICAL SENSORS
2822,CHANGE DETECTION
5929,HUMAN CROWDING
670,HISTOGRAM
771,OPTICAL FLOW
2753,MOTION VECTOR
438,SET OF FRAMES
863,CROWD BEHAVIOR
405,WORLD COORDINATE
3442,2D HISTOGRAM
554,SUPPORT VECTOR MACHINE
2738,HIDDEN MARKOV MODEL
460,PEDESTRIAN
4091,VELOCITY VECTOR
929,VECTOR FIELD
472,GROUND PLANE
6176,INVERSE MAPPING
5003,CROWDED SCENES
2701,SOCIAL FORCES
1140,IMAGE COORDINATES
321,SURVEILLANCE CAMERAS
2473,PROBABILITY DISTRIBUTION FUNCTION
5577,HUMAN CROWD ANALYSIS
6132,UNUSUAL EVENT DETECTION
433,VIDEO SURVEILLANCE
888,VIDEOS
1889,TENSILE STRESS
2072,HISTOGRAMS
65,CORRELATION
554,SUPPORT VECTOR MACHINES
3799,VECTORS
554,SUPPORT VECTOR MACHINE
520,LOCAL FEATURES
554,SUPPORT VECTOR MACHINE CLASSIFIER
1458,RECOGNITION RATE
3839,FILTER RESPONSE
1337,GLOBAL DESCRIPTORS
1153,HUMAN ACTIVITY RECOGNITION
4800,WAVELET TRANSFORM
1411,GAUSSIAN FILTER
2164,VIDEO FRAMES
771,OPTICAL FLOW
2126,MOTION INFORMATION
6396,COMBINATION OF FILTERS
6088,SOBEL OPERATOR
1076,GAUSSIAN LOW-PASS FILTER
7093,MOTION DESCRIPTOR
1146,HUMAN ACTION RECOGNITION
1969,SEARCH PROBLEMS
297,IMAGE SEGMENTATION
34,REAL-TIME SYSTEMS
189,FEATURE EXTRACTION
2,STREAMING MEDIA
52,KERNEL
158,COMPUTATIONAL MODELING
446,OBJECT TRACKING
2280,INTEGRAL IMAGE
446,REAL-TIME OBJECT TRACKING
5893,FRAME RATE
4602,MULTIPLE OBJECTS
391,VIDEO SEQUENCES
621,HIGH-RESOLUTION
601,LEARNING RATE
64,PROCESSING TIME
269,OBJECT DETECTION
1599,IMAGE OBJECT
3067,HUMAN-COMPUTER INTERACTION
3697,OBJECT FEATURES
2164,VIDEO FRAMES
2102,SEARCH WINDOW
6224,PARALLEL ALGORITHM
2824,SCENE CHANGES
6744,DIGITAL VIDEO
6757,VIDEO RESOLUTION
2331,ADABOOST
6140,PARTICLE FILTER
2198,OBJECT INSTANCES
628,PREVIOUS FRAME
446,OBJECT TRACKING
7108,REAL-TIME TRACKING
390,ROADS
5939,SOLIDS
266,VEHICLES
321,CAMERAS
1601,ACCIDENTS
65,CORRELATION
2205,STANDARDS
6173,LANE MARKINGS
957,CLASSIFICATION RESULTS
566,BINARY CLASSIFICATION
394,ONBOARD CAMERA
554,SUPPORT VECTOR MACHINE
379,COMPUTER VISION
264,CONFUSION MATRIX
2738,HIDDEN MARKOV MODEL
443,TEMPORAL WINDOW
391,VIDEO SEQUENCES
1059,ROAD SAFETY
1059,TRAFFIC SAFETY
4662,LANE CHANGE
884,TEMPORAL COHERENCE
214,TRAINING PATCHES
413,ADVANCED DRIVER ASSISTANCE SYSTEMS
3555,CLASSIFICATION RATE
214,TRAINING SET
6173,LANE MARKINGS
321,ONBOARD VEHICULAR CAMERAS
77,VISUALIZATION
2136,LAYOUT
2843,FORCE
77,DATA VISUALIZATION
3799,VECTORS
885,INTERACTIVE
2063,CLOUD DATA
2055,VISUAL SPACE
2056,COLLECTION OF PAPERS
3303,VISUAL METAPHORS
4297,VISUAL CLUTTER
267,SEMANTIC
556,K-NEAREST NEIGHBOR
2678,RIGID BODY
70,BOUNDING BOX
2843,DIRECTION OF FORCE
784,FONT SIZE
5406,DISC CENTER
2688,PHYSICAL SIMULATION
2843,SIMULATED FORCE
3990,DYNAMIC TREE
556,K-NEAREST NEIGHBOR GRAPH
2059,VISUAL RESOURCES
77,INFORMATION VISUALIZATION
5049,MULTIDIMENSIONAL PROJECTION
77,TEXT VISUALIZATION
77,DATA VISUALIZATION
1389,HEATING
959,MONITORING
1,IMAGE COLOR ANALYSIS
3360,HEART BEAT
355,MULTIVARIATE TIME SERIES
1688,HEATMAP
928,ALTITUDE
355,TIME SERIES DATA
1131,HORIZONTAL AXIS
2142,AVERAGE SPEED
3360,HEART RATE MONITOR
272,COLOR MAP
3360,MAXIMUM HEART RATE
355,TIME SERIES
2136,LAYOUT
77,DATA VISUALIZATION
1889,STRESS
3799,VECTORS
884,COHERENCE
6304,EXPLOSIONS
346,DATA MODELS
5049,MULTIDIMENSIONAL PROJECTION
3507,APPLICABILITY DOMAIN
4649,TIME STAMP
6316,VOLUMETRIC DATA
884,TEMPORAL COHERENCE
885,INTERACTIVE
242,LARGE DATASETS
2037,TIME STEP
6318,STREAMLINE
982,FEATURE SPACE
42,DIFFUSION TENSOR IMAGING
133,HURRICANE
2062,CONTROL POINTS
1889,STRESS VALUES
4091,VELOCITY VECTOR
4033,ORIGINAL SPACE
2041,MULTIPLE TIME STEPS
929,VECTOR FIELD
2055,VISUAL SPACE
1820,LOCAL POINT
77,VISUALIZATION
77,SCIENTIFIC VISUALIZATION
5049,MULTIDIMENSIONAL PROJECTIONS
77,EXPLORATORY VOLUME VISUALIZATION
1889,TENSILE STRESS
554,SUPPORT VECTOR MACHINES
3799,VECTORS
678,DATABASES
187,FACE
3159,PRINCIPAL COMPONENT ANALYSIS
555,DISCRIMINANT ANALYSIS
793,DIMENSIONALITY REDUCTION
521,CLASSIFICATION TASK
2445,HYPERPLANE
1458,RECOGNITION RATE
4827,DIMENSIONAL REPRESENTATION
4827,LOW-DIMENSIONAL REPRESENTATION
3227,TENSOR DECOMPOSITION
1458,HIGH RECOGNITION RATE
554,SUPPORT VECTOR MACHINE
555,LINEAR DISCRIMINANT ANALYSIS
1348,GRAYSCALE IMAGES
1821,PROJECTION MATRIX
3795,LINEAR CLASSIFIER
549,INTERNAL PRODUCTION
4603,OPTIMIZATION CRITERIA
793,DIMENSIONALITY REDUCTION
5774,FACE IMAGE ANALYSIS
297,IMAGE SEGMENTATION
884,COHERENCE
1,IMAGE COLOR ANALYSIS
3937,MOTION SEGMENTATION
5047,ALGORITHM DESIGN AND ANALYSIS
55,THREE-DIMENSIONAL DISPLAYS
2695,MERGING
4350,OBSERVATION SCALE
3263,VIDEO SEGMENTS
3992,TEST METHOD
1939,QUANTITATIVE RESULTS
879,HIERARCHICAL METHOD
4624,SEGMENTED REGIONS
2871,COLOR INFORMATION
5678,NEIGHBORHOOD INFORMATION
1318,GRAPH PARTITIONING
5651,SET OF SEGMENTS
884,TEMPORAL COHERENCE
356,COMPUTATIONAL COST
297,IMAGE SEGMENTATION
2419,UNDIRECTED
6124,HIERARCHICAL SCALE
2695,REGION MERGING
1038,NODES IN THE GRAPH
3013,EDGE WEIGHTS
3449,ADJACENT REGIONS
3452,WEIGHT MAP
5561,HIERARCHICAL LEVELS
3270,HIERARCHICAL VIDEO SEGMENTATION
180,PARTITION
4350,OBSERVATION SCALE
1889,TENSILE STRESS
2072,HISTOGRAMS
3799,VECTORS
189,FEATURE EXTRACTION
158,COMPUTATIONAL MODELING
391,VIDEO SEQUENCES
554,SUPPORT VECTOR MACHINES
5557,HUMAN ACTIVITIES
1153,HUMAN ACTIVITY RECOGNITION
7106,ORIENTATION TENSOR
391,VIDEO SEQUENCES
1458,RECOGNITION RATE
3087,SVM CLASSIFIER
1013,HISTOGRAM OF ORIENTED GRADIENTS
1025,COMBINATION OF FEATURES
2164,VIDEO FRAMES
4711,ACTION CLASSES
2126,MOTION INFORMATION
4576,LOCAL MOTION
1337,GLOBAL DESCRIPTORS
7190,MULTIPLE TEMPORAL SCALES
7170,ORDER TENSOR
6244,PART OF THE VIDEO
7099,HISTOGRAM OF GRADIENTS
7099,HISTOGRAM OF GRADIENTS
7106,ORIENTATION TENSOR
1146,HUMAN ACTION RECOGNITION
214,TRAINING
167,PROTOTYPES
388,ACCURACY
322,CONTEXT
78,MACHINE LEARNING ALGORITHMS
77,VISUALIZATION
2160,VIDEO CONTENT
1279,OPTIMUM-PATH FOREST
214,TRAINING SET
554,SUPPORT VECTOR MACHINE
520,LOCAL FEATURES
556,K-NEAREST NEIGHBOR
3555,CLASSIFICATION RATE
1038,NODES IN THE GRAPH
1311,OPTIMAL PATH
566,BINARY CLASSIFICATION PROBLEM
1090,TEXT CLASSIFICATION
1195,MAXIMUM A POSTERIORI
563,CLASS BOUNDARIES
3691,SCENE CLASSIFICATION
1318,GRAPH PARTITIONING
4514,DIJKSTRA'S ALGORITHM
521,MULTI-LABEL CLASSIFICATION TASK
756,NAIVE BAYES
559,BAYESIAN CLASSIFIER
2614,TEST SUBSET
391,VIDEO SEQUENCES
4711,ACTION CLASSES
521,CLASSIFICATION TASK
473,LABELED DATA SET
78,LEARNING ALGORITHMS
6127,IMAGE MOTION ANALYSIS
5763,MULTI-LABEL LEARNING
1279,OPTIMUM-PATH FOREST
423,ESTIMATION
57,SHAPE
812,IMAGE REPRESENTATION
1,IMAGE COLOR ANALYSIS
77,VISUALIZATION
65,CORRELATION
811,IMAGE RETRIEVAL
811,IMAGE RETRIEVAL
814,RETRIEVAL SYSTEM
811,IMAGE RETRIEVAL SYSTEM
214,TRAINING DATA
584,UNSUPERVISED LEARNING
3640,SIMILAR IMAGES
812,IMAGE REPRESENTATION
1234,TEXTUAL DESCRIPTIONS
2630,RANKED LIST
709,VISUAL CONTENT
5664,USER INTERVENTION
2933,SHAPE DESCRIPTORS
205,QUERY IMAGE
6409,RANK AGGREGATION
811,CONTENT-BASED IMAGE RETRIEVAL
645,CONTEXTUAL INFORMATION
905,DISTANCE FUNCTION
292,AVERAGE PRECISION
6997,CORRELATION SCORE
4489,IMAGE POSITION
292,MEAN AVERAGE PRECISION
704,IMAGE DESCRIPTORS
6632,DARK PIXELS
2654,UNSUPERVISED WAY
6416,SHAPE CONTEXT
6417,EFFECTIVENESS ESTIMATION
811,CONTENT-BASED IMAGE RETRIEVAL
6409,RANK AGGREGATION
57,SHAPE
5060,LEVEL SET
319,VEGETATION
794,IMAGE RECONSTRUCTION
1905,DATA MINING
812,IMAGE REPRESENTATION
285,COMPLEXITY THEORY
1348,GRAYSCALE
1281,TREE STRUCTURE
1848,ROOT NODE
2810,NEIGHBORING PIXELS
129,FILTERING RESULTS
6471,NAIVE ALGORITHM
678,DATABASES
716,FORENSICS
388,ACCURACY
65,CORRELATION
618,IMAGE RESOLUTION
560,TESTING
4624,SEGMENTED REGIONS
5154,HIGH RECOGNITION
3382,RECEIVER OPERATING CHARACTERISTIC CURVE
7181,EXPERIMENTAL ANALYSIS
4524,LINE SEGMENT
187,FACE
189,FEATURE EXTRACTION
2218,LIGHTING
2072,HISTOGRAMS
513,ROBUSTNESS
187,FACE RECOGNITION
56,MEASUREMENT
187,FACE RECOGNITION
4009,SPEEDED UP ROBUST FEATURES
3382,RECEIVER OPERATING CHARACTERISTIC CURVE
620,FACIAL EXPRESSIONS
2976,SIMILARITY MATRIX
202,FACE IMAGES
257,HUMAN FACES
2770,ILLUMINATION CHANGES
326,IMAGE PAIRS
246,FACIAL FEATURES
1183,GAUSSIAN MIXTURE MODEL
6442,HESSIAN MATRIX
4961,MANHATTAN DISTANCE
1458,RECOGNITION RATE
2926,IMAGE DATABASE
1331,LOCAL DESCRIPTORS
704,IMAGE DESCRIPTORS
5045,PREPROCESSING STAGE
827,SCALE-INVARIANT FEATURE TRANSFORM
185,EARTH MOVER'S DISTANCE
5388,FACE REPRESENTATION
667,FACE DETECTION
4838,ILLUMINATION VARIATIONS
670,HISTOGRAM EQUALIZATION
4825,FACE PAIRS
5042,LAPLACIAN OF GAUSSIAN
7225,PAIRWISE MATCHING
4828,FACE VERIFICATION
680,MAGNETIC RESONANCE IMAGING
1236,SKULL STRIPPING
680,3T MAGNETIC RESONANCE IMAGING
504,MORPHOLOGICAL OPERATIONS
1351,MEDICAL IMAGE ANALYSIS
7233,BIAS FIELD CORRECTION
1242,CEREBROSPINAL FLUID
39,WHITE MATTER
2970,GRAY MATTER
536,SYNTHETIC IMAGES
2098,SQUARED EUCLIDEAN DISTANCE
4464,FMRIB SOFTWARE LIBRARY
3674,BRAIN EXTRACTION TOOL
2098,MEAN EUCLIDEAN DISTANCE
253,SEGMENTATION
680,BRAIN MAGNETIC RESONANCE IMAGING
2248,STANDARDIZATION
1236,SKULL STRIPPING
341,MOTION DETECTION
4374,X-RAY IMAGING
890,NOISE MEASUREMENT
1021,IMAGE SEQUENCES
3395,SILICON
1540,DENOISING
341,MOTION DETECTION
341,MOTION DETECTION ALGORITHM
632,SIGNAL-TO-NOISE
129,FILTERING PROCESS
2119,CONSECUTIVE FRAMES
129,TEMPORAL FILTERING
845,PIXEL CLASSIFICATION
129,FILTERING RESULTS
527,MEDICAL IMAGING
6205,IMAGE INTENSITY
1348,GRAYSCALE IMAGES
129,FILTERING METHOD
2850,CURRENT FRAME
7102,APPLICATION OF FILTER
1402,WHITE PIXELS
3267,IMAGE FRAMES
2959,BLACK PIXELS
961,RELATIVE GAIN
341,MOTION DETECTION
129,SPATIAL FILTERING
129,TEMPORAL FILTERING
129,HYBRID FILTERING
1710,X-RAY
3355,WIENER FILTERS
1181,COMPUTED TOMOGRAPHY
794,IMAGE RECONSTRUCTION
632,NOISE
890,NOISE MEASUREMENT
1181,COMPUTED TOMOGRAPHY IMAGES
2531,LOCAL APPROACH
3355,WIENER FILTER
1540,DENOISING
2038,RADIATION DOSE
1499,GAUSSIAN NOISE
1079,ADDITIVE NOISE
632,PEAK SIGNAL-TO-NOISE RATIO
6399,FISHER INFORMATION
3557,CENTRAL PIXEL
2665,MARKOV RANDOM FIELD
1546,NOISY IMAGES
1996,CENTRAL PATCH
2043,FILTERED BACK PROJECTION
2665,GAUSSIAN MARKOV RANDOM FIELD
3156,NEIGHBORHOOD SYSTEM
6402,PATCH SHAPE
2102,SEARCH WINDOW
4885,MEAN FILTER
366,FAST FOURIER TRANSFORM
3355,WIENER FILTER
6399,FISHER INFORMATION
2665,MARKOV RANDOM FIELDS
1540,IMAGE DENOISING
1181,COMPUTED TOMOGRAPHY
297,IMAGE SEGMENTATION
615,COMPLEX NETWORKS
597,COMPUTATIONAL EFFICIENCY
1301,PARTITIONING ALGORITHMS
557,IMAGE EDGE DETECTION
1750,CONVERGENCE
615,COMPLEX NETWORK
297,IMAGE SEGMENTATION
64,PROCESSING TIME
4393,DATA CLUSTERING
536,SYNTHETIC IMAGES
3016,GRAPH-BASED METHODS
1318,GRAPH PARTITIONING
64,HIGH PROCESSING TIME
356,COMPUTATIONAL COST
1348,GRAYSCALE
818,IMAGE PIXELS
4679,MODULARITY
1599,IMAGE OBJECT
850,COLOR IMAGES
5619,WEIGHT FUNCTION
2186,LABEL PROPAGATION ALGORITHM
2186,LABEL PROPAGATION
356,LOW COMPUTATIONAL COST
3008,COMMUNITY NETWORKS
3013,EDGE WEIGHTS
297,IMAGE SEGMENTATION
615,COMPLEX NETWORKS
2509,SUPER PIXELS
1,IMAGE COLOR ANALYSIS
1348,GRAY-SCALE
77,VISUALIZATION
5689,AEROSPACE ELECTRONICS
189,FEATURE EXTRACTION
1,COLOR
513,ROBUSTNESS
5049,MULTIDIMENSIONAL PROJECTION
982,FEATURE SPACE
850,COLOR IMAGES
1348,GRAYSCALE IMAGES
3509,INTERACTIVE TOOL
823,IMAGE TEXTURE
2055,VISUAL SPACE
5664,USER INTERVENTION
4368,USE IN PROJECTS
3823,PIXEL CLUSTERS
1357,COMPUTATION TIME
2062,CONTROL POINTS
6322,TWO-DIMENSIONAL SPACE
2810,NEIGHBORING PIXELS
7130,NEIGHBORHOOD STRUCTURE
882,SCRIBBLE
308,PIXEL COLOR
189,FEATURE EXTRACTION STEP
5622,TEXTURE REGIONS
835,IMAGE PROCESSING
5049,MULTIDIMENSIONAL PROJECTION
189,FEATURE EXTRACTION
4335,FRACTALS
297,IMAGE SEGMENTATION
3799,VECTORS
1181,COMPUTED TOMOGRAPHY
1202,LUNGS
1348,GRAY-SCALE
1819,EFFICIENT ALGORITHM
3180,TEXTURE ANALYSIS
1685,CLASSIFICATION ACCURACY
521,CLASSIFICATION TASK
340,INPUT IMAGE
304,IMAGE CLASSIFICATION
3226,ACCURACY AND PRECISION
1219,TEXTURE FEATURES
2354,BINARY IMAGE
189,FEATURE EXTRACTION METHODS
1350,FRACTAL DIMENSION
811,IMAGE RETRIEVAL
304,IMAGE CLASSIFICATION TASKS
3185,GABOR FILTERS
3176,TEXTURE PATTERNS
7211,IMAGE DECOMPOSITION
189,TEXTURE FEATURE EXTRACTION
189,EFFICIENT FEATURE EXTRACTION
1196,GRAY LEVEL CO-OCCURRENCE MATRIX
554,SUPPORT VECTOR MACHINE CLASSIFIER
306,PRECISION AND RECALL
1348,GRAYSCALE
1181,LUNG COMPUTED TOMOGRAPHY
554,SUPPORT VECTOR MACHINE
5819,POLYNOMIAL KERNEL
5779,TEXTURE CLASSIFICATION
53,TEXTURE
189,FEATURE EXTRACTION
811,CONTENT BASED IMAGE RETRIEVAL
304,IMAGE CLASSIFICATION
835,IMAGE PROCESSING
189,FEATURE EXTRACTION
57,SHAPE
2072,HISTOGRAMS
252,ITERATIVE CLOSEST POINT ALGORITHM
3799,VECTORS
513,ROBUSTNESS
6467,MEMORY MANAGEMENT
4148,DESCRIPTIVE CHARACTERISTICS
236,POINT CLOUD
1822,DEPTH MAP
1922,MEMORY CONSUMPTION
819,VISUAL FEATURES
244,GEOMETRIC FEATURES
1916,DOT PRODUCT
1371,DEPTH IMAGES
4815,REGISTRATION PROCESS
1123,DEPTH CAMERA
252,CLOSEST POINT
1331,LOCAL DESCRIPTORS
252,ITERATIVE CLOSEST POINT
414,SIMULTANEOUS LOCALIZATION AND MAPPING
6225,RGB-D SENSOR
252,ITERATIVE CLOSEST POINT ALGORITHM
3634,POINT CLOUD REGISTRATION
1126,3D POINT
379,COMPUTER VISION
2933,DESCRIPTOR
239,RECONSTRUCTION
926,REGISTRATION
284,TRANSFORMS
2072,HISTOGRAMS
6158,ENCRYPTION
65,CORRELATION
293,EQUATIONS
56,MEASUREMENT
2377,DIGITAL IMAGES
2377,DIGITAL IMAGES
6158,IMAGE ENCRYPTION
2792,IMAGE BLOCK
1348,GRAYSCALE
4102,TRANSFORMATION MATRIX
1348,GRAYSCALE IMAGES
2888,INTEGER NUMBER
6599,ADJACENT PIXELS
4758,IMAGE HISTOGRAM
6604,ORIGINAL BLOCK
6158,IMAGE ENCRYPTION
7297,FINITE FIELD COSINE TRANSFORM
1,IMAGE COLOR ANALYSIS
1294,OPTIMIZATION
388,ACCURACY
293,EQUATIONS
3799,VECTORS
57,SHAPE
913,QUADRATIC PROGRAMMING
5966,NUMERICAL METHODS
2425,OPTIMIZATION PROBLEM
3701,PERFORMANCE METRICS
4103,COLOR DIFFERENCE
663,COLOR SPACE
3880,SQUARE MATRIX
3730,LINEAR CONSTRAINTS
3888,PERMUTATION MATRIX
3024,DIRECTED GRAPH
1358,REGULAR GRID
7305,JIGSAW PUZZLE
1351,IMAGE ANALYSIS
913,QUADRATIC PROGRAMMING
321,CAMERAS
632,NOISE
214,TRAINING
554,SUPPORT VECTOR MACHINES
1,IMAGE COLOR ANALYSIS
716,FORENSICS
214,TRAINING DATA
561,OPEN SET
4518,DIGITAL CAMERA
716,FORENSIC
2806,SOURCE IMAGES
232,DECISION BOUNDARY
214,TRAINING DATA
554,SUPPORT VECTOR MACHINE
2601,MACHINE LEARNING TECHNIQUES
1586,IMAGE REGIONS
2445,HYPERPLANE
2919,INTERESTING CLASS
2103,KINDS OF NOISE
2105,SCENE DETAILS
213,FALSE ACCEPTANCE RATE
663,COLOR SPACE
716,DIGITAL FORENSICS
561,OPEN SET RECOGNITION
461,DETECTORS
1969,SEARCH PROBLEMS
269,OBJECT DETECTION
77,VISUALIZATION
297,IMAGE SEGMENTATION
618,IMAGE RESOLUTION
189,FEATURE EXTRACTION
269,OBJECT DETECTION
1599,IMAGE OBJECT
5446,MULTISCALE ANALYSIS
269,IMAGE OBJECT DETECTION
4968,DETECTION PERFORMANCE
3097,SALIENCY DETECTION
4968,IMPROVE DETECTION PERFORMANCE
554,SUPPORT VECTOR MACHINE
618,IMAGE RESOLUTION
5494,IMAGE SIZE
4918,MULTIPLE SCALES
5589,FAST DETECTION
2495,SALIENCY MAP
3030,SALIENT OBJECT
827,SCALE-INVARIANT FEATURE TRANSFORM
6042,SELECTION WINDOW
1811,RUNTIME PERFORMANCE
1013,HISTOGRAM OF ORIENTED GRADIENTS
6666,REGION OF INTEREST IMAGE
1973,REDUCED SEARCH SPACE
2495,SALIENCY
3090,PERSON DETECTION
189,FEATURE EXTRACTION
2072,HISTOGRAMS
678,DATABASES
2377,DIGITAL IMAGES
6713,FUZZY LOGIC
322,CONTEXT
557,IMAGE EDGE DETECTION
6727,FUZZY NUMBERS
2377,DIGITAL IMAGES
1349,LOCAL PATTERNS
3727,MEMBERSHIP FUNCTION
2514,FUZZY SET
2810,NEIGHBORING PIXELS
1565,BINARY PATTERN
5000,RANK TRANSFORMATION
604,SIGMOID FUNCTION
379,COMPUTER VISION
174,ROTATION ANGLE
187,FACE RECOGNITION
4140,COMPUTATIONAL EFFORT
6713,FUZZY LOGIC
3180,TEXTURE ANALYSIS
448,OBJECTS IN THE SCENE
827,SCALE-INVARIANT FEATURE TRANSFORM
6727,FUZZY NUMBERS
3180,TEXTURE ANALYSIS
6473,APPROXIMATION METHODS
3877,STRIPS
632,NOISE
293,EQUATIONS
513,ROBUSTNESS
1750,CONVERGENCE
4356,TRIANGULATION
1928,ADAPTIVE METHOD
113,TRIANGULAR
7352,LINEAR APPROXIMATION
878,DIRECTIONS FOR FUTURE WORK
113,TRIANGULAR MESH
3478,PARALLELOGRAM
4535,REGIONS OF HIGH CURVATURE
7355,INTERVAL METHODS
912,SMOOTHING METHODS
54,SOLID MODELING
3510,MESH GENERATION
2677,FINITE ELEMENT METHODS
2051,LIBRARIES
2713,DATA STRUCTURES
1294,OPTIMIZATION
62,3D MESH
2713,DATA STRUCTURE
396,RUNNING TIME
2677,FINITE ELEMENT METHOD
71,INTERSECTION POINT
4406,CONVEX HULL
891,IMPLICIT FUNCTION
3510,MESH GENERATION
4356,DELAUNAY TRIANGULATION
1288,INTERPOLATION ERROR
1049,MESH VERTICES
912,SMOOTHING STEP
5222,STIFFNESS MATRIX
261,NAVIGATION
2712,INDEXES
3100,ARRAYS
2622,MANIFOLDS
489,ENCODING
113,TRIANGULAR MESH
261,NAVIGATION
2713,DATA STRUCTURE
6959,TIME CONSTANT
3496,COMPACT STRUCTURE
5670,INFORMATION IN ORDER
825,COMPACT REPRESENTATION
261,NAVIGATION PERFORMANCE
3767,VERTEX COORDINATES
1844,PAIRING
4356,TRIANGULATION
261,EFFICIENT NAVIGATION
3511,ELEMENT MESH
7037,MESH REPRESENTATION
825,COMPACT REPRESENTATIONS
2695,MERGING
187,FACE
1161,PROPOSALS
913,LINEAR PROGRAMMING
3487,NUMERICAL MODELS
158,COMPUTATIONAL MODELING
7402,NUMERICAL SIMULATIONS
4872,SIMPLEX
5431,CONNECTIVITY INFORMATION
4356,DELAUNAY TRIANGULATION
913,LINEAR PROGRAMMING
201,LINEAR PROBLEM
4406,CONVEX HULL
62,3D MESH
3510,MESH GENERATION
2695,MERGING PROCESS
913,LINEAR PROGRAMMING FORMULATION
3767,VERTEX COORDINATES
1305,ADJACENCY RELATIONSHIP
6067,REFINEMENT LEVEL
2695,REGION MERGING
2695,MERGING STRATEGY
4560,ORIGINAL MESH
3523,GEOMETRIC CONSTRAINTS
7381,TRIANGULATIONS
900,SURFACE RECONSTRUCTION
5,RENDERING (COMPUTER GRAPHICS)
1839,APPROXIMATION ALGORITHMS
3100,ARRAYS
52,KERNEL
32,GRAPHICS PROCESSING UNITS
1882,TOPOLOGY
236,POINT CLOUD
4406,CONVEX HULL
5962,GPU IMPLEMENTATION
61,3D SCANNING
4513,PREVIOUS ITERATION
62,3D MESH
900,SURFACE RECONSTRUCTION
1418,CANDIDATE POINTS
1830,FRUSTUM
911,SURFACE NORMALS
3452,HEIGHT MAP
1833,RAY CASTING
900,SURFACE RECONSTRUCTION
157,GEOMETRY
6467,MEMORY MANAGEMENT
5,RENDERING (COMPUTER GRAPHICS)
32,GRAPHICS PROCESSING UNITS
2110,SORTING
2712,INDEXES
6122,PERFORMANCE MEASURES
1523,IMAGE QUALITY
618,IMAGE RESOLUTION
81,CLASSIFICATION ALGORITHMS
3681,MULTIPLE LAYERS
4990,EFFICIENT IMPLEMENTATION
1908,MEMORY USAGE
5356,RANDOM ACCESS
5356,RANDOM ACCESS MEMORY
1922,MEMORY CONSUMPTION
6467,MEMORY MANAGEMENT
1829,REGENERATION BUFFER
157,GEOMETRY
2218,LIGHTING
34,REAL-TIME SYSTEMS
5,RENDERING (COMPUTER GRAPHICS)
1161,PROPOSALS
5940,AMBIENT OCCLUSION
672,ILLUMINATION
1358,REGULAR GRID
7418,VISUAL POINT
157,SCENE GEOMETRY
1523,IMAGE QUALITY
5288,STEPS OF ALGORITHM
448,OBJECTS IN THE SCENE
6006,RAY TRACING
6948,DYNAMIC SCENES
157,GEOMETRY INFORMATION
5899,NUMBER OF RAYS
5940,AMBIENT OCCLUSION
2734,GLOBAL ILUMINATION
54,SOLID MODELING
57,SHAPE
77,VISUALIZATION
185,EARTH
2985,ROCKS
158,COMPUTATIONAL MODELING
126,TERRAIN
185,EARTH'S CRUST
2968,2D SHAPE
3758,DEFORMATION HISTORY
77,ILLUSTRATIVE VISUALIZATION
2345,STRUCTURAL GEOLOGY
2622,MANIFOLDS
1361,ISOSURFACES
3799,VECTORS
2218,LIGHTING
157,GEOMETRY
2670,MATHEMATICAL MODEL
3720,SURFACE TREATMENT
305,ENERGY FUNCTION
1361,ISOSURFACE
561,OPEN SET
1581,INVARIANCE
1554,PATTERN RECOGNITION
3799,VECTORS
2072,HISTOGRAMS
321,CAMERAS
513,ROBUSTNESS
37,TRACKING
1,IMAGE COLOR ANALYSIS
293,EQUATIONS
5375,PEDESTRIAN TRACKING
2461,SCALE CHANGES
2101,MEDIAN FILTER
2461,LARGE-SCALE CHANGES
4908,PARTIAL OCCLUSION
3764,TRANSLATION VECTOR
405,WORLD COORDINATE
2037,TIME STEP
1586,IMAGE REGIONS
70,BOUNDING BOX
472,GROUND PLANE
1140,IMAGE COORDINATES
4443,COLOR HISTOGRAM
5029,BHATTACHARYYA DISTANCE
1996,CENTRAL PATCH
6979,MATCHING DISTANCE
2380,MATCHING ERROR
446,OBJECT TRACKING
1115,HOMOGRAPHY
5375,PEDESTRIAN TRACKING
321,CAMERAS
0,GAMES
2072,HISTOGRAMS
888,VIDEOS
2670,MATHEMATICAL MODEL
37,TRACKING
214,TRAINING
321,MULTIPLE CAMERAS
6156,PLAYER TRACKING
647,PROBABILITY FUNCTION
214,PHYSICAL TRAINING
3792,DATA FUSION
6140,PARTICLE FILTER
6150,PLAYER POSITION
470,GAUSSIAN KERNEL
379,COMPUTER VISION
1130,RANDOM ERROR
1880,AVERAGE ERROR
5892,IMAGE PLANE
2760,KALMAN FILTER
851,OBJECT OF INTEREST
3398,MANUAL ANNOTATION
391,VIDEO SEQUENCES
1115,HOMOGRAPHY
1140,IMAGE COORDINATES
7099,HISTOGRAM OF GRADIENTS
4443,COLOR HISTOGRAM
6153,PARTICLE WEIGHT
37,TRACKING
3945,SOCCER
6140,PARTICLE FILTER
3792,DATA FUSION
297,IMAGE SEGMENTATION
379,COMPUTER VISION
461,RADIATION DETECTORS
3311,MOBILE HANDSETS
321,CAMERAS
297,IMAGE SEGMENTATION
885,INTERACTIVE SEGMENTATION
379,COMPUTER VISION
5736,SEGMENTATION ALGORITHM
502,SEGMENTATION RESULTS
771,OPTICAL FLOW
1140,IMAGE COORDINATES
379,COMPUTER VISION APPLICATIONS
5992,LASER POINTER
3397,FAST SEGMENTATION
1900,MOBILE DEVICES
81,CLASSIFICATION ALGORITHMS
1411,GAUSSIAN FILTER
851,OBJECT OF INTEREST
3405,SEGMENTATION ACCURACY
4991,CURRENT POINT
253,OBJECT SEGMENTATION
176,OBJECT PARTS
379,COMPUTER VISION SYSTEM
4475,STILL IMAGES
4009,SPEEDED UP ROBUST FEATURES
1121,ROBOT VISION
3268,FOREGROUND OBJECTS
771,OPTICAL FLOW ALGORITHM
379,INTERACTIVE COMPUTER VISION
34,REAL-TIME
297,FUZZY IMAGE SEGMENTATION
7303,TILES
557,IMAGE EDGE DETECTION
1,IMAGE COLOR ANALYSIS
57,SHAPE
158,COMPUTATIONAL MODELING
1161,PROPOSALS
2806,SOURCE IMAGES
2338,SCALING FACTOR
1087,CENTER OF MASS
460,PEDESTRIAN
2519,DISTANCE MAP
557,IMAGE EDGE
2609,VORONOI DIAGRAM
6599,ADJACENT PIXELS
1830,FRUSTUM
2609,VORONOI DIAGRAM
2300,ANIMATION
5202,JOINTS
1099,DEFORMABLE MODELS
5659,KINEMATICS
4336,PROBABILISTIC LOGIC
2300,CHARACTER ANIMATION
2099,FINE DETAILS
4706,LATENT VARIABLES
896,RADIAL BASIS FUNCTION
6101,INPUT SEQUENCE
801,LATENT SPACE
4094,JOINT ANGLES
62,3D MESH
113,TRIANGULAR MESH
5988,MESH MODEL
5941,DETAILED SURFACE
4731,SCALED CONJUGATE GRADIENT
2406,EDIT OPERATIONS
2300,ANIMATION
5486,MESH EDITING
32,GRAPHICS PROCESSING UNITS
2670,MATHEMATICAL MODEL
293,EQUATIONS
3720,SURFACE TREATMENT
3799,VECTORS
56,MEASUREMENT
32,GRAPHICS PROCESSING UNIT
2714,SIMULATED FLUID
7520,NAVIER STOKES EQUATIONS
5990,SURFACE PATCHES
7018,FLOW VELOCITY
2788,PARALLELIZATION
5440,LINEAR SYSTEM
929,VECTOR FIELD
2843,GRAVITATIONAL FORCE
62,3D MESH
6554,INCOMPRESSIBLE FLOW
3027,TRANSITION FUNCTION
7499,POINTS IN DOMAIN
2873,TANGENT PLANE
5699,PROJECTION STEP
103,SURFACES
1838,GPU
6559,CUDA
597,EFFICIENCY
2843,FORCE
2767,BRIGHTNESS
57,SHAPE
4558,CAVITY RESONATORS
284,TRANSFORMS
158,COMPUTATIONAL MODELING
1541,DIFFUSION PROCESS
1370,TARGET OBJECT
2519,DISTANCE MAP
2037,TIME STEP
2843,FORCE FIELD
3124,END OF PROCESS
2714,SIMULATED FLUID
1857,PRIORITY QUEUE
4531,MORPHING
7520,NAVIER-STOKES EQUATION
888,VIDEOS
77,VISUALIZATION
6678,RHYTHM
632,NOISE
187,FACE
4799,BIOMETRICS (ACCESS CONTROL)
189,FEATURE EXTRACTION
6678,VISUAL RHYTHM
716,FORENSIC
4148,DESCRIPTIVE CHARACTERISTICS
6743,TYPES OF ATTACKS
2160,VIDEO CONTENT
1196,CO-OCCURRENCE MATRIX
825,COMPACT REPRESENTATION
1196,GRAY LEVEL CO-OCCURRENCE MATRIX
193,BIOMETRIC SYSTEMS
4812,HIGH-DIMENSIONAL
554,SUPPORT VECTOR MACHINE
982,FEATURE SPACE
1411,GAUSSIAN FILTER
3236,IMAGE SENSOR
771,OPTICAL FLOW
2101,MEDIAN FILTER
4165,SPOOFING ATTACKS
1406,TEXTURE MAP
193,BIOMETRIC DATA
3912,CENTER OF FRAME
665,LIGHT REFLECTION
4082,FACE PARTS
232,DECISION BOUNDARY
6678,VISUAL RHYTHM
1196,GRAY-LEVEL CO-OCCURRENCE MATRIX
5236,RETINA
1081,DICTIONARIES
1523,IMAGE QUALITY
77,VISUALIZATION
214,TRAINING
3799,VECTORS
3374,BIOMEDICAL IMAGING
1523,IMAGE QUALITY
4451,AUTOMATIC DETECTION
5245,RETINAL IMAGES
1523,IMAGE QUALITY ANALYSIS
1523,RETINAL IMAGE QUALITY
5235,BLOOD VESSELS
3382,RECEIVER OPERATING CHARACTERISTIC CURVE
554,SUPPORT VECTOR MACHINE
334,NUMBER OF IMAGES
850,COLOR IMAGES
214,TRAINING IMAGES
5400,OPTIC NERVE HEAD
6501,IMAGING CENTER
327,REFERENCE IMAGE
5014,FUSION METHOD
554,SUPPORT VECTOR MACHINE ALGORITHM
670,ADAPTIVE HISTOGRAM EQUALIZATION
6633,MACULAR REGION
1523,GOOD IMAGE QUALITY
670,HISTOGRAM EQUALIZATION
1894,BLURRED IMAGES
4009,SPEEDED UP ROBUST FEATURES
704,IMAGE DESCRIPTORS
1749,RETINAL QUALITY ASSESSMENT
266,VEHICLES
2764,VEHICLE DETECTION
321,CAMERAS
1099,DEFORMABLE MODELS
391,VIDEO SEQUENCES
189,FEATURE EXTRACTION
1183,MIXTURE MODEL
4469,DEFORMATION MODEL
2764,VEHICLE DETECTION
269,OBJECT DETECTION
515,DETECTION IN IMAGES
6426,MIXTURE COMPONENTS
391,VIDEO SEQUENCES
379,COMPUTER VISION PROBLEMS
269,IMAGE OBJECT DETECTION
888,DETECTION IN VIDEOS
230,FALSE POSITIVE
554,SUPPORT VECTOR MACHINE
4706,LATENT VARIABLES
661,IMAGE DATASET
306,PRECISION AND RECALL
70,BOUNDING BOX
472,GROUND PLANE
3086,VIDEO DATASET
70,PREDICTED BOUNDING BOX
5433,RECALL VALUES
292,AVERAGE PRECISION
2764,VEHICLE DETECTION
187,FACE
678,DATABASES
554,SUPPORT VECTOR MACHINES
189,FEATURE EXTRACTION
214,TRAINING
2695,MERGING
3799,VECTORS
3589,GENDER BINARY
3273,INDIVIDUAL CLASSES
202,FACE IMAGES
196,CONVOLUTIONAL NEURAL NETWORK
3554,CLASSIFICATION METHODS
340,INPUT IMAGE
187,FACE RECOGNITION
2926,IMAGE DATABASE
2331,ADABOOST
2782,SUBSET OF IMAGES
4575,RAW PIXEL
6256,INPUT FACE
756,BAYES
1,IMAGE COLOR ANALYSIS
214,TRAINING
6988,DIVERSITY RECEPTION
554,SUPPORT VECTOR MACHINES
2072,HISTOGRAMS
317,PROTOCOLS
6987,LEARNING SYSTEMS
1462,CLASSIFIER FUSION
319,VEGETATION
214,TRAINING SET
956,LEARNING METHODS
554,SUPPORT VECTOR MACHINE
289,VALIDATION SET
6989,DIVERSITY MEASURES
972,BASE CLASSIFIERS
2027,MAJORITY VOTING
554,LINEAR SUPPORT VECTOR MACHINE
2630,RANKED LIST
704,IMAGE DESCRIPTORS
6999,SET OF CLASSIFIERS
5819,POLYNOMIAL KERNEL
5766,WEAK LEARNERS
6992,PAIR OF CLASSES
4443,COLOR HISTOGRAM
949,PERCENTAGE OF IMAGES
1458,HIGH RECOGNITION RATE
896,RADIAL BASIS FUNCTION KERNEL
663,COLOR SPACE
566,BINARY CLASSIFICATION
4483,RECOGNITION SYSTEM
2933,SHAPE DESCRIPTORS
1458,RECOGNITION RATE
4812,HIGH-DIMENSIONAL
5867,STRONG CLASSIFIER
7005,ENSEMBLE OF CLASSIFIERS
6989,DIVERSITY MEASURES
214,TRAINING
167,PROTOTYPES
388,ACCURACY
56,MEASUREMENT
170,COST FUNCTION
556,K-NEAREST NEIGHBOR
1279,OPTIMUM-PATH FOREST
232,DECISION BOUNDARY
214,TRAINING SET
1463,TEST SAMPLES
206,ERROR RATE
170,COST FUNCTION
1345,CLASSIFICATION PROBLEM
914,MARKET RESEARCH
585,MEAN ACCURACY
1666,DECISION RULES
2183,LABELED SAMPLES
1850,ROOT OF THE TREE
6911,ACCURACY CURVE
4390,COST PATH
556,K-NEAREST NEIGHBORS
1279,OPTIMUM-PATH FOREST
81,CLASSIFICATION
5202,JOINTS
214,TRAINING
34,REAL-TIME SYSTEMS
761,GESTURE RECOGNITION
554,SUPPORT VECTOR MACHINES
513,ROBUSTNESS
761,GESTURE RECOGNITION
6656,DECISION FOREST
761,REAL-TIME GESTURE RECOGNITION
78,MACHINE LEARNING
1123,DEPTH CAMERA
6652,NATURAL INTERFACE
5798,HUMAN GESTURES
5583,RIGHT-HAND
214,TRAINING SET
554,SUPPORT VECTOR MACHINE
405,COORDINATE SYSTEM
566,BINARY CLASSIFICATION
214,TRAINING PHASE
2292,MOTION CAPTURE
1822,DEPTH MAP
1146,ACTION RECOGNITION
2168,DYNAMIC TIME WARPING
3893,KINECT SENSOR
3565,GESTURE CLASSIFICATION
6650,GAME CONSOLES
761,GESTURE RECOGNITION
6657,POSE IDENTIFICATION
238,DEPTH SENSORS
6658,3D MOTION
6659,NATURAL USER INTERFACE
77,VISUALIZATION
1081,DICTIONARIES
189,FEATURE EXTRACTION
214,TRAINING
3338,GLASS
759,VOCABULARY
554,SUPPORT VECTOR MACHINES
566,BINARY CLASSIFICATION
202,FACE IMAGES
5014,FUSION METHOD
1234,TEXTUAL DESCRIPTIONS
549,AGGREGATE PRODUCTION
6409,RANK AGGREGATION
214,TRAINING SET
554,SUPPORT VECTOR MACHINE
2396,LITERARY WORKS
3685,LOW-LEVEL FEATURES
2926,IMAGE DATABASE
811,IMAGE RETRIEVAL
5481,BIGOTRY
759,VOCABULARY SIZE
4009,SPEEDED UP ROBUST FEATURES
852,INTEREST IN IMAGES
811,CONTENT-BASED IMAGE RETRIEVAL
2594,ONE-CLASS CLASSIFICATION
379,COMPUTER VISION COMMUNITY
5141,FUSION TECHNIQUES
1081,VISUAL DICTIONARIES
3799,VECTORS
831,ANIMALS
3720,SURFACE TREATMENT
953,BIOLOGICAL SYSTEM MODELING
77,VISUALIZATION
57,SHAPE
187,FACE
1325,NATURAL PATTERNS
929,VECTOR FIELD
3029,GEOMETRIC INFORMATION
2682,OBJECT SURFACE
5,COMPUTER GRAPHICS
7219,SMALL AREA
3032,RANDOM DISTRIBUTION
2354,BINARY IMAGE
3737,3D SURFACE
5952,ARBITRARY SURFACE
1406,TEXTURE MAP
6799,SIMULATION STEP
7604,TEXTURE SYNTHESIS
1325,NATURAL PATTERNS
388,ACCURACY
214,TRAINING
1294,OPTIMIZATION
167,PROTOTYPES
293,EQUATIONS
3799,VECTORS
4585,BAT ALGORITHM
4585,BINARY BAT ALGORITHM
2425,OPTIMIZATION PROBLEM
289,VALIDATION SET
290,PUBLIC DATASETS
4396,EXHAUSTIVE SEARCH
519,BREAST CANCER
982,FEATURE SPACE
1973,SEARCH SPACE
173,FITNESS FUNCTION
5967,ADAPTIVE ALGORITHM
4582,PARTICLE SWARM OPTIMIZATION
3253,FEATURE SUBSET
1311,OPTIMAL PATH
3775,COMPETITIVE PROCESS
5776,GRAVITATIONAL SEARCH ALGORITHM
4595,ROUND OF EXPERIMENTS
3298,HARMONY SEARCH
4514,DIJKSTRA'S ALGORITHM
1318,GRAPH PARTITIONING
415,HEURISTIC ALGORITHM
4812,HIGH-DIMENSIONAL
3264,LEARNING PROCESS
5850,EMISSION RATE
3246,FEATURE SELECTION
4585,BAT ALGORITHM
1279,OPTIMUM-PATH FOREST
1889,TENSILE STRESS
888,VIDEOS
1636,POLYNOMIALS
2388,OPTICAL IMAGING
3799,VECTORS
9,HUMANS
6473,APPROXIMATION METHODS
771,OPTICAL FLOW
1337,GLOBAL DESCRIPTORS
5502,MOTION VIDEO
3087,SVM CLASSIFIER
7190,TEMPORAL SCALES
264,CONFUSION MATRIX
929,VECTOR FIELD
1146,ACTION RECOGNITION
3308,MOTION ANALYSIS
1458,RECOGNITION RATE
3086,VIDEO DATASET
1667,ORTHOGONAL POLYNOMIALS
7086,GLOBAL MOTION
1668,POLYNOMIAL BASIS
7190,MULTIPLE TEMPORAL SCALES
7099,HISTOGRAM OF GRADIENTS
1146,VIDEO ACTION RECOGNITION
1153,HUMAN ACTIVITY RECOGNITION
3292,VIDEO RECOGNITION
1464,SIMILARITY MEASURE
1847,TIME COMPLEXITY
1750,CONVERGENCE CONDITION
1337,GLOBAL DESCRIPTOR
7106,ORIENTATION TENSOR
3087,SVM
771,OPTICAL FLOW
717,MOUTH
461,DETECTORS
5047,ALGORITHM DESIGN AND ANALYSIS
187,FACE
835,IMAGE PROCESSING
6125,VIDEO INFORMATION
2271,AUDIO INFORMATION
361,ROLLING
771,OPTICAL FLOW
5059,SPEECH SIGNAL
7638,ADAPTIVE FILTER
3944,AUDIO DATA
667,FACE DETECTION
2266,LIP MOVEMENTS
7640,ACOUSTIC ECHO CANCELLATION
1989,MULTI-MODAL
835,IMAGE PROCESSING
888,VIDEOS
6031,WATERMARKING
498,IMAGE RESTORATION
1,IMAGE COLOR ANALYSIS
293,EQUATIONS
739,DECODING
1005,QUANTIZATION
6038,HALFTONE
2164,VIDEO FRAMES
3882,ORIGINAL CONTENT
2114,VIDEO COMPRESSION
544,STRUCTURAL SIMILARITY
2354,BINARY IMAGE
873,VISUAL QUALITY
632,PEAK SIGNAL-TO-NOISE RATIO
3965,COLOR CHANNELS
2850,CURRENT FRAME
7650,PACKET LOSS RATE
3356,STRUCTURAL SIMILARITY VALUES
7649,ERROR CONCEALMENT
6031,WATERMARKING
6041,HALFTONING
297,IMAGE SEGMENTATION
514,LESIONS
3799,VECTORS
519,CANCER
1300,CLUSTERING ALGORITHMS
794,IMAGE RECONSTRUCTION
344,COMPUTER ARCHITECTURE
1651,HISTOLOGICAL IMAGE ANALYSIS
1658,EPITHELIAL
1300,CLUSTERING ALGORITHM
514,PRESENCE OF LESIONS
514,TISSUE LESIONS
504,MORPHOLOGICAL OPERATIONS
4356,DELAUNAY TRIANGULATION
1683,HISTOPATHOLOGICAL IMAGES
1305,ADJACENCY RELATIONSHIP
4376,DECISION SUPPORT SYSTEM
459,INTERMEDIATE LAYER
4733,NORMAL IMAGES
2926,IMAGE DATABASE
5174,WATERSHED SEGMENTATION
2609,VORONOI DIAGRAM
5176,EXTERNAL MARKERS
526,COMPUTER-AIDED DIAGNOSIS
7661,CERVICAL INTRAEPITHELIAL NEOPLASIA GRADE
514,HIGH-GRADE LESIONS
7661,CERVICAL INTRAEPITHELIAL NEOPLASIA (CIN)
526,COMPUTER-AIDED DIAGNOSIS
3799,VECTORS
214,TRAINING
1294,OPTIMIZATION
1,IMAGE COLOR ANALYSIS
167,PROTOTYPES
189,FEATURE EXTRACTION
293,EQUATIONS
304,IMAGE CLASSIFICATION
6060,COMBINATION OF DESCRIPTORS
304,IMPROVE IMAGE CLASSIFICATION
2425,OPTIMIZATION PROBLEM
982,FEATURE SPACE
7592,VISUAL PROPERTIES
304,IMAGE CLASSIFICATION TASKS
198,LINEAR COMBINATION
2158,OPTIMIZATION ALGORITHM
289,VALIDATION SET
7116,LOCAL MAXIMA
173,FITNESS FUNCTION
6639,DECISION VARIABLES
4582,PARTICLE SWARM
4582,PARTICLE SWARM OPTIMIZATION
6642,LOCAL SOLUTION
1311,OPTIMAL PATH
1458,RECOGNITION RATE
3298,HARMONY SEARCH
2871,COLOR INFORMATION
4514,DIJKSTRA'S ALGORITHM
1318,GRAPH PARTITIONING
811,IMAGE RETRIEVAL
704,IMAGE DESCRIPTORS
1972,EVOLUTIONARY ALGORITHMS
304,IMAGE CLASSIFICATION
1972,EVOLUTIONARY ALGORITHMS
167,PROTOTYPES
214,TRAINING
319,VEGETATION
388,ACCURACY
554,SUPPORT VECTOR MACHINES
6404,TRANSFORM CODING
189,FEATURE EXTRACTION
447,SUPERVISED LEARNING
5048,LOCAL ANALYSIS
78,LEARNING ALGORITHMS
554,SUPPORT VECTOR MACHINE
300,ARTIFICIAL NEURAL NETWORK
214,TRAINING PHASE
486,MULTILAYER PERCEPTRON
1311,OPTIMAL PATH
3264,LEARNING PROCESS
1554,PATTERN RECOGNITION
840,CLASSIFICATION PERFORMANCE
1345,CLASSIFICATION PROBLEM
3782,CLASSIFICATION OF SAMPLES
306,PRECISION AND RECALL
2414,PATTERN CLASSIFICATION
1049,VERTICES
554,SUPPORT VECTOR MACHINE ALGORITHM
167,CLASS PROTOTYPES
4514,DIJKSTRA'S ALGORITHM
2513,SHORTEST PATH DISTANCE
1305,ADJACENCY RELATIONSHIP
7671,CLASSIFICATION PHASE
5819,POLYNOMIAL KERNEL
7010,INPUT PATTERNS
3555,CLASSIFICATION RATE
57,SHAPE
3799,VECTORS
56,MEASUREMENT
2622,MANIFOLDS
3720,SURFACE TREATMENT
3159,PRINCIPAL COMPONENT ANALYSIS
911,SURFACE NORMALS
1931,LOW-DIMENSIONAL SPACE
6399,FISHER INFORMATION
4769,PATTERNS IN SPACE
3155,GEODESIC DISTANCE
6399,FISHER INFORMATION MATRIX
2973,HEAT KERNEL
5289,DISTRIBUTION OF POINTS
2416,LAPLACIAN MATRIX
256,FACIAL SHAPE
3452,WEIGHT MAP
2873,TANGENT PLANE
2383,STATISTICAL SHAPE MODEL
7514,EXPONENTIAL MAP
911,SURFACE NORMAL
321,CAMERAS
55,THREE DIMENSIONAL DISPLAYS
1294,OPTIMIZATION
3799,VECTORS
158,COMPUTATIONAL MODELING
3633,CALIBRATION
244,GEOMETRIC FEATURES
6637,OPTIMIZATION METHOD
4511,SMOOTH FUNCTION
61,3D SCANNING
3737,3D SURFACE
621,HIGH-RESOLUTION PHOTOGRAPHS
1971,OBJECTIVE FUNCTION
236,POINT CLOUD
7036,SURFACE MODEL
3067,HUMAN-COMPUTER INTERACTION
4500,FOCAL LENGTH
7358,PARALLEL LINES
1998,TARGET IMAGE
2844,IMAGE DISTORTION
5894,3D COORDINATES
2519,DISTANCE MAP
1137,CAMERA COORDINATE
1829,REGENERATION BUFFER
3764,TRANSLATION VECTOR
1373,CAMERA POSITION
2871,COLOR INFORMATION
157,TEXTURE-TO-GEOMETRY REGISTRATION
621,HIGH-RESOLUTION TEXTURE MAPPING
6954,LEAST-SQUARES MINIMIZATION
2218,LIGHTING
2300,ANIMATION
3799,VECTORS
1288,INTERPOLATION
1,IMAGE COLOR ANALYSIS
55,THREE DIMENSIONAL DISPLAYS
5,RENDERING (COMPUTER GRAPHICS)
2119,CONSECUTIVE FRAMES
4674,TOPOLOGICAL INFORMATION
861,ANTHROPOMORPHIC FEATURES
2874,NORMAL MAP
6798,NORMAL VECTOR
6189,NORMAL OPERATION
2871,COLOR INFORMATION
6482,SET OF CURVES
6965,TANGENT VECTOR
4901,SKELETONIZATION
7275,COLOR PROCESSING
3022,ADJACENCY GRAPH
4903,8-CONNECTED
672,ILLUMINATION
7277,COLORIZATION
2300,ANIMATION
3395,SILICON
293,EQUATIONS
3799,VECTORS
2670,MATHEMATICAL MODEL
5,RENDERING (COMPUTER GRAPHICS)
237,ADAPTATION MODELS
3720,SURFACE TREATMENT
6532,SHARP EDGES
6279,CONCAVITY
6612,CENTROID
1867,UNIT VECTOR
4282,POINTS IN SPACE
6798,NORMAL VECTOR
4524,LINE SEGMENT
7288,BOOLEAN OPERATORS
1916,DOT PRODUCT
61,3D SCANNING
1126,3D POINT
7434,OBJECTIVE SPACE
1853,INTERSECTION OF LINE
76,INTERSECTION OF PLANES
2471,CLIP PARTNERS
55,THREE DIMENSIONAL DISPLAYS
2712,INDEXES
5047,ALGORITHM DESIGN AND ANALYSIS
2752,COMPUTATIONAL COMPLEXITY
189,FEATURE EXTRACTION
6467,MEMORY MANAGEMENT
250,3D IMAGES
7722,DISCRETE MORSE THEORY
2752,COMPUTATIONAL COMPLEXITY
396,RUNNING TIME
6292,ANEURYSM
2293,NEIGHBORING NODES
7489,TIME OF BIRTH
1922,MEMORY CONSUMPTION
6361,BREADTH-FIRST SEARCH
4391,LOOP LINES
6321,DISCRETE FIELD
7722,DISCRETE MORSE THEORY
5285,LARGE DATA
55,THREE DIMENSIONAL DISPLAYS
293,EQUATIONS
2670,MATHEMATICAL MODEL
261,NAVIGATION
187,FACE
1410,BOUNDARY CONDITIONS
1366,ROBOTS
261,NAVIGATION
2700,PATH PLANNING
113,TRIANGULAR MESH
337,GRADIENT DESCENT
3737,3D SURFACE
5952,ARBITRARY SURFACE
894,DISCRETION
2699,FREE SPACE
0,VIDEO GAMES
1358,REGULAR GRID
3985,SET OF CELLS
5953,PATHFINDING
62,3D MESH
6234,DIRICHLET BOUNDARY CONDITIONS
2413,LAPLACE EQUATION
4279,2-DIMENSIONAL SPACE
6481,ERROR THRESHOLD
4228,OBSTACLE POSITION
858,VIRTUALLY
261,NAVIGATION
103,SURFACES EXPLORATION
7033,LATTICES
2843,FORCE
3799,VECTORS
2670,MATHEMATICAL MODEL
6560,MOBILE COMMUNICATION
3310,TRAJECTORY
158,COMPUTATIONAL MODELING
2701,SOCIAL FORCES
868,CROWD SIMULATION
5567,LOW DENSITY
5574,WALKING
1867,UNIT VECTOR
2843,PHYSICAL FORCE
1867,UNIT VECTOR IN THE DIRECTION
3018,NEIGHBORHOOD RADIUS
3310,PEDESTRIAN TRAJECTORY
868,CROWD SIMULATION
2843,SOCIAL FORCE MODEL
9,HUMANS
297,IMAGE SEGMENTATION
214,TRAINING
5202,JOINTS
187,FACE
6,SKIN
243,SINGLE IMAGE
196,NEURAL NETWORK
60,ANTHROPOMETRIC
300,ARTIFICIAL NEURAL NETWORK
5173,STATIC IMAGES
2285,HUMAN POSE
5583,RIGHT-HAND
415,HEURISTIC
3719,BODY PARTS
818,IMAGE PIXELS
297,IMAGE SEGMENTATION
214,TRAINING PHASE
1539,MARKOV CHAIN MONTE CARLO
486,MULTILAYER PERCEPTRON
7709,LEFT LEG
391,VIDEO SEQUENCES
2014,AUTOMATIC SEGMENTATION
423,POSE ESTIMATION
667,FACE DETECTION
3719,SPECIFIC BODY PARTS
7067,CENTRAL FACE
706,PERSON IMAGE
1960,CLAVICLE
243,SINGLE IMAGE
300,ARTIFICIAL NEURAL NETWORK
1750,CONVERGENCE
2622,MANIFOLDS
1288,INTERPOLATION
5438,SPLINE
2098,EUCLIDEAN DISTANCE
157,GEOMETRY
3799,VECTORS
4313,FREE PARAMETERS
5441,CUBIC SPLINE
4406,CONVEX HULL
2166,CONTINUOUS CURVE
912,SMOOTHING
1288,LINEAR INTERPOLATION
2062,CONTROL POINTS
5465,EUCLIDEAN SPACE
7692,SMOOTH MANIFOLD
3155,GEODESIC
7761,CONIC
32,GRAPHICS PROCESSING UNIT
158,COMPUTATIONAL MODELING
34,REAL TIME SYSTEMS
2670,MATHEMATICAL MODEL
5,RENDERING (COMPUTER GRAPHICS)
55,THREE DIMENSIONAL DISPLAYS
4544,REAL-TIME MODEL
115,DIGITAL ELEVATION MODEL
3067,HUMAN-COMPUTER INTERACTION
70,BOUNDING BOX
7510,LEVEL OF RESOLUTION
1851,LEAF NODE
2899,EDITING TOOLS
6485,SKETCH-BASED MODELING
6616,TERRAIN MODELING
32,GRAPHICS PROCESSING UNIT
5,RENDERING (COMPUTER GRAPHICS)
3720,SURFACE TREATMENT
1833,CASTING
2785,INSTRUCTION SETS
6006,RAY TRACING
1,IMAGE COLOR ANALYSIS
1928,ADAPTIVE METHOD
1586,IMAGE REGIONS
3477,EMPTY REGIONS
6963,IMAGE SPACE
2719,DEPTH-FIRST
6361,BREADTH-FIRST SEARCH
405,WORLD COORDINATE
2721,QUADTREE
1833,RAY CASTING
103,IMPLICIT SURFACES
6224,PARALLEL ALGORITHMS
5,RENDERING
237,ADAPTATION MODELS
3720,SURFACE TREATMENT
157,GEOMETRY
57,SHAPE
55,THREE DIMENSIONAL DISPLAYS
54,SOLID MODELING
2670,MATHEMATICAL MODEL
6474,ADAPTIVE MESH
6484,MESH RESOLUTION
113,TRIANGULAR
126,TERRAIN
2971,SHAPE FEATURES
71,INTERSECTION POINT
252,CLOSEST POINT
3730,LINEAR CONSTRAINTS
113,TRIANGULAR MESH
6792,MESH REFINEMENT
1049,NEIGHBORING VERTICES
6474,ADAPTIVE MESH REFINEMENT
157,MESH GEOMETRY
6485,SKETCH-BASED MODELING
3162,SILHOUETTE
1441,MULTIRESOLUTION
6486,GEOMETRIC MODELING
77,VISUALIZATION
158,COMPUTATIONAL MODELING
57,SHAPE
632,NOISE
55,THREE DIMENSIONAL DISPLAYS
7200,VISUAL PATTERNS
1406,TEXTURE MAP
319,VEGETATION
6378,FLOWERING
7274,COLOR PATTERN
2609,VORONOI DIAGRAM
7803,PLANT PIGMENTS
7200,VISUAL PATTERNS
7804,PLANT KINGDOM
7503,CLONAL MOSAIC PATTERNS
5,RENDERING (COMPUTER GRAPHICS)
1161,PROPOSALS
2670,MATHEMATICAL MODEL
3432,TRANSFER FUNCTIONS
293,EQUATIONS
1361,ISOSURFACES
1,IMAGE COLOR ANALYSIS
4562,TETRAHEDRAL
1922,MEMORY CONSUMPTION
4756,PIECEWISE LINEAR FUNCTION
6792,MESH REFINEMENT
7352,PIECEWISE LINEAR
3432,TRANSFER FUNCTION
2062,CONTROL POINTS
1467,SINGULAR VALUE DECOMPOSITION
632,PEAK SIGNAL-TO-NOISE RATIO
3439,SCALAR VALUE
2858,VOLUME RENDERING
7818,HEXAHEDRAL MESH
7817,UNSTRUCTURED MESH
1361,ISOSURFACES
2218,LIGHTING
5,RENDERING (COMPUTER GRAPHICS)
189,FEATURE EXTRACTION
77,VISUALIZATION
57,SHAPE
54,SOLID MODELING
7817,UNSTRUCTURED MESH
1361,ISOSURFACE
77,SCIENTIFIC VISUALIZATION
2725,LIGHT SOURCE
3435,VOLUME OF DATA
4562,TETRAHEDRAL
4786,ELECTROSTATIC POTENTIAL
3432,TRANSFER FUNCTION
6596,WEIGHTING FACTOR
88,SCOLIOSIS
244,GEOMETRIC FEATURES
3437,GRADIENT DIRECTION
7434,OBJECTIVE SPACE
3360,HEART ACTIVITY
3439,SCALAR VALUE
113,TRIANGULAR MESH
4838,ILLUMINATION VARIATIONS
7715,PREPROCESSING PHASE
6963,IMAGE SPACE
77,ILLUSTRATIVE VOLUME VISUALIZATION
55,THREE DIMENSIONAL DISPLAYS
1654,MICE
31,PIPELINES
3432,TRANSFER FUNCTIONS
5,RENDERING (COMPUTER GRAPHICS)
1,IMAGE COLOR ANALYSIS
3435,VOLUME OF DATA
250,3D IMAGES
3439,SCALAR VALUE
885,INTERACTIVE
3011,VALUES IN THE RANGE
3432,TRANSFER FUNCTION
2648,NOISY DATA
1822,DEPTH MAP
1739,DEPTH VALUES
7434,OBJECTIVE SPACE
614,IMAGE SYNTHESIS
3871,LIGHT RAYS
1803,3D SCENE
1834,SCREEN SPACE
5897,VOLUME DATASET
53,3D TEXTURE
7839,OPTICAL PROPERTIES OF THE SAMPLES
1821,PROJECTION MATRIX
5729,INTERESTING FEATURE
680,MAGNETIC RESONANCE IMAGING
1833,RAY-CASTING
77,VOLUME VISUALIZATION
4276,3D MEDICAL IMAGES
187,FACE
5092,STACKING
56,MEASUREMENT
1636,POLYNOMIALS
1,COLOR
77,DATA VISUALIZATION
913,INTEGER LINEAR PROGRAMMING
1071,SEISMIC
2741,OPTIMAL MODEL
396,RUNNING TIME
7378,POLYHEDRAL
4406,CONVEX HULL
5878,ARC LENGTH
6223,PARTIAL ORDER
7416,EXACT ALGORITHM
913,LINEAR PROGRAMMING FORMULATION
913,INTEGER LINEAR PROGRAMMING MODEL
4627,JOINT POINT
913,INTEGER LINEAR PROGRAMMING FORMULATION
7133,NUMBER OF DISKS
77,VISUALIZATION
157,COMPUTATIONAL GEOMETRY
913,INTEGER LINEAR PROGRAMMING
56,MEASUREMENT
77,VISUALIZATION
189,FEATURE EXTRACTION
811,IMAGE RETRIEVAL
1,IMAGE COLOR ANALYSIS
31,PIPELINES
811,IMAGE RETRIEVAL
5429,SYSTEM DATABASE
704,IMAGE DESCRIPTORS
206,ERROR RATE
982,FEATURE SPACE
555,LINEAR DISCRIMINANT ANALYSIS
5440,LINEAR SYSTEM
4601,SUNFLOWER
3253,FEATURE SUBSET
6780,PENALTY FUNCTION
3411,BLUE BARS
2055,VISUAL SPACE
3261,FEATURE SELECTION TECHNIQUES
205,QUERY IMAGE
4368,USE IN PROJECTS
811,CONTENT-BASED IMAGE RETRIEVAL
4812,HIGH-DIMENSIONAL
5049,MULTIDIMENSIONAL PROJECTION
811,CONTENT-BASED IMAGE RETRIEVAL
55,THREE DIMENSIONAL DISPLAYS
3799,VECTORS
1,IMAGE COLOR ANALYSIS
1816,RESERVOIRS
449,CONVOLUTION
2,STREAMING MEDIA
2300,ANIMATION
6958,LINE INTEGRAL
1817,RESERVOIR MODEL
5952,ARBITRARY SURFACE
6958,LINE INTEGRAL CONVOLUTION
4027,FIELD STRENGTH
3490,OIL INDUSTRY
929,VECTOR FIELD
3737,3D SURFACE
77,VISUALIZATION TECHNIQUES
4913,USE OF COLOR
7052,MULTIPHASE FLOW
77,FLOW VISUALIZATION
53,3D TEXTURE
1834,SCREEN SPACE
6318,STREAMLINE
7434,OBJECTIVE SPACE
5623,WHITE NOISE
1818,RESERVOIR SIMULATION
2387,BLUE COLOR
6958,LINE INTEGRAL CONVOLUTION
77,3D FLOW VISUALIZATION
77,BLACK-OIL RESERVOIR VISUALIZATION
57,SHAPE
461,DETECTORS
65,CORRELATION
189,FEATURE EXTRACTION
293,EQUATIONS
557,IMAGE EDGE DETECTION
809,FIGURE OF MERIT
6623,NEW METHOD FOR DETECTION
2803,SECOND DERIVATIVE
685,CONVOLUTION OPERATION
4800,WAVELET TRANSFORM
2354,BINARY IMAGE
7685,SHAPE REPRESENTATION
2763,CORNER POINTS
6983,GRAY-LEVEL IMAGES
7356,PLANE CURVE
4535,HIGH CURVATURE POINTS (HCP)
7878,SHAPE RECONSTRUCTION
3799,VECTORS
2072,HISTOGRAMS
513,ROBUSTNESS
1289,COVARIANCE MATRIX
4480,TARGET TRACKING
391,VIDEO SEQUENCES
446,OBJECT TRACKING
4486,CHANGES IN APPEARANCE
628,PREVIOUS FRAME
4908,PARTIAL OCCLUSION
7477,TOTAL OCCLUSION
5259,PARAMETER ESTIMATES
1289,COVARIANCE MATRIX
7471,DISPLACEMENT VECTOR
391,VIDEO SEQUENCES
37,TRACKING ALGORITHM
2770,ILLUMINATION CHANGES
7478,TRACKING RESULTS
7120,DIMENSIONAL FEATURE VECTOR
5029,BHATTACHARYYA DISTANCE
7468,SEARCH REGION
5541,PRESENCE OF OCCLUSION
2380,MATCHING ERROR
185,EARTH MOVER'S DISTANCE
663,COLOR SPACE
4443,COLOR HISTOGRAM
446,OBJECT TRACKING
1897,OCCLUSION
2101,WEIGHTED VECTOR MEDIAN FILTER
5029,BHATTACHARYYA DISTANCE
157,GEOMETRY
423,ESTIMATION
321,CAMERAS
214,TRAINING
55,THREE DIMENSIONAL DISPLAYS
4927,GLOBAL POSITIONING SYSTEM
1300,CLUSTERING ALGORITHMS
326,IMAGE PAIRS
1281,TREE STRUCTURE
423,POSE ESTIMATION
4691,SPANNING TREE
157,GEOMETRY ESTIMATION
239,3D RECONSTRUCTION
1847,TIME COMPLEXITY
4068,IMAGE INFORMATION
2976,SIMILARITY MATRIX
429,BUNDLE ADJUSTMENT
379,COMPUTER VISION
1603,IMAGE COLLECTION
157,EPIPOLAR GEOMETRY
2072,HISTOGRAMS
678,DATABASES
1367,OBJECT RECOGNITION
1,IMAGE COLOR ANALYSIS
557,IMAGE EDGE DETECTION
189,FEATURE EXTRACTION
77,VISUALIZATION
379,COMPUTER VISION
304,IMAGE CLASSIFICATION
269,OBJECT DETECTION
1367,OBJECT RECOGNITION
391,VIDEO SEQUENCES
3038,CLASS INSTANCES
214,TRAINING SET
554,SUPPORT VECTOR MACHINE
5494,IMAGE SIZE
334,NUMBER OF IMAGES
663,COLOR SPACE
2236,IMAGES IN SET
2459,IMAGE SCALE
3693,RECOGNITION PROBLEM
704,IMAGE DESCRIPTORS
2232,LINEARLY SEPARABLE
827,SCALE-INVARIANT FEATURE TRANSFORM
4009,SPEEDED UP ROBUST FEATURES
7555,WORDS IN THE LEXICON
1013,HISTOGRAM OF ORIENTED GRADIENTS
4443,COLOR HISTOGRAM
4426,GRADIENT ORIENTATION
276,HSV COLOR
1106,KEYPOINT DETECTION
1599,IMAGE OBJECT
2072,FREQUENCY HISTOGRAMS
5666,OBJECT MODEL
1300,CLUSTERING ALGORITHMS
189,FEATURE EXTRACTION
77,VISUALIZATION
3799,VECTORS
678,VISUAL DATABASES
1873,URBAN SCENES
1300,CLUSTERING ALGORITHM
1986,IMAGE REGISTRATION
4172,MATCHING ALGORITHM
4326,CLUSTERING TECHNIQUES
1331,LOCAL DESCRIPTORS
554,SUPPORT VECTOR MACHINE
6612,CENTROID
793,DIMENSIONALITY REDUCTION
819,VISUAL FEATURES
3640,SIMILAR IMAGES
1506,MATCHING RESULTS
2926,IMAGE DATABASE
558,AVERAGE RANK
4689,ALGORITHM IN ORDER
7291,MATCHING TASK
205,QUERY IMAGE
827,SCALE-INVARIANT FEATURE TRANSFORM
1714,QUERY SET
1105,CORRECT MATCHES
7926,SUBSPACE CLUSTERING
530,INFORMATION RETRIEVAL
678,LARGE DATABASES
678,URBAN DATABASES
214,TRAINING
388,ACCURACY
167,PROTOTYPES
3799,VECTORS
319,VEGETATION
293,EQUATIONS
1294,OPTIMIZATION
3298,HARMONY SEARCH
1279,OPTIMUM-PATH FOREST
214,TRAINING SET
1554,PATTERN RECOGNITION
1927,LARGE AMOUNT OF DATA
5109,ALGORITHM PARAMETERS
2425,OPTIMIZATION PROBLEM
554,SUPPORT VECTOR MACHINE
2158,OPTIMIZATION ALGORITHM
982,FEATURE SPACE
1972,EVOLUTIONARY ALGORITHMS
173,FITNESS FUNCTION
4396,EXHAUSTIVE SEARCH
6311,STOPPING CRITERION
2464,ACCURACY LOSS
4603,OPTIMIZATION CRITERIA
1311,OPTIMAL PATH
7678,ADJACENT SAMPLES
214,TRAINING SET SIZE
4391,LOOP LINES
1318,GRAPH PARTITIONING
4690,RELEVANT SAMPLES
1279,OPTIMUM-PATH FOREST
2189,SUPERVISED CLASSIFICATION
1554,PATTERN RECOGNITION
4335,FRACTALS
489,ENCODING
613,IMAGE CODING
6163,BIT RATE
284,TRANSFORMS
391,VIDEO SEQUENCES
6163,BITRATE
758,VIDEO ENCODING
391,VIDEO SEQUENCES
6465,SPATIAL PARTITIONING
753,ENCODING TIME
1348,GRAYSCALE
2119,CONSECUTIVE FRAMES
755,BINARY TREE
4030,VOLUMETRIC IMAGING
2692,UNIFORM GRID
1214,DISCRETE COSINE TRANSFORM
2792,IMAGE BLOCK
4466,SUM OF SQUARED DIFFERENCES
2125,MOTION COMPENSATION
2721,QUADTREE
2114,VIDEO COMPRESSION
7244,STATIC BACKGROUND
5358,HIGH COMPRESSION RATIO
2114,VIDEO COMPRESSION
5353,VIDEO CODECS
2113,MOTION ESTIMATION
415,HEURISTIC ALGORITHMS
7109,HIGH DEFINITION VIDEO
1531,PSNR
5047,ALGORITHM DESIGN AND ANALYSIS
1969,SEARCH PROBLEMS
1956,PREDICTION ALGORITHMS
7412,ESTIMATION ALGORITHM
391,VIDEO SEQUENCES
2113,MOTION ESTIMATION
7939,HIGH MOTION
81,CLASSIFICATION ALGORITHMS
7271,FAST ALGORITHM
6744,DIGITAL VIDEO
5776,SEARCH ALGORITHM
747,BLOCK SIZE
3471,SOLUTION SPACE
5047,ALGORITHM DESIGN
632,PEAK SIGNAL-TO-NOISE RATIO
6163,BITRATE
4589,RANDOM SEARCH
7935,LEAST SIGNIFICANT BIT
2102,SEARCH WINDOW
736,VIDEO CODING
2753,MOTION VECTOR
2125,MOTION COMPENSATION
2620,MODEL INSTANCES
743,CODING EFFICIENCY
4135,METAHEURISTIC
2113,MOTION ESTIMATION
736,VIDEO CODING
7949,HIGH DEFINITION
2113,MOTION ESTIMATION
3799,VECTORS
2965,SIGNAL PROCESSING ALGORITHMS
293,EQUATIONS
2752,COMPUTATIONAL COMPLEXITY
391,VIDEO SEQUENCES
2113,MOTION ESTIMATION
4140,COMPUTATIONAL EFFORT
741,COMPUTATIONAL COMPLEXITY REDUCTION
5776,SEARCH ALGORITHM
747,BLOCK SIZE
73,MEAN ABSOLUTE DEVIATION
391,VIDEO SEQUENCES
5071,MINIMUM POINT
7842,SEQUENCE OF POINTS
2850,CURRENT FRAME
628,PREVIOUS FRAME
148,BLOCK LEVEL
2753,MOTION VECTOR
2102,SEARCH WINDOW
2963,CENTER OF WINDOW
2113,MOTION ESTIMATION
7959,LOW-DISCREPANCY SEQUENCES
736,VIDEO CODING
514,LESIONS
189,FEATURE EXTRACTION
554,SUPPORT VECTOR MACHINES
519,BREAST
678,DATABASES
519,CANCER
3159,PRINCIPAL COMPONENT ANALYSIS
519,BREAST CANCER SCREENING
811,IMAGE RETRIEVAL
811,CONTENT-BASED IMAGE RETRIEVAL
554,SUPPORT VECTOR MACHINE
470,GAUSSIAN KERNEL
526,COMPUTER-AIDED DIAGNOSIS
518,MAMMOGRAPHIC IMAGES
7885,CHAINCODE
555,LINEAR DISCRIMINANT ANALYSIS
2445,HYPERPLANE
514,TYPES OF LESIONS
5819,POLYNOMIAL KERNEL
514,BREAST LESIONS
6835,SIGMOID KERNEL
205,QUERY IMAGE
811,CONTENT-BASED IMAGE RETRIEVAL
526,COMPUTER-AIDED DIAGNOSIS
3159,PRINCIPAL COMPONENT ANALYSIS
554,SUPPORT VECTOR MACHINE
524,MAMMOGRAPHY
7975,BREAST DENSITY
55,THREE DIMENSIONAL DISPLAYS
513,ROBUSTNESS
321,CAMERAS
56,MEASUREMENT
3799,VECTORS
31,PIPELINES
5047,ALGORITHM DESIGN AND ANALYSIS
239,3D RECONSTRUCTION
379,COMPUTER VISION
423,POSE ESTIMATION
423,HUMAN POSE ESTIMATION
5780,KOLMOGOROV-SMIRNOV TEST
1738,IMAGE POINT
1126,3D POINT
4614,RANDOM SAMPLE CONSENSUS
5084,STRUCTURE FROM MOTION
424,CAMERA POSE
1114,INLIERS
1115,HOMOGRAPHY
7986,PEARSON LINEAR COEFFICIENT
428,REPROJECTION ERROR
1126,2D POINT
7646,NORMALIZED CROSS-CORRELATION
236,POINT CLOUD
7982,ROBUST ALGORITHMS
7983,STANDALONE METHODOLOGY
321,CAMERAS
3633,CALIBRATION
2,STREAMING MEDIA
5689,AEROSPACE ELECTRONICS
557,IMAGE EDGE DETECTION
835,IMAGE PROCESSING
1348,GRAYSCALE
5284,CENTRAL POINT
5893,FRAME RATE
4927,GLOBAL POSITIONING SYSTEM
2164,VIDEO FRAMES
3267,IMAGE FRAMES
508,EDGE DETECTION
261,GLOBAL NAVIGATION SATELLITE SYSTEM
4520,CAMERA FRAME
1059,AVIATION SAFETY
3112,NETWORK INTERFACE
1508,PEPPER NOISE
835,IMAGE PROCESSING
379,COMPUTER VISION
7997,AIRCRAFT
6228,CLONING
2413,LAPLACE EQUATIONS
3510,MESH GENERATION
3799,VECTORS
57,SHAPE
31,PIPELINES
5745,SPIRALS
885,INTERACTIVE
1357,COMPUTATION TIME
6279,CONCAVITY
2406,EDIT OPERATIONS
5440,LINEAR SYSTEM
7191,SYMMETRIC MATRIX
1998,TARGET IMAGE
929,VECTOR FIELD
2806,SOURCE IMAGES
6780,PENALTY FUNCTION
204,IMAGE PATCHES
7726,FIELD GRADIENT
3510,MESH GENERATION
901,POISSON EQUATION
113,TRIANGULAR MESH
3767,VERTEX COORDINATES
6228,SEAMLESS CLONING
7034,MESH DEFORMATION
6228,IMAGE CLONING
616,SPATIAL RESOLUTION
794,IMAGE RECONSTRUCTION
5059,SPEECH
680,MAGNETIC RESONANCE IMAGING
423,ESTIMATION
158,COMPUTATIONAL MODELING
680,MAGNETIC RESONANCE IMAGING
3355,WIENER FILTER
622,LOW RESOLUTION
794,IMAGE RECONSTRUCTION
1533,SUPER-RESOLUTION
643,LOW-RESOLUTION IMAGES
5162,SIMULATED IMAGES
680,DYNAMIC MAGNETIC RESONANCE IMAGING
5059,SPEECH ARTICULATION
5108,SUPER-RESOLUTION RECONSTRUCTION
621,HIGH-RESOLUTION
621,HIGH-RESOLUTION IMAGES
2062,CONTROL POINTS
5288,STEPS OF ALGORITHM
3583,PIXEL RESOLUTION
7256,CONVEX SET
5345,POINT SPREAD FUNCTION
2665,MARKOV RANDOM FIELD
6484,MESH RESOLUTION
4465,NON-RIGID REGISTRATION
680,MAGNETIC RESONANCE IMAGING (MRI)
549,HUMAN SPEECH PRODUCTION RESEARCH
794,SUPER-RESOLUTION IMAGE RECONSTRUCTION
794,IMAGE RECONSTRUCTION
1956,PREDICTION ALGORITHMS
1531,PSNR
56,MEASUREMENT
1300,CLUSTERING ALGORITHMS
133,HURRICANES
2965,SIGNAL PROCESSING ALGORITHMS
5996,PERCEPTION OF QUALITY
2354,BINARY IMAGE
6038,HALFTONE
6983,GRAY-LEVEL IMAGES
544,STRUCTURAL SIMILARITY
7651,INTENSITY LEVELS
794,IMAGE RECONSTRUCTION
7624,RANDOM WALK
3837,QUALITY METRICS
632,PEAK SIGNAL-TO-NOISE RATIO
707,VERSION OF IMAGE
632,PEAK SIGNAL-TO-NOISE RATIO VALUES
6245,GRAY-LEVEL INTENSITY
6041,HALFTONING
6041,INVERSE HALFTONING
8033,DITHERING
498,IMAGE RESTORATION
1750,CONVERGENCE
632,NOISE
2502,ITERATIVE METHODS
616,SPATIAL RESOLUTION
1540,DENOISING
4731,CONJUGATE GRADIENT
2043,BACK PROJECTION
622,LOW RESOLUTION
621,HIGH-RESOLUTION IMAGES
1076,LOW-PASS
2417,DIAGONAL MATRIX
794,IMAGE RECONSTRUCTION
1750,FASTER CONVERGENCE
643,LOW-RESOLUTION IMAGES
536,SYNTHETIC IMAGES
5111,SUPER-RESOLUTION TECHNIQUES
1551,SUPER-RESOLUTION PROBLEM
1533,SUPER-RESOLUTION
498,IMAGE RESTORATION
498,RESTORATION
297,IMAGE SEGMENTATION
557,IMAGE EDGE DETECTION
56,MEASUREMENT
31,PIPELINES
3799,VECTORS
38,EIGENVALUES AND EIGENFUNCTIONS
1288,INTERPOLATION
1466,COMPUTATIONAL BURDEN
297,IMAGE SEGMENTATION
3013,EDGE WEIGHTS
501,PART OF THE IMAGE
842,SEGMENTATION PROCESS
2421,GRAPH LAPLACIAN
5664,USER INTERVENTION
4411,STEP OF THE PIPELINE
7404,WEIGHT ASSIGNMENT
1288,BICUBIC INTERPOLATION
5669,SPECTRAL GRAPH THEORY
5622,TEXTURE REGIONS
297,IMAGE SEGMENTATION
8043,CARTOON-TEXTURE DECOMPOSITION
4259,HARMONIC ANALYSIS
297,IMAGE SEGMENTATION
284,TRANSFORMS
42,DIFFUSION TENSOR IMAGING
3834,ANISOTROPIC MAGNETORESISTANCE
55,THREE DIMENSIONAL DISPLAYS
1889,TENSILE STRESS
496,MANUALS
42,DIFFUSION TENSOR IMAGING
39,WHITE MATTER
500,SEGMENTATION METHOD
5664,USER INTERVENTION
39,WHITE MATTER STRUCTURES
8054,FRACTIONAL ANISOTROPY MAPS
5174,WATERSHED SEGMENTATION
5616,HIGH VALUES
1242,CEREBROSPINAL FLUID
5645,FINAL RESULTS
4366,COHEN'S KAPPA
8054,HIGHER FRACTIONAL ANISOTROPY VALUES
5884,INTERHEMISPHERIC FISSURE
8054,AVERAGE FRACTIONAL ANISOTROPY
1164,SEGMENTATION QUALITY
4193,ACTIVE CONTOUR
8054,LOWER FRACTIONAL ANISOTROPY
8052,CORPUS CALLOSUM
8054,FRACTIONAL ANISOTROPY
42,DIFFUSION TENSOR IMAGING
253,SEGMENTATION
5185,WATERSHED TRANSFORM
214,TRAINING
167,PROTOTYPES
1495,BOOSTING
269,OBJECT DETECTION
189,FEATURE EXTRACTION
667,FACE DETECTION
739,DECODING
4227,QR CODE
230,FALSE POSITIVE
269,OBJECT DETECTION
269,OBJECT DETECTION FRAMEWORK
214,TRAINING SET
3214,POSITIVE SAMPLES
515,DETECTION IN IMAGES
4444,SINGLE FEATURE
4248,LINE SCAN
8068,FALSE ALARM RATE
781,BACKGROUND IMAGE
667,FACE DETECTION
2959,BLACK PIXELS
2280,INTEGRAL IMAGE
5721,SIMPLE TREE
700,VISUALLY IMPAIRED PEOPLE
6177,PERSPECTIVE DISTORTION
4704,RANDOM VARIABLES
64,PROCESSING TIME
310,TRUE POSITIVE
222,NEGATIVE SAMPLES
4227,QR CODE
1495,BOOSTING
81,CLASSIFICATION
1554,PATTERN RECOGNITION
297,IMAGE SEGMENTATION
7263,COMMUNITIES
467,LABELING
284,TRANSFORMS
2843,FORCE
297,IMAGE SEGMENTATION
500,SEGMENTATION METHOD
4537,HARD CONSTRAINTS
297,IMAGE SEGMENTATION ALGORITHM
4871,TABULAR REPRESENTATION
7624,RANDOM WALK
307,TERMINAL NODES
1267,FINAL SEGMENTATION
7710,CLOSED CURVE
6913,GRAPH SEARCH ALGORITHMS
2508,IMAGE FORESTING TRANSFORM
6912,GRAPH-CUT SEGMENTATION
6908,FUZZY CONNECTEDNESS
2072,HISTOGRAMS
266,VEHICLES
2712,INDEXES
321,CAMERAS
391,VIDEO SEQUENCES
888,VIDEOS
6092,GAUSSIAN DISTRIBUTION
781,BACKGROUND IMAGE
7651,INTENSITY LEVELS
2804,PIXEL INTENSITY
6780,PENALTY FUNCTION
391,VIDEO SEQUENCES
5678,NEIGHBORHOOD INFORMATION
2668,BACKGROUND PIXELS
6534,MAXIMUM INTENSITY
1591,TRAFFIC FLOW
2119,CONSECUTIVE FRAMES
2871,COLOR INFORMATION
2072,FREQUENCY HISTOGRAMS
4727,AUTOMATED VEHICLES
3268,FOREGROUND OBJECTS
2764,VEHICLE DETECTION
781,BACKGROUND IMAGE
4256,FRAME DIFFERENCE
5793,TEMPORAL INTENSITY HISTOGRAM
6780,REWARD AND PENALTY FUNCTION
557,IMAGE EDGE DETECTION
297,IMAGE SEGMENTATION
9,HUMANS
1,IMAGE COLOR ANALYSIS
632,NOISE
890,NOISE MEASUREMENT
6085,EDGE INFORMATION
1269,BOUNDARY DETECTION
5645,FINAL RESULTS
5763,MULTI-LABEL
850,COLOR IMAGES
3951,REGIONAL MAPPING
5673,LOW VALUES
818,IMAGE PIXELS
297,IMAGE SEGMENTATION
4900,BRANCH POINTS
508,EDGE DETECTION
3965,COLOR CHANNELS
2665,MARKOV RANDOM FIELD
5377,SMOOTH VARIATION
7731,BOUNDARY MAP
2494,EDGE DETECTION METHOD
5671,MINIMUM CUT
1269,BOUNDARY DETECTION
315,MULTILABEL GRAPH CUT
508,EDGE DETECTION
7263,COMMUNITIES
346,DATA MODELS
300,NEURAL NETWORKS
158,COMPUTATIONAL MODELING
1534,STOCHASTIC PROCESSES
7752,LEGGED LOCOMOTION
4898,HANDWRITTEN DIGITS
1554,PATTERN RECOGNITION
2674,COMPUTER SIMULATIONS
4393,DATA CLUSTERING
3775,COMPETITIVE PROCESS
196,NEURAL NETWORK
38,EIGENVALUES
7624,RANDOM WALK
214,NEURAL NETWORK TRAINING
2703,COMPETITION MODEL
7269,COMMUNITY DETECTION
2400,SELF-ORGANIZING MAP
3642,DISSIMILARITY MEASURE
1049,VERTICES IN THE NETWORK
7269,COMMUNITY DETECTION IN NETWORKS
286,MNIST DATASET
38,MAGNITUDE OF EIGENVALUES
1464,SIMILARITY MEASURE
8102,STOCHASTIC COMPETITIVE LEARNING
4898,HANDWRITTEN PATTERN CLUSTERING
214,TRAINING
6637,OPTIMIZATION METHODS
1189,PROBABILITY DENSITY FUNCTION
1554,PATTERN RECOGNITION
214,TRAINING DATA
3799,VECTORS
6637,OPTIMIZATION METHOD
337,GRADIENT DESCENT
2425,OPTIMIZATION PROBLEM
214,TRAINING DATASET
1554,PATTERN RECOGNITION
1972,EVOLUTIONARY ALGORITHMS
6638,LOCAL OPTIMUM
3555,CLASSIFICATION RATE
7942,HYBRID METHOD
5651,SET OF SEGMENTS
1554,PATTERN RECOGNITION TECHNIQUES
799,MEAN SQUARE ERROR
604,SIGMOID FUNCTION
1189,PROBABILITY DENSITY FUNCTION
555,LINEAR DISCRIMINANT ANALYSIS
290,PUBLIC DATASETS
775,OPTICAL CHARACTER RECOGNITION
379,COMPUTER VISION AREA
214,TRAINING ALGORITHM
4013,BAYES CLASSIFIER
2701,SOCIAL FORCES
7441,STRAIGHT LINE SEGMENTS
5913,GENETIC ALGORITHMS
1554,PATTERN RECOGNITION
52,KERNEL
214,TRAINING
1889,STRESS
3107,HILBERT SPACE
1288,INTERPOLATION
3799,VECTORS
77,VISUALIZATION
982,FEATURE SPACE
77,VISUALIZATION TECHNIQUES
891,IMPLICIT FUNCTION
554,SUPPORT VECTOR MACHINE
5099,NONLINEAR FUNCTION
556,K-NEAREST NEIGHBOR
2604,KERNEL FUNCTION
3726,DIMENSIONAL VECTOR
3107,HILBERT SPACE
5465,EUCLIDEAN SPACE
398,INTRINSIC PARAMETERS
4769,PATTERNS IN SPACE
1549,AFFINE FUNCTION
38,NONZERO EIGENVALUES
5465,DIMENSIONAL EUCLIDEAN SPACE
3159,KERNEL PRINCIPAL COMPONENT ANALYSIS
982,ORIGINAL FEATURE SPACE
896,RADIAL BASIS FUNCTION KERNEL
4033,ORIGINAL SPACE
2295,NULL SPACE
7352,LINEAR APPROXIMATION
982,DISTANCE IN FEATURE SPACE
337,GRADIENT DESCENT
982,HILBERT FEATURE SPACE
1919,KERNELS
77,VISUALIZATION
3159,KERNEL PRINCIPAL COMPONENT ANALYSIS
52,KERNEL
3799,VECTORS
214,TRAINING
486,MULTILAYER PERCEPTRONS
554,SUPPORT VECTOR MACHINES
388,ACCURACY
3107,HILBERT SPACE
486,MULTILAYER PERCEPTRON
221,HIDDEN LAYER
982,FEATURE SPACE
4687,WEIGHT VECTOR
4033,ORIGINAL SPACE
398,INTRINSIC PARAMETERS
982,ORIGINAL FEATURE SPACE
8130,INTERMEDIATE SPACE
799,MEAN SQUARE ERROR
214,TRAINING SET
554,SUPPORT VECTOR MACHINE
337,GRADIENT DESCENT
2604,KERNEL FUNCTION
1501,FEED-FORWARD NETWORK
971,LINEAR KERNEL
2834,ERROR BACKPROPAGATION
3159,KERNEL PRINCIPAL COMPONENT ANALYSIS
7120,DIMENSIONAL FEATURE VECTOR
604,LOGISTIC SIGMOID FUNCTION
3107,HILBERT SPACE
5819,POLYNOMIAL KERNEL
896,RADIAL BASIS FUNCTION KERNEL
486,MULTILAYER PERCEPTRON
1145,SEMANTICS
189,FEATURE EXTRACTION
615,COMPLEX NETWORKS
7812,PATTERN FORMATION
300,ARTIFICIAL NEURAL NETWORKS
214,TRAINING
1905,DATA MINING
1990,BRAIN TISSUE
7544,CLASSIFICATION TECHNIQUES
7812,PATTERN FORMATION
3555,CLASSIFICATION RATE
4327,DATA INSTANCES
775,OPTICAL CHARACTER RECOGNITION
8117,HIGH CLASSIFICATION RATES
4898,HANDWRITTEN DIGIT RECOGNITION
196,NEURAL NETWORK
113,TRIANGULAR
214,TRAINING SET
38,EIGENVALUES
615,COMPLEX NETWORK
554,SUPPORT VECTOR MACHINE
1464,SIMILARITY MEASURE
822,CLUSTERING COEFFICIENT
7397,VERTEX DEGREE
821,AVERAGE DEGREE
822,LOCAL CLUSTERING COEFFICIENT
957,GOOD CLASSIFICATION RESULTS
615,COMPLEX NETWORKS
888,VIDEOS
678,DATABASES
214,TRAINING
52,KERNEL
189,FEATURE EXTRACTION
554,SUPPORT VECTOR MACHINES
77,VISUALIZATION
299,TRANSFER LEARNING
1146,ACTION RECOGNITION
1153,HUMAN ACTIVITY RECOGNITION
1146,LEARNING FOR ACTION RECOGNITION
214,TRAINING SET
4475,STILL IMAGES
1963,TARGET TASK
299,TRANSFER LEARNING TECHNIQUE
4862,REAL VIDEOS
214,TRAINING DATA
78,LEARNING ALGORITHMS
554,SUPPORT VECTOR MACHINE
645,CONTEXTUAL INFORMATION
982,FEATURE SPACE
4402,FINAL CLASSIFICATION
3685,LOW-LEVEL FEATURES
568,TARGET DOMAIN
3299,SENTIMENT ANALYSIS
1146,VIDEO ACTION RECOGNITION
3292,VIDEO RECOGNITION
571,SOURCE DOMAIN
4595,ROUND OF EXPERIMENTS
827,SCALE-INVARIANT FEATURE TRANSFORM
1090,TEXT CLASSIFICATION
222,NEGATIVE SAMPLES
1146,ACTION RECOGNITION
299,TRANSFER LEARNING
3902,VIDEO UNDERSTANDING
65,CORRELATION
1300,CLUSTERING ALGORITHMS
57,SHAPE
1294,OPTIMIZATION
5047,ALGORITHM DESIGN AND ANALYSIS
1,IMAGE COLOR ANALYSIS
811,CONTENT-BASED IMAGE RETRIEVAL
822,CLUSTERING
5214,HAPTIC INTERFACES
32,GRAPHICS PROCESSING UNIT
2712,INDEXES
158,COMPUTATIONAL MODELING
1099,DEFORMABLE MODELS
237,ADAPTATION MODEL
6790,SPRINGS
6776,GPGPU
2300,PHYSICS-BASED ANIMATION
2300,COMPUTER ANIMATION
3581,EYEBROWS
187,FACE
308,PIXEL
189,FEATURE EXTRACTION
2300,FACIAL ANIMATION
246,FACIAL FEATURES DETECTION
379,COMPUTER VISION
2300,PERFORMANCE DRIVEN ANIMATION
678,DATABASES
2300,FACIAL ANIMATION
55,THREE DIMENSIONAL DISPLAYS
888,VIDEOS
167,PROTOTYPES
54,SOLID MODELING
379,COMPUTER VISION
2267,GROUND TRUTH
2300,COMPUTER ANIMATION
189,FEATURE EXTRACTION
77,VISUALIZATION
678,DATABASES
3316,SPACE EXPLORATION
759,VOCABULARY
497,INSPECTION
388,ACCURACY
982,VISUAL FEATURE SPACE ANALYSIS
77,FEATURE SPACE VISUALIZATION
982,FEATURE SPACE EVALUATION
4668,VISUAL EXPLORATION
3574,IRIS RECOGNITION
678,DATABASES
7290,HAMMING DISTANCE
293,EQUATIONS
3574,IRIS
1495,BOOSTING
56,MEASUREMENT
3574,IRIS RECOGNITION
2331,ADABOOST
193,BIOMETRICS
2408,LEVENSHTEIN DISTANCE
1181,COMPUTED TOMOGRAPHY
55,THREE DIMENSIONAL DISPLAYS
3374,BIOMEDICAL IMAGING
260,SYSTEMATICS
1986,IMAGE REGISTRATION
5047,ALGORITHM DESIGN AND ANALYSIS
6473,APPROXIMATION METHODS
4465,NON-RIGID REGISTRATION
1181,COMPUTED TOMOGRAPHY
498,IMAGE RESTORATION
2694,MICROSCOPY
632,NOISE
423,ESTIMATION
2072,HISTOGRAMS
2502,ITERATIVE METHODS
3374,BIOMEDICAL IMAGING
498,IMAGE RESTORATION
2694,MICROSCOPY
678,DATABASES
388,ACCURACY
794,IMAGE RECONSTRUCTION
189,FEATURE EXTRACTION
1496,FINGERPRINT RECOGNITION
2284,SKELETON
1497,LATENT FINGERPRINT
655,ENHANCEMENT
514,LESIONS
189,FEATURE EXTRACTION
1682,MALIGNANT TUMORS
1,IMAGE COLOR ANALYSIS
297,IMAGE SEGMENTATION
6,SKIN
678,DATABASES
835,IMAGE PROCESSING
3720,SURFACE TREATMENT
755,BINARY TREES
59,MEASUREMENT UNCERTAINTY
237,ADAPTATION MODEL
6473,APPROXIMATION METHODS
55,THREE DIMENSIONAL DISPLAYS
1750,CONVERGENCE
103,PARAMETRIC SURFACES
913,LINEAR PROGRAMMING
293,EQUATIONS
794,IMAGE RECONSTRUCTION
1161,PROPOSALS
900,SURFACE RECONSTRUCTION
3510,MESH GENERATION
2670,MATHEMATICAL MODEL
4531,MESH MORPHING
7037,MESH REPRESENTATION
3510,MESH GENERATION
557,IMAGE EDGE DETECTION
912,SMOOTHING METHODS
308,PIXEL
297,IMAGE SEGMENTATION
1301,PARTITIONING ALGORITHMS
3510,IMAGE-BASED MESH GENERATION
912,MESH SMOOTHING
1288,INTERPOLATION
2033,NOISE REDUCTION
632,NOISE
794,IMAGE RECONSTRUCTION
52,KERNEL
890,NOISE MEASUREMENT
929,VECTOR FIELDS
1882,TOPOLOGY
1540,DENOISING
4259,HARMONIC ANALYSIS
2622,MANIFOLDS
77,VISUALIZATION
32,GRAPHICS PROCESSING UNIT
3432,TRANSFER FUNCTIONS
55,THREE DIMENSIONAL DISPLAYS
77,SOUND VISUALIZATION
157,GEOMETRY PROCESSING
1838,GPU
55,THREE DIMENSIONAL DISPLAYS
32,GRAPHICS PROCESSING UNIT
57,SHAPE
308,PIXEL
5,RENDERING (COMPUTER GRAPHICS)
1,IMAGE COLOR ANALYSIS
5010,FADING
5938,SURFACE TEXTURE
158,COMPUTATIONAL MODELING
638,MATERIALS
55,THREE DIMENSIONAL DISPLAYS
3720,SURFACE TREATMENT
34,REAL TIME SYSTEMS
3757,DISTANCE FIELDS
293,EQUATIONS
2670,MATHEMATICAL MODEL
1,COLOR
5,RENDERING (COMPUTER GRAPHICS)
652,MODULATION
3432,TRANSFER FUNCTIONS
77,VISUALIZATION
2858,DIRECT VOLUME RENDERING
1346,IMPORTANCE
3309,COMPOSITION
54,SOLID MODELING
32,GRAPHICS PROCESSING UNIT
5,RENDERING (COMPUTER GRAPHICS)
2670,MATHEMATICAL MODEL
6558,FLUIDS
77,VISUALIZATION
7533,FLUID SIMULATION
6558,SPH
1833,RAYCASTING
5,RENDERING (COMPUTER GRAPHICS)
157,GEOMETRY
1161,PROPOSALS
913,PROGRAMMING
2299,HARDWARE
157,GEOMETRY SHADER
297,IMAGE SEGMENTATION
3937,MOTION SEGMENTATION
2113,MOTION ESTIMATION
496,MANUALS
1021,IMAGE SEQUENCES
57,SHAPE
187,FACE
5658,HIERARCHICAL SEGMENTATION
308,PIXEL
423,ESTIMATION
297,IMAGE SEGMENTATION
189,FEATURE EXTRACTION
167,PROTOTYPES
284,TRANSFORMS
1300,CLUSTERING ALGORITHMS
297,GRAPH-BASED IMAGE SEGMENTATION
2508,IMAGE FORESTING TRANSFORM
822,CLUSTERING
129,MULTISCALE IMAGE FILTERING
415,HEURISTIC ALGORITHMS
77,VISUALIZATION
189,FEATURE EXTRACTION
1189,PROBABILITY DENSITY FUNCTION
157,GEOMETRY
2072,HISTOGRAMS
52,KERNEL
819,VISUAL FEATURES CORRESPONDENCE
7925,IMAGE MATCHING
678,DATABASES
1171,AGRICULTURE
189,FEATURE EXTRACTION
297,IMAGE SEGMENTATION
57,SHAPE
529,GOVERNMENT
283,HANDWRITTEN SYMBOLS
2133,INVARIANT FEATURES
1554,PATTERN RECOGNITION
811,IMAGE RETRIEVAL
57,SHAPE
557,IMAGE EDGE DETECTION
2670,MATHEMATICAL MODEL
293,EQUATIONS
158,COMPUTATIONAL MODELING
3651,POINT PATTERN MATCHING
4310,GRAPH MATCHING
2665,MARKOV RANDOM FIELDS
1367,3D OBJECT RECOGNITION
4898,HANDWRITTEN DIGITS
78,MACHINE LEARNING
57,SHAPE
56,MEASUREMENT
308,PIXEL
554,SUPPORT VECTOR MACHINES
388,ACCURACY
52,KERNEL
1343,PATTERN ANALYSIS
554,SUPPORT VECTOR MACHINES
1279,OPTIMUM-PATH FOREST
300,NEURAL NETWORKS
556,K-NEAREST NEIGHBORS
189,FEATURE EXTRACTION
2072,HISTOGRAMS
187,FACE
667,FACE DETECTION
308,PIXEL
618,IMAGE RESOLUTION
214,TRAINING
3559,LOCAL BINARY PATTERNS
667,FACE DETECTION
308,PIXEL
391,VIDEO SEQUENCES
3395,SILICON
2676,PHYSICS
3375,SPECKLE
1351,IMAGE ANALYSIS
1,IMAGE COLOR ANALYSIS
52,KERNEL
321,CAMERAS
423,ESTIMATION
2218,LIGHTING
55,THREE DIMENSIONAL DISPLAYS
308,PIXEL
4906,FIDUCIAL MARKERS
414,LOCALIZATION
423,POSE ESTIMATION
1895,AUGMENTED REALITY
77,VISUALIZATION
189,FEATURE EXTRACTION
461,DETECTORS
9,HUMANS
2072,HISTOGRAMS
554,SUPPORT VECTOR MACHINES
2670,MATHEMATICAL MODEL
3081,VIOLENCE DETECTION
815,BAGS OF VISUAL WORDS
3087,SVM
613,IMAGE CODING
308,PIXEL
1,IMAGE COLOR ANALYSIS
5,GRAPHICS
2299,HARDWARE
34,REAL TIME SYSTEMS
1288,INTERPOLATION
7604,TEXTURE SYNTHESIS
308,PIXEL
32,GRAPHICS PROCESSING UNIT
5,RENDERING (COMPUTER GRAPHICS)
321,CAMERAS
1669,SURFACE MORPHOLOGY
900,SURFACE RECONSTRUCTION
794,IMAGE RECONSTRUCTION
8186,PROCEDURAL TEXTURING
3757,DISTANCE FIELDS
8187,GEODESICS
2033,NOISE REDUCTION
632,NOISE
912,SMOOTHING METHODS
129,FILTERING
55,THREE DIMENSIONAL DISPLAYS
56,MEASUREMENT
2713,DATA STRUCTURES
236,POINT CLOUD
62,3D MESH DENOISE
951,RAIN
158,COMPUTATIONAL MODELING
2670,MATHEMATICAL MODEL
293,EQUATIONS
5,RENDERING (COMPUTER GRAPHICS)
2300,ANIMATION
32,GRAPHICS PROCESSING UNIT
951,RAIN ANIMATION
126,TERRAIN
6558,SPH
5,RENDERING (COMPUTER GRAPHICS)
6467,MEMORY MANAGEMENT
346,DATA MODELS
77,DATA VISUALIZATION
512,PREDICTIVE MODELS
157,GEOMETRY
158,COMPUTATIONAL MODELING
5,RENDERING
54,MODELING
239,RECONSTRUCTION
187,FACE
158,COMPUTATIONAL MODELING
55,THREE DIMENSIONAL DISPLAYS
157,GEOMETRY
1288,INTERPOLATION
2300,FACIAL ANIMATION
5,COMPUTER GRAPHICS
2300,FACIAL ANIMATION
239,3D RECONSTRUCTION
55,THREE DIMENSIONAL DISPLAYS
321,CAMERAS
2388,OPTICAL IMAGING
37,TRACKING
794,IMAGE RECONSTRUCTION
4336,PROBABILISTIC LOGIC
308,PIXEL
1377,PROBABILISTIC VOLUMETRIC RECONSTRUCTION
771,OPTICAL FLOW
5,RENDERING (COMPUTER GRAPHICS)
293,EQUATIONS
2677,FINITE ELEMENT METHODS
2670,MATHEMATICAL MODEL
1288,INTERPOLATION
2218,LIGHTING
2677,FINITE ELEMENTS METHOD
2734,GLOBAL ILLUMINATION
896,RADIAL BASIS
2712,INDEXES
319,VEGETATION MAPPING
2767,BRIGHTNESS
985,SOIL
1,IMAGE COLOR ANALYSIS
1276,GREEN PRODUCTS
3159,COMPONENT
2712,INDEXES
795,MULTISPECTRAL IMAGES
655,IMAGE ENHANCEMENT
185,EARTH SURFACE
54,SOLID MODELING
5487,BIOLOGICAL CELLS
2713,DATA STRUCTURES
346,DATA MODELS
728,AGING
728,AGING
308,PIXEL
297,IMAGE SEGMENTATION
284,TRANSFORMS
3374,BIOMEDICAL IMAGING
3758,HISTORY
1294,OPTIMIZATION
513,ROBUSTNESS
2508,IMAGE FORESTING TRANSFORM
297,ROBUSTNESS IN IMAGE SEGMENTATION
6913,GRAPH SEARCH ALGORITHMS
297,IMAGE SEGMENTATION
308,PIXEL
1181,COMPUTED TOMOGRAPHY
557,IMAGE EDGE DETECTION
678,DATABASES
284,TRANSFORMS
1348,GRAY-SCALE
297,IMAGE SEGMENTATION
5185,WATERSHED TRANSFORM
1318,GRAPH PARTITIONING
308,PIXEL
297,IMAGE SEGMENTATION
2767,BRIGHTNESS
557,IMAGE EDGE DETECTION
2388,OPTICAL IMAGING
238,OPTICAL SENSORS
1669,MATHEMATICAL MORPHOLOGY
2694,SCANNING ELECTRON MICROSCOPY
554,SUPPORT VECTOR MACHINES
519,CANCER
214,TRAINING
308,PIXEL
297,IMAGE SEGMENTATION
78,MACHINE LEARNING
189,FEATURE EXTRACTION
1351,IMAGE ANALYSIS
1669,MATHEMATICAL MORPHOLOGY
78,MACHINE LEARNING
1990,TISSUE
6353,SMART PHONES
3493,ACCELERATION
3374,BIOMEDICAL IMAGING
2472,MEDICAL SERVICES
55,THREE DIMENSIONAL DISPLAYS
1236,SKULL
1654,MICE
1900,MOBILE
674,SMARTPHONE
4276,MEDICAL IMAGES
2388,OPTICAL IMAGING
2389,ADAPTIVE OPTICS
308,PIXEL
293,EQUATIONS
297,IMAGE SEGMENTATION
423,ESTIMATION
2670,MATHEMATICAL MODEL
771,OPTICAL FLOW
239,3D RECONSTRUCTION
554,SUPPORT VECTOR MACHINES
214,TRAINING
308,PIXEL
560,TESTING
1289,COVARIANCE MATRIX
2072,HISTOGRAMS
3159,PRINCIPAL COMPONENT ANALYSIS
555,LINEAR DISCRIMINANT ANALYSIS
7676,LEATHER DEFECT DETECTION
740,DECISION TREES
1905,DATA MINING
2,MEDIA
189,FEATURE EXTRACTION
308,PIXEL
146,BUILDINGS
1863,INDEXING
531,TEXT INFORMATION EXTRACTION
170,COST FUNCTION
321,CAMERAS
3633,CALIBRATION
794,IMAGE RECONSTRUCTION
65,CORRELATION
3850,MACHINE VISION
8243,STEREO VISION
266,VEHICLES
308,PIXEL
959,MONITORING
1,COLOR
391,VIDEO SEQUENCES
4336,PROBABILISTIC LOGIC
3310,TRAJECTORY
3920,TRAFFIC SURVEILLANCE
2764,VEHICLE DETECTION
129,PARTICLE FILTERING
3310,VEHICLE TRAJECTORY
1288,INTERPOLATION
103,IMPLICIT SURFACES
896,RADIAL BASIS FUNCTIONS
1288,HERMITE-BIRKHOFF INTERPOLATION
6486,GEOMETRIC MODELING
900,SURFACE RECONSTRUCTION
57,SHAPE MEASUREMENT
912,SMOOTHING METHODS
1099,DEFORMABLE MODELS
5,COMPUTER GRAPHICS
54,SOLID MODELING
900,SURFACE RECONSTRUCTION
158,COMPUTATIONAL MODELING
6140,PARTICLE FILTERS
8179,SCALE SPACES
34,REAL TIME SYSTEMS
1838,GPU
358,FREQUENCY
794,IMAGE RECONSTRUCTION
129,FILTERING
321,CAMERAS
900,SURFACE RECONSTRUCTION
5,COMPUTER GRAPHICS
835,IMAGE PROCESSING
2874,NORMAL MAP
129,FILTERING
1117,DEFORMATION
8256,NONLINEAR FILTERS
358,FREQUENCY
794,IMAGE RECONSTRUCTION
129,FILTERING
321,CAMERAS
8257,SHAPE CONTROL
900,SURFACE RECONSTRUCTION
5,COMPUTER GRAPHICS
835,IMAGE PROCESSING
8258,LABORATORIES
157,GEOMETRY
54,SOLID MODELING
794,IMAGE RECONSTRUCTION
618,IMAGE RESOLUTION
8258,LABORATORIES
31,PIPELINES
513,ROBUSTNESS
5,COMPUTER GRAPHICS
835,IMAGE PROCESSING
1533,SUPER-RESOLUTION
5991,3D REGISTRATION
61,3D SCANNING
900,SURFACE RECONSTRUCTION
77,DATA VISUALIZATION
77,ILLUSTRATIVE VISUALIZATION
8184,NON-PHOTOREALISTIC RENDERING
5,RENDERING (COMPUTER GRAPHICS)
5,COMPUTER GRAPHICS
835,IMAGE PROCESSING
618,IMAGE RESOLUTION
4636,COMPUTER SCIENCE
6807,EDUCATIONAL INSTITUTIONS
9,HUMANS
343,COSTS
2495,SALIENCY
253,SEGMENTATION
1441,MULTIRESOLUTION
1361,ISOSURFACES
5,RENDERING (COMPUTER GRAPHICS)
5,COMPUTER GRAPHICS
8266,APPLICATION SOFTWARE
835,IMAGE PROCESSING
618,IMAGE RESOLUTION
4636,COMPUTER SCIENCE
6807,EDUCATIONAL INSTITUTIONS
8267,INFORMATION ANALYSIS
9,HUMANS
900,SURFACE RECONSTRUCTION
794,IMAGE RECONSTRUCTION
284,DISCRETE TRANSFORMS
3744,SURFACE CRACKS
157,GEOMETRY
5,COMPUTER GRAPHICS
835,IMAGE PROCESSING
4845,CULTURAL DIFFERENCES
2713,DATA STRUCTURES
900,SURFACE RECONSTRUCTION
613,IMAGE CODING
157,GEOMETRY
489,ENCODING
57,SHAPE
794,IMAGE RECONSTRUCTION
7402,NUMERICAL SIMULATION
3510,MESH GENERATION
6163,BIT RATE
5,COMPUTER GRAPHICS
1441,MULTIRESOLUTION
103,SUBDIVISION SURFACES
6474,ADAPTIVE MESH REFINEMENT
5,COMPUTER GRAPHICS
1863,INDEXING
6637,OPTIMIZATION METHODS
6754,PARALLEL PROCESSING
2213,PERFORMANCE GAIN
54,SOLID MODELING
835,IMAGE PROCESSING
8266,APPLICATION SOFTWARE
2800,HIGH PERFORMANCE COMPUTING
57,SHAPE
1554,PATTERN RECOGNITION
1351,IMAGE ANALYSIS
2700,PATH PLANNING
3510,MESH GENERATION
1161,PROPOSALS
5,COMPUTER GRAPHICS
835,IMAGE PROCESSING
297,IMAGE SEGMENTATION
297,IMAGE SEGMENTATION
42,DIFFUSION TENSOR IMAGING
680,MAGNETIC RESONANCE IMAGING
1889,TENSILE STRESS
54,SOLID MODELING
5060,LEVEL SET
3834,ANISOTROPIC MAGNETORESISTANCE
1241,BRAIN MODELING
5,COMPUTER GRAPHICS
835,IMAGE PROCESSING
929,VECTOR FIELD
554,SUPPORT VECTOR MACHINE
2033,NOISE REDUCTION
929,DISCRETE VECTOR FIELD
1540,DENOISING
7624,RANDOM WALK
1539,MARKOV CHAIN
3510,MESH GENERATION
1988,PARAMETRIC STATISTICS
3877,STRIPS
54,SOLID MODELING
1882,TOPOLOGY
5,COMPUTER GRAPHICS
835,IMAGE PROCESSING
103,PARAMETRIC SURFACES
2712,HAMADA INDEXES
297,IMAGE SEGMENTATION
42,DIFFUSION TENSOR IMAGING
680,MAGNETIC RESONANCE IMAGING
1889,TENSILE STRESS
54,SOLID MODELING
5060,LEVEL SET
3834,ANISOTROPIC MAGNETORESISTANCE
1241,BRAIN MODELING
5,COMPUTER GRAPHICS
835,IMAGE PROCESSING
42,DIFFUSION TENSOR IMAGING
1947,MRI
253,SEGMENTATION
5185,WATERSHED TRANSFORM
1669,MATHEMATICAL MORPHOLOGY
5047,ALGORITHM DESIGN AND ANALYSIS
297,IMAGE SEGMENTATION
1161,PROPOSALS
5,COMPUTER GRAPHICS
835,IMAGE PROCESSING
1351,IMAGE ANALYSIS
5979,AUTOMATION
2206,GUIDELINES
5185,WATERSHED TRANSFORM
297,IMAGE SEGMENTATION
618,IMAGE RESOLUTION
214,TRAINING DATA
835,IMAGE PROCESSING
5,COMPUTER GRAPHICS
4636,COMPUTER SCIENCE
5437,MATHEMATICS
1988,STATISTICS
5913,GENETIC ALGORITHMS
740,DECISION TREES
300,NEURAL NETWORKS
6053,MORPHOLOGICAL OPERATOR
214,IMAGE OPERATOR TRAINING
214,MULTILEVEL TRAINING
5047,ALGORITHM DESIGN AND ANALYSIS
462,PERFORMANCE ANALYSIS
1669,MORPHOLOGY
7033,LATTICES
5,COMPUTER GRAPHICS
835,IMAGE PROCESSING
5437,MATHEMATICS
1988,STATISTICS
2713,DATA STRUCTURES
1669,MATHEMATICAL MORPHOLOGY
2502,ITERATIVE METHODS
1540,IMAGE DENOISING
2033,NOISE REDUCTION
8256,NONLINEAR FILTERS
835,IMAGE PROCESSING
3247,GAME THEORY
1531,PSNR
129,FILTERING
1540,IMAGE DENOISING
4942,WAVELETS
7578,BAYESIAN ESTIMATION
1195,MAXIMUM A POSTERIORI
1540,IMAGE DENOISING
2033,NOISE REDUCTION
3834,ANISOTROPIC MAGNETORESISTANCE
895,PARTIAL DIFFERENTIAL EQUATIONS
1978,FILTERS
4259,HARMONIC ANALYSIS
835,IMAGE PROCESSING
912,SMOOTHING METHODS
5,COMPUTER GRAPHICS
4636,COMPUTER SCIENCE
1540,IMAGE DENOISING
1409,REGULARIZATION
498,IMAGE RESTORATION
300,ARTIFICIAL NEURAL NETWORKS
1732,DEGRADATION
300,NEURAL NETWORKS
560,TESTING
6713,FUZZY LOGIC
498,IMAGE RESTORATION
300,NEURAL NETWORKS
524,MAMMOGRAPHY
498,IMAGE RESTORATION
2033,NOISE REDUCTION
3355,WIENER FILTER
519,BREAST
129,FILTERING
655,IMAGE ENHANCEMENT
3432,TRANSFER FUNCTIONS
7251,IMAGING PHANTOMS
1523,IMAGE QUALITY
498,IMAGE RESTORATION
524,MAMMOGRAPHY
5273,QUANTUM NOISE
7505,GAUSSIAN PROCESSES
1978,FILTERS
300,NEURAL NETWORKS
300,ARTIFICIAL NEURAL NETWORKS
2377,DIGITAL IMAGES
297,IMAGE SEGMENTATION
3432,TRANSFER FUNCTIONS
3006,CLUSTERING METHODS
513,ROBUSTNESS
5277,MICROCALCIFICATION
5280,MAMMOGRAM
300,ARTIFICIAL NEURAL NETWORKS
2400,SELF-ORGANIZING MAP
5167,ARTERIES
297,IMAGE SEGMENTATION
3374,BIOMEDICAL IMAGING
1344,MEDICAL DIAGNOSTIC IMAGING
576,MEDICAL DIAGNOSIS
1351,IMAGE ANALYSIS
2377,DIGITAL IMAGES
1201,DISEASES
4374,X-RAY IMAGING
297,IMAGE SEGMENTATION
8311,ANGIOGRAPHY
9,HUMANS
3574,IRIS
193,BIOMETRICS
2218,LIGHTING
823,IMAGE TEXTURE ANALYSIS
189,FEATURE EXTRACTION
3140,INFRARED IMAGING
5526,EYES
2205,MEASUREMENT STANDARDS
3574,IRIS
34,REAL-TIME
417,DYNAMIC
1496,FINGERPRINT RECOGNITION
1005,QUANTIZATION
5,COMPUTER GRAPHICS
835,IMAGE PROCESSING
1351,IMAGE ANALYSIS
8204,ERROR ANALYSIS
560,TESTING
678,IMAGE DATABASES
8164,NIST
1496,FINGERPRINT
1351,IMAGE ANALYSIS
3159,PRINCIPAL COMPONENT ANALYSIS
728,AGING
187,FACE RECOGNITION
4454,ACTIVE APPEARANCE MODEL
555,LINEAR DISCRIMINANT ANALYSIS
9,HUMANS
2400,ORGANIZING
57,SHAPE
308,PIXEL
202,FACE IMAGES
1978,FILTERS
2027,VOTING
1367,OBJECT RECOGNITION
2136,LAYOUT
513,ROBUSTNESS
269,OBJECT DETECTION
1161,PROPOSALS
2727,SAMPLING METHODS
8156,BAG-OF-VISUAL-FEATURES
5554,VIDEO CLASSIFICATION
297,IMAGE SEGMENTATION
217,ENTROPY
835,IMAGE PROCESSING
9,HUMANS
5,COMPUTER GRAPHICS
1064,ARTIFICIAL INTELLIGENCE
1351,IMAGE ANALYSIS
8267,INFORMATION ANALYSIS
1988,STATISTICS
297,IMAGE SEGMENTATION
3385,TSALLIS ENTROPY
284,WAVELET TRANSFORMS
297,IMAGE SEGMENTATION
823,IMAGE TEXTURE ANALYSIS
4747,IMMUNE SYSTEM
358,FREQUENCY
1300,CLUSTERING ALGORITHMS
1351,IMAGE ANALYSIS
835,IMAGE PROCESSING
3180,TEXTURE ANALYSIS
8323,WAVELET PACKET
2218,LIGHTING
6,SKIN
297,IMAGE SEGMENTATION
8294,BAYESIAN METHODS
9,HUMANS
308,PIXEL
2377,DIGITAL IMAGES
1351,IMAGE ANALYSIS
4630,SKIN SEGMENTATION
835,IMAGE PROCESSING
663,COLOR SPACES
4335,FRACTALS
1732,DEGRADATION
1863,INDEXING
811,IMAGE RETRIEVAL
2377,DIGITAL IMAGES
5,COMPUTER GRAPHICS
835,IMAGE PROCESSING
6285,CONTENT BASED RETRIEVAL
496,MANUALS
297,COLOR IMAGE SEGMENTATION
508,EDGE DETECTION
1350,FRACTAL DIMENSION
189,FEATURE EXTRACTION
1905,DATA MINING
297,IMAGE SEGMENTATION
775,OPTICAL CHARACTER RECOGNITION SOFTWARE
835,IMAGE PROCESSING
678,IMAGE DATABASES
775,CHARACTER RECOGNITION
2738,HIDDEN MARKOV MODELS
5,COMPUTER GRAPHICS
1905,DATA MINING
775,OPTICAL CHARACTERS RECOGNITION
3850,MACHINE VISION
297,IMAGE SEGMENTATION
835,IMAGE PROCESSING
1367,OBJECT RECOGNITION
8334,CLASSIFICATION TREE ANALYSIS
554,SUPPORT VECTOR MACHINES
554,SUPPORT VECTOR MACHINE CLASSIFICATION
300,ARTIFICIAL NEURAL NETWORKS
5,COMPUTER GRAPHICS
297,GRAPH-BASED IMAGE SEGMENTATION
2508,IMAGE FORESTING TRANSFORM
1732,DEGRADATION
1863,INDEXING
8330,INFORMATION SYSTEMS
811,IMAGE RETRIEVAL
2377,DIGITAL IMAGES
5,COMPUTER GRAPHICS
835,IMAGE PROCESSING
6285,CONTENT BASED RETRIEVAL
496,MANUALS
812,IMAGE REPRESENTATION
304,IMAGE CLASSIFICATION
341,MOTION DETECTION
321,CAMERAS
5,COMPUTER GRAPHICS
835,IMAGE PROCESSING
433,VIDEO SURVEILLANCE
5060,LEVEL SET
3308,MOTION ANALYSIS
343,COSTS
341,MOTION DETECTION
3280,MULTI-FRAME VIDEO ANALYSIS
5060,LEVEL SETS
187,FACE RECOGNITION
284,DISCRETE COSINE TRANSFORMS
9,HUMANS
667,FACE DETECTION
284,WAVELET TRANSFORMS
5,COMPUTER GRAPHICS
835,IMAGE PROCESSING
358,FREQUENCY
678,SPATIAL DATABASES
379,COMPUTER VISION
187,FACE RECOGNITION
1214,DISCRETE COSINE TRANSFORM
189,FEATURE
1289,COVARIANCE MATRIX
57,SHAPE
369,IMAGE RECOGNITION
1351,IMAGE ANALYSIS
560,TESTING
1081,DICTIONARIES
6128,NEAREST NEIGHBOR SEARCHES
678,DATABASES
391,VIDEO SEQUENCES
597,COMPUTATIONAL EFFICIENCY
3280,VIDEO ANALYSIS
1146,ACTION RECOGNITION
38,GENERALIZED EIGENVALUES
379,COMPUTER VISION
2136,LAYOUT
7925,IMAGE MATCHING
2098,EUCLIDEAN DISTANCE
5,COMPUTER GRAPHICS
835,IMAGE PROCESSING
157,COMPUTATIONAL GEOMETRY
597,COMPUTATIONAL EFFICIENCY
2218,LIGHTING
7925,IMAGE MATCHING
2769,SIFT
9,HUMANS
835,IMAGE PROCESSING
129,FILTERING
2965,SIGNAL PROCESSING
1351,IMAGE ANALYSIS
8324,WAVELET ANALYSIS
1905,DATA MINING
5,COMPUTER GRAPHICS
8156,BAG-OF-VISUAL-FEATURES
5554,VIDEO CLASSIFICATION
835,IMAGE PROCESSING
129,FILTERING
2965,SIGNAL PROCESSING
8352,SIGNAL ANALYSIS
1351,IMAGE ANALYSIS
8324,WAVELET ANALYSIS
1905,DATA MINING
5,COMPUTER GRAPHICS
8353,INFORMATICS
1486,PARTIAL LEAST SQUARES
2735,PLS
4016,CO-OCCURRENCE MATRICES
2136,LAYOUT
498,IMAGE RESTORATION
1523,IMAGE QUALITY
52,KERNEL
597,COMPUTATIONAL EFFICIENCY
2218,LIGHTING
2725,LIGHT SOURCES
5166,UNDERWATER
425,STEREO
498,IMAGE RESTORATION
4889,VISIBILITY
2446,SCATTERING
8190,ATTENUATION
214,TRAINING
1,IMAGE COLOR ANALYSIS
308,PIXEL
2072,HISTOGRAMS
388,ACCURACY
363,INTERNET
759,VOCABULARY
187,FACE
214,TRAINING
6985,DISTANCE MEASUREMENT
187,FACE RECOGNITION
4145,PROBES
678,DATABASES
461,DETECTORS
187,FACE RECOGNITION
8341,HISTORICAL PHOTOGRAPHS
5772,2D-PCA
214,TRAINING
81,CLASSIFICATION ALGORITHMS
285,COMPLEXITY THEORY
1554,PATTERN RECOGNITION
1294,OPTIMIZATION
1554,PATTERN RECOGNITION
4524,STRAIGHT LINE SEGMENT
81,CLASSIFICATION
1171,AGRICULTURE
2738,HIDDEN MARKOV MODELS
297,IMAGE SEGMENTATION
975,SATELLITES
985,SOIL
81,CLASSIFICATION ALGORITHMS
214,TRAINING
2738,HIDDEN MARKOV MODELS
2335,REMOTE SENSING
321,CAMERAS
55,THREE DIMENSIONAL DISPLAYS
391,VIDEO SEQUENCES
3310,TRAJECTORY
2865,ROBOT SENSING SYSTEMS
4239,SYNCHRONIZATION
37,TRACKING
4239,VIDEO SYNCHRONIZATION
237,ADAPTATION MODEL
297,IMAGE SEGMENTATION
158,COMPUTATIONAL MODELING
4480,TARGET TRACKING
2633,GALLIUM
3937,MOTION SEGMENTATION
677,ANALYTICAL MODELS
1554,STRUCTURAL PATTERN RECOGNITION
446,OBJECT TRACKING
308,PIXEL
321,CAMERAS
1,IMAGE COLOR ANALYSIS
81,CLASSIFICATION ALGORITHMS
8286,FLOORS
297,IMAGE SEGMENTATION
158,COMPUTATIONAL MODELING
433,SURVEILLANCE
269,DETECTION
3280,VIDEO ANALYSIS
308,PIXEL
1,IMAGE COLOR ANALYSIS
5060,LEVEL SET
1021,IMAGE SEQUENCES
2900,SWITCHES
7107,VIDEO TRACKING
1897,OCCLUSION
5060,LEVEL SET METHODS
6985,DISTANCE MEASUREMENT
57,SHAPE
3188,PROTEINS
293,EQUATIONS
557,IMAGE EDGE DETECTION
423,ESTIMATION
1099,DEFORMABLE MODELS
4310,GRAPH MATCHING
1554,STRUCTURAL PATTERN RECOGNITION
1,IMAGE COLOR ANALYSIS
652,MODULATION
8204,ERROR ANALYSIS
632,NOISE
1,COLOR
169,PRINTING
779,TEXT DATA HIDING
835,IMAGE PROCESSING
308,PIXEL
423,ESTIMATION
678,DATABASES
632,NOISE
890,NOISE MEASUREMENT
8335,DOCUMENT ANALYSIS
3937,MOTION SEGMENTATION
297,IMAGE SEGMENTATION
1021,IMAGE SEQUENCES
560,BENCHMARK TESTING
496,MANUALS
253,OBJECT SEGMENTATION
56,CURRENT MEASUREMENT
253,OBJECT SEGMENTATION IN IMAGE SEQUENCES
3270,VIDEO SEGMENTATION EVALUATION
2072,HISTOGRAMS
77,VISUALIZATION
1,IMAGE COLOR ANALYSIS
189,FEATURE EXTRACTION
391,VIDEO SEQUENCES
2,STREAMING MEDIA
5731,REDUNDANCY
3096,VIDEO SUMMARIZATION
5586,KEYFRAMES
471,QUANTITATIVE EVALUATION
519,BREAST
7092,BAND PASS FILTERS
519,CANCER
557,IMAGE EDGE DETECTION
3185,GABOR FILTERS
519,BREAST CANCER
680,MAGNETIC RESONANCE IMAGING
519,BREAST CANCER
1947,MRI
3185,LOG-GABOR FILTERS
55,THREE DIMENSIONAL DISPLAYS
297,IMAGE SEGMENTATION
514,LESIONS
3395,SILICON
240,SURGERY
1986,IMAGE REGISTRATION
3374,BIOMEDICAL IMAGING
926,REGISTRATION
835,IMAGE PROCESSING
1351,MEDICAL IMAGE ANALYSIS
308,PIXEL
158,COMPUTATIONAL MODELING
346,DATA MODELS
54,SOLID MODELING
8294,BAYESIAN METHODS
81,CLASSIFICATION ALGORITHMS
297,IMAGE SEGMENTATION
1947,MRI
1669,SURFACE MORPHOLOGY
5643,SURFACE TOPOGRAPHY
252,ITERATIVE CLOSEST POINT ALGORITHM
6985,DISTANCE MEASUREMENT
187,FACE
5047,ALGORITHM DESIGN AND ANALYSIS
900,SURFACE RECONSTRUCTION
319,MAPPING
595,BRAIN
46,CORTEX
225,EVALUATION
1947,MRI
284,TRANSFORMS
284,DISCRETE COSINE TRANSFORMS
217,ENTROPY
489,ENCODING
5353,VIDEO CODECS
951,GAIN
281,CODECS
736,EMBEDDED VIDEO CODING
284,FAST TRANSFORMS
7937,FAST VIDEO CODEC
284,THREE-DIMENSIONAL TRANSFORMS
678,DATABASES
214,TRAINING
189,FEATURE EXTRACTION
974,RADIO FREQUENCY
913,GENETIC PROGRAMMING
8373,EVOLUTION (BIOLOGY)
554,SUPPORT VECTOR MACHINES
913,GENETIC PROGRAMMING
6811,RELEVANCE FEEDBACK
811,IMAGE RETRIEVAL
2061,LOCAL IMAGE FEATURES
1,IMAGE COLOR ANALYSIS
189,FEATURE EXTRACTION
678,DATABASES
6985,DISTANCE MEASUREMENT
2072,HISTOGRAMS
308,PIXEL
285,COMPLEXITY THEORY
811,WEB IMAGE RETRIEVAL
423,ESTIMATION
2670,MATHEMATICAL MODEL
618,IMAGE RESOLUTION
8034,STRONTIUM
308,PIXEL
170,COST FUNCTION
293,EQUATIONS
1409,REGULARIZATION
7578,BAYESIAN ESTIMATION
2218,LIGHTING
308,PIXEL
2725,LIGHT SOURCES
1,IMAGE COLOR ANALYSIS
293,EQUATIONS
187,FACE
379,COMPUTER VISION
890,NOISE MEASUREMENT
129,FILTERING THEORY
308,PIXEL
129,FILTERING
2677,FINITE ELEMENT METHODS
632,NOISE
3375,SPECKLE
1669,MATHEMATICAL MORPHOLOGY
129,IMAGE FILTERING
1889,TENSILE STRESS
297,IMAGE SEGMENTATION
42,DIFFUSION TENSOR IMAGING
3834,ANISOTROPIC MAGNETORESISTANCE
7957,DISTORTION MEASUREMENT
284,TRANSFORMS
1669,METHEMATICAL MORPHOLOGY
5185,WATERSHED TRANSFORM
308,PIXEL
2575,PEDIATRICS
8286,FLOODS
5643,SURFACE TOPOGRAPHY
5047,ALGORITHM DESIGN AND ANALYSIS
7195,NIOBIUM
1548,DYNAMICS
8230,COMPONENT TREE
5184,MAX-TREE
2284,SKELETON
6985,DISTANCE MEASUREMENT
6907,ZINC
284,TRANSFORMS
5047,ALGORITHM DESIGN AND ANALYSIS
2098,EUCLIDEAN DISTANCE
794,IMAGE RECONSTRUCTION
8277,MEDIAL AXIS
2284,SKELETON
2098,EUCLIDEAN DISTANCE
7685,SHAPE REPRESENTATION
157,GEOMETRY
74,FITTING
5202,JOINTS
1750,CONVERGENCE
423,ESTIMATION
293,EQUATIONS
379,COMPUTER VISION
157,PROJECTIVE DIFFERENTIAL GEOMETRY
748,REGRESSION TREE ANALYSIS
6473,APPROXIMATION METHODS
8398,CONSTRUCTION INDUSTRY
8334,CLASSIFICATION TREE ANALYSIS
2670,MATHEMATICAL MODEL
6985,DISTANCE MEASUREMENT
3508,SMOOTH TRANSITION REGRESSION TREES
748,CLASSIFICATION AND REGRESSION TREE
2713,DATA STRUCTURES
1969,SEARCH PROBLEMS
6473,APPROXIMATION METHODS
158,COMPUTATIONAL MODELING
6985,DISTANCE MEASUREMENT
346,DATA MODELS
57,SHAPE
6985,DISTANCE MEASUREMENT
5047,ALGORITHM DESIGN AND ANALYSIS
2072,HISTOGRAMS
1161,PROPOSALS
187,FACE
158,COMPUTATIONAL MODELING
346,DATA MODELS
103,ROUGH SURFACES
534,IMAGE GENERATION
187,FACE
6473,APPROXIMATION METHODS
5,COMPUTER GRAPHICS
103,IMPLICIT SURFACES
8184,NON-PHOTOREALISTIC RENDERING
8410,MULTI AGENT SYSTEMS
7303,TILES
55,THREE DIMENSIONAL DISPLAYS
57,SHAPE
2843,FORCE
557,IMAGE EDGE DETECTION
158,COMPUTATIONAL MODELING
6985,DISTANCE MEASUREMENT
2609,VORONOI
534,IMAGE GENERATION
321,CAMERAS
308,PIXEL
344,COMPUTER ARCHITECTURE
7303,TILES
157,GEOMETRY
5202,JOINTS
2284,SKELETON
1099,DEFORMABLE MODELS
6,SKIN
57,SHAPE
1389,HEATING
2670,MATHEMATICAL MODEL
189,FEATURE EXTRACTION
77,VISUALIZATION
214,TRAINING
77,DATA VISUALIZATION
1905,DATA MINING
2136,LAYOUT
1,IMAGE COLOR ANALYSIS
77,BIOMEDICAL IMAGING AND VISUALIZATION
1351,IMAGE ANALYSIS
1905,VISUAL DATA MINING
308,PIXEL
900,SURFACE RECONSTRUCTION
52,KERNEL
534,IMAGE GENERATION
3720,SURFACE TREATMENT
794,IMAGE RECONSTRUCTION
5,GRAPHICS
7421,POINT-BASED RENDERING
6973,IMAGE-BASED RENDERING
794,IMAGE RECONSTRUCTION
6985,DISTANCE MEASUREMENT
77,DATA VISUALIZATION
77,VISUALIZATION
1889,STRESS
77,DATA VISUALIZATION
4288,MULTIDIMENSIONAL SCALING
187,FACE
157,GEOMETRY
55,THREE DIMENSIONAL DISPLAYS
214,TRAINING
794,IMAGE RECONSTRUCTION
54,SOLID MODELING
158,COMPUTATIONAL MODELING
2300,ANIMATION
9,HUMANS
2284,SKELETON
953,BIOLOGICAL SYSTEM MODELING
57,SHAPE
5,COMPUTER GRAPHICS
54,SOLID MODELING
5659,KINEMATICS
5202,JOINTS
4,MOTION PICTURES
888,VIDEOS
5,RENDERING (COMPUTER GRAPHICS)
2300,ANIMATION
2136,LAYOUT
1027,ART
884,COHERENCE
8301,OPTICAL NOISE
6127,IMAGE MOTION ANALYSIS
5,COMPUTER GRAPHICS
1654,MICE
157,COMPUTATIONAL GEOMETRY
5,GRAPHICS
5,RENDERING (COMPUTER GRAPHICS)
54,SOLID MODELING
1022,PAINTING
5133,FEEDBACK
2299,HARDWARE
1889,TENSILE STRESS
8290,MULTIDIMENSIONAL SYSTEMS
77,DATA VISUALIZATION
1036,DATA ANALYSIS
3159,PRINCIPAL COMPONENT ANALYSIS
261,NAVIGATION
597,COMPUTATIONAL EFFICIENCY
38,EIGENVALUES AND EIGENFUNCTIONS
5,COMPUTER GRAPHICS
835,IMAGE PROCESSING
1669,MORPHOLOGY
1,COLOR
308,PIXEL
794,IMAGE RECONSTRUCTION
557,IMAGE EDGE DETECTION
7033,LATTICES
5,COMPUTER GRAPHICS
835,IMAGE PROCESSING
2767,BRIGHTNESS
297,IMAGE SEGMENTATION
1889,TENSILE STRESS
560,TESTING
1348,GRAY-SCALE
7035,ALGEBRA
1,IMAGE COLOR ANALYSIS
5,COMPUTER GRAPHICS
835,IMAGE PROCESSING
308,PIXEL
5270,INFORMATION THEORY
5314,BOOLEAN FUNCTIONS
5,COMPUTER GRAPHICS
835,IMAGE PROCESSING
4636,COMPUTER SCIENCE
5437,MATHEMATICS
1988,STATISTICS
57,SHAPE
217,ENTROPY
1993,MUTUAL INFORMATION
513,ROBUSTNESS
297,IMAGE SEGMENTATION
2502,ITERATIVE METHODS
1159,FOCUSING
1532,INVERSE PROBLEMS
170,COST FUNCTION
5,COMPUTER GRAPHICS
835,IMAGE PROCESSING
1351,IMAGE ANALYSIS
129,FILTERING
5438,SPLINE
157,GEOMETRY
54,SOLID MODELING
5,COMPUTER GRAPHICS
835,IMAGE PROCESSING
5047,ALGORITHM DESIGN AND ANALYSIS
7763,GEODESIC BEZIER CURVE
6522,DE
794,IMAGE RECONSTRUCTION
5,RENDERING (COMPUTER GRAPHICS)
54,SOLID MODELING
900,SURFACE RECONSTRUCTION
31,PIPELINES
77,VISUALIZATION
157,INFORMATION GEOMETRY
5,COMPUTER GRAPHICS
835,IMAGE PROCESSING
1027,ART
5,COMPUTER GRAPHICS
835,IMAGE PROCESSING
5047,ALGORITHM DESIGN AND ANALYSIS
513,ROBUSTNESS
900,SURFACE RECONSTRUCTION
8135,FUNCTION APPROXIMATION
794,IMAGE RECONSTRUCTION
1636,POLYNOMIALS
293,EQUATIONS
5,COMPUTER GRAPHICS
835,IMAGE PROCESSING
1361,ISOSURFACES
7127,CLOUDS
513,ROBUSTNESS
6031,WATERMARKING
1348,GRAY-SCALE
188,AUTHENTICATION
169,PRINTING
1,COLOR
8268,IMAGE CONVERTERS
8437,PRINTERS
284,WAVELET TRANSFORMS
811,IMAGE RETRIEVAL
1978,FILTERS
189,FEATURE EXTRACTION
1161,PROPOSALS
530,INFORMATION RETRIEVAL
7211,IMAGE DECOMPOSITION
5,COMPUTER GRAPHICS
835,IMAGE PROCESSING
678,IMAGE DATABASES
678,SPATIAL DATABASES
4260,BIPARTITE GRAPH
2,STREAMING MEDIA
2134,TV BROADCASTING
2114,VIDEO COMPRESSION
530,INFORMATION RETRIEVAL
297,IMAGE SEGMENTATION
363,INTERNET
7957,DISTORTION MEASUREMENT
4878,SHADOW MAPPING
2136,LAYOUT
2725,LIGHT SOURCES
5979,DESIGN AUTOMATION
5,RENDERING (COMPUTER GRAPHICS)
4636,COMPUTER SCIENCE
54,SOLID MODELING
157,GEOMETRY
5,COMPUTER GRAPHICS
835,IMAGE PROCESSING
5,RENDERING (COMPUTER GRAPHICS)
5,COMPUTER GRAPHICS
1181,COMPUTED TOMOGRAPHY
835,IMAGE PROCESSING
884,COHERENCE
2110,SORTING
2299,HARDWARE
2713,DATA STRUCTURES
1060,TIME DOMAIN ANALYSIS
158,COMPUTATIONAL MODELING
77,DATA VISUALIZATION
6858,ELECTROMAGNETIC DIFFRACTION
5,RENDERING (COMPUTER GRAPHICS)
2299,HARDWARE
3493,ACCELERATION
77,VISUALIZATION
5,COMPUTER GRAPHICS
835,IMAGE PROCESSING
534,IMAGE GENERATION
1351,IMAGE ANALYSIS
1523,IMAGE QUALITY
1654,MICE
8251,PARTICLE TRACKING
6140,PARTICLE FILTERS
9,HUMANS
379,COMPUTER VISION
512,PREDICTIVE MODELS
8258,LABORATORIES
8266,APPLICATION SOFTWARE
5,COMPUTER GRAPHICS
1554,PATTERN RECOGNITION
369,IMAGE RECOGNITION
170,COST FUNCTION
8441,VIDEO SHARING
1367,OBJECT RECOGNITION
2377,DIGITAL IMAGES
8434,MINIMIZATION METHODS
5,COMPUTER GRAPHICS
835,IMAGE PROCESSING
461,DETECTORS
129,FILTERING
3159,PRINCIPAL COMPONENT ANALYSIS
667,FACE DETECTION
5732,ERROR CORRECTION
300,NEURAL NETWORKS
9,HUMANS
560,TESTING
678,IMAGE DATABASES
1,COLOR
513,ROBUSTNESS
1300,CLUSTERING ALGORITHMS
129,FILTERING ALGORITHMS
308,PIXEL
238,CHARGE-COUPLED IMAGE SENSORS
2218,LIGHTING
794,IMAGE RECONSTRUCTION
321,CAMERAS
3633,CALIBRATION
343,COSTS
5133,FEEDBACK
57,SHAPE
2136,LAYOUT
8225,REFLECTIVITY
900,SURFACE RECONSTRUCTION
321,CAMERAS
794,IMAGE RECONSTRUCTION
2725,LIGHT SOURCES
1351,IMAGE ANALYSIS
8243,STEREO VISION
2218,LIGHTING
5,COMPUTER GRAPHICS
8349,PHOTOMETRY
2136,LAYOUT
57,SHAPE
1351,IMAGE ANALYSIS
5,COMPUTER GRAPHICS
835,IMAGE PROCESSING
8274,GRID COMPUTING
2218,LIGHTING
391,VIDEO SEQUENCES
8251,PARTICLE TRACKING
835,IMAGE PROCESSING
297,IMAGE SEGMENTATION
5060,LEVEL SET
358,FREQUENCY
5,COMPUTER GRAPHICS
7699,JACOBIAN MATRICES
2136,LAYOUT
486,MULTILAYER PERCEPTRONS
985,SOIL
300,NEURAL NETWORKS
7251,IMAGING PHANTOMS
4374,X-RAY IMAGING
5,COMPUTER GRAPHICS
835,IMAGE PROCESSING
297,IMAGE SEGMENTATION
8349,PHOTOMETRY
2362,COLORED NOISE
1,COLOR
379,COMPUTER VISION
8266,APPLICATION SOFTWARE
3294,INSTRUMENTS
2218,LIGHTING
2725,LIGHT SOURCES
297,IMAGE SEGMENTATION
300,NEURAL NETWORKS
379,COMPUTER VISION
486,MULTILAYER PERCEPTRONS
9,HUMANS
953,BIOLOGICAL SYSTEM MODELING
189,FEATURE EXTRACTION
284,FOURIER TRANSFORMS
5,COMPUTER GRAPHICS
835,IMAGE PROCESSING
304,IMAGE CLASSIFICATION
7638,ADAPTIVE FILTERS
3375,SPECKLE
8301,OPTICAL NOISE
129,FILTERING
5314,BOOLEAN FUNCTIONS
835,IMAGE PROCESSING
4922,SYNTHETIC APERTURE RADAR
1079,ADDITIVE NOISE
498,IMAGE RESTORATION
2502,ITERATIVE METHODS
2694,OPTICAL MICROSCOPY
8359,ITERATIVE ALGORITHMS
3432,TRANSFER FUNCTIONS
284,FOURIER TRANSFORMS
6858,OPTICAL DIFFRACTION
1750,CONVERGENCE OF NUMERICAL METHODS
2935,DENTISTRY
193,BIOMETRICS
9,HUMANS
715,RADIOGRAPHY
716,FORENSICS
189,FEATURE EXTRACTION
4193,ACTIVE CONTOURS
343,COSTS
560,TESTING
678,DATABASES
297,IMAGE SEGMENTATION
680,MAGNETIC RESONANCE IMAGING
680,MAGNETIC RESONANCE
1243,ALZHEIMER'S DISEASE
3374,BIOMEDICAL IMAGING
4797,HIPPOCAMPUS
1241,BRAIN MODELING
1240,VOLUME MEASUREMENT
297,IMAGE SEGMENTATION
57,SHAPE
1300,CLUSTERING ALGORITHMS
1669,MORPHOLOGY
2072,HISTOGRAMS
1301,PARTITIONING ALGORITHMS
4046,BONES
1905,DATA MINING
618,IMAGE RESOLUTION
3374,BIOMEDICAL IMAGING
1986,IMAGE REGISTRATION
1344,MEDICAL DIAGNOSTIC IMAGING
102,COLLABORATION
1351,IMAGE ANALYSIS
2248,STANDARDIZATION
5438,SPLINE
616,SPATIAL RESOLUTION
5,COMPUTER GRAPHICS
57,SHAPE
4636,COMPUTER SCIENCE
5,COMPUTER GRAPHICS
835,IMAGE PROCESSING
8266,APPLICATION SOFTWARE
8472,RADIOLOGY
1159,FOCUSING
379,COMPUTER VISION
6419,NECK
492,HEAD
1181,COMPUTED TOMOGRAPHY
146,BUILDINGS
5047,ALGORITHM DESIGN AND ANALYSIS
2786,REGISTERS
678,IMAGE DATABASES
297,IMAGE SEGMENTATION
2935,DENTISTRY
355,TIME SERIES ANALYSIS
595,BRAIN
680,MAGNETIC RESONANCE IMAGING
1944,BLOOD
9,HUMANS
240,SURGERY
5,COMPUTER GRAPHICS
557,IMAGE EDGE DETECTION
2136,LAYOUT
321,CAMERAS
2218,LIGHTING
2725,LIGHT SOURCES
57,SHAPE
157,GEOMETRY
379,COMPUTER VISION
37,TRACKING
794,IMAGE RECONSTRUCTION
794,IMAGE RECONSTRUCTION
2136,LAYOUT
900,SURFACE RECONSTRUCTION
1905,DATA MINING
57,SHAPE
321,CAMERAS
1882,TOPOLOGY
560,TESTING
8266,APPLICATION SOFTWARE
8266,APPLICATION SOFTWARE
794,IMAGE RECONSTRUCTION
157,INFORMATION GEOMETRY
379,COMPUTER VISION
5437,MATHEMATICS
8008,COMPUTER APPLICATIONS
7820,NUMERICAL STABILITY
900,SURFACE RECONSTRUCTION
513,ROBUSTNESS
54,SOLID MODELING
157,AFFINE DIFFERENTIAL GEOMETRY
157,GEOMETRY
6006,RAY TRACING
55,THREE-DIMENSIONAL DISPLAYS
8262,CONTEXT MODELING
6473,APPROXIMATION METHODS
1351,IMAGE ANALYSIS
5047,ALGORITHM DESIGN AND ANALYSIS
297,IMAGE SEGMENTATION
308,PIXEL
835,IMAGE PROCESSING
678,IMAGE DATABASES
8453,TREE GRAPHS
513,ROBUSTNESS
297,IMAGE SEGMENTATION
2725,LIGHT SOURCES
2218,LIGHTING
2136,LAYOUT
1351,IMAGE ANALYSIS
321,CAMERAS
1654,ICE
269,OBJECT DETECTION
308,PIXEL
2473,PROBABILITY DISTRIBUTION
297,IMAGE SEGMENTATION
513,ROBUSTNESS
6637,OPTIMIZATION METHODS
2514,FUZZY SET THEORY
835,IMAGE PROCESSING
1351,IMAGE ANALYSIS
129,FILTERING THEORY
8286,FLOODS
1669,SURFACE MORPHOLOGY
5643,SURFACE TOPOGRAPHY
297,IMAGE SEGMENTATION
3510,MESH GENERATION
308,PIXEL
54,SOLID MODELING
3374,BIOMEDICAL IMAGING
157,INFORMATION GEOMETRY
534,IMAGE GENERATION
1534,STOCHASTIC PROCESSES
2335,REMOTE SENSING
1181,COMPUTED TOMOGRAPHY
57,SHAPE
1022,PAINTING
1882,TOPOLOGY
31,PIPELINES
2300,FACIAL ANIMATION
1532,INVERSE PROBLEMS
1288,INTERPOLATION
1351,IMAGE ANALYSIS
462,PERFORMANCE ANALYSIS
5,COMPUTER GRAPHICS
2300,ANIMATION
6541,VISCOSITY
293,EQUATIONS
1364,HYDRODYNAMICS
7820,NUMERICAL STABILITY
269,OBJECT DETECTION
3672,DETECTION ALGORITHMS
2057,USABILITY
1299,SCALABILITY
5047,ALGORITHM DESIGN AND ANALYSIS
2843,FORCE MEASUREMENT
146,BUILDINGS
462,PERFORMANCE ANALYSIS
2136,LAYOUT
1099,DEFORMABLE MODELS
560,TESTING
269,OBJECT DETECTION
2051,SOFTWARE LIBRARIES
1733,VIRTUAL REALITY
2299,HARDWARE
8266,APPLICATION SOFTWARE
54,SOLID MODELING
158,COMPUTATIONAL MODELING
3374,BIOMEDICAL IMAGING
1351,IMAGE ANALYSIS
560,TESTING
557,IMAGE EDGE DETECTION
647,PROBABILITY
5669,GRAPH THEORY
5732,ERROR CORRECTION
38,EIGENVALUES AND EIGENFUNCTIONS
1669,MORPHOLOGY
1905,DATA MINING
3374,BIOMEDICAL IMAGING
1351,IMAGE ANALYSIS
297,IMAGE SEGMENTATION
679,STATISTICAL ANALYSIS
57,SHAPE
462,PERFORMANCE ANALYSIS
933,PERFORMANCE EVALUATION
8496,MEDICAL TESTS
217,ENTROPY
519,BREAST CANCER
297,IMAGE SEGMENTATION
1161,PROPOSALS
317,PROTOCOLS
1988,STATISTICS
3374,BIOMEDICAL IMAGING
1344,MEDICAL DIAGNOSTIC IMAGING
5060,LEVEL SET
1288,INTERPOLATION
1181,COMPUTED TOMOGRAPHY
77,VISUALIZATION
3374,BIOMEDICAL IMAGING
498,IMAGE RESTORATION
1351,IMAGE ANALYSIS
1588,TRANSPORTATION
1344,MEDICAL DIAGNOSTIC IMAGING
895,PARTIAL DIFFERENTIAL EQUATIONS
794,IMAGE RECONSTRUCTION
5,RENDERING (COMPUTER GRAPHICS)
2299,HARDWARE
5704,BANDWIDTH
5,COMPUTER GRAPHICS
6006,RAY TRACING
1299,SCALABILITY
54,SOLID MODELING
8338,PROCESS DESIGN
8268,IMAGE CONVERTERS
3432,TRANSFER FUNCTIONS
2299,HARDWARE
5,RENDERING (COMPUTER GRAPHICS)
4330,PROJECTION ALGORITHMS
5,COMPUTER GRAPHICS
8232,NONLINEAR OPTICS
7352,LINEAR APPROXIMATION
737,SOFTWARE ALGORITHMS
3374,BIOMEDICAL IMAGING
2136,LAYOUT
2725,LIGHT SOURCES
5,RENDERING (COMPUTER GRAPHICS)
5,COMPUTER GRAPHICS
1811,RUNTIME
2299,HARDWARE
613,IMAGE CODING
4878,SHADOW MAPPING
129,FILTERING
1988,STATISTICS
8359,ITERATIVE ALGORITHMS
1636,POLYNOMIALS
1750,CONVERGENCE
157,COMPUTATIONAL GEOMETRY
667,FACE DETECTION
8227,BIOINFORMATICS
1839,APPROXIMATION ALGORITHMS
1554,PATTERN RECOGNITION
554,SUPPORT VECTOR MACHINES
554,SUPPORT VECTOR MACHINE CLASSIFICATION
37,TRACKING
321,CAMERAS
2725,LIGHT SOURCES
492,HEAD
167,PROTOTYPES
8266,APPLICATION SOFTWARE
3633,CALIBRATION
157,GEOMETRY
321,CAMERAS
238,WEARABLE SENSORS
57,SHAPE
1159,FOCUSING
9,HUMANS
1121,ROBOT VISION SYSTEMS
4636,COMPUTER SCIENCE
284,KARHUNEN-LOEVE TRANSFORMS
59,UNCERTAINTY
379,COMPUTER VISION
37,TRACKING
794,IMAGE RECONSTRUCTION
8467,COMPUTER ERRORS
8266,APPLICATION SOFTWARE
2113,MOTION ESTIMATION
4704,RANDOM VARIABLES
6140,PARTICLE FILTERS
379,COMPUTER VISION
8251,PARTICLE TRACKING
2473,PROBABILITY DISTRIBUTION
1905,DATA MINING
129,FILTERING
8266,APPLICATION SOFTWARE
1534,STOCHASTIC PROCESSES
1750,CONVERGENCE
2727,SAMPLING METHODS
513,ROBUSTNESS
1882,TOPOLOGY
157,GEOMETRY
54,SOLID MODELING
2123,ARITHMETIC
3744,SURFACE CRACKS
5437,MATHEMATICS
1361,ISOSURFACES
3510,MESH GENERATION
5,RENDERING (COMPUTER GRAPHICS)
7785,IMPLICIT SURFACE
1938,ROBUST
78,ALGORITHMS
1099,DEFORMABLE MODELS
1534,STOCHASTIC PROCESSES
2727,SAMPLING METHODS
3720,SURFACE TREATMENT
1882,TOPOLOGY
158,COMPUTATIONAL MODELING
7352,PIECEWISE LINEAR APPROXIMATION
2300,ANIMATION
54,SOLID MODELING
157,GEOMETRY
3877,STRIPS
2713,DATA STRUCTURES
8453,TREE GRAPHS
4636,COMPUTER SCIENCE
240,SURGERY
2727,SAMPLING METHODS
1882,TOPOLOGY
157,GEOMETRY
54,SOLID MODELING
1005,QUANTIZATION
613,IMAGE CODING
157,GEOMETRY
343,COSTS
489,ENCODING
54,SOLID MODELING
794,IMAGE RECONSTRUCTION
8453,TREE GRAPHS
1905,DATA MINING
236,COMPRESSION
8404,BINARY SPACE PARTITION
157,GEOMETRY-DRIVEN COMPRESSION
157,GEOMETRY PROCESSING.
4454,ACTIVE APPEARANCE MODEL
1889,TENSILE STRESS
2300,FACIAL ANIMATION
678,IMAGE DATABASES
1351,IMAGE ANALYSIS
1,IMAGE COLOR ANALYSIS
462,PERFORMANCE ANALYSIS
678,VISUAL DATABASES
667,FACE DETECTION
379,COMPUTER VISION
3159,PRINCIPAL COMPONENT ANALYSIS
308,PIXEL
794,IMAGE RECONSTRUCTION
1289,COVARIANCE MATRIX
187,FACE RECOGNITION
369,IMAGE RECOGNITION
59,UNCERTAINTY
57,SHAPE
4454,ACTIVE APPEARANCE MODEL
679,STATISTICAL ANALYSIS
2335,REMOTE SENSING
158,COMPUTATIONAL MODELING
4097,MONTE CARLO METHODS
835,IMAGE PROCESSING
975,SATELLITES
238,OPTICAL SENSORS
549,PRODUCTION
8262,CONTEXT MODELING
1351,IMAGE ANALYSIS
1496,FINGERPRINT RECOGNITION
3185,GABOR FILTERS
7925,IMAGE MATCHING
308,PIXEL
1905,DATA MINING
358,FREQUENCY
3574,IRIS RECOGNITION
2098,EUCLIDEAN DISTANCE
8290,MULTIDIMENSIONAL SYSTEMS
3432,TRANSFER FUNCTIONS
77,DATA VISUALIZATION
1036,DATA ANALYSIS
167,PROTOTYPES
5,RENDERING (COMPUTER GRAPHICS)
9,HUMANS
2671,TWO DIMENSIONAL DISPLAYS
2345,GEOLOGY
3432,TRANSFER FUNCTIONS
5,RENDERING (COMPUTER GRAPHICS)
1534,STOCHASTIC PROCESSES
1351,IMAGE ANALYSIS
55,DISPLAYS
77,DATA VISUALIZATION
5,COMPUTER GRAPHICS
1361,ISOSURFACES
1905,DATA MINING
300,NEURAL NETWORKS
77,DATA VISUALIZATION
1905,DATA MINING
189,FEATURE EXTRACTION
2671,TWO DIMENSIONAL DISPLAYS
167,PROTOTYPES
57,SHAPE
8403,LEAST SQUARES APPROXIMATION
8135,FUNCTION APPROXIMATION
794,IMAGE RECONSTRUCTION
158,COMPUTATIONAL MODELING
1364,HYDRODYNAMICS
3493,ACCELERATION
5,COMPUTER GRAPHICS
2674,COMPUTER SIMULATION
1301,PARTITIONING ALGORITHMS
1099,DEFORMABLE MODELS
2284,SKELETON
52,KERNEL
2098,EUCLIDEAN DISTANCE
1882,TOPOLOGY
6907,ZINC
5047,ALGORITHM DESIGN AND ANALYSIS
3937,MOTION SEGMENTATION
379,COMPUTER VISION
1669,MORPHOLOGY
1021,IMAGE SEQUENCES
321,CAMERAS
513,ROBUSTNESS
560,TESTING
2136,LAYOUT
1988,STATISTICS
597,COMPUTATIONAL EFFICIENCY
297,IMAGE SEGMENTATION
835,IMAGE PROCESSING
2965,SIGNAL PROCESSING
1669,MORPHOLOGY
504,MORPHOLOGICAL OPERATIONS
129,INFORMATION FILTERING
129,FILTERING THEORY
1348,GRAY-SCALE
57,SHAPE MEASUREMENT
40,NEURONS
5047,ALGORITHM DESIGN AND ANALYSIS
831,ANIMALS
5437,MATHEMATICS
1988,STATISTICS
4636,COMPUTER SCIENCE
5410,RETINOPATHY
2113,MOTION ESTIMATION
2965,SIGNAL PROCESSING
2965,MULTIDIMENSIONAL SIGNAL PROCESSING
1636,POLYNOMIALS
835,IMAGE PROCESSING
1351,IMAGE ANALYSIS
6127,IMAGE MOTION ANALYSIS
1343,PATTERN ANALYSIS
2965,BIOMEDICAL SIGNAL PROCESSING
8227,BIOINFORMATICS
341,MOTION DETECTION
379,COMPUTER VISION
3310,TRAJECTORY
433,SURVEILLANCE
321,CAMERAS
6132,EVENT DETECTION
391,VIDEO SEQUENCES
835,IMAGE PROCESSING
8294,BAYESIAN METHODS
560,TESTING
297,IMAGE SEGMENTATION
391,VIDEO SEQUENCES
1351,IMAGE ANALYSIS
8464,IMAGE SEQUENCE ANALYSIS
293,EQUATIONS
308,PIXEL
6,SKIN
2136,LAYOUT
665,REFLECTION
8266,APPLICATION SOFTWARE
447,SUPERVISED LEARNING
554,SUPPORT VECTOR MACHINES
554,SUPPORT VECTOR MACHINE CLASSIFICATION
2072,HISTOGRAMS
189,FEATURE EXTRACTION
78,MACHINE LEARNING
3672,DETECTION ALGORITHMS
341,MOTION DETECTION
158,COMPUTATIONAL MODELING
1889,STRESS
8498,ULTRASONIC IMAGING
1159,FOCUSING
358,FREQUENCY
7251,IMAGING PHANTOMS
618,IMAGE RESOLUTION
1750,CONVERGENCE
794,IMAGE RECONSTRUCTION
4460,POSITRON EMISSION TOMOGRAPHY
1181,SINGLE PHOTON EMISSION COMPUTED TOMOGRAPHY
1532,INVERSE PROBLEMS
461,DETECTORS
369,IMAGE RECOGNITION
7065,FILLING
1523,IMAGE QUALITY
5,COMPUTER GRAPHICS
835,IMAGE PROCESSING
1351,IMAGE ANALYSIS
3374,BIOMEDICAL IMAGING
1986,IMAGE REGISTRATION
1289,COVARIANCE MATRIX
2383,ACTIVE SHAPE MODEL
1239,PATHOLOGY
1243,ALZHEIMER'S DISEASE
8478,ANATOMY
4670,MATRIX DECOMPOSITION
3574,IRIS
297,IMAGE SEGMENTATION
2725,LIGHT SOURCES
321,CAMERAS
8301,OPTICAL NOISE
8436,OPTICAL DISTORTION
513,NOISE ROBUSTNESS
157,GEOMETRY
193,BIOMETRICS
2,STREAMING MEDIA
293,EQUATIONS
57,SHAPE
2727,SAMPLING METHODS
5745,SPIRALS
5,COMPUTER GRAPHICS
835,IMAGE PROCESSING
8319,IMAGE SAMPLING
8252,UNION OF BALLS
8277,MEDIAL AXIS
8253,CURVATURE MOTION
57,SHAPE
379,VISION
1441,MULTIRESOLUTION
513,ROBUSTNESS
308,PIXEL
297,IMAGE SEGMENTATION
835,IMAGE PROCESSING
8285,COMPUTER INDUSTRY
5979,AUTOMATION
1351,IMAGE ANALYSIS
158,COMPUTATIONAL MODELING
103,SURFACES
2513,SHORTEST PATH PROBLEM
5314,BOOLEAN FUNCTIONS
214,TRAINING DATA
297,IMAGE SEGMENTATION
4636,COMPUTER SCIENCE
5437,MATHEMATICS
1988,STATISTICS
647,PROBABILITY
57,SHAPE
2502,ITERATIVE METHODS
775,CHARACTER RECOGNITION
217,ENTROPY
2473,PROBABILITY DISTRIBUTION
835,IMAGE PROCESSING
1351,IMAGE ANALYSIS
379,COMPUTER VISION
1161,PROPOSALS
3600,SIGNAL RESOLUTION
2965,SIGNAL PROCESSING
5,COMPUTER GRAPHICS
1348,GRAY-SCALE
1669,MORPHOLOGY
2514,FUZZY SETS
2514,FUZZY SET THEORY
7033,LATTICES
835,IMAGE PROCESSING
5060,LEVEL SET
1351,IMAGE ANALYSIS
57,SHAPE MEASUREMENT
129,FILTERING
59,UNCERTAINTY
187,FACE RECOGNITION
555,LINEAR DISCRIMINANT ANALYSIS
2446,SCATTERING
1289,COVARIANCE MATRIX
3159,PRINCIPAL COMPONENT ANALYSIS
369,IMAGE RECOGNITION
308,PIXEL
678,SPATIAL DATABASES
6807,EDUCATIONAL INSTITUTIONS
269,OBJECT DETECTION
308,PIXEL
297,IMAGE SEGMENTATION
170,COST FUNCTION
3374,BIOMEDICAL IMAGING
5979,AUTOMATION
835,IMAGE PROCESSING
300,NEURAL NETWORKS
7251,IMAGING PHANTOMS
486,MULTILAYER PERCEPTRONS
8465,MULTISPECTRAL IMAGING
8466,BAGGING
1181,COMPUTED TOMOGRAPHY
985,SOIL
4374,X-RAY IMAGING
1496,FINGERPRINT RECOGNITION
238,OPTICAL SENSORS
7925,IMAGE MATCHING
238,IMAGE SENSORS
188,AUTHENTICATION
924,SENSOR PHENOMENA AND CHARACTERIZATION
678,IMAGE DATABASES
678,SPATIAL DATABASES
8513,FINGERS
3651,PATTERN MATCHING
297,IMAGE SEGMENTATION
1882,TOPOLOGY
8266,APPLICATION SOFTWARE
4636,COMPUTER SCIENCE
1969,SEARCH PROBLEMS
343,COSTS
379,COMPUTER VISION
8453,TREE GRAPHS
54,SOLID MODELING
157,GEOMETRY
321,CAMERAS
1601,ROAD ACCIDENTS
2301,INTELLIGENT VEHICLES
1059,ROAD SAFETY
129,FILTERING
2764,VEHICLE DETECTION
497,INSPECTION
4735,TRAFFIC CONTROL
57,SHAPE
1889,TENSILE STRESS
3834,ANISOTROPIC MAGNETORESISTANCE
811,IMAGE RETRIEVAL
6285,CONTENT BASED RETRIEVAL
1351,IMAGE ANALYSIS
308,PIXEL
2072,HISTOGRAMS
831,MARINE ANIMALS
678,DATABASES
462,PERFORMANCE ANALYSIS
379,COMPUTER VISION
3185,GABOR FILTERS
461,DETECTORS
8256,NONLINEAR FILTERS
1351,IMAGE ANALYSIS
8515,COMPUTER DISPLAYS
269,OBJECT DETECTION
2136,LAYOUT
8267,INFORMATION ANALYSIS
1540,IMAGE DENOISING
4704,RANDOM VARIABLES
8295,WAVELET COEFFICIENTS
524,MAMMOGRAPHY
519,BREAST CANCER
835,IMAGE PROCESSING
7699,JACOBIAN MATRICES
284,WAVELET TRANSFORMS
1499,GAUSSIAN NOISE
618,IMAGE RESOLUTION
297,IMAGE SEGMENTATION
9,HUMANS
4374,X-RAY IMAGING
1181,COMPUTED TOMOGRAPHY
1351,IMAGE ANALYSIS
679,STATISTICAL ANALYSIS
3188,PROTEINS
1351,IMAGE ANALYSIS
3189,AMINO ACIDS
5845,CHEMICALS
8227,BIOINFORMATICS
811,IMAGE RETRIEVAL
1986,IMAGE REGISTRATION
678,IMAGE DATABASES
6285,CONTENT BASED RETRIEVAL
9,HUMANS
8498,ULTRASONIC IMAGING
8528,ACOUSTIC BEAMS
8530,ACOUSTIC TRANSDUCERS
8529,ACOUSTIC EMISSION
358,FREQUENCY
2965,ARRAY SIGNAL PROCESSING
1159,FOCUSING
7128,ENGINES
379,COMPUTER VISION
9,HUMANS
369,IMAGE RECOGNITION
835,IMAGE PROCESSING
321,CAMERAS
3517,KINETIC THEORY
308,PIXEL
297,IMAGE SEGMENTATION
6031,WATERMARKING
513,ROBUSTNESS
835,IMAGE PROCESSING
308,PIXEL
2965,SIGNAL PROCESSING
8258,LABORATORIES
6637,OPTIMIZATION METHODS
3098,PAYLOADS
7239,SIGNAL TO NOISE RATIO
498,IMAGE RESTORATION
794,IMAGE RECONSTRUCTION
835,IMAGE PROCESSING
895,PARTIAL DIFFERENTIAL EQUATIONS
1732,DEGRADATION
9,HUMANS
7534,DIFFUSION PROCESSES
2377,DIGITAL IMAGES
2136,LAYOUT
308,PIXEL
8453,TREE GRAPHS
297,IMAGE SEGMENTATION
835,IMAGE PROCESSING
57,SHAPE
1348,GRAY-SCALE
129,FILTERING
1301,PARTITIONING ALGORITHMS
8267,INFORMATION ANALYSIS
297,IMAGE SEGMENTATION
308,PIXEL
835,IMAGE PROCESSING
1351,IMAGE ANALYSIS
8453,TREE GRAPHS
1882,TOPOLOGY
8428,GEOPHYSICS COMPUTING
129,FILTERING
8266,APPLICATION SOFTWARE
5,COMPUTER GRAPHICS
513,ROBUSTNESS
2764,VEHICLE DETECTION
391,VIDEO SEQUENCES
557,IMAGE EDGE DETECTION
1022,PAINTING
2218,LIGHTING
379,COMPUTER VISION
321,CAMERAS
280,HANDWRITING RECOGNITION
300,NEURAL NETWORKS
2738,HIDDEN MARKOV MODELS
5059,SPEECH RECOGNITION
4132,SYSTEM PERFORMANCE
678,IMAGE DATABASES
189,FEATURE EXTRACTION
9,HUMANS
5,COMPUTER GRAPHICS
4335,FRACTALS
678,IMAGE DATABASES
2110,SORTING
3185,GABOR FILTERS
129,FILTERING
678,SPATIAL DATABASES
297,IMAGE SEGMENTATION
308,PIXEL
4193,ACTIVE CONTOURS
5438,SPLINE
5060,LEVEL SET
297,IMAGE SEGMENTATION
8406,APPROXIMATION ERROR
293,EQUATIONS
1351,IMAGE ANALYSIS
189,FEATURE EXTRACTION
8266,APPLICATION SOFTWARE
57,SHAPE
2284,SKELETON
1348,GRAY-SCALE
284,FAST FOURIER TRANSFORMS
284,FOURIER TRANSFORMS
534,IMAGE GENERATION
1343,PATTERN ANALYSIS
5047,ALGORITHM DESIGN AND ANALYSIS
157,GEOMETRY
297,IMAGE SEGMENTATION
557,IMAGE EDGE DETECTION
146,BUILDINGS
2694,MICROSCOPY
308,PIXEL
3551,WINDOWS
57,SHAPE
2764,VEHICLE DETECTION
266,VEHICLES
369,IMAGE RECOGNITION
1496,FINGERPRINT RECOGNITION
1348,GRAY-SCALE
1905,DATA MINING
193,BIOMETRICS
6921,BIFURCATION
7925,IMAGE MATCHING
284,FOURIER TRANSFORMS
3185,GABOR FILTERS
129,FILTERING
1669,MORPHOLOGY
77,VISUALIZATION
680,MAGNETIC RESONANCE IMAGING
297,IMAGE SEGMENTATION
8359,ITERATIVE ALGORITHMS
2502,ITERATIVE METHODS
2136,LAYOUT
560,TESTING
680,MAGNETIC RESONANCE
5,RENDERING (COMPUTER GRAPHICS)
5133,FEEDBACK
297,IMAGE SEGMENTATION
2695,MERGING
57,SHAPE MEASUREMENT
1750,CONVERGENCE
794,IMAGE RECONSTRUCTION
8257,SHAPE CONTROL
1882,TOPOLOGY
5047,ALGORITHM DESIGN AND ANALYSIS
1,COLOR
297,IMAGE SEGMENTATION
6114,DISTRIBUTED COMPUTING
2072,HISTOGRAMS
1348,GRAY-SCALE
1351,IMAGE ANALYSIS
8353,INFORMATICS
7033,LATTICES
9,HUMANS
560,TESTING
2136,LAYOUT
391,VIDEO SEQUENCES
1863,INDEXING
8526,GUNSHOT DETECTION SYSTEMS
341,MOTION DETECTION
461,DETECTORS
308,PIXEL
2072,HISTOGRAMS
6132,EVENT DETECTION
297,IMAGE SEGMENTATION
214,TRAINING DATA
5202,JOINTS
5314,BOOLEAN FUNCTIONS
835,IMAGE PROCESSING
1554,PATTERN RECOGNITION
57,SHAPE MEASUREMENT
8314,ESTIMATION ERROR
217,ENTROPY
308,PIXEL
557,IMAGE EDGE DETECTION
2136,LAYOUT
379,COMPUTER VISION
3864,ATMOSPHERIC MODELING
8360,OPTICAL PROPAGATION
8463,LIGHT SCATTERING
8243,STEREO VISION
794,IMAGE RECONSTRUCTION
261,NAVIGATION
2,STREAMING MEDIA
8550,ROAD VEHICLES
9,HUMANS
1601,ROAD ACCIDENTS
2218,LIGHTING
1588,INTELLIGENT TRANSPORTATION SYSTEMS
269,OBJECT DETECTION
8349,PHOTOMETRY
57,SHAPE
293,EQUATIONS
1407,CLOSED-FORM SOLUTION
900,SURFACE RECONSTRUCTION
8460,STEREO IMAGE PROCESSING
794,IMAGE RECONSTRUCTION
2218,LIGHTING
8564,GREEN'S FUNCTION METHODS
293,EQUATIONS
158,COMPUTATIONAL MODELING
8506,OPTICAL FILTERS
6127,IMAGE MOTION ANALYSIS
534,IMAGE GENERATION
2674,COMPUTER SIMULATION
5,COMPUTER GRAPHICS
2136,LAYOUT
2300,ANIMATION
5,COMPUTER GRAPHICS
54,SOLID MODELING
57,SHAPE
835,IMAGE PROCESSING
4636,COMPUTER SCIENCE
1477,CONTROL SYSTEMS
8266,APPLICATION SOFTWARE
1733,VIRTUAL REALITY
8359,ITERATIVE ALGORITHMS
8428,GEOPHYSICS COMPUTING
2513,SHORTEST PATH PROBLEM
2713,DATA STRUCTURES
2502,ITERATIVE METHODS
261,NAVIGATION
54,SOLID MODELING
157,COMPUTATIONAL GEOMETRY
1882,TOPOLOGY
613,IMAGE CODING
5,COMPUTER GRAPHICS
240,SURGERY
8266,APPLICATION SOFTWARE
2713,DATA STRUCTURES
6404,TRANSFORM CODING
157,GEOMETRY
794,IMAGE RECONSTRUCTION
933,PERFORMANCE EVALUATION
157,GEOMETRY
3510,MESH GENERATION
2345,GEOLOGY
7402,NUMERICAL SIMULATION
1441,MULTIRESOLUTION ANALYSIS
2878,WEATHER FORECASTING
5837,PETROLEUM
7303,TIDES
293,EQUATIONS
613,IMAGE CODING
1905,DATA MINING
157,GEOMETRY
1882,TOPOLOGY
57,SHAPE
739,DECODING
77,DATA VISUALIZATION
5060,LEVEL SET
5281,DATA COMPRESSION
293,EQUATIONS
7352,LINEAR APPROXIMATION
6473,APPROXIMATION METHODS
5,COMPUTER GRAPHICS
835,IMAGE PROCESSING
8403,LEAST SQUARES APPROXIMATION
8266,APPLICATION SOFTWARE
379,COMPUTER VISION
157,COMPUTATIONAL GEOMETRY
8555,CURVE FITTING
794,IMAGE RECONSTRUCTION
5,COMPUTER GRAPHICS
2727,SAMPLING METHODS
513,NOISE ROBUSTNESS
1535,PARTICLE MEASUREMENTS
293,EQUATIONS
900,SURFACE RECONSTRUCTION
77,VISUALIZATION
7771,TIMING
462,PERFORMANCE ANALYSIS
933,PERFORMANCE EVALUATION
560,TESTING
1882,TOPOLOGY
2446,SCATTERING
1288,INTERPOLATION
3744,SURFACE CRACKS
3374,BIOMEDICAL IMAGING
6006,RAY TRACING
77,VISUALIZATION
1301,PARTITIONING ALGORITHMS
8330,INFORMATION SYSTEMS
8443,SYSTEMS ENGINEERING AND THEORY
560,TESTING
5047,ALGORITHM DESIGN AND ANALYSIS
1299,SCALABILITY
1099,DEFORMABLE MODELS
895,DIFFERENTIAL EQUATIONS
157,COMPUTATIONAL GEOMETRY
1889,TENSILE STRESS
5047,ALGORITHM DESIGN AND ANALYSIS
8359,ITERATIVE ALGORITHMS
2967,COMPUTER INTERFACES
3516,POTENTIAL ENERGY
1161,PROPOSALS
8448,FINITE DIFFERENCE METHODS
5,RENDERING (COMPUTER GRAPHICS)
3615,CENTRAL PROCESSING UNIT
5,COMPUTER GRAPHICS
2218,LIGHTING
31,PIPELINES
8266,APPLICATION SOFTWARE
77,VISUALIZATION
8008,COMPUTER APPLICATIONS
2136,LAYOUT
157,GEOMETRY
5,RENDERING (COMPUTER GRAPHICS)
5,GRAPHICS
2136,LAYOUT
7303,TILES
1301,PARTITIONING ALGORITHMS
4116,DELAY
1300,CLUSTERING ALGORITHMS
55,DISPLAYS
2299,HARDWARE
5,COMPUTER GRAPHICS
7520,NAVIER-STOKES EQUATIONS
3615,CENTRAL PROCESSING UNIT
7535,FLUID DYNAMICS
31,PIPELINES
158,COMPUTATIONAL MODELING
1410,BOUNDARY CONDITIONS
4878,SHADOW MAPPING
560,TESTING
52,KERNEL
2136,LAYOUT
2299,HARDWARE
129,FILTERING ALGORITHMS
2725,LIGHT SOURCES
597,COMPUTATIONAL EFFICIENCY
5,COMPUTER GRAPHICS
835,IMAGE PROCESSING
2136,LAYOUT
8502,OPTICAL REFLECTION
5,COMPUTER GRAPHICS
2377,DIGITAL IMAGES
901,POISSON EQUATIONS
2725,LIGHT SOURCES
7681,PACKAGING
321,DIGITAL CAMERAS
1367,OBJECT RECOGNITION
8482,PHOTOGRAPHY
102,COLLABORATION
1733,VIRTUAL REALITY
2899,COLLABORATIVE TOOLS
5,GRAPHICS
5,RENDERING (COMPUTER GRAPHICS)
4669,NETWORK TOPOLOGY
2136,LAYOUT
102,COLLABORATION
2843,FORCE FEEDBACK
2136,LAYOUT
8510,COLLABORATIVE WORK
77,VISUALIZATION
2899,COLLABORATIVE TOOLS
1733,VIRTUAL REALITY
913,PROGRAMMING PROFESSION
5214,HAPTIC INTERFACES
55,DISPLAYS
77,DATA VISUALIZATION
8290,MULTIDIMENSIONAL SYSTEMS
1036,DATA ANALYSIS
1351,IMAGE ANALYSIS
8267,INFORMATION ANALYSIS
1343,PATTERN ANALYSIS
57,SHAPE
3574,IRIS
1988,STATISTICS
5,COMPUTER GRAPHICS
835,IMAGE PROCESSING
308,PIXEL
618,IMAGE RESOLUTION
8285,COMPUTER INDUSTRY
4,MOTION PICTURES
0,GAMES
2134,TV
3308,MOTION ANALYSIS
794,IMAGE RECONSTRUCTION
2114,VIDEO COMPRESSION
57,SHAPE
37,TRACKING
6127,IMAGE MOTION ANALYSIS
2300,ANIMATION
8395,ELLIPSOIDS
1288,INTERPOLATION
2713,DATA STRUCTURES
1882,TOPOLOGY
297,IMAGE SEGMENTATION
8443,SYSTEMS ENGINEERING AND THEORY
8451,SCIENTIFIC COMPUTING
1988,STATISTICS
4193,ACTIVE CONTOURS
5,RENDERING (COMPUTER GRAPHICS)
2694,ELECTRON MICROSCOPY
5939,SOLIDS
900,SURFACE RECONSTRUCTION
794,IMAGE RECONSTRUCTION
57,SHAPE
2727,SAMPLING METHODS
8258,LABORATORIES
5437,MATHEMATICS
8534,JOINING PROCESSES
379,COMPUTER VISION
8266,APPLICATION SOFTWARE
1099,DEFORMABLE MODELS
8266,APPLICATION SOFTWARE
5,COMPUTER GRAPHICS
379,COMPUTER VISION
667,FACE DETECTION
9,HUMANS
2300,FACIAL ANIMATION
3360,HEART
1366,ROBOTS
1,COLOR
8458,LASER MODES
1988,STATISTICS
8225,REFLECTIVITY
2136,LAYOUT
8328,AUTOMATIC TESTING
513,ROBUSTNESS
8534,JOINING PROCESSES
321,CAMERAS
6637,OPTIMIZATION METHODS
321,CAMERAS
2136,LAYOUT
3633,CALIBRATION
297,IMAGE SEGMENTATION
2034,RECONSTRUCTION ALGORITHMS
794,IMAGE RECONSTRUCTION
8349,PHOTOMETRY
513,ROBUSTNESS
560,TESTING
54,SOLID MODELING
5,RENDERING (COMPUTER GRAPHICS)
157,COMPUTATIONAL GEOMETRY
77,VISUALIZATION
8486,SURFACE FITTING
835,IMAGE PROCESSING
4799,ACCESS CONTROL
1099,DEFORMABLE MODELS
1889,TENSILE STRESS
895,DIFFERENTIAL EQUATIONS
3799,VECTORS
8493,LAGRANGIAN FUNCTIONS
895,PARTIAL DIFFERENTIAL EQUATIONS
8285,COMPUTER INDUSTRY
5979,AUTOMATION
5437,MATHEMATICS
794,IMAGE RECONSTRUCTION
900,SURFACE RECONSTRUCTION
2136,LAYOUT
8458,LASER MODES
8225,REFLECTIVITY
7065,FILLING
7127,CLOUDS
8355,LEAST SQUARES METHODS
157,INFORMATION GEOMETRY
2727,SAMPLING METHODS
8403,LEAST SQUARES APPROXIMATION
900,SURFACE RECONSTRUCTION
8355,LEAST SQUARES METHODS
55,THREE-DIMENSIONAL DISPLAYS
1441,MULTIRESOLUTION ANALYSIS
2446,SCATTERING
157,COMPUTATIONAL GEOMETRY
794,IMAGE RECONSTRUCTION
1300,CLUSTERING ALGORITHMS
1300,CLUSTERING ALGORITHMS
2713,DATA STRUCTURES
1882,TOPOLOGY
900,SURFACE RECONSTRUCTION
5,COMPUTER GRAPHICS
5731,REDUNDANCY
739,DECODING
8266,APPLICATION SOFTWARE
2034,RECONSTRUCTION ALGORITHMS
158,COMPUTATIONAL MODELING
5,COMPUTER GRAPHICS
2134,TV
2136,LAYOUT
6006,RAY TRACING
77,VISUALIZATION
344,COMPUTER ARCHITECTURE
513,ROBUSTNESS
549,PRODUCTION
534,IMAGE GENERATION
900,SURFACE RECONSTRUCTION
513,ROBUSTNESS
8359,ITERATIVE ALGORITHMS
8266,APPLICATION SOFTWARE
54,SOLID MODELING
5,COMPUTER GRAPHICS
2034,RECONSTRUCTION ALGORITHMS
1882,TOPOLOGY
8482,PHOTOGRAPHY
900,SURFACE RECONSTRUCTION
1669,SURFACE MORPHOLOGY
1889,TENSILE STRESS
57,SHAPE
5,COMPUTER GRAPHICS
59,UNCERTAINTY
794,IMAGE RECONSTRUCTION
513,ROBUSTNESS
8266,APPLICATION SOFTWARE
77,DATA VISUALIZATION
8285,COMPUTER INDUSTRY
5979,AUTOMATION
5,COMPUTER GRAPHICS
8330,GEOGRAPHIC INFORMATION SYSTEMS
2727,SAMPLING METHODS
55,DISPLAYS
1905,DATA MINING
189,FEATURE EXTRACTION
4335,FRACTALS
1534,STOCHASTIC PROCESSES
157,GEOMETRY
57,SHAPE
534,IMAGE GENERATION
1636,POLYNOMIALS
293,EQUATIONS
7127,CLOUDS
5133,FEEDBACK
953,BIOLOGICAL SYSTEM MODELING
5438,SPLINE
55,THREE DIMENSIONAL DISPLAYS
5,GRAPHICS
1882,TOPOLOGY
5643,SURFACE TOPOGRAPHY
900,SURFACE RECONSTRUCTION
2299,HARDWARE
4,MOTION PICTURES
549,PRODUCTION
5,COMPUTER GRAPHICS
158,COMPUTATIONAL MODELING
2674,COMPUTER SIMULATION
835,IMAGE PROCESSING
2676,PHYSICS
8423,CHARACTER GENERATION
2300,ANIMATION
2097,DENSITY MEASUREMENT
6543,FLUID FLOW MEASUREMENT
8262,CONTEXT MODELING
7752,LEGGED LOCOMOTION
5,RENDERING (COMPUTER GRAPHICS)
3432,TRANSFER FUNCTIONS
2299,HARDWARE
77,DATA VISUALIZATION
680,MAGNETIC RESONANCE IMAGING
1181,COMPUTED TOMOGRAPHY
4460,POSITRON EMISSION TOMOGRAPHY
7033,LATTICES
8258,LABORATORIES
8451,SCIENTIFIC COMPUTING
8572,PERSONAL COMMUNICATION NETWORKS
1300,CLUSTERING ALGORITHMS
343,COSTS
8258,LABORATORIES
8451,SCIENTIFIC COMPUTING
8443,SYSTEMS ENGINEERING AND THEORY
5979,AUTOMATION
6128,NEAREST NEIGHBOR SEARCHES
358,FREQUENCY
77,DATA VISUALIZATION
678,VISUAL DATABASES
1036,DATA ANALYSIS
2136,LAYOUT
678,IMAGE DATABASES
129,FILTERING
9,HUMANS
4636,COMPUTER SCIENCE
530,INFORMATION RETRIEVAL
102,COLLABORATION
2300,ANIMATION
146,BUILDINGS
8590,VIRTUAL PROTOTYPING
8495,VIRTUAL ENVIRONMENT
8510,COLLABORATIVE WORK
3316,SPACE EXPLORATION
4636,COMPUTER SCIENCE
5133,FEEDBACK
57,SHAPE
77,VISUALIZATION
5,COMPUTER GRAPHICS
835,IMAGE PROCESSING
1654,MICE
8266,APPLICATION SOFTWARE
2900,SWITCHES
8285,COMPUTER INDUSTRY
5979,AUTOMATION
8581,AUTOMATIC CONTROL
1477,CONTROL SYSTEMS
157,GEOMETRY
5,GRAPHICS
1,COLOR
1348,GRAY-SCALE
4,MOTION PICTURES
9,HUMANS
5,COMPUTER GRAPHICS
2136,LAYOUT
8285,COMPUTER INDUSTRY
77,VISUALIZATION
308,PIXEL
678,IMAGE DATABASES
530,INFORMATION RETRIEVAL
811,IMAGE RETRIEVAL
678,IMAGE DATABASES
297,IMAGE SEGMENTATION
1882,TOPOLOGY
8453,TREE GRAPHS
678,SPATIAL DATABASES
108,VISUAL SYSTEM
616,SPATIAL RESOLUTION
3493,ACCELERATION
811,IMAGE RETRIEVAL
6285,CONTENT BASED RETRIEVAL
513,ROBUSTNESS
2284,SKELETON
8587,SPACE TECHNOLOGY
8557,IMAGE STORAGE
1,IMAGE COLOR ANALYSIS
57,SHAPE MEASUREMENT
7875,CASCADING STYLE SHEETS
678,IMAGE DATABASES
811,IMAGE RETRIEVAL
678,SPATIAL DATABASES
530,INFORMATION RETRIEVAL
6285,CONTENT BASED RETRIEVAL
1534,STOCHASTIC PROCESSES
1905,DATA MINING
5133,FEEDBACK
1863,INDEXING
1749,QUALITY ASSESSMENT
811,IMAGE RETRIEVAL
6285,CONTENT BASED RETRIEVAL
189,FEATURE EXTRACTION
530,INFORMATION RETRIEVAL
3374,BIOMEDICAL IMAGING
1344,MEDICAL DIAGNOSTIC IMAGING
560,TESTING
1863,INDEXING
9,HUMANS
811,IMAGE RETRIEVAL
1351,IMAGE ANALYSIS
530,INFORMATION RETRIEVAL
6285,CONTENT BASED RETRIEVAL
678,IMAGE DATABASES
678,SPATIAL DATABASES
1343,PATTERN ANALYSIS
57,SHAPE
1986,IMAGE REGISTRATION
5133,FEEDBACK
6031,WATERMARKING
6742,CRYPTOGRAPHY
1348,GRAY-SCALE
5939,SOLIDS
188,MESSAGE AUTHENTICATION
1,COLOR
3672,DETECTION ALGORITHMS
8437,PRINTERS
794,IMAGE RECONSTRUCTION
8257,SHAPE CONTROL
4374,X-RAY IMAGING
1115,TOMOGRAPHY
8560,ATMOSPHERE
975,SATELLITES
534,IMAGE GENERATION
6304,EXPLOSIONS
6031,WATERMARKING
513,ROBUSTNESS
461,DETECTORS
3098,PAYLOADS
1905,DATA MINING
2965,DIGITAL SIGNAL PROCESSING
8258,LABORATORIES
8547,SPREAD SPECTRUM COMMUNICATION
1988,STATISTICS
1978,FILTERS
5047,ALGORITHM DESIGN AND ANALYSIS
214,TRAINING DATA
5314,BOOLEAN FUNCTIONS
4636,COMPUTER SCIENCE
6807,EDUCATIONAL INSTITUTIONS
2110,SORTING
59,UNCERTAINTY
5,COMPUTER GRAPHICS
835,IMAGE PROCESSING
2072,HISTOGRAMS
297,IMAGE SEGMENTATION
308,PIXEL
1351,IMAGE ANALYSIS
560,TESTING
823,IMAGE TEXTURE ANALYSIS
835,IMAGE PROCESSING
5938,SURFACE TEXTURE
319,VEGETATION MAPPING
297,IMAGE SEGMENTATION
8553,POSTAL SERVICES
2072,HISTOGRAMS
3185,GABOR FILTERS
129,FILTERING
678,SPATIAL DATABASES
2110,SORTING
678,IMAGE DATABASES
5979,AUTOMATION
461,ENVELOPE DETECTORS
297,IMAGE SEGMENTATION
4335,FRACTALS
975,SATELLITES
823,IMAGE TEXTURE ANALYSIS
618,IMAGE RESOLUTION
308,PIXEL
1,IMAGE COLOR ANALYSIS
2767,BRIGHTNESS
5235,BLOOD VESSELS
3374,BIOMEDICAL IMAGING
297,IMAGE SEGMENTATION
8506,OPTICAL FILTERS
1351,IMAGE ANALYSIS
308,PIXEL
284,CONTINUOUS WAVELET TRANSFORMS
129,FILTERING
8301,OPTICAL NOISE
1343,PATTERN ANALYSIS
297,IMAGE SEGMENTATION
1,COLOR
2670,MATHEMATICAL MODEL
513,ROBUSTNESS
5690,DISPERSION
1300,CLUSTERING ALGORITHMS
3864,ATMOSPHERIC MODELING
238,IMAGE SENSORS
975,SATELLITES
297,IMAGE SEGMENTATION
618,IMAGE RESOLUTION
284,WAVELET TRANSFORMS
358,FREQUENCY
557,IMAGE EDGE DETECTION
57,SHAPE MEASUREMENT
1978,FILTERS
3988,POSITION MEASUREMENT
5825,SIZE MEASUREMENT
2033,NOISE REDUCTION
895,PARTIAL DIFFERENTIAL EQUATIONS
912,SMOOTHING METHODS
498,IMAGE RESTORATION
57,SHAPE
8588,NOISE SHAPING
7065,FILLING
895,DIFFERENTIAL EQUATIONS
1588,TRANSPORTATION
835,IMAGE PROCESSING
8349,PHOTOMETRY
57,SHAPE
2113,MOTION ESTIMATION
379,COMPUTER VISION
1021,IMAGE SEQUENCES
2136,LAYOUT
1161,PROPOSALS
900,SURFACE RECONSTRUCTION
8565,YIELD ESTIMATION
794,IMAGE RECONSTRUCTION
189,FEATURE EXTRACTION
238,IMAGE SENSORS
3100,SENSOR ARRAYS
2670,MATHEMATICAL MODEL
300,NEURAL NETWORKS
108,VISUAL SYSTEM
3850,MACHINE VISION
157,COMPUTATIONAL GEOMETRY
8536,COMPUTER NETWORKS
513,ROBUSTNESS
1986,IMAGE REGISTRATION
252,ITERATIVE CLOSEST POINT ALGORITHM
5913,GENETIC ALGORITHMS
2502,ITERATIVE METHODS
8359,ITERATIVE ALGORITHMS
8381,AREA MEASUREMENT
498,IMAGE RESTORATION
146,BUILDINGS
282,EDUCATION
300,NEURAL NETWORKS
8308,FEEDFORWARD NEURAL NETWORKS
280,HANDWRITING RECOGNITION
189,FEATURE EXTRACTION
4132,SYSTEM PERFORMANCE
300,ARTIFICIAL NEURAL NETWORKS
8567,POWER GENERATION
1554,PATTERN RECOGNITION
57,SHAPE
775,CHARACTER RECOGNITION
7699,JACOBIAN MATRICES
9,HUMANS
6514,HOSPITALS
8267,INFORMATION ANALYSIS
513,ROBUSTNESS
2218,LIGHTING
240,SURGERY
3294,SURGICAL INSTRUMENTS
8587,SPACE TECHNOLOGY
2113,MOTION ESTIMATION
6127,IMAGE MOTION ANALYSIS
8427,OPTICAL COMPUTING
308,PIXEL
3799,VECTORS
238,OPTICAL SENSORS
835,IMAGE PROCESSING
1288,INTERPOLATION
8301,OPTICAL NOISE
3294,INSTRUMENTS
5,COMPUTER GRAPHICS
835,IMAGE PROCESSING
253,OBJECT SEGMENTATION
1021,IMAGE SEQUENCES
297,IMAGE SEGMENTATION
2113,MOTION ESTIMATION
3374,BIOMEDICAL IMAGING
37,TRACKING
736,VIDEO CODING
433,VIDEO SURVEILLANCE
269,OBJECT DETECTION
680,MAGNETIC RESONANCE IMAGING
835,IMAGE PROCESSING
9,HUMANS
1905,DATA MINING
1239,PATHOLOGY
514,LESIONS
8381,AREA MEASUREMENT
57,SHAPE
6514,HOSPITALS
794,IMAGE RECONSTRUCTION
1181,COMPUTED TOMOGRAPHY
461,X-RAY DETECTORS
8440,NOISE LEVEL
269,OBJECT DETECTION
8359,ITERATIVE ALGORITHMS
4374,X-RAY IMAGING
3100,SENSOR ARRAYS
379,COMPUTER VISION
390,ROADS
3375,SPECKLE
1523,IMAGE QUALITY
297,IMAGE SEGMENTATION
189,FEATURE EXTRACTION
284,DISCRETE WAVELET TRANSFORMS
461,DETECTORS
560,TESTING
975,SATELLITES
297,IMAGE SEGMENTATION
1351,IMAGE ANALYSIS
8549,LAKES
57,SHAPE
1348,GRAY-SCALE
549,PRODUCTION
321,CAMERAS
2738,HIDDEN MARKOV MODELS
5059,SPEECH RECOGNITION
189,FEATURE EXTRACTION
678,SPATIAL DATABASES
1534,STOCHASTIC PROCESSES
8034,STRONTIUM
6713,FUZZY LOGIC
8258,LABORATORIES
379,COMPUTER VISION
189,FEATURE EXTRACTION
193,BIOMETRICS
3574,IRIS
1905,DATA MINING
8258,LABORATORIES
297,IMAGE SEGMENTATION
2965,SIGNAL PROCESSING ALGORITHMS
2413,LAPLACE EQUATIONS
284,WAVELET TRANSFORMS
5059,SPEECH RECOGNITION
189,FEATURE EXTRACTION
717,MOUTH
2262,LIPS
5059,AUTOMATIC SPEECH RECOGNITION
2383,ACTIVE SHAPE MODEL
1021,IMAGE SEQUENCES
297,IMAGE SEGMENTATION
759,VOCABULARY
369,IMAGE RECOGNITION
379,COMPUTER VISION
2967,COMPUTER INTERFACES
560,TESTING
3067,HUMAN COMPUTER INTERACTION
1654,MICE
343,COSTS
492,HEAD
534,IMAGE GENERATION
6006,RAY TRACING
5,COMPUTER GRAPHICS
57,SHAPE
1351,IMAGE ANALYSIS
297,IMAGE SEGMENTATION
8267,INFORMATION ANALYSIS
3159,PRINCIPAL COMPONENT ANALYSIS
1905,DATA MINING
8478,ANATOMY
680,MAGNETIC RESONANCE IMAGING
4636,COMPUTER SCIENCE
1986,IMAGE REGISTRATION
513,ROBUSTNESS
3834,ANISOTROPIC MAGNETORESISTANCE
2694,SCANNING PROBE MICROSCOPY
680,MAGNETIC RESONANCE IMAGING
9,HUMANS
7239,SIGNAL TO NOISE RATIO
835,IMAGE PROCESSING
595,BRAIN
1750,CONVERGENCE
835,IMAGE PROCESSING
5236,RETINA
5235,BLOOD VESSELS
3374,BIOMEDICAL IMAGING
238,OPTICAL SENSORS
2388,BIOMEDICAL OPTICAL IMAGING
297,IMAGE SEGMENTATION
2077,DIABETES
5167,ARTERIES
900,SURFACE RECONSTRUCTION
1361,ISOSURFACES
1099,DEFORMABLE MODELS
794,IMAGE RECONSTRUCTION
618,IMAGE RESOLUTION
1882,TOPOLOGY
8258,LABORATORIES
3374,BIOMEDICAL IMAGING
8451,SCIENTIFIC COMPUTING
5,GRAPHICS
77,DATA VISUALIZATION
363,INTERNET
167,PROTOTYPES
344,COMPUTER ARCHITECTURE
1612,XML
6114,DISTRIBUTED COMPUTING
8591,JAVA
8266,APPLICATION SOFTWARE
2136,LAYOUT
3493,ACCELERATION
2713,DATA STRUCTURES
8274,GRID COMPUTING
77,VISUALIZATION
5,COMPUTER GRAPHICS
157,GEOMETRY
1811,RUNTIME
54,SOLID MODELING
5,RENDERING (COMPUTER GRAPHICS)
77,DATA VISUALIZATION
4460,POSITRON EMISSION TOMOGRAPHY
680,MAGNETIC RESONANCE IMAGING
1181,COMPUTED TOMOGRAPHY
1833,CASTING
576,MEDICAL DIAGNOSIS
2899,CUTTING TOOLS
497,INSPECTION
3374,BIOMEDICAL IMAGING
1344,MEDICAL DIAGNOSTIC IMAGING
5,RENDERING (COMPUTER GRAPHICS)
8572,PERSONAL COMMUNICATION NETWORKS
31,PIPELINES
8459,GEOMETRICAL OPTICS
321,DIGITAL CAMERAS
2299,HARDWARE
2786,REGISTERS
8576,YARN
8477,DRIVES
55,DISPLAYS
3375,SPECKLE
7638,ADAPTIVE FILTERS
129,FILTERING
4922,SYNTHETIC APERTURE RADAR
1732,DEGRADATION
616,SPATIAL RESOLUTION
8381,AREA MEASUREMENT
56,CURRENT MEASUREMENT
8465,MULTISPECTRAL IMAGING
616,SPATIAL RESOLUTION
1288,INTERPOLATION
975,SATELLITES
618,IMAGE RESOLUTION
238,IMAGE SENSORS
5497,SENSOR FUSION
8567,FUSION POWER GENERATION
358,FREQUENCY
912,SMOOTHING METHODS
308,PIXEL
2335,REMOTE SENSING
3633,CALIBRATION
238,IMAGE SENSORS
2218,LIGHTING
8465,MULTISPECTRAL IMAGING
1986,IMAGE REGISTRATION
2335,REMOTE SENSING
811,IMAGE RETRIEVAL
530,INFORMATION RETRIEVAL
300,NEURAL NETWORKS
1554,PATTERN RECOGNITION
369,IMAGE RECOGNITION
678,IMAGE DATABASES
678,SPATIAL DATABASES
3185,GABOR FILTERS
57,SHAPE
1021,IMAGE SEQUENCES
297,IMAGE SEGMENTATION
4480,TARGET TRACKING
8395,ELLIPSOIDS
391,VIDEO SEQUENCES
2713,DATA STRUCTURES
6127,IMAGE MOTION ANALYSIS
513,ROBUSTNESS
4193,ACTIVE CONTOURS
129,FILTERING
900,SURFACE RECONSTRUCTION
57,SHAPE
5,COMPUTER GRAPHICS
1889,TENSILE STRESS
8266,APPLICATION SOFTWARE
5980,REVERSE ENGINEERING
379,COMPUTER VISION
1905,DATA MINING
1079,ADDITIVE NOISE
321,CAMERAS
379,COMPUTER VISION
55,DISPLAYS
5,COMPUTER GRAPHICS
5,RENDERING (COMPUTER GRAPHICS)
54,SOLID MODELING
167,PROTOTYPES
157,COMPUTATIONAL GEOMETRY
4636,COMPUTER SCIENCE
57,SHAPE
835,IMAGE PROCESSING
811,IMAGE RETRIEVAL
678,IMAGE DATABASES
8588,MULTI-STAGE NOISE SHAPING
1554,PATTERN RECOGNITION
1064,ARTIFICIAL INTELLIGENCE
6285,CONTENT BASED RETRIEVAL
3637,TRADEMARKS
284,WAVELET TRANSFORMS
297,IMAGE SEGMENTATION
2033,NOISE REDUCTION
513,NOISE ROBUSTNESS
618,IMAGE RESOLUTION
7699,JACOBIAN MATRICES
8554,BACKGROUND NOISE
1732,DEGRADATION
8324,WAVELET ANALYSIS
557,IMAGE EDGE DETECTION
8583,CONCRETE
2694,SCANNING ELECTRON MICROSCOPY
1351,IMAGE ANALYSIS
8561,ABSORPTION
8267,INFORMATION ANALYSIS
1348,GRAY-SCALE
794,IMAGE RECONSTRUCTION
835,IMAGE PROCESSING
308,PIXEL
297,IMAGE SEGMENTATION
2034,RECONSTRUCTION ALGORITHMS
343,COSTS
57,SHAPE
1669,MORPHOLOGY
504,MORPHOLOGICAL OPERATIONS
1669,MORPHOLOGY
1321,VEINS
1351,IMAGE ANALYSIS
297,IMAGE SEGMENTATION
1,COLOR
513,ROBUSTNESS
3374,BIOMEDICAL IMAGING
2377,DIGITAL IMAGES
8631,RADIOMETRY
6,SKIN
3877,STRIPS
2123,ARITHMETIC
8453,TREE GRAPHS
1441,MULTIRESOLUTION ANALYSIS
560,TESTING
3360,HEART
54,SOLID MODELING
8515,COMPUTER DISPLAYS
1839,APPROXIMATION ALGORITHMS
54,SOLID MODELING
5,GRAPHICS
8510,COLLABORATIVE WORK
2051,LIBRARIES
1619,INTEGRATED CIRCUIT MODELING
167,PROTOTYPES
5,RENDERING (COMPUTER GRAPHICS)
363,INTERNET
900,SURFACE RECONSTRUCTION
794,IMAGE RECONSTRUCTION
7127,CLOUDS
3510,MESH GENERATION
5,COMPUTER GRAPHICS
1882,TOPOLOGY
54,SOLID MODELING
157,COMPUTATIONAL GEOMETRY
8266,APPLICATION SOFTWARE
2727,SAMPLING METHODS
794,IMAGE RECONSTRUCTION
2034,RECONSTRUCTION ALGORITHMS
1882,TOPOLOGY
7402,NUMERICAL SIMULATION
77,VISUALIZATION
8534,JOINING PROCESSES
54,SOLID MODELING
2695,MERGING
8582,PIECEWISE LINEAR TECHNIQUES
5,COMPUTER GRAPHICS
280,HANDWRITING RECOGNITION
2738,HIDDEN MARKOV MODELS
57,SHAPE
2284,SKELETON
1864,GRAVITY
8204,ERROR ANALYSIS
1554,PATTERN RECOGNITION
9,HUMANS
1905,DATA MINING
57,SHAPE
54,SOLID MODELING
8338,PROCESS DESIGN
4895,WRITING
6583,INK
678,IMAGE DATABASES
678,SPATIAL DATABASES
300,NEURAL NETWORKS
2738,HIDDEN MARKOV MODELS
280,HANDWRITING RECOGNITION
462,PERFORMANCE ANALYSIS
4895,WRITING
775,CHARACTER RECOGNITION
933,PERFORMANCE EVALUATION
678,SPATIAL DATABASES
8521,CONCURRENT COMPUTING
2299,HARDWARE
280,HANDWRITING RECOGNITION
284,WAVELET TRANSFORMS
8600,DIGITAL SIGNATURES
193,BIOMETRICS
560,TESTING
2431,TIME MEASUREMENT
8644,FORGERY
57,SHAPE MEASUREMENT
4895,WRITING
5,GRAPHICS
1115,TOMOGRAPHY
5,RENDERING (COMPUTER GRAPHICS)
2136,LAYOUT
3374,BIOMEDICAL IMAGING
1344,MEDICAL DIAGNOSTIC IMAGING
8266,APPLICATION SOFTWARE
680,MAGNETIC RESONANCE IMAGING
9,HUMANS
240,SURGERY
5,RENDERING (COMPUTER GRAPHICS)
534,IMAGE GENERATION
6114,DISTRIBUTED COMPUTING
5,COMPUTER GRAPHICS
2136,LAYOUT
618,IMAGE RESOLUTION
77,VISUALIZATION
1027,ART
1022,PAINTING
6,SKIN
8266,APPLICATION SOFTWARE
835,IMAGE PROCESSING
5,COMPUTER GRAPHICS
8257,SHAPE CONTROL
831,ANIMALS
618,IMAGE RESOLUTION
158,COMPUTATIONAL MODELING
2674,COMPUTER SIMULATION
3672,DETECTION ALGORITHMS
835,IMAGE PROCESSING
1669,MORPHOLOGY
557,IMAGE EDGE DETECTION
1351,IMAGE ANALYSIS
812,IMAGE REPRESENTATION
1348,GRAY-SCALE
5,COMPUTER GRAPHICS
135,REGIONS
4335,FRACTALS
8614,EMBRYO
8373,EVOLUTION (BIOLOGY)
342,BIOLOGY
1669,MORPHOLOGY
8478,ANATOMY
1654,MICE
953,BIOLOGICAL SYSTEM MODELING
6,SKIN
9,HUMANS
560,TESTING
308,PIXEL
462,PERFORMANCE ANALYSIS
667,FACE DETECTION
8358,PARAMETER ESTIMATION
52,KERNEL
933,PERFORMANCE EVALUATION
2377,DIGITAL IMAGES
1367,OBJECT RECOGNITION
57,SHAPE
297,IMAGE SEGMENTATION
2136,LAYOUT
369,IMAGE RECOGNITION
108,VISUAL SYSTEM
1905,DATA MINING
560,TESTING
530,INFORMATION RETRIEVAL
811,IMAGE RETRIEVAL
953,BIOLOGICAL SYSTEM MODELING
5,RENDERING (COMPUTER GRAPHICS)
5,COMPUTER GRAPHICS
8262,CONTEXT MODELING
54,SOLID MODELING
1160,BIRDS
9,HUMANS
1288,INTERPOLATION
2377,DIGITAL IMAGES
912,SMOOTHING METHODS
358,FREQUENCY
8646,RADIO ACCESS NETWORKS
321,DIGITAL CAMERAS
77,VISUALIZATION
557,IMAGE EDGE DETECTION
1,COLOR
2299,HARDWARE
5,COMPUTER GRAPHICS
835,IMAGE PROCESSING
835,IMAGE PROCESSING
344,COMPUTER ARCHITECTURE
4746,MICROPROCESSORS
308,PIXEL
933,PERFORMANCE EVALUATION
560,TESTING
2899,SOFTWARE TOOLS
2713,DATA STRUCTURES
5314,BOOLEAN FUNCTIONS
391,VIDEO SEQUENCES
297,IMAGE SEGMENTATION
1300,CLUSTERING ALGORITHMS
8427,OPTICAL COMPUTING
5353,VIDEO CODECS
560,TESTING
736,VIDEO CODING
7648,VIDEOCONFERENCE
1021,IMAGE SEQUENCES
613,IMAGE CODING
811,IMAGE RETRIEVAL
5,COMPUTER GRAPHICS
530,INFORMATION RETRIEVAL
678,IMAGE DATABASES
678,VISUAL DATABASES
379,COMPUTER VISION
6285,CONTENT BASED RETRIEVAL
2136,LAYOUT
613,IMAGE CODING
7033,LATTICES
8319,IMAGE SAMPLING
358,FREQUENCY
2727,SAMPLING METHODS
9,HUMANS
8290,MULTIDIMENSIONAL SYSTEMS
1441,MULTIRESOLUTION ANALYSIS
189,FEATURE EXTRACTION
1115,TOMOGRAPHY
794,IMAGE RECONSTRUCTION
8359,ITERATIVE ALGORITHMS
3799,VECTORS
3294,INSTRUMENTS
8617,SUBSPACE CONSTRAINTS
835,IMAGE PROCESSING
2034,RECONSTRUCTION ALGORITHMS
293,EQUATIONS
1351,IMAGE ANALYSIS
8358,PARAMETER ESTIMATION
3375,SPECKLE
2218,LIGHTING
8458,LASER MODES
3611,LASER RADAR
8498,ULTRASONIC IMAGING
1099,DEFORMABLE MODELS
6,SKIN
1236,SKULL
3394,FACIAL MUSCLES
8478,HUMAN ANATOMY
6838,BIOLOGICAL TISSUES
6790,SPRINGS
597,COMPUTATIONAL EFFICIENCY
158,COMPUTATIONAL MODELING
5047,ALGORITHM DESIGN AND ANALYSIS
8495,VIRTUAL ENVIRONMENT
321,SMART CAMERAS
1619,INTEGRATED CIRCUIT MODELING
77,VISUALIZATION
158,COMPUTATIONAL MODELING
8635,INTELLIGENT CONTROL
9,HUMANS
54,SOLID MODELING
5,COMPUTER GRAPHICS
8495,VIRTUAL ENVIRONMENT
4116,DELAY
157,GEOMETRY
77,DATA VISUALIZATION
2299,HARDWARE
1159,FOCUSING
5704,BANDWIDTH
2400,ORGANIZING
1288,INTERPOLATION
7127,CLOUDS
2300,ANIMATION
77,DATA VISUALIZATION
3864,ATMOSPHERIC MODELING
5,COMPUTER GRAPHICS
2134,TV
2878,WEATHER FORECASTING
549,PRODUCTION
158,COMPUTATIONAL MODELING
158,COMPUTATIONAL MODELING
2674,COMPUTER SIMULATION
379,COMPUTER VISION
1121,ROBOT VISION SYSTEMS
2300,ANIMATION
8160,AVATARS
835,IMAGE PROCESSING
1351,IMAGE ANALYSIS
9,HUMANS
8467,COMPUTER ERRORS
300,NEURAL NETWORKS
189,FEATURE EXTRACTION
3159,PRINCIPAL COMPONENT ANALYSIS
678,IMAGE DATABASES
678,SPATIAL DATABASES
2033,NOISE REDUCTION
129,FILTERING
3375,SPECKLE
284,DISCRETE WAVELET TRANSFORMS
1079,ADDITIVE NOISE
1499,GAUSSIAN NOISE
2965,SIGNAL PROCESSING
1732,DEGRADATION
8557,IMAGE STORAGE
1523,IMAGE QUALITY
379,COMPUTER VISION
1351,IMAGE ANALYSIS
461,DETECTORS
390,ROADS
560,TESTING
297,IMAGE SEGMENTATION
557,IMAGE EDGE DETECTION
835,IMAGE PROCESSING
794,IMAGE RECONSTRUCTION
5,COMPUTER GRAPHICS
217,ENTROPY
835,IMAGE PROCESSING
2473,PROBABILITY DISTRIBUTION
297,IMAGE SEGMENTATION
1988,STATISTICS
293,EQUATIONS
1348,GRAY-SCALE
8266,APPLICATION SOFTWARE
369,IMAGE RECOGNITION
5,COMPUTER GRAPHICS
297,IMAGE SEGMENTATION
1351,IMAGE ANALYSIS
2695,MERGING
8549,LAKES
613,IMAGE CODING
146,BUILDINGS
8534,JOINING PROCESSES
869,TAXONOMY
8554,BACKGROUND NOISE
775,CHARACTER RECOGNITION
9,HUMANS
3850,MACHINE VISION
369,IMAGE RECOGNITION
57,SHAPE
5236,RETINA
280,HANDWRITING RECOGNITION
284,WAVELET TRANSFORMS
618,IMAGE RESOLUTION
189,FEATURE EXTRACTION
1496,FINGERPRINT RECOGNITION
912,SMOOTHING METHODS
193,BIOMETRICS
358,FREQUENCY
678,IMAGE DATABASES
2033,NOISE REDUCTION
560,TESTING
7925,IMAGE MATCHING
321,CAMERAS
1181,COMPUTED TOMOGRAPHY
5,COMPUTER GRAPHICS
835,IMAGE PROCESSING
167,PROTOTYPES
187,FACE RECOGNITION
3159,PRINCIPAL COMPONENT ANALYSIS
678,IMAGE DATABASES
678,SPATIAL DATABASES
5775,SEARCH METHODS
1300,CLUSTERING ALGORITHMS
369,IMAGE RECOGNITION
2514,FUZZY SETS
266,VEHICLES
358,FREQUENCY
835,IMAGE PROCESSING
369,IMAGE RECOGNITION
308,PIXEL
2965,SIGNAL PROCESSING ALGORITHMS
8352,SIGNAL ANALYSIS
2676,PHYSICS
2965,SIGNAL PROCESSING
811,IMAGE RETRIEVAL
8658,WEB SITES
6285,CONTENT BASED RETRIEVAL
1,IMAGE COLOR ANALYSIS
2362,COLORED NOISE
835,IMAGE PROCESSING
1978,FILTERS
308,PIXEL
167,PROTOTYPES
5,GRAPHICS
4480,TARGET TRACKING
297,IMAGE SEGMENTATION
57,SHAPE MEASUREMENT
1944,BLOOD
1021,IMAGE SEQUENCES
8549,LAKES
2098,EUCLIDEAN DISTANCE
1348,GRAY-SCALE
8353,INFORMATICS
513,ROBUSTNESS
560,TESTING
9,HUMANS
217,ENTROPY
59,MEASUREMENT UNCERTAINTY
297,IMAGE SEGMENTATION
2136,LAYOUT
5440,LINEAR SYSTEMS
5438,SPLINE
3799,VECTORS
308,PIXEL
8591,JAVA
308,PIXEL
835,IMAGE PROCESSING
513,ROBUSTNESS
5732,ERROR CORRECTION
281,ERROR CORRECTION CODES
1348,GRAY-SCALE
549,PRODUCTION FACILITIES
2377,DIGITAL IMAGES
7450,BOOKS
975,SATELLITES
2335,REMOTE SENSING
300,ARTIFICIAL NEURAL NETWORKS
678,DATABASES
679,STATISTICAL ANALYSIS
8646,RADIO ACCESS NETWORKS
952,PLANETS
7253,DATA ACQUISITION
343,COSTS
8330,INFORMATION SYSTEMS
4845,CULTURAL DIFFERENCES
498,IMAGE RESTORATION
534,IMAGE GENERATION
8267,INFORMATION ANALYSIS
530,INFORMATION RETRIEVAL
618,IMAGE RESOLUTION
1027,ART
1351,IMAGE ANALYSIS
2136,LAYOUT
344,COMPUTER ARCHITECTURE
369,IMAGE RECOGNITION
308,PIXEL
2301,INTELLIGENT VEHICLES
2764,VEHICLE DETECTION
8562,VEHICLE DRIVING
530,INFORMATION RETRIEVAL
811,IMAGE RETRIEVAL
3374,BIOMEDICAL IMAGING
678,IMAGE DATABASES
57,SHAPE
1863,INDEXING
1554,PATTERN RECOGNITION
189,FEATURE EXTRACTION
7128,ENGINES
8268,IMAGE CONVERTERS
77,VISUALIZATION
2051,LIBRARIES
158,COMPUTATIONAL MODELING
2674,COMPUTER SIMULATION
2725,LIGHT SOURCES
157,COMPUTATIONAL GEOMETRY
5,COMPUTER GRAPHICS
835,IMAGE PROCESSING
953,BIOLOGICAL SYSTEM MODELING
40,NEURONS
8652,CYBERNETICS
2676,PHYSICS
3850,MACHINE VISION
54,SOLID MODELING
379,COMPUTER VISION
8267,INFORMATION ANALYSIS
8268,IMAGE CONVERTERS
57,SHAPE
513,ROBUSTNESS
343,COSTS
1,COLOR
794,IMAGE RECONSTRUCTION
321,CAMERAS
5,COMPUTER GRAPHICS
613,IMAGE CODING
811,IMAGE RETRIEVAL
5059,SPEECH
3394,MUSCLES
717,MOUTH
2262,LIPS
2300,FACIAL ANIMATION
8539,MEDICAL TREATMENT
3988,POSITION MEASUREMENT
282,EDUCATION
6,SKIN
57,SHAPE MEASUREMENT
57,SHAPE
8373,EVOLUTION (BIOLOGY)
8475,CELLS (BIOLOGY)
6790,SPRINGS
4193,ACTIVE CONTOURS
953,BIOLOGICAL SYSTEM MODELING
8491,POLYMERS
284,FOURIER TRANSFORMS
2676,PHYSICS
953,BIOLOGICAL SYSTEM MODELING
158,COMPUTATIONAL MODELING
5,COMPUTER GRAPHICS
4335,FRACTALS
5,RENDERING (COMPUTER GRAPHICS)
5437,MATHEMATICS
8262,CONTEXT MODELING
2670,MATHEMATICAL MODEL
560,TESTING
5837,PETROLEUM
1351,IMAGE ANALYSIS
2377,DIGITAL IMAGES
321,CAMERAS
8258,LABORATORIES
7681,ELECTRONICS PACKAGING
1864,GRAVITY
2362,COLORED NOISE
158,COMPUTATIONAL MODELING
8567,POWER GENERATION
6,SKIN
3510,MESH GENERATION
831,ANIMALS
54,SOLID MODELING
157,GEOMETRY
57,SHAPE
5,COMPUTER GRAPHICS
442,SOFTWARE
5,COMPUTER GRAPHICS
1366,ROBOTS
2967,COMPUTER INTERFACES
8623,EDUCATIONAL TECHNOLOGY
282,EDUCATION
8679,MULTIMEDIA SYSTEMS
2300,ANIMATION
363,INTERNET
9,HUMANS
3487,NUMERICAL MODELS
1,IMAGE COLOR ANALYSIS
158,COMPUTATIONAL MODELING
5132,SYMBIOSIS
953,BIOLOGICAL SYSTEM MODELING
8541,SYSTEM TESTING
6807,EDUCATIONAL INSTITUTIONS
3758,HISTORY
8303,MILITARY COMPUTING
5,COMPUTER GRAPHICS
77,DATA VISUALIZATION
8258,LABORATORIES
4376,DECISION SUPPORT SYSTEMS
1159,FOCUSING
115,DIGITAL ELEVATION MODELS
5,RENDERING (COMPUTER GRAPHICS)
5938,SURFACE TEXTURE
794,IMAGE RECONSTRUCTION
2136,LAYOUT
5,RENDERING (COMPUTER GRAPHICS)
34,REAL TIME SYSTEMS
130,URBAN AREAS
8495,VIRTUAL ENVIRONMENT
77,VISUALIZATION
146,BUILDINGS
1351,IMAGE ANALYSIS
953,BIOLOGICAL SYSTEM MODELING
1161,PROPOSALS
189,FEATURE EXTRACTION
1669,MORPHOLOGY
40,NEURONS
57,SHAPE
77,DATA VISUALIZATION
8686,BIOMEMBRANES
1534,STOCHASTIC PROCESSES
157,GEOMETRY
363,INTERNET
2136,LAYOUT
8691,CITIES AND TOWNS
8591,JAVA
8482,PHOTOGRAPHY
794,IMAGE RECONSTRUCTION
77,VISUALIZATION
146,BUILDINGS
390,ROADS
5705,INTERACTIVE SYSTEMS
77,VISUALIZATION
3374,BIOMEDICAL IMAGING
680,MAGNETIC RESONANCE IMAGING
1344,MEDICAL DIAGNOSTIC IMAGING
1181,COMPUTED TOMOGRAPHY
8381,AREA MEASUREMENT
1240,VOLUME MEASUREMENT
8479,MAGNETIC ANALYSIS
576,MEDICAL DIAGNOSIS
1099,DEFORMABLE MODELS
1889,TENSILE STRESS
8584,SURFACE RESISTANCE
157,GEOMETRY
5,COMPUTER GRAPHICS
2136,LAYOUT
54,SOLID MODELING
8493,LAGRANGIAN FUNCTIONS
293,EQUATIONS
35,RESOURCE MANAGEMENT
5,COMPUTER GRAPHICS
835,IMAGE PROCESSING
282,COMPUTER SCIENCE EDUCATION
4636,COMPUTER SCIENCE
1,COLOR
8266,APPLICATION SOFTWARE
2051,LIBRARIES
1005,QUANTIZATION
8659,WORLD WIDE WEB
102,COLLABORATION
8615,MPEG 4 STANDARD
1099,DEFORMABLE MODELS
5438,SPLINE
8495,VIRTUAL ENVIRONMENT
5643,SURFACE TOPOGRAPHY
900,SURFACE RECONSTRUCTION
77,VISUALIZATION
8590,VIRTUAL PROTOTYPING
3493,ACCELERATION
2300,ANIMATION
9,HUMANS
300,ARTIFICIAL NEURAL NETWORKS
5,COMPUTER GRAPHICS
1733,VIRTUAL REALITY
158,COMPUTATIONAL MODELING
8262,CONTEXT MODELING
8558,LARGE-SCALE SYSTEMS
8258,LABORATORIES
513,ROBUSTNESS
157,COMPUTATIONAL GEOMETRY
54,SOLID MODELING
57,SHAPE
8582,PIECEWISE LINEAR TECHNIQUES
3672,DETECTION ALGORITHMS
933,PERFORMANCE EVALUATION
560,TESTING
513,ROBUSTNESS
7352,PIECEWISE LINEAR APPROXIMATION
1839,APPROXIMATION ALGORITHMS
157,GEOMETRY
54,SOLID MODELING
5,COMPUTER GRAPHICS
8586,DIGITAL ARITHMETIC
895,DIFFERENTIAL EQUATIONS
8266,APPLICATION SOFTWARE
1882,TOPOLOGY
3510,MESH GENERATION
54,SOLID MODELING
5438,SPLINE
5643,SURFACE TOPOGRAPHY
900,SURFACE RECONSTRUCTION
157,GEOMETRY
57,SHAPE
82,RELIABILITY ENGINEERING
794,IMAGE RECONSTRUCTION
900,SURFACE RECONSTRUCTION
1882,TOPOLOGY
8268,IMAGE CONVERTERS
8486,SURFACE FITTING
5437,MATHEMATICS
1988,STATISTICS
1161,PROPOSALS
8266,APPLICATION SOFTWARE
297,IMAGE SEGMENTATION
280,HANDWRITING RECOGNITION
1554,PATTERN RECOGNITION
8204,ERROR ANALYSIS
8164,NIST
678,DATABASES
343,COSTS
1159,FOCUSING
379,COMPUTER VISION
167,PROTOTYPES
6128,NEAREST NEIGHBOR SEARCHES
300,NEURAL NETWORKS
81,CLASSIFICATION ALGORITHMS
597,COMPUTATIONAL EFFICIENCY
678,DATABASES
933,PERFORMANCE EVALUATION
6988,DIVERSITY RECEPTION
1554,PATTERN RECOGNITION
1343,PATTERN ANALYSIS
1554,PATTERN RECOGNITION
300,NEURAL NETWORKS
6128,NEAREST NEIGHBOR SEARCHES
1905,DATA MINING
8578,TERMINOLOGY
214,TRAINING DATA
167,PROTOTYPES
1732,DEGRADATION
513,ROBUSTNESS
8334,CLASSIFICATION TREE ANALYSIS
775,OPTICAL CHARACTER RECOGNITION SOFTWARE
775,CHARACTER RECOGNITION
8506,OPTICAL FILTERS
57,SHAPE
8704,OPTICAL DESIGN
8423,CHARACTER GENERATION
293,EQUATIONS
8256,NONLINEAR FILTERS
8319,IMAGE SAMPLING
6092,GAUSSIAN DISTRIBUTION
952,PLANETS
1905,DATA MINING
835,IMAGE PROCESSING
1554,PATTERN RECOGNITION
514,LESIONS
616,SPATIAL RESOLUTION
519,BREAST
308,PIXEL
4374,X-RAY IMAGING
1905,DATA MINING
618,IMAGE RESOLUTION
823,IMAGE TEXTURE ANALYSIS
369,IMAGE RECOGNITION
5235,BLOOD VESSELS
5236,RETINA
3374,BIOMEDICAL IMAGING
1351,IMAGE ANALYSIS
284,CONTINUOUS WAVELET TRANSFORMS
297,IMAGE SEGMENTATION
1669,MORPHOLOGY
4335,FRACTALS
284,WAVELET TRANSFORMS
367,TUNING
1351,IMAGE ANALYSIS
4335,FRACTALS
8225,REFLECTIVITY
185,EARTH
985,SOIL
319,VEGETATION MAPPING
823,IMAGE TEXTURE ANALYSIS
238,INFRARED SENSORS
1,IMAGE COLOR ANALYSIS
975,SATELLITES
8290,MULTIDIMENSIONAL SYSTEMS
2098,EUCLIDEAN DISTANCE
1669,MORPHOLOGY
308,PIXEL
284,DISCRETE TRANSFORMS
1348,GRAY-SCALE
835,IMAGE PROCESSING
304,IMAGE CLASSIFICATION
2284,SKELETON
1288,INTERPOLATION
1978,FILTERS
933,PERFORMANCE EVALUATION
2600,UPPER BOUND
1348,GRAY-SCALE
8516,DESIGN METHODOLOGY
2033,NOISE REDUCTION
1669,MORPHOLOGY
7628,DNA
297,IMAGE SEGMENTATION
8622,BIOTECHNOLOGY
8352,SIGNAL ANALYSIS
8471,FLUORESCENCE
2965,SIGNAL PROCESSING
1366,ROBOTS
3338,GLASS
2694,MICROSCOPY
129,FILTERING
2072,HISTOGRAMS
1978,FILTERS
308,PIXEL
297,IMAGE SEGMENTATION
1988,STATISTICS
1554,PATTERN RECOGNITION
2377,DIGITAL IMAGES
5,COMPUTER GRAPHICS
1,COLOR
534,IMAGE GENERATION
4846,OCEANS
2300,ANIMATION
8185,SEA SURFACE
77,VISUALIZATION
2136,LAYOUT
2634,NOISE GENERATORS
8589,SURFACE WAVES
5938,SURFACE TEXTURE
5,RENDERING (COMPUTER GRAPHICS)
2136,LAYOUT
321,CAMERAS
8495,VIRTUAL ENVIRONMENT
8188,SPRITES (COMPUTER)
2725,LIGHT SOURCES
1811,RUNTIME
308,PIXEL
4636,COMPUTER SCIENCE
57,SHAPE
1022,PAINTING
618,IMAGE RESOLUTION
952,PLANETS
1987,FUSES
1099,DEFORMABLE MODELS
8567,POWER GENERATION
8516,DESIGN METHODOLOGY
5,GRAPHICS
415,HEURISTIC ALGORITHMS
2136,LAYOUT
3493,ACCELERATION
5,RENDERING (COMPUTER GRAPHICS)
560,TESTING
8515,COMPUTER DISPLAYS
31,PIPELINES
8691,CITIES AND TOWNS
5,COMPUTER GRAPHICS
8266,APPLICATION SOFTWARE
613,IMAGE CODING
284,DISCRETE COSINE TRANSFORMS
284,DISCRETE TRANSFORMS
358,FREQUENCY
1351,IMAGE ANALYSIS
2413,LAPLACE EQUATIONS
1005,QUANTIZATION
8493,LAGRANGIAN FUNCTIONS
794,IMAGE RECONSTRUCTION
1523,IMAGE QUALITY
1540,IMAGE DENOISING
284,WAVELET TRANSFORMS
1499,GAUSSIAN NOISE
557,IMAGE EDGE DETECTION
8295,WAVELET COEFFICIENTS
8262,CONTEXT MODELING
794,IMAGE RECONSTRUCTION
7239,SIGNAL TO NOISE RATIO
4704,RANDOM VARIABLES
6031,WATERMARKING
2114,VIDEO COMPRESSION
391,VIDEO SEQUENCES
530,INFORMATION RETRIEVAL
6404,TRANSFORM CODING
613,IMAGE CODING
4561,RANDOM NUMBER GENERATION
5731,REDUNDANCY
835,IMAGE PROCESSING
8665,AUTONOMOUS AGENTS
54,SOLID MODELING
5659,ROBOT KINEMATICS
9,HUMANS
8581,AUTOMATIC CONTROL
8495,VIRTUAL ENVIRONMENT
5,GRAPHICS
1811,RUNTIME
157,INFORMATION GEOMETRY
530,INFORMATION RETRIEVAL
3394,MUSCLES
2677,FINITE ELEMENT METHODS
158,COMPUTATIONAL MODELING
1099,DEFORMABLE MODELS
54,SOLID MODELING
8266,APPLICATION SOFTWARE
344,COMPUTER ARCHITECTURE
8493,LAGRANGIAN FUNCTIONS
512,PREDICTIVE MODELS
8581,AUTOMATIC CONTROL
5659,KINEMATICS
2670,MATHEMATICAL MODEL
953,BIOLOGICAL SYSTEM MODELING
8583,CONCRETE
3718,LEG
2300,FACIAL ANIMATION
185,LOW EARTH ORBIT SATELLITES
8285,COMPUTER INDUSTRY
344,COMPUTER ARCHITECTURE
5,GRAPHICS
1121,ROBOT VISION SYSTEMS
8693,INTELLIGENT AGENT
8495,VIRTUAL ENVIRONMENT
3850,MACHINE VISION
2136,LAYOUT
308,PIXEL
1240,VOLUME MEASUREMENT
913,DYNAMIC PROGRAMMING
8268,IMAGE CONVERTERS
8359,ITERATIVE ALGORITHMS
794,IMAGE RECONSTRUCTION
238,IMAGE SENSORS
1121,ROBOT VISION SYSTEMS
390,ROADS
2865,ROBOT SENSING SYSTEMS
5133,FEEDBACK
238,IMAGE SENSORS
8670,VISUAL SERVOING
7699,JACOBIAN MATRICES
8581,AUTOMATIC CONTROL
492,HEAD
2136,LAYOUT
379,COMPUTER VISION
5,COMPUTER GRAPHICS
321,DIGITAL CAMERAS
1905,DATA MINING
8515,COMPUTER DISPLAYS
34,REAL TIME SYSTEMS
835,IMAGE PROCESSING
2377,DIGITAL IMAGES
297,IMAGE SEGMENTATION
548,CROPS
534,IMAGE GENERATION
8423,CHARACTER GENERATION
80,DECISION MAKING
8330,GEOGRAPHIC INFORMATION SYSTEMS
308,PIXEL
2695,MERGING
8534,JOINING PROCESSES
4046,BONES
715,RADIOGRAPHY
4047,WRIST
57,SHAPE
6838,BIOLOGICAL TISSUES
297,IMAGE SEGMENTATION
557,IMAGE EDGE DETECTION
823,IMAGE TEXTURE ANALYSIS
4374,X-RAY IMAGING
8513,FINGERS
8464,IMAGE SEQUENCE ANALYSIS
3312,SPATIOTEMPORAL PHENOMENA
2113,MOTION ESTIMATION
3308,MOTION ANALYSIS
3374,BIOMEDICAL IMAGING
6127,IMAGE MOTION ANALYSIS
37,TRACKING
3360,HEART
1351,IMAGE ANALYSIS
8464,IMAGE SEQUENCE ANALYSIS
3374,BIOMEDICAL IMAGING
1021,IMAGE SEQUENCES
1636,POLYNOMIALS
1344,MEDICAL DIAGNOSTIC IMAGING
1986,IMAGE REGISTRATION
8403,LEAST SQUARES APPROXIMATION
358,FREQUENCY
300,ARTIFICIAL NEURAL NETWORKS
1905,DATA MINING
526,COMPUTER AIDED DIAGNOSIS
519,BREAST CANCER
189,FEATURE EXTRACTION
576,MEDICAL DIAGNOSIS
524,MAMMOGRAPHY
678,IMAGE DATABASES
2414,PATTERN CLASSIFICATION
1540,IMAGE DENOISING
297,IMAGE SEGMENTATION
1750,CONVERGENCE
57,SHAPE MEASUREMENT
8257,SHAPE CONTROL
4193,ACTIVE CONTOURS
308,PIXEL
912,SMOOTHING METHODS
293,EQUATIONS
8581,AUTOMATIC CONTROL
297,IMAGE SEGMENTATION
2514,FUZZY SETS
4229,LEAD
8286,FLOODS
308,PIXEL
1554,PATTERN RECOGNITION
1863,INDEXING
269,OBJECT DETECTION
557,IMAGE EDGE DETECTION
297,IMAGE SEGMENTATION
300,NEURAL NETWORKS
4651,LOCAL OSCILLATORS
2752,COMPUTATIONAL COMPLEXITY
40,NEURONS
895,DIFFERENTIAL EQUATIONS
8266,APPLICATION SOFTWARE
2299,HARDWARE
4669,NETWORK TOPOLOGY
6678,RHYTHM
297,IMAGE SEGMENTATION
8319,IMAGE SAMPLING
8526,GUNSHOT DETECTION SYSTEMS
835,IMAGE PROCESSING
1348,GRAY-SCALE
2,STREAMING MEDIA
158,COMPUTATIONAL MODELING
77,DATA VISUALIZATION
308,PIXEL
613,IMAGE CODING
7535,COMPUTATIONAL FLUID DYNAMICS
2674,COMPUTER SIMULATION
677,ANALYTICAL MODELS
1036,DATA ANALYSIS
2967,COMPUTER INTERFACES
9,HUMANS
8424,USER INTERFACES
8266,APPLICATION SOFTWARE
5059,SPEECH RECOGNITION
1554,PATTERN RECOGNITION
1081,DICTIONARIES
2400,ORGANIZING
1027,ART
57,SHAPE
8591,JAVA
77,DATA VISUALIZATION
8424,USER INTERFACES
2299,HARDWARE
1889,STRESS
5705,INTERACTIVE SYSTEMS
8266,APPLICATION SOFTWARE
2057,USABILITY
7402,NUMERICAL SIMULATION
1474,TEMPERATURE
1895,AUGMENTED REALITY
8510,COLLABORATIVE WORK
54,SOLID MODELING
8468,POWER SYSTEM MODELING
344,COMPUTER ARCHITECTURE
697,EMPLOYMENT
5,COMPUTER GRAPHICS
55,DISPLAYS
2967,COMPUTER INTERFACES
8710,MAN MACHINE SYSTEMS
189,FEATURE EXTRACTION
812,IMAGE REPRESENTATION
300,NEURAL NETWORKS
9,HUMANS
108,VISUAL SYSTEM
560,TESTING
3159,PRINCIPAL COMPONENT ANALYSIS
3850,MACHINE VISION
5236,RETINA
618,IMAGE RESOLUTION
1099,DEFORMABLE MODELS
557,IMAGE EDGE DETECTION
8258,LABORATORIES
1161,PROPOSALS
618,IMAGE RESOLUTION
1988,PARAMETRIC STATISTICS
5,GRAPHICS
8553,POSTAL SERVICES
297,IMAGE SEGMENTATION
57,SHAPE
8373,EVOLUTION (BIOLOGY)
953,BIOLOGICAL SYSTEM MODELING
8652,CYBERNETICS
158,COMPUTATIONAL MODELING
2670,MATHEMATICAL MODEL
8685,BIOLOGY COMPUTING
8651,GENE EXPRESSION
1864,GRAVITY
8525,NERVOUS SYSTEM
5913,GENETIC ALGORITHMS
280,HANDWRITING RECOGNITION
1554,PATTERN RECOGNITION
8164,NIST
8702,MACHINE INTELLIGENCE
2502,ITERATIVE METHODS
6637,OPTIMIZATION METHODS
1978,FILTERS
678,SPATIAL DATABASES
8558,LARGE-SCALE SYSTEMS
8591,JAVA
8424,USER INTERFACES
8268,IMAGE CONVERTERS
169,PRINTING
532,DOCUMENTATION
5047,ALGORITHM DESIGN AND ANALYSIS
8659,WORLD WIDE WEB
5,COMPUTER GRAPHICS
77,VISUALIZATION
2300,ANIMATION
261,NAVIGATION
1697,HUMAN FACTORS
4636,COMPUTER SCIENCE
8623,EDUCATIONAL TECHNOLOGY
282,COMPUTER SCIENCE EDUCATION
8423,CHARACTER GENERATION
55,DISPLAYS
4116,DELAY
77,DATA VISUALIZATION
913,PARALLEL PROGRAMMING
6754,PARALLEL PROCESSING
2299,HARDWARE
5356,RANDOM ACCESS MEMORY
8258,LABORATORIES
8571,WORKSTATIONS
560,BENCHMARK TESTING
5,COMPUTER GRAPHICS
8591,JAVA
8541,SYSTEM TESTING
2136,LAYOUT
34,REAL TIME SYSTEMS
2299,HARDWARE
8266,APPLICATION SOFTWARE
560,TESTING
2136,LAYOUT
269,OBJECT DETECTION
667,FACE DETECTION
57,SHAPE
343,COSTS
7128,ENGINES
157,COMPUTATIONAL GEOMETRY
2284,SKELETON
57,SHAPE
1288,INTERPOLATION
8266,APPLICATION SOFTWARE
2727,SAMPLING METHODS
7352,PIECEWISE LINEAR APPROXIMATION
5,COMPUTER GRAPHICS
5939,SOLIDS
560,TESTING
6006,RAY TRACING
8403,LEAST SQUARES APPROXIMATION
54,SOLID MODELING
8355,LEAST SQUARES METHODS
293,EQUATIONS
1636,POLYNOMIALS
5424,SPARSE MATRICES
77,VISUALIZATION
8204,ERROR ANALYSIS
1099,DEFORMABLE MODELS
1388,HAIR
5,RENDERING (COMPUTER GRAPHICS)
5,COMPUTER GRAPHICS
54,SOLID MODELING
1864,GRAVITY
5705,INTERACTIVE SYSTEMS
34,REAL TIME SYSTEMS
157,GEOMETRY
2300,ANIMATION
1882,TOPOLOGY
1288,INTERPOLATION
5,GRAPHICS
57,SHAPE
8653,FEATHERS
5,COMPUTER GRAPHICS
1988,PARAMETRIC STATISTICS
5,RENDERING (COMPUTER GRAPHICS)
8453,TREE GRAPHS
7450,BOOKS
8258,LABORATORIES
57,SHAPE
102,COLLABORATION
560,TESTING
913,DYNAMIC PROGRAMMING
7303,TILES
678,IMAGE DATABASES
1027,ART
8664,FAILURE ANALYSIS
679,STATISTICAL ANALYSIS
913,PROGRAMMING PROFESSION
1161,PROPOSALS
665,REFLECTION
8623,EDUCATIONAL TECHNOLOGY
2899,SOFTWARE TOOLS
8583,CONCRETE
4636,COMPUTER SCIENCE
737,SOFTWARE ALGORITHMS
2965,DIGITAL SIGNAL PROCESSING
794,IMAGE RECONSTRUCTION
1115,TOMOGRAPHY
344,COMPUTER ARCHITECTURE
3294,INSTRUMENTS
534,IMAGE GENERATION
985,SOIL
2899,SOFTWARE TOOLS
613,IMAGE CODING
1181,COMPUTED TOMOGRAPHY
284,WAVELET TRANSFORMS
1978,FILTERS
794,IMAGE RECONSTRUCTION
8266,APPLICATION SOFTWARE
6163,BIT RATE
217,ENTROPY
560,TESTING
4374,X-RAY IMAGING
1669,MORPHOLOGY
57,SHAPE
1351,IMAGE ANALYSIS
2097,DENSITY MEASUREMENT
835,IMAGE PROCESSING
3374,BIOMEDICAL IMAGING
8267,INFORMATION ANALYSIS
1343,PATTERN ANALYSIS
2388,BIOMEDICAL OPTICAL IMAGING
4193,ACTIVE CONTOURS
57,SHAPE
1882,TOPOLOGY
1750,CONVERGENCE
5223,ELASTICITY
269,OBJECT DETECTION
157,GEOMETRY
557,IMAGE EDGE DETECTION
1554,PATTERN RECOGNITION
379,COMPUTER VISION
4046,BONES
678,IMAGE DATABASES
8424,GRAPHICAL USER INTERFACES
4047,WRIST
715,RADIOGRAPHY
678,VISUAL DATABASES
4374,X-RAY IMAGING
57,SHAPE
8513,FINGERS
8676,CHROMIUM
680,MAGNETIC RESONANCE IMAGING
1905,DATA MINING
54,SOLID MODELING
3374,BIOMEDICAL IMAGING
57,SHAPE
379,COMPUTER VISION
369,IMAGE RECOGNITION
297,IMAGE SEGMENTATION
680,MAGNETIC RESONANCE
77,VISUALIZATION
595,BRAIN
616,SPATIAL RESOLUTION
1733,VIRTUAL REALITY
680,MAGNETIC RESONANCE IMAGING
1944,BLOOD
513,ROBUSTNESS
1496,FINGERPRINT RECOGNITION
912,SMOOTHING METHODS
7239,SIGNAL TO NOISE RATIO
2051,LIBRARIES
8649,COMPUTER LANGUAGES
2033,NOISE REDUCTION
6,SKIN
1905,DATA MINING
1036,DATA ANALYSIS
1351,IMAGE ANALYSIS
5047,ALGORITHM DESIGN AND ANALYSIS
8497,ANATOMICAL STRUCTURE
1351,IMAGE ANALYSIS
8478,ANATOMY
8258,LABORATORIES
358,FREQUENCY
2694,OPTICAL MICROSCOPY
297,IMAGE SEGMENTATION
2377,DIGITAL IMAGES
3294,INSTRUMENTS
2694,SCANNING PROBE MICROSCOPY
8491,LIQUID CRYSTAL POLYMERS
1669,SURFACE MORPHOLOGY
1351,IMAGE ANALYSIS
8266,APPLICATION SOFTWARE
823,IMAGE TEXTURE ANALYSIS
560,TESTING
775,CHARACTER RECOGNITION
280,HANDWRITING RECOGNITION
300,NEURAL NETWORKS
57,SHAPE
678,IMAGE DATABASES
678,SPATIAL DATABASES
8691,CITIES AND TOWNS
129,FILTERING
933,PERFORMANCE EVALUATION
1161,PROPOSALS
8658,WEB SITES
740,DECISION TREES
8334,CLASSIFICATION TREE ANALYSIS
2362,COLORED NOISE
5,COMPUTER GRAPHICS
2072,HISTOGRAMS
78,MACHINE LEARNING ALGORITHMS
2136,LAYOUT
831,ANIMALS
1021,IMAGE SEQUENCES
8453,TREE GRAPHS
1554,PATTERN RECOGNITION
5669,GRAPH THEORY
8549,LAKES
379,COMPUTER VISION
3651,PATTERN MATCHING
812,IMAGE REPRESENTATION
297,IMAGE SEGMENTATION
1669,MORPHOLOGY
1554,PATTERN RECOGNITION
2377,DIGITAL IMAGES
2694,OPTICAL MICROSCOPY
8478,ANATOMY
8326,ASIA
869,TAXONOMY
8328,AUTOMATIC TESTING
321,DIGITAL CAMERAS
8427,OPTICAL COMPUTING
530,INFORMATION RETRIEVAL
300,NEURAL NETWORKS
811,IMAGE RETRIEVAL
678,IMAGE DATABASES
2694,OPTICAL MICROSCOPY
678,SPATIAL DATABASES
3142,SEDIMENTS
8258,LABORATORIES
8427,OPTICAL COMPUTING
321,CAMERAS
1367,OBJECT RECOGNITION
554,SUPPORT VECTOR MACHINES
554,SUPPORT VECTOR MACHINE CLASSIFICATION
52,KERNEL
1636,POLYNOMIALS
8527,STATISTICAL LEARNING
2670,MATHEMATICAL MODEL
379,COMPUTER VISION
2834,BACKPROPAGATION ALGORITHMS
775,CHARACTER RECOGNITION
3100,FIELD PROGRAMMABLE GATE ARRAYS
1554,PATTERN RECOGNITION
300,NEURAL NETWORKS
2299,HARDWARE
775,OPTICAL CHARACTER RECOGNITION SOFTWARE
7035,ALGEBRA
1669,MORPHOLOGY
8591,JAVA
2377,DIGITAL IMAGES
449,CONVOLUTION
308,PIXEL
52,KERNEL
57,SHAPE
835,IMAGE PROCESSING
8256,NONLINEAR FILTERS
7128,ENGINES
3551,WINDOWS
835,IMAGE PROCESSING
7681,PACKAGING
2967,COMPUTER INTERFACES
2800,HIGH PERFORMANCE COMPUTING
2377,DIGITAL IMAGES
8266,APPLICATION SOFTWARE
8742,SOFTWARE PERFORMANCE
78,LEARNING
1477,CONTROL SYSTEMS
2865,ROBOT SENSING SYSTEMS
5133,FEEDBACK
512,PREDICTIVE MODELS
8694,STRATEGIC PLANNING
189,FEATURE EXTRACTION
8670,VISUAL SERVOING
1021,IMAGE SEQUENCES
297,IMAGE SEGMENTATION
391,VIDEO SEQUENCES
2377,DIGITAL IMAGES
3651,PATTERN MATCHING
379,COMPUTER VISION
8266,APPLICATION SOFTWARE
2051,SOFTWARE LIBRARIES
2335,REMOTE SENSING
7127,CLOUDS
1171,AGRICULTURE
8482,PHOTOGRAPHY
974,RADIO FREQUENCY
8465,MULTISPECTRAL IMAGING
952,PLANETS
8633,RADAR IMAGING
2335,RADAR REMOTE SENSING
4922,SYNTHETIC APERTURE RADAR
975,SATELLITES
297,IMAGE SEGMENTATION
1554,PATTERN RECOGNITION
2345,GEOLOGY
2335,REMOTE SENSING
1058,VOLCANOES
369,IMAGE RECOGNITION
835,IMAGE PROCESSING
8494,PHASE DETECTION
557,IMAGE EDGE DETECTION
2377,DIGITAL IMAGES
4926,RIVERS
1669,MORPHOLOGY
2284,SKELETON
297,IMAGE SEGMENTATION
358,FREQUENCY
308,PIXEL
7752,LEGGED LOCOMOTION
8641,TREE DATA STRUCTURES
755,BINARY TREES
953,BIOLOGICAL SYSTEM MODELING
1534,STOCHASTIC PROCESSES
7216,LOGISTICS
647,PROBABILITY
512,PREDICTIVE MODELS
616,SPATIAL RESOLUTION
5133,FEEDBACK
560,TESTING
8642,DESIGN ENGINEERING
8266,APPLICATION SOFTWARE
4799,ACCESS CONTROL
146,BUILDINGS
3114,SUN
100,URBAN PLANNING
1833,CASTING
77,VISUALIZATION
8602,SOLAR POWER GENERATION
134,LAND USE PLANNING
261,NAVIGATION
835,IMAGE PROCESSING
77,VISUALIZATION
8498,ULTRASONIC IMAGING
297,IMAGE SEGMENTATION
3374,BIOMEDICAL IMAGING
1351,IMAGE ANALYSIS
9,HUMANS
8539,MEDICAL TREATMENT
912,SMOOTHING METHODS
5167,ARTERIES
57,SHAPE
8225,REFLECTIVITY
2767,BRIGHTNESS
293,EQUATIONS
2218,LIGHTING
8349,PHOTOMETRY
8243,STEREO VISION
2136,LAYOUT
8358,PARAMETER ESTIMATION
379,COMPUTER VISION
5732,ERROR CORRECTION
297,IMAGE SEGMENTATION
8494,PHASE DETECTION
8328,AUTOMATIC TESTING
8541,SYSTEM TESTING
1905,DATA MINING
280,HANDWRITING RECOGNITION
1351,IMAGE ANALYSIS
678,IMAGE DATABASES
755,BINARY TREES
246,FACIAL FEATURES
667,FACE DETECTION
284,DISCRETE WAVELET TRANSFORMS
284,CONTINUOUS WAVELET TRANSFORMS
513,ROBUSTNESS
391,VIDEO SEQUENCES
2218,LIGHTING
157,GEOMETRY
187,FACE RECOGNITION
8135,FUNCTION APPROXIMATION
667,FACE DETECTION
557,IMAGE EDGE DETECTION
9,HUMANS
187,FACE RECOGNITION
1,COLOR
513,ROBUSTNESS
321,CAMERAS
678,DATABASES
1978,FILTERS
379,COMPUTER VISION
2136,LAYOUT
379,COMPUTER VISION
1,COLOR
261,NAVIGATION
2300,ANIMATION
8267,INFORMATION ANALYSIS
54,SOLID MODELING
1367,OBJECT RECOGNITION
59,UNCERTAINTY
189,FEATURE EXTRACTION
953,BIOLOGICAL SYSTEM MODELING
40,NEURONS
293,EQUATIONS
1978,FILTERS
57,SHAPE
9,HUMANS
300,NEURAL NETWORKS
8652,CYBERNETICS
3120,BIOLOGICAL NEURAL NETWORKS
8243,STEREO VISION
5913,GENETIC ALGORITHMS
2136,LAYOUT
321,CAMERAS
379,COMPUTER VISION
5437,MATHEMATICS
8258,LABORATORIES
3308,MOTION ANALYSIS
8427,OPTICAL COMPUTING
9,HUMANS
2136,LAYOUT
860,VISUAL PERCEPTION
2676,PHYSICS
560,TESTING
8592,PSYCHOLOGY
5236,RETINA
8682,INFORMATION PROCESSING
297,IMAGE SEGMENTATION
280,HANDWRITING RECOGNITION
775,CHARACTER RECOGNITION
513,ROBUSTNESS
1159,FOCUSING
618,IMAGE RESOLUTION
680,MAGNETIC RESONANCE IMAGING
1986,IMAGE REGISTRATION
238,IMAGE SENSORS
238,MAGNETIC SENSORS
1351,IMAGE ANALYSIS
513,NOISE ROBUSTNESS
560,TESTING
1099,DEFORMABLE MODELS
8472,RADIOLOGY
618,IMAGE RESOLUTION
8553,POSTAL SERVICES
297,IMAGE SEGMENTATION
6127,IMAGE MOTION ANALYSIS
57,SHAPE
5,COMPUTER GRAPHICS
8258,LABORATORIES
8319,IMAGE SAMPLING
3374,BIOMEDICAL IMAGING
3308,MOTION ANALYSIS
794,IMAGE RECONSTRUCTION
57,SHAPE
321,CAMERAS
2725,LIGHT SOURCES
900,SURFACE RECONSTRUCTION
8225,REFLECTIVITY
8502,OPTICAL REFLECTION
77,DATA VISUALIZATION
3848,LENSES
186,LAW
280,HANDWRITING RECOGNITION
2738,HIDDEN MARKOV MODELS
775,CHARACTER RECOGNITION
297,IMAGE SEGMENTATION
189,FEATURE EXTRACTION
8541,SYSTEM TESTING
678,IMAGE DATABASES
678,SPATIAL DATABASES
280,HANDWRITING RECOGNITION
2738,HIDDEN MARKOV MODELS
1554,PATTERN RECOGNITION
189,FEATURE EXTRACTION
5059,SPEECH RECOGNITION
8328,AUTOMATIC TESTING
300,NEURAL NETWORKS
2098,EUCLIDEAN DISTANCE
7925,IMAGE MATCHING
2737,TEXT RECOGNITION
280,HANDWRITING RECOGNITION
2738,HIDDEN MARKOV MODELS
297,IMAGE SEGMENTATION
369,IMAGE RECOGNITION
9,HUMANS
379,COMPUTER VISION
8262,CONTEXT MODELING
678,IMAGE DATABASES
8266,APPLICATION SOFTWARE
549,PRODUCTION
9,HUMANS
8266,APPLICATION SOFTWARE
54,SOLID MODELING
5,COMPUTER GRAPHICS
77,VISUALIZATION
5438,SPLINE
912,SMOOTHING METHODS
616,SPATIAL RESOLUTION
1882,TOPOLOGY
298,REFINING
7303,TILES
8516,DESIGN METHODOLOGY
7033,LATTICES
1299,SCALABILITY
77,VISUALIZATION
513,ROBUSTNESS
2123,ARITHMETIC
462,PERFORMANCE ANALYSIS
1366,SERVICE ROBOTS
2700,PATH PLANNING
2098,EUCLIDEAN DISTANCE
54,SOLID MODELING
831,ANIMALS
953,BIOLOGICAL SYSTEM MODELING
146,BUILDINGS
8257,SHAPE CONTROL
9,HUMANS
8659,WORLD WIDE WEB
2110,SORTING
5437,MATHEMATICS
513,ROBUSTNESS
7704,TAYLOR SERIES
895,DIFFERENTIAL EQUATIONS
157,COMPUTATIONAL GEOMETRY
560,TESTING
1288,INTERPOLATION
2136,LAYOUT
1115,TOMOGRAPHY
8294,BAYESIAN METHODS
5438,SPLINE
308,PIXEL
3294,INSTRUMENTS
4374,X-RAY IMAGING
8560,ATMOSPHERE
1351,IMAGE ANALYSIS
8324,WAVELET ANALYSIS
3185,GABOR FILTERS
284,KARHUNEN-LOEVE TRANSFORMS
618,IMAGE RESOLUTION
1081,DICTIONARIES
367,TUNING
358,FREQUENCY
794,IMAGE RECONSTRUCTION
1343,PATTERN ANALYSIS
1534,STOCHASTIC PROCESSES
811,IMAGE RETRIEVAL
284,WAVELET TRANSFORMS
3834,ANISOTROPIC MAGNETORESISTANCE
7384,CATALOGS
618,IMAGE RESOLUTION
1553,QUALITY CONTROL
823,IMAGE TEXTURE ANALYSIS
4335,FRACTALS
1,COLOR
613,IMAGE CODING
794,IMAGE RECONSTRUCTION
281,BLOCK CODES
308,PIXEL
739,DECODING
8557,IMAGE STORAGE
2205,IEC STANDARDS
2213,PERFORMANCE GAIN
1171,AGRICULTURE
8450,ELECTROMAGNETIC SCATTERING
8559,PARTICLE SCATTERING
1181,COMPUTED TOMOGRAPHY
985,SOIL
3294,INSTRUMENTS
680,MAGNETIC RESONANCE IMAGING
8266,APPLICATION SOFTWARE
2097,DENSITY MEASUREMENT
8495,VIRTUAL ENVIRONMENT
6228,CLONING
8733,INTELLIGENT NETWORKS
8258,LABORATORIES
8353,INFORMATICS
4686,ELECTRONIC MAIL
2300,ANIMATION
2676,PHYSICS
5659,KINEMATICS
54,SOLID MODELING
5133,FEEDBACK
158,COMPUTATIONAL MODELING
2865,ROBOT SENSING SYSTEMS
8713,CONSTRAINT THEORY
1351,IMAGE ANALYSIS
823,IMAGE TEXTURE ANALYSIS
534,IMAGE GENERATION
8225,REFLECTIVITY
8486,SURFACE FITTING
5938,SURFACE TEXTURE
2377,DIGITAL IMAGES
4830,DISTRIBUTION FUNCTIONS
57,SHAPE
557,IMAGE EDGE DETECTION
2136,LAYOUT
297,IMAGE SEGMENTATION
308,PIXEL
293,EQUATIONS
5,RENDERING (COMPUTER GRAPHICS)
321,CAMERAS
2725,LIGHT SOURCES
8502,OPTICAL REFLECTION
2218,LIGHTING
7065,FILLING
5,COMPUTER GRAPHICS
8521,CONCURRENT COMPUTING
2205,SOFTWARE STANDARDS
3395,SILICON
8330,INFORMATION SYSTEMS
737,SOFTWARE ALGORITHMS
8266,APPLICATION SOFTWARE
8541,SYSTEM TESTING
513,ROBUSTNESS
5,RENDERING (COMPUTER GRAPHICS)
534,IMAGE GENERATION
1036,DATA ANALYSIS
5047,ALGORITHM DESIGN AND ANALYSIS
2299,HARDWARE
8567,POWER GENERATION
1351,IMAGE ANALYSIS
1839,APPROXIMATION ALGORITHMS
77,VISUALIZATION
54,SOLID MODELING
1882,TOPOLOGY
4,MOTION PICTURES
5,COMPUTER GRAPHICS
55,DISPLAYS
146,BUILDINGS
6790,SPRINGS
7450,BOOKS
8659,WORLD WIDE WEB
77,DATA VISUALIZATION
2300,ANIMATION
8510,COLLABORATIVE WORK
31,PIPELINES
8591,JAVA
363,INTERNET
360,WIDE AREA NETWORKS
5,RENDERING (COMPUTER GRAPHICS)
2098,EUCLIDEAN DISTANCE
308,PIXEL
5047,ALGORITHM DESIGN AND ANALYSIS
835,IMAGE PROCESSING
304,IMAGE CLASSIFICATION
2284,SKELETON
1288,INTERPOLATION
8453,TREE GRAPHS
284,DISCRETE TRANSFORMS
2377,DIGITAL IMAGES
7211,IMAGE DECOMPOSITION
129,FILTERING
297,IMAGE SEGMENTATION
1351,IMAGE ANALYSIS
8267,INFORMATION ANALYSIS
2790,DIGITAL FILTERS
1348,GRAY-SCALE
1669,MORPHOLOGY
2377,DIGITAL IMAGES
57,SHAPE
297,IMAGE SEGMENTATION
775,CHARACTER RECOGNITION
775,OPTICAL CHARACTER RECOGNITION SOFTWARE
1669,MORPHOLOGY
52,KERNEL
5,GRAPHICS
8506,OPTICAL FILTERS
369,IMAGE RECOGNITION
8338,PROCESS DESIGN
513,ROBUSTNESS
1669,MORPHOLOGY
835,IMAGE PROCESSING
7033,LATTICES
1348,GRAY-SCALE
344,COMPUTER ARCHITECTURE
308,PIXEL
5047,ALGORITHM DESIGN AND ANALYSIS
794,IMAGE RECONSTRUCTION
1,COLOR
269,OBJECT DETECTION
557,IMAGE EDGE DETECTION
297,IMAGE SEGMENTATION
1348,GRAY-SCALE
461,DETECTORS
2377,DIGITAL IMAGES
1021,IMAGE SEQUENCES
129,FILTERING
2713,DATA STRUCTURES
5314,BOOLEAN FUNCTIONS
835,IMAGE PROCESSING
1669,MORPHOLOGY
759,VOCABULARY
7033,LATTICES
1159,FOCUSING
737,SOFTWARE ALGORITHMS
1,COLOR
297,IMAGE SEGMENTATION
1348,GRAY-SCALE
557,IMAGE EDGE DETECTION
9,HUMANS
8338,PROCESS DESIGN
835,IMAGE PROCESSING
308,PIXEL
7033,LATTICES
498,IMAGE RESTORATION
7699,JACOBIAN MATRICES
8776,VIRTUAL MACHINING
4481,MASTER-SLAVE
2665,MARKOV RANDOM FIELDS
1079,ADDITIVE NOISE
1499,GAUSSIAN NOISE
1732,DEGRADATION
8434,MINIMIZATION METHODS
534,IMAGE GENERATION
8591,JAVA
2377,DIGITAL IMAGES
7681,ELECTRONICS PACKAGING
2299,HARDWARE
8699,OBJECT ORIENTED MODELING
5,GRAPHICS
166,PRODUCTIVITY
5047,ALGORITHM DESIGN AND ANALYSIS
8776,VIRTUAL MACHINING
344,COMPUTER ARCHITECTURE
775,CHARACTER RECOGNITION
8733,INTELLIGENT NETWORKS
266,VEHICLES
300,NEURAL NETWORKS
4735,COMMUNICATION SYSTEM TRAFFIC CONTROL
40,NEURONS
8554,BACKGROUND NOISE
8563,AUTOMOTIVE ENGINEERING
4735,TRAFFIC CONTROL
4,MOTION PICTURES
1669,SURFACE MORPHOLOGY
57,SHAPE
900,SURFACE RECONSTRUCTION
498,IMAGE RESTORATION
794,IMAGE RECONSTRUCTION
3758,HISTORY
1021,IMAGE SEQUENCES
308,PIXEL
341,MOTION DETECTION
297,IMAGE SEGMENTATION
1636,POLYNOMIALS
8403,LEAST SQUARES APPROXIMATION
557,IMAGE EDGE DETECTION
308,PIXEL
5731,REDUNDANCY
269,OBJECT DETECTION
2695,MERGING
8668,HUMANOID ROBOTS
7638,ADAPTIVE FILTERS
835,IMAGE PROCESSING
300,ARTIFICIAL NEURAL NETWORKS
557,IMAGE EDGE DETECTION
1,COLOR
300,NEURAL NETWORKS
40,NEURONS
1348,GRAY-SCALE
2057,USABILITY
8591,JAVA
5487,BIOLOGICAL CELLS
504,MORPHOLOGICAL OPERATIONS
5913,GENETIC ALGORITHMS
170,COST FUNCTION
297,IMAGE SEGMENTATION
5047,ALGORITHM DESIGN AND ANALYSIS
2072,HISTOGRAMS
2785,INSTRUCTION SETS
8548,BRIDGES
280,HANDWRITING RECOGNITION
5438,SPLINE
8535,MULTI-LAYER NEURAL NETWORK
300,NEURAL NETWORKS
284,WAVELET TRANSFORMS
189,FEATURE EXTRACTION
678,SPATIAL DATABASES
57,SHAPE
775,CHARACTER RECOGNITION
1905,DATA MINING
613,IMAGE CODING
1531,PSNR
2677,FINITE ELEMENT METHODS
297,IMAGE SEGMENTATION
794,IMAGE RECONSTRUCTION
895,DIFFERENTIAL EQUATIONS
835,IMAGE PROCESSING
308,PIXEL
1288,INTERPOLATION
6163,BIT RATE
1554,PATTERN RECOGNITION
297,IMAGE SEGMENTATION
8612,ENERGY RESOLUTION
618,IMAGE RESOLUTION
189,FEATURE EXTRACTION
1905,DATA MINING
300,NEURAL NETWORKS
2136,LAYOUT
3395,SILICON COMPOUNDS
2767,BRIGHTNESS
284,WAVELET TRANSFORMS
618,IMAGE RESOLUTION
794,IMAGE RECONSTRUCTION
284,DISCRETE WAVELET TRANSFORMS
284,CONTINUOUS WAVELET TRANSFORMS
7251,IMAGING PHANTOMS
492,HEAD
3600,SIGNAL RESOLUTION
1174,TAIL
297,IMAGE SEGMENTATION
6754,PARALLEL PROCESSING
1351,IMAGE ANALYSIS
2051,LIBRARIES
560,TESTING
2136,LAYOUT
2335,REMOTE SENSING
308,PIXEL
8767,LINUX
1496,FINGERPRINT RECOGNITION
40,NEURONS
7239,SIGNAL TO NOISE RATIO
8506,OPTICAL FILTERS
308,PIXEL
5047,ALGORITHM DESIGN AND ANALYSIS
8301,OPTICAL NOISE
2388,BIOMEDICAL OPTICAL IMAGING
2051,LIBRARIES
297,IMAGE SEGMENTATION
297,IMAGE SEGMENTATION
8749,CORNEA
1669,MORPHOLOGY
1351,IMAGE ANALYSIS
1978,FILTERS
8427,OPTICAL COMPUTING
2767,BRIGHTNESS
8285,COMPUTER INDUSTRY
343,COSTS
5047,ALGORITHM DESIGN AND ANALYSIS
284,CONTINUOUS WAVELET TRANSFORMS
57,SHAPE
284,WAVELET TRANSFORMS
1351,IMAGE ANALYSIS
189,FEATURE EXTRACTION
4636,COMPUTER SCIENCE
379,COMPUTER VISION
8710,MAN MACHINE SYSTEMS
492,HEAD
3308,MOTION ANALYSIS
37,TRACKING
6127,IMAGE MOTION ANALYSIS
261,NAVIGATION
835,IMAGE PROCESSING
1905,DATA MINING
8721,MOBILE ROBOTS
5526,EYES
717,MOUTH
913,DYNAMIC PROGRAMMING
8359,ITERATIVE ALGORITHMS
379,COMPUTER VISION
308,PIXEL
8725,PHASE MEASUREMENT
560,TESTING
912,SMOOTHING METHODS
1978,FILTERS
2502,ITERATIVE METHODS
492,HEAD
1833,CASTING
261,NAVIGATION
4980,BIOPSY
77,VISUALIZATION
5,COMPUTER GRAPHICS
8453,TREE GRAPHS
8774,ENDOSCOPES
1181,COMPUTED TOMOGRAPHY
2694,MICROSCOPY
7681,ELECTRONICS PACKAGING
2377,DIGITAL IMAGES
2767,BRIGHTNESS
8525,NERVOUS SYSTEM
1978,FILTERS
8673,NOISE FIGURE
8685,BIOLOGY COMPUTING
8663,LASER NOISE
55,THREE DIMENSIONAL DISPLAYS
678,MULTIMEDIA DATABASES
678,IMAGE DATABASES
8330,MANAGEMENT INFORMATION SYSTEMS
8699,OBJECT ORIENTED MODELING
678,OBJECT ORIENTED DATABASES
678,RELATIONAL DATABASES
4822,INFORMATION SECURITY
6742,CRYPTOGRAPHY
1181,COMPUTED TOMOGRAPHY
613,IMAGE CODING
1531,PSNR
4335,FRACTALS
1523,IMAGE QUALITY
1351,IMAGE ANALYSIS
3374,BIOMEDICAL IMAGING
284,WAVELET TRANSFORMS
5,GRAPHICS
8324,WAVELET ANALYSIS
282,EDUCATION
8614,EMBRYO
8615,MPEG 4 STANDARD
2694,MICROSCOPY
77,VISUALIZATION
8495,VIRTUAL ENVIRONMENT
3374,BIOMEDICAL IMAGING
7450,BOOKS
4636,COMPUTER SCIENCE
1160,BIRDS
794,IMAGE RECONSTRUCTION
900,SURFACE RECONSTRUCTION
8701,SURGES
1882,TOPOLOGY
1099,DEFORMABLE MODELS
3510,MESH GENERATION
513,ROBUSTNESS
3799,VECTORS
3877,STRIPS
3294,INSTRUMENTS
8603,COMMUNICATION SYSTEM CONTROL
1477,CONTROL SYSTEMS
363,INTERNET
8623,EDUCATIONAL TECHNOLOGY
8751,AUGMENTED VIRTUALITY
8381,AREA MEASUREMENT
8313,SOFTWARE MEASUREMENT
2878,WEATHER FORECASTING
77,DATA VISUALIZATION
3262,METEOROLOGY
512,PREDICTIVE MODELS
4895,WRITING
3487,NUMERICAL MODELS
7253,DATA ACQUISITION
8267,INFORMATION ANALYSIS
2134,TV
77,DATA VISUALIZATION
3374,BIOMEDICAL IMAGING
8699,OBJECT ORIENTED MODELING
1344,MEDICAL DIAGNOSTIC IMAGING
576,MEDICAL DIAGNOSIS
680,MAGNETIC RESONANCE IMAGING
4460,POSITRON EMISSION TOMOGRAPHY
55,DISPLAYS
2472,MEDICAL SERVICES
2300,ANIMATION
1064,ARTIFICIAL INTELLIGENCE
8720,PETRI NETS
185,LOW EARTH ORBIT SATELLITES
344,COMPUTER ARCHITECTURE
8583,CONCRETE
2670,MATHEMATICAL MODEL
560,TESTING
5133,FEEDBACK
2136,LAYOUT
52,KERNEL
3067,HUMAN COMPUTER INTERACTION
5,COMPUTER GRAPHICS
2878,TECHNOLOGY FORECASTING
77,DATA VISUALIZATION
1895,AUGMENTED REALITY
8679,MULTIMEDIA SYSTEMS
888,VIDEOS
8510,COLLABORATIVE WORK
8534,JOINING PROCESSES
6128,NEAREST NEIGHBOR SEARCHES
2098,EUCLIDEAN DISTANCE
8761,H INFINITY CONTROL
1064,ARTIFICIAL INTELLIGENCE
449,CONVOLUTION
912,SMOOTHING METHODS
489,ENCODING
1882,TOPOLOGY
467,LABELING
8630,ELECTRICAL CAPACITANCE TOMOGRAPHY
363,INTERNET
7303,TIRES
2114,VIDEO COMPRESSION
3510,MESH GENERATION
8262,CONTEXT MODELING
3744,SURFACE CRACKS
5047,ALGORITHM DESIGN AND ANALYSIS
5,COMPUTER GRAPHICS
2206,GUIDELINES
57,SHAPE
2677,FINITE ELEMENT METHODS
754,REGION 1
1288,INTERPOLATION
2446,SCATTERING
1351,IMAGE ANALYSIS
2345,GEOLOGY
3262,METEOROLOGY
8516,DESIGN METHODOLOGY
462,PERFORMANCE ANALYSIS
2634,SIGNAL GENERATORS
2965,SIGNAL PROCESSING ALGORITHMS
8266,APPLICATION SOFTWARE
2300,ANIMATION
4239,FREQUENCY SYNCHRONIZATION
2965,SIGNAL PROCESSING
8258,LABORATORIES
1203,EAR
2965,DIGITAL SIGNAL PROCESSING
77,DATA VISUALIZATION
8691,CITIES AND TOWNS
9,HUMANS
3374,BIOMEDICAL IMAGING
1027,ART
8587,SPACE TECHNOLOGY
1202,LUNGS
8630,ELECTRICAL CAPACITANCE TOMOGRAPHY
1833,CASTING
8719,NONLINEAR EQUATIONS
8586,DIGITAL ARITHMETIC
5,COMPUTER GRAPHICS
1636,POLYNOMIALS
534,IMAGE GENERATION
4636,COMPUTER SCIENCE
5047,ALGORITHM DESIGN AND ANALYSIS
1351,IMAGE ANALYSIS
308,PIXEL
77,DATA VISUALIZATION
8630,ELECTRICAL CAPACITANCE TOMOGRAPHY
2713,DATA STRUCTURES
8330,GEOGRAPHIC INFORMATION SYSTEMS
5,COMPUTER GRAPHICS
8453,TREE GRAPHS
5,RENDERING (COMPUTER GRAPHICS)
2136,LAYOUT
2213,PERFORMANCE GAIN
8641,TREE DATA STRUCTURES
55,DISPLAYS
8495,VIRTUAL ENVIRONMENT
77,DATA VISUALIZATION
57,SHAPE
5133,FEEDBACK
5,RENDERING (COMPUTER GRAPHICS)
5,GRAPHICS
8571,WORKSTATIONS
2136,LAYOUT
8159,MEDICAL SIMULATION
1301,PARTITIONING ALGORITHMS
2725,LIGHT SOURCES
5,RENDERING (COMPUTER GRAPHICS)
2136,LAYOUT
56,CURRENT MEASUREMENT
5825,SIZE MEASUREMENT
933,PERFORMANCE EVALUATION
5,COMPUTER GRAPHICS
2299,HARDWARE
77,VISUALIZATION
5,RENDERING (COMPUTER GRAPHICS)
2713,DATA STRUCTURES
8266,APPLICATION SOFTWARE
8774,ENDOSCOPES
1523,IMAGE QUALITY
2299,HARDWARE
8472,RADIOLOGY
3374,BIOMEDICAL IMAGING
1159,FOCUSING
1099,DEFORMABLE MODELS
9,HUMANS
951,RAIN
8630,ELECTRICAL CAPACITANCE TOMOGRAPHY
2502,ITERATIVE METHODS
57,SHAPE
1669,MORPHOLOGY
953,BIOLOGICAL SYSTEM MODELING
8685,BIOLOGY COMPUTING
7253,DATA ACQUISITION
1986,IMAGE REGISTRATION
1300,CLUSTERING ALGORITHMS
8581,AUTOMATIC CONTROL
8301,OPTICAL NOISE
6127,IMAGE MOTION ANALYSIS
3672,DETECTION ALGORITHMS
3834,ANISOTROPIC MAGNETORESISTANCE
1732,DEGRADATION
8645,REACTIVE POWER
5690,DISPERSION
77,VISUALIZATION
8630,ELECTRICAL CAPACITANCE TOMOGRAPHY
1986,IMAGE REGISTRATION
8266,APPLICATION SOFTWARE
5979,DESIGN AUTOMATION
560,TESTING
2865,ROBOT SENSING SYSTEMS
1121,ROBOT VISION SYSTEMS
379,COMPUTER VISION
8258,LABORATORIES
1366,ROBOTS
8630,ELECTRICAL CAPACITANCE TOMOGRAPHY
8760,ASSOCIATIVE MEMORY
5526,EYES
8258,LABORATORIES
4636,COMPUTER SCIENCE
189,FEATURE EXTRACTION
2299,HARDWARE
5133,FEEDBACK
4480,TARGET TRACKING
2136,LAYOUT
284,WAVELET TRANSFORMS
2,STREAMING MEDIA
1021,IMAGE SEQUENCES
618,IMAGE RESOLUTION
34,REAL TIME SYSTEMS
8324,WAVELET ANALYSIS
8818,BIOLOGICAL SYSTEMS
9,HUMANS
2865,ROBOT SENSING SYSTEMS
261,NAVIGATION
1121,ROBOT VISION SYSTEMS
321,CAMERAS
8551,REMOTELY OPERATED VEHICLES
4927,GLOBAL POSITIONING SYSTEM
3850,MACHINE VISION
1905,DATA MINING
1477,CONTROL SYSTEMS
8721,MOBILE ROBOTS
3067,HUMAN COMPUTER INTERACTION
8676,CHROMIUM
2967,COMPUTER INTERFACES
513,ROBUSTNESS
34,REAL TIME SYSTEMS
461,DETECTORS
8266,APPLICATION SOFTWARE
297,IMAGE SEGMENTATION
5526,EYES
8502,OPTICAL REFLECTION
835,IMAGE PROCESSING
667,FACE DETECTION
187,FACE RECOGNITION
717,MOUTH
2218,LIGHTING
9,HUMANS
379,COMPUTER VISION
8494,PHASE DETECTION
369,IMAGE RECOGNITION
8806,DATA SECURITY
358,FREQUENCY
4636,COMPUTER SCIENCE
8761,H INFINITY CONTROL
1289,COVARIANCE MATRIX
823,IMAGE TEXTURE ANALYSIS
5938,SURFACE TEXTURE
1343,PATTERN ANALYSIS
775,CHARACTER RECOGNITION
6128,NEAREST NEIGHBOR SEARCHES
775,OPTICAL CHARACTER RECOGNITION SOFTWARE
297,IMAGE SEGMENTATION
8436,OPTICAL DISTORTION
5732,ERROR CORRECTION
560,TESTING
78,MACHINE LEARNING
8641,TREE DATA STRUCTURES
4721,VECTOR QUANTIZATION
823,IMAGE TEXTURE ANALYSIS
1351,IMAGE ANALYSIS
1534,STOCHASTIC PROCESSES
835,IMAGE PROCESSING
5047,ALGORITHM DESIGN AND ANALYSIS
5,COMPUTER GRAPHICS
4636,COMPUTER SCIENCE
146,BUILDINGS
489,ENCODING
2114,VIDEO COMPRESSION
613,IMAGE CODING
6404,TRANSFORM CODING
8587,SPACE TECHNOLOGY
8441,VIDEO SHARING
8008,COMPUTER APPLICATIONS
2377,DIGITAL IMAGES
8623,EDUCATIONAL TECHNOLOGY
282,COMPUTER SCIENCE EDUCATION
835,IMAGE PROCESSING
794,IMAGE RECONSTRUCTION
613,IMAGE CODING
284,FOURIER TRANSFORMS
557,IMAGE EDGE DETECTION
284,WAVELET TRANSFORMS
157,GEOMETRY
1348,GRAY-SCALE
8258,LABORATORIES
4335,FRACTALS
613,IMAGE CODING
5275,COMPRESSION ALGORITHMS
1523,IMAGE QUALITY
8557,IMAGE STORAGE
560,TESTING
1863,INDEXING
1301,PARTITIONING ALGORITHMS
358,FREQUENCY
1351,IMAGE ANALYSIS
8601,PUBLIC KEY
6031,WATERMARKING
8600,DIGITAL SIGNATURES
6742,PUBLIC KEY CRYPTOGRAPHY
6742,ELLIPTIC CURVE CRYPTOGRAPHY
1,COLOR
188,AUTHENTICATION
2377,DIGITAL IMAGES
1348,GRAY-SCALE
8679,MULTIMEDIA SYSTEMS
835,IMAGE PROCESSING
129,FILTERING
297,IMAGE SEGMENTATION
1978,FILTERS
57,SHAPE MEASUREMENT
794,IMAGE RECONSTRUCTION
618,IMAGE RESOLUTION
2136,LAYOUT
8630,ELECTRICAL CAPACITANCE TOMOGRAPHY
8258,LABORATORIES
1669,MORPHOLOGY
8256,NONLINEAR FILTERS
7092,BAND PASS FILTERS
129,FILTERING THEORY
3799,VECTORS
8531,MAXIMUM LIKELIHOOD DETECTION
8358,PARAMETER ESTIMATION
8794,DESIGN OPTIMIZATION
8338,PROCESS DESIGN
2790,DIGITAL FILTERS
1978,FILTERS
8423,CHARACTER GENERATION
8647,BISMUTH
1064,ARTIFICIAL INTELLIGENCE
3937,MOTION SEGMENTATION
379,COMPUTER VISION
2713,DATA STRUCTURES
5314,BOOLEAN FUNCTIONS
7033,LATTICES
5047,ALGORITHM DESIGN AND ANALYSIS
1669,MORPHOLOGY
835,IMAGE PROCESSING
379,COMPUTER VISION
6304,EXPLOSIONS
8772,INTERSYMBOL INTERFERENCE
8798,INTELLIGENT SYSTEMS
238,INTELLIGENT SENSORS
8330,INFORMATION SYSTEMS
146,BUILDINGS
794,IMAGE RECONSTRUCTION
618,IMAGE RESOLUTION
1351,IMAGE ANALYSIS
308,PIXEL
7925,IMAGE MATCHING
369,IMAGE RECOGNITION
2136,LAYOUT
130,URBAN AREAS
4704,RANDOM VARIABLES
4922,SYNTHETIC APERTURE RADAR
4922,SYNTHETIC APERTURE RADAR
130,URBAN AREAS
1161,PROPOSALS
8358,PARAMETER ESTIMATION
8469,BACKSCATTER
3375,SPECKLE
7638,ADAPTIVE FILTERS
1988,STATISTICS
8588,NOISE SHAPING
129,FILTERING ALGORITHMS
57,SHAPE
2033,NOISE REDUCTION
3600,SIGNAL RESOLUTION
1351,IMAGE ANALYSIS
1732,DEGRADATION
8355,LEAST SQUARES METHODS
8294,BAYESIAN METHODS
1289,COVARIANCE MATRIX
616,SPATIAL RESOLUTION
3799,VECTORS
1288,INTERPOLATION
534,IMAGE GENERATION
8567,FUSION POWER GENERATION
975,SATELLITES
618,IMAGE RESOLUTION
55,DISPLAYS
1,COLOR
108,VISUAL SYSTEM
728,AGING
341,MOTION DETECTION
8258,LABORATORIES
9,HUMANS
358,FREQUENCY
5236,RETINA
560,TESTING
1351,IMAGE ANALYSIS
5047,ALGORITHM DESIGN AND ANALYSIS
8535,MULTI-LAYER NEURAL NETWORK
300,NEURAL NETWORKS
1669,MORPHOLOGY
895,PARTIAL DIFFERENTIAL EQUATIONS
504,MORPHOLOGICAL OPERATIONS
3834,ANISOTROPIC MAGNETORESISTANCE
297,IMAGE SEGMENTATION
1554,PATTERN RECOGNITION
8720,PETRI NETS
2300,FACIAL ANIMATION
293,EQUATIONS
2670,MATHEMATICAL MODEL
2136,LAYOUT
8583,CONCRETE
8285,COMPUTER INDUSTRY
5979,AUTOMATION
5,COMPUTER GRAPHICS
158,COMPUTATIONAL MODELING
8646,RADIO ACCESS NETWORKS
8645,REACTIVE POWER
52,KERNEL
129,FILTERING
4704,RANDOM VARIABLES
2790,DIGITAL FILTERS
549,OPTIMIZED PRODUCTION TECHNOLOGY
4895,WRITING
1005,QUANTIZATION
297,IMAGE SEGMENTATION
1978,FILTERS
321,CAMERAS
8441,VIDEO SHARING
6114,DISTRIBUTED COMPUTING
8510,COLLABORATIVE WORK
8642,DESIGN ENGINEERING
8516,DESIGN METHODOLOGY
8768,PUBLISHING
7450,BOOKS
794,IMAGE RECONSTRUCTION
77,VISUALIZATION
1181,COMPUTED TOMOGRAPHY
8266,APPLICATION SOFTWARE
1288,INTERPOLATION
985,SOIL
7251,IMAGING PHANTOMS
2936,X-RAYS
293,EQUATIONS
3633,CALIBRATION
321,DIGITAL CAMERAS
8630,ELECTRICAL CAPACITANCE TOMOGRAPHY
2670,MATHEMATICAL MODEL
900,SURFACE RECONSTRUCTION
57,SHAPE MEASUREMENT
8815,READ ONLY MEMORY
167,PROTOTYPES
794,IMAGE RECONSTRUCTION
794,IMAGE RECONSTRUCTION
1099,DEFORMABLE MODELS
1905,DATA MINING
57,SHAPE
54,SOLID MODELING
900,SURFACE RECONSTRUCTION
1882,TOPOLOGY
297,IMAGE SEGMENTATION
240,SURGERY
1036,DATA ANALYSIS
8190,ATTENUATION
985,SOIL
1181,COMPUTED TOMOGRAPHY
3294,INSTRUMENTS
308,PIXEL
293,EQUATIONS
7251,IMAGING PHANTOMS
129,FILTERING
54,SOLID MODELING
1351,IMAGE ANALYSIS
57,SHAPE
297,IMAGE SEGMENTATION
557,IMAGE EDGE DETECTION
895,PARTIAL DIFFERENTIAL EQUATIONS
8588,NOISE SHAPING
2694,MICROSCOPY
794,IMAGE RECONSTRUCTION
912,SMOOTHING METHODS
77,VISUALIZATION
8365,TIN
8467,COMPUTER ERRORS
8585,GREEDY ALGORITHMS
5,COMPUTER GRAPHICS
8266,APPLICATION SOFTWARE
54,SOLID MODELING
157,GEOMETRY
1882,TOPOLOGY
2727,SAMPLING METHODS
900,SURFACE RECONSTRUCTION
5047,ALGORITHM DESIGN AND ANALYSIS
5837,PETROLEUM
8641,TREE DATA STRUCTURES
1863,INDEXING
3510,MESH GENERATION
4636,COMPUTER SCIENCE
4116,DELAY
2713,DATA STRUCTURES
54,SOLID MODELING
1636,POLYNOMIALS
2713,DATA STRUCTURES
5314,BOOLEAN FUNCTIONS
8642,DESIGN ENGINEERING
5047,ALGORITHM DESIGN AND ANALYSIS
167,PROTOTYPES
8719,NONLINEAR EQUATIONS
7128,ENGINES
8516,DESIGN METHODOLOGY
157,GEOMETRY
343,COSTS
8643,PRODUCT DESIGN
5133,FEEDBACK
77,DATA VISUALIZATION
5,RENDERING (COMPUTER GRAPHICS)
34,REAL TIME SYSTEMS
5,COMPUTER GRAPHICS
8785,ENVIRONMENTAL MANAGEMENT
8495,VIRTUAL ENVIRONMENT
2136,LAYOUT
8630,ELECTRICAL CAPACITANCE TOMOGRAPHY
678,DATABASES
8695,AEROSPACE SIMULATION
8515,COMPUTER DISPLAYS
8761,H INFINITY CONTROL
2900,SWITCHES
5,COMPUTER GRAPHICS
55,THREE DIMENSIONAL DISPLAYS
1174,TAIL
77,DATA VISUALIZATION
4636,COMPUTER SCIENCE
4895,WRITING
167,PROTOTYPES
77,DATA VISUALIZATION
5,COMPUTER GRAPHICS
860,VISUAL PERCEPTION
8515,COMPUTER DISPLAYS
1697,HUMAN FACTORS
343,COSTS
7402,NUMERICAL SIMULATION
1474,TEMPERATURE
1889,TENSILE STRESS
2206,GUIDELINES
1115,HOLOGRAPHY
77,VISUALIZATION
2136,LAYOUT
3848,LENSES
8630,ELECTRICAL CAPACITANCE TOMOGRAPHY
6858,DIFFRACTION GRATINGS
1477,CONTROL SYSTEMS
8729,MIRRORS
1372,ASSEMBLY
2676,PHYSICS
77,DATA VISUALIZATION
2345,GEOLOGY
1288,INTERPOLATION
5837,PETROLEUM
1036,DATA ANALYSIS
530,INFORMATION RETRIEVAL
1816,HYDROCARBON RESERVOIRS
5,GRAPHICS
8815,READ ONLY MEMORY
2446,SCATTERING
77,DATA VISUALIZATION
55,DISPLAYS
9,HUMANS
5,COMPUTER GRAPHICS
167,PROTOTYPES
8266,APPLICATION SOFTWARE
462,PERFORMANCE ANALYSIS
7402,NUMERICAL SIMULATION
1733,VIRTUAL REALITY
8495,VIRTUAL ENVIRONMENT
8571,WORKSTATIONS
4116,DELAY
2299,HARDWARE
158,COMPUTATIONAL MODELING
678,DATABASES
3612,LOAD MODELING
4132,SYSTEM PERFORMANCE
613,IMAGE CODING
8319,IMAGE SAMPLING
1288,INTERPOLATION
7352,PIECEWISE LINEAR APPROXIMATION
7352,LINEAR APPROXIMATION
6404,TRANSFORM CODING
8557,IMAGE STORAGE
9,HUMANS
860,VISUAL PERCEPTION
613,IMAGE CODING
7704,TAYLOR SERIES
6404,TRANSFORM CODING
1288,INTERPOLATION
1,COLOR
794,IMAGE RECONSTRUCTION
5281,DATA COMPRESSION
9,HUMANS
1124,ROOT MEAN SQUARE
4335,FRACTALS
1288,INTERPOLATION
613,IMAGE CODING
3600,SIGNAL RESOLUTION
1351,IMAGE ANALYSIS
1978,FILTERS
618,IMAGE RESOLUTION
8557,IMAGE STORAGE
794,IMAGE RECONSTRUCTION
8630,ELECTRICAL CAPACITANCE TOMOGRAPHY
5,COMPUTER GRAPHICS
57,SHAPE
8266,APPLICATION SOFTWARE
2300,ANIMATION
3374,BIOMEDICAL IMAGING
7681,PACKAGING
321,CAMERAS
5,RENDERING (COMPUTER GRAPHICS)
34,REAL TIME SYSTEMS
2300,FACIAL ANIMATION
8591,JAVA
717,MOUTH
1064,ARTIFICIAL INTELLIGENCE
363,INTERNET
8572,PERSONAL COMMUNICATION NETWORKS
8571,WORKSTATIONS
8266,APPLICATION SOFTWARE
1733,VIRTUAL REALITY
678,DATABASES
4115,NETWORK SERVERS
8266,APPLICATION SOFTWARE
8627,WEB SERVER
4115,FILE SERVERS
343,COSTS
8571,WORKSTATIONS
317,ACCESS PROTOCOLS
8807,WATCHES
2136,LAYOUT
2300,ANIMATION
54,SOLID MODELING
8266,APPLICATION SOFTWARE
2713,DATA STRUCTURES
4636,COMPUTER SCIENCE
1301,PARTITIONING ALGORITHMS
549,PRODUCTION
8515,COMPUTER DISPLAYS
2206,GUIDELINES
158,COMPUTATIONAL MODELING
2300,ANIMATION
5,COMPUTER GRAPHICS
2213,PERFORMANCE GAIN
1733,VIRTUAL REALITY
2674,COMPUTER SIMULATION
1161,PROPOSALS
884,COHERENCE
8666,DISCRETE EVENT SIMULATION
1367,OBJECT RECOGNITION
8630,ELECTRICAL CAPACITANCE TOMOGRAPHY
369,IMAGE RECOGNITION
187,FACE RECOGNITION
2136,LAYOUT
5236,RETINA
108,VISUAL SYSTEM
831,ANIMALS
1554,PATTERN RECOGNITION
560,TESTING
379,COMPUTER VISION
461,DETECTORS
8524,GENETICS
667,FACE DETECTION
8630,ELECTRICAL CAPACITANCE TOMOGRAPHY
8440,NOISE LEVEL
8266,APPLICATION SOFTWARE
6987,LEARNING SYSTEMS
1905,DATA MINING
369,IMAGE RECOGNITION
1351,IMAGE ANALYSIS
1554,PATTERN RECOGNITION
5979,DESIGN AUTOMATION
1988,STATISTICS
297,IMAGE SEGMENTATION
8541,SYSTEM TESTING
297,IMAGE SEGMENTATION
3720,SURFACE TREATMENT
57,SHAPE
794,IMAGE RECONSTRUCTION
900,SURFACE RECONSTRUCTION
2446,SCATTERING
3834,ANISOTROPIC MAGNETORESISTANCE
8453,TREE GRAPHS
2695,MERGING
467,LABELING
1905,DATA MINING
8423,CHARACTER GENERATION
1523,IMAGE QUALITY
6289,TEXT ANALYSIS
1351,IMAGE ANALYSIS
835,IMAGE PROCESSING
5979,AUTOMATION
3006,CLUSTERING METHODS
304,IMAGE CLASSIFICATION
379,COMPUTER VISION
261,NAVIGATION
321,CAMERAS
2865,ROBOT SENSING SYSTEMS
1121,ROBOT VISION SYSTEMS
7997,AIRCRAFT PROPULSION
8266,APPLICATION SOFTWARE
8258,LABORATORIES
8630,ELECTRICAL CAPACITANCE TOMOGRAPHY
369,IMAGE RECOGNITION
8630,ELECTRICAL CAPACITANCE TOMOGRAPHY
2377,DIGITAL IMAGES
1351,IMAGE ANALYSIS
5979,AUTOMATION
8558,LARGE-SCALE SYSTEMS
8581,AUTOMATIC CONTROL
189,FEATURE EXTRACTION
679,STATISTICAL ANALYSIS
8328,AUTOMATIC TESTING
3375,SPECKLE
7638,ADAPTIVE FILTERS
129,FILTERING
1300,CLUSTERING ALGORITHMS
557,IMAGE EDGE DETECTION
1988,STATISTICS
8358,PARAMETER ESTIMATION
8675,STATISTICAL DISTRIBUTIONS
3611,LASER RADAR
9,HUMANS
7094,FREQUENCY RESPONSE
8180,POWER HARMONIC FILTERS
8598,NARROWBAND
560,TESTING
108,VISUAL SYSTEM
293,EQUATIONS
238,IMAGE SENSORS
560,TESTING
4636,COMPUTER SCIENCE
8359,ITERATIVE ALGORITHMS
8258,LABORATORIES
1189,PROBABILITY DENSITY FUNCTION
238,MAGNETIC SENSORS
1099,DEFORMABLE MODELS
680,MAGNETIC RESONANCE
3988,POSITION MEASUREMENT
1532,INVERSE PROBLEMS
2676,PHYSICS
2432,ELECTROENCEPHALOGRAPHY
8258,LABORATORIES
2447,BRAIN MAPPING
6514,HOSPITALS
1064,ARTIFICIAL INTELLIGENCE
8652,CYBERNETICS
1532,INVERSE PROBLEMS
5073,MAGNETIC FIELD MEASUREMENT
2676,PHYSICS
56,CURRENT MEASUREMENT
5870,SCALP
1064,ARTIFICIAL INTELLIGENCE
8652,CYBERNETICS
5437,MATHEMATICS
2447,BRAIN MAPPING
57,SHAPE MEASUREMENT
5938,SURFACE TEXTURE
7957,DISTORTION MEASUREMENT
358,FREQUENCY
157,GEOMETRY
8819,SPECTRAL ANALYSIS
4636,COMPUTER SCIENCE
8592,PSYCHOLOGY
297,IMAGE SEGMENTATION
284,FOURIER TRANSFORMS
8630,ELECTRICAL CAPACITANCE TOMOGRAPHY
5938,SURFACE TEXTURE
57,SHAPE
157,GEOMETRY
54,SOLID MODELING
4636,COMPUTER SCIENCE
5,COMPUTER GRAPHICS
343,COSTS
959,MONITORING
57,SHAPE
379,COMPUTER VISION
1351,IMAGE ANALYSIS
678,SPATIAL DATABASES
8266,APPLICATION SOFTWARE
8475,CELLS (BIOLOGY)
8258,LABORATORIES
678,IMAGE DATABASES
34,REAL TIME SYSTEMS
363,INTERNET
2072,HISTOGRAMS
811,IMAGE RETRIEVAL
933,PERFORMANCE EVALUATION
530,INFORMATION RETRIEVAL
2051,SOFTWARE LIBRARIES
2377,DIGITAL IMAGES
6285,CONTENT BASED RETRIEVAL
363,INTERNET
678,IMAGE DATABASES
811,IMAGE RETRIEVAL
530,INFORMATION RETRIEVAL
678,IMAGE DATABASES
2072,HISTOGRAMS
189,FEATURE EXTRACTION
678,SPATIAL DATABASES
6285,CONTENT BASED RETRIEVAL
8243,STEREO VISION
391,VIDEO SEQUENCES
2377,DIGITAL IMAGES
321,CAMERAS
3633,CALIBRATION
2136,LAYOUT
8355,LEAST SQUARES METHODS
8266,APPLICATION SOFTWARE
1351,IMAGE ANALYSIS
3848,LENSES
534,IMAGE GENERATION
379,COMPUTER VISION
54,SOLID MODELING
321,DIGITAL CAMERAS
3848,LENSES
3633,CALIBRATION
2051,SOFTWARE LIBRARIES
8630,ELECTRICAL CAPACITANCE TOMOGRAPHY
8436,OPTICAL DISTORTION
57,SHAPE
4636,COMPUTER SCIENCE
1351,IMAGE ANALYSIS
794,IMAGE RECONSTRUCTION
794,IMAGE RECONSTRUCTION
379,COMPUTER VISION
57,SHAPE
8630,ELECTRICAL CAPACITANCE TOMOGRAPHY
2136,LAYOUT
8243,STEREO VISION
8512,INFORMATION RESOURCES
532,DOCUMENTATION
530,INFORMATION RETRIEVAL
811,IMAGE RETRIEVAL
913,DYNAMIC PROGRAMMING
1882,TOPOLOGY
618,IMAGE RESOLUTION
2713,DATA STRUCTURES
557,IMAGE EDGE DETECTION
8349,PHOTOMETRY
321,CAMERAS
157,GEOMETRY
7681,PACKAGING
8630,ELECTRICAL CAPACITANCE TOMOGRAPHY
344,COMPUTER ARCHITECTURE
8685,BIOLOGY COMPUTING
379,COMPUTER VISION
2865,ROBOT SENSING SYSTEMS
8787,CONTROL THEORY
8592,PSYCHOLOGY
5214,HAPTIC INTERFACES
8682,INFORMATION PROCESSING
953,BIOLOGICAL SYSTEM MODELING
158,COMPUTATIONAL MODELING
31,PIPELINES
57,SHAPE
8460,STEREO IMAGE PROCESSING
2136,LAYOUT
794,IMAGE RECONSTRUCTION
8258,LABORATORIES
8630,ELECTRICAL CAPACITANCE TOMOGRAPHY
5,COMPUTER GRAPHICS
1366,ROBOTS
1669,MORPHOLOGY
1351,IMAGE ANALYSIS
8630,ELECTRICAL CAPACITANCE TOMOGRAPHY
1348,GRAY-SCALE
1,IMAGE COLOR ANALYSIS
504,MORPHOLOGICAL OPERATIONS
8772,INTERSYMBOL INTERFERENCE
8798,INTELLIGENT SYSTEMS
238,INTELLIGENT SENSORS
8330,INFORMATION SYSTEMS
8505,SCHOLARSHIPS
57,SHAPE
4376,DECISION SUPPORT SYSTEMS
280,HANDWRITING RECOGNITION
549,PRODUCTION
4895,WRITING
1669,MORPHOLOGY
57,SHAPE
1027,ART
2694,MICROSCOPY
297,IMAGE SEGMENTATION
1669,MORPHOLOGY
1978,FILTERS
8636,MICROSTRUCTURE
8745,CERAMICS
8749,CORNEA
8475,CELLS (BIOLOGY)
297,IMAGE SEGMENTATION
1749,QUALITY ASSESSMENT
2114,VIDEO COMPRESSION
5353,VIDEO CODECS
2136,LAYOUT
736,VIDEO CODING
2205,CODE STANDARDS
912,SMOOTHING METHODS
52,KERNEL
57,SHAPE
8290,MULTIDIMENSIONAL SYSTEMS
504,MORPHOLOGICAL OPERATIONS
1348,GRAY-SCALE
5437,MATHEMATICS
2514,FUZZY SETS
67,MEASUREMENT TECHNIQUES
1554,PATTERN RECOGNITION
8344,AIRPORTS
7065,FILLING
2299,HARDWARE
513,ROBUSTNESS
57,SHAPE
5,GRAPHICS
8810,PAGE DESCRIPTION LANGUAGES
157,COMPUTATIONAL GEOMETRY
8330,INFORMATION SYSTEMS
3395,SILICON
2123,ARITHMETIC
1351,IMAGE ANALYSIS
157,GEOMETRY
5,COMPUTER GRAPHICS
5,RENDERING (COMPUTER GRAPHICS)
2136,LAYOUT
308,PIXEL
2790,DIGITAL FILTERS
8319,IMAGE SAMPLING
8330,INFORMATION SYSTEMS
1005,QUANTIZATION
1833,CASTING
5,RENDERING (COMPUTER GRAPHICS)
5047,ALGORITHM DESIGN AND ANALYSIS
8266,APPLICATION SOFTWARE
0,GAMES
8330,GEOGRAPHIC INFORMATION SYSTEMS
5,GRAPHICS
77,VISUALIZATION
8330,INFORMATION SYSTEMS
8817,MICROCOMPUTERS
913,PROGRAMMING PROFESSION
5,COMPUTER GRAPHICS
2136,LAYOUT
2051,SOFTWARE LIBRARIES
8424,GRAPHICAL USER INTERFACES
8266,APPLICATION SOFTWARE
8763,EDUCATIONAL PROGRAMS
913,DYNAMIC PROGRAMMING
5,RENDERING (COMPUTER GRAPHICS)
913,OBJECT ORIENTED PROGRAMMING
2136,LAYOUT
8591,JAVA
8659,WORLD WIDE WEB
8266,APPLICATION SOFTWARE
238,TACTILE SENSORS
3493,ACCELERATION
77,DATA VISUALIZATION
8793,HTML
5,GRAPHICS
2300,ANIMATION
2300,ANIMATION
8591,JAVA
8699,OBJECT ORIENTED MODELING
2136,LAYOUT
8285,COMPUTER INDUSTRY
5979,AUTOMATION
4636,COMPUTER SCIENCE
5,COMPUTER GRAPHICS
1733,VIRTUAL REALITY
8567,POWER GENERATION
2300,ANIMATION
344,COMPUTER ARCHITECTURE
8424,USER INTERFACES
167,PROTOTYPES
3988,POSITION MEASUREMENT
238,MAGNETIC SENSORS
5073,MAGNETIC FIELD MEASUREMENT
77,DATA VISUALIZATION
8814,MOTION CONTROL
8424,GRAPHICAL USER INTERFACES
1099,DEFORMABLE MODELS
157,GEOMETRY
54,SOLID MODELING
2300,ANIMATION
8584,SURFACE RESISTANCE
293,EQUATIONS
1889,TENSILE STRESS
4747,IMMUNE SYSTEM
677,ANALYTICAL MODELS
57,SHAPE
57,SHAPE
2284,SKELETON
953,BIOLOGICAL SYSTEM MODELING
5,COMPUTER GRAPHICS
54,SOLID MODELING
2670,MATHEMATICAL MODEL
9,HUMANS
1353,LIQUIDS
2300,ANIMATION
8509,CONTROLLABILITY
157,COMPUTATIONAL GEOMETRY
31,PIPELINES
1636,POLYNOMIALS
5047,ALGORITHM DESIGN AND ANALYSIS
2713,DATA STRUCTURES
57,SHAPE
5,GRAPHICS
343,COSTS
293,EQUATIONS
54,SOLID MODELING
8330,GEOGRAPHIC INFORMATION SYSTEMS
157,GEOMETRY
560,TESTING
8761,H INFINITY CONTROL
513,ROBUSTNESS
5659,ROBOT KINEMATICS
975,SATELLITES
1905,DATA MINING
8266,APPLICATION SOFTWARE
8695,AEROSPACE SIMULATION
8258,LABORATORIES
343,COSTS
8817,MICROCOMPUTERS
158,COMPUTATIONAL MODELING
8330,INFORMATION SYSTEMS
77,DATA VISUALIZATION
57,SHAPE
77,DATA VISUALIZATION
677,ANALYTICAL MODELS
1036,DATA ANALYSIS
534,IMAGE GENERATION
8486,SURFACE FITTING
1361,ISOSURFACES
7127,CLOUDS
4636,COMPUTER SCIENCE
4330,PROJECTION ALGORITHMS
1351,IMAGE ANALYSIS
77,DATA VISUALIZATION
2136,LAYOUT
266,VEHICLES
934,TRANSMISSION LINES
8695,AEROSPACE SIMULATION
5938,SURFACE TEXTURE
534,IMAGE GENERATION
2218,LIGHTING
1833,CASTING
261,NAVIGATION
794,IMAGE RECONSTRUCTION
1288,INTERPOLATION
985,SOIL
1181,COMPUTED TOMOGRAPHY
5438,SPLINE
8266,APPLICATION SOFTWARE
3374,BIOMEDICAL IMAGING
8190,ATTENUATION
8324,WAVELET ANALYSIS
217,ENTROPY
8267,INFORMATION ANALYSIS
284,WAVELET TRANSFORMS
1441,MULTIRESOLUTION ANALYSIS
77,DATA VISUALIZATION
5,RENDERING (COMPUTER GRAPHICS)
8443,SYSTEMS ENGINEERING AND THEORY
1905,DATA MINING
835,IMAGE PROCESSING
3849,IMAGE FUSION
59,UNCERTAINTY
3374,BIOMEDICAL IMAGING
1121,ROBOT VISION SYSTEMS
8594,KNOWLEDGE BASED SYSTEMS
1064,ARTIFICIAL INTELLIGENCE
2514,FUZZY SETS
975,SATELLITES
297,IMAGE SEGMENTATION
524,MAMMOGRAPHY
2072,HISTOGRAMS
7971,BREAST TISSUE
9,HUMANS
5047,ALGORITHM DESIGN AND ANALYSIS
514,LESIONS
8268,IMAGE CONVERTERS
519,BREAST CANCER
8359,ITERATIVE ALGORITHMS
297,IMAGE SEGMENTATION
8524,GENETICS
129,FILTERING ALGORITHMS
1343,PATTERN ANALYSIS
8419,BIOCHEMISTRY
9,HUMANS
1300,CLUSTERING ALGORITHMS
7628,DNA
40,NEURONS
462,PERFORMANCE ANALYSIS
9,HUMANS
297,IMAGE SEGMENTATION
8475,CELLS (BIOLOGY)
57,SHAPE MEASUREMENT
755,BINARY TREES
2694,OPTICAL MICROSCOPY
8652,CYBERNETICS
8423,CHARACTER GENERATION
54,SOLID MODELING
8266,APPLICATION SOFTWARE
794,IMAGE RECONSTRUCTION
57,SHAPE
8588,NOISE SHAPING
2694,TRANSMISSION ELECTRON MICROSCOPY
597,COMPUTATIONAL EFFICIENCY
953,BIOLOGICAL SYSTEM MODELING
379,COMPUTER VISION
1669,MORPHOLOGY
344,COMPUTER ARCHITECTURE
2713,DATA STRUCTURES
794,IMAGE RECONSTRUCTION
835,IMAGE PROCESSING
8796,FORMAL LANGUAGES
759,VOCABULARY
1669,MORPHOLOGY
7033,LATTICES
1348,GRAY-SCALE
2335,REMOTE SENSING
3651,PATTERN MATCHING
835,IMAGE PROCESSING
1986,IMAGE REGISTRATION
65,CORRELATION
1499,GAUSSIAN NOISE
794,IMAGE RECONSTRUCTION
7033,LATTICES
8468,POWER SYSTEM MODELING
1669,MORPHOLOGY
835,IMAGE PROCESSING
2670,MATHEMATICAL MODEL
129,INFORMATION FILTERING
8523,INFORMATION FILTERS
297,IMAGE SEGMENTATION
1905,DATA MINING
1351,IMAGE ANALYSIS
497,INSPECTION
835,IMAGE PROCESSING
8844,CIRCUIT TESTING
3651,PATTERN MATCHING
1669,MORPHOLOGY
1613,PRINTED CIRCUITS
1161,PROPOSALS
613,IMAGE CODING
8267,INFORMATION ANALYSIS
613,IMAGE CODING
8514,FILTER BANK
8319,IMAGE SAMPLING
794,IMAGE RECONSTRUCTION
129,FILTERING THEORY
5281,DATA COMPRESSION
8729,MIRRORS
1351,IMAGE ANALYSIS
2727,SAMPLING METHODS
1,COLOR
1005,QUANTIZATION
613,IMAGE CODING
1300,CLUSTERING ALGORITHMS
835,IMAGE PROCESSING
5,COMPUTER GRAPHICS
8515,COMPUTER DISPLAYS
6637,OPTIMIZATION METHODS
2377,DIGITAL IMAGES
308,PIXEL
4922,SYNTHETIC APERTURE RADAR
304,IMAGE CLASSIFICATION
1348,GRAY-SCALE
1351,IMAGE ANALYSIS
238,IMAGE SENSORS
8633,RADAR IMAGING
238,OPTICAL SENSORS
835,IMAGE PROCESSING
560,TESTING
975,SATELLITES
284,WAVELET TRANSFORMS
1986,IMAGE REGISTRATION
835,IMAGE PROCESSING
2335,REMOTE SENSING
238,IMAGE SENSORS
8465,MULTISPECTRAL IMAGING
1064,ARTIFICIAL INTELLIGENCE
1441,MULTIRESOLUTION ANALYSIS
8324,WAVELET ANALYSIS
6006,RAY TRACING
2858,DIRECT VOLUME RENDERING
77,VOLUME VISUALIZATION
2858,PARALLEL VOLUME RENDERING
8875,HOLOPROJECTION SCREEN
77,VISUALIZATION
1554,PATTERN RECOGNITION
1,IMAGE
65,CORRELATION
5739,COLOR SEGMENTATION
300,NEURAL NETWORKS
2400,SELF-ORGANIZING MAPS
81,CLASSIFICATION
2235,K-MEANS SEGMENTATION
77,DATA EXPLORATION AND VISUALIZATION
8877,CLUSTER ANALYSIS
8885,VISUAL INTERACTIVE SIMULATION AND MODELING
8349,PHOTOMETRY
77,SCIENTIFIC VISUALIZATION
835,IMAGE PROCESSING
3262,METEOROLOGY
103,PARAMETRIC SURFACES
7365,POLYGONAL APPROXIMATION
4531,MORPHING
1288,SHAPE INTERPOLATION
4356,TRIANGULATION
1839,APPROXIMATION
1986,IMAGE REGISTRATION
527,MEDICAL IMAGING
1361,ISOSURFACES
4562,TETRAHEDRAL CELLS
77,VOLUME VISUALIZATION
58,ISO-SURFACE
58,ISO-VOLUME
7817,UNSTRUCTURED MESH
2677,FINITE ELEMENT
1441,MULTIRESOLUTION
678,GEOGRAPHICAL DATABASES
5,COMPUTER GRAPHICS
835,IMAGE PROCESSING
835,IMAGE PROCESSING
1669,MATHEMATICAL MORPHOLOGY
2335,REMOTE SENSING
118,RADAR
5,COMPUTER GRAPHICS
2300,MODELED ANIMATION
2300,BEHAVIORAL ANIMATION
2300,BEHAVIORAL ANIMATION
2300,REAL-TIME ANIMATION
913,PARALLEL PROGRAMMING
808,FRACTAL IMAGE COMPRESSION
2300,ANIMATION
868,SIMULATION
1854,COLLISION
1864,GRAVITY
2300,ANIMATION
868,SIMULATION
2300,COMPUTER ANIMATION
2292,MOTION CAPTURE
7772,DTM (DIGITAL TERRAIN MODEL)
7772,TERRAIN MODELS
77,GAME VISUALIZATION
5,RENDERING
1393,COMPUTER GRAPHICS APPLICATIONS
1650,SISTEMAS CAD
2828,MULTISCALE
1350,FRACTAL DIMENSION
297,AUTOMATION OF IMAGE SEGMENTATION
8084,WATERSHEDS
304,IMAGE CLASSIFICATION
1669,MATHEMATICAL MORPHOLOGY
1102,MATCHING
835,IMAGE PROCESSING
1288,INTERPOLATION
794,IMAGE RECONSTRUCTION IN REAL TIME
8955,IMAGE RECONSTRUCTOR
3850,MACHINE VISION
2156,MUSIC
1027,ART
1181,COMPUTED TOMOGRAPHY
680,MAGNETIC RESONANCE
1523,IMAGE QUALITY ASSESSMENT
129,MORPHOLOGICAL FILTERING
1669,MATHEMATICAL MORPHOLOGY
835,IMAGE PROCESSING
1669,MATHEMATICAL MORPHOLOGY
6224,PARALLEL ALGORITHM
2354,BINARY IMAGES
1669,MATHEMATICAL MORPHOLOGY
2354,CONTOURS OF BINARY IMAGE
1669,MATHEMATICAL MORPHOLOGY
2,IMAGE ANALYSIS OF POROUS MEDIA
808,IMAGE COMPRESSION
2455,SIGNATURE VERIFICATION
835,IMAGE PROCESSING
8969,ESTIMACAO DE MOVIMENTOS COMPLEXOS
2514,FUZZY SETS
4356,TRIANGULATION
3759,POLYGON
8943,TRIANGULACAO DE DELAUNAY
8271,POLYGONIZATION
103,IMPLICIT SURFACES
297,IMAGE SEGMENTATION
297,MULTISPECTRAL IMAGE SEGMENTATION
1350,FRACTAL DIMENSION
5779,TEXTURE CLASSIFICATION
2972,SHAPE ANALYSIS
253,SEGMENTATION
8979,ANALISE DE TEXTURA EM IMAGENS
2300,COMPUTER ANIMATION
54,MODELING
2300,BEHAVIORAL ANIMATION
8495,VIRTUAL ENVIRONMENT
2300,FACIAL ANIMATION
620,FACIAL EXPRESSIONS
1350,FRACTAL DIMENSION
1269,BOUNDARY DETECTION ALGORITHM
8855,PARALLEL ARCHITECTURE
771,OPTICAL FLOW
8394,PHOTOMETRIC STEREO
8408,RANGE IMAGE
297,RANGE IMAGE SEGMENTATION
239,RECONSTRUCTION
822,CLUSTERING
508,EDGE DETECTION
913,VISUAL PROGRAMMING
6659,USER INTERFACE
9012,INTERFACES GRAFICAS INTERATIVAS
77,VISUALIZATION SYSTEMS
835,IMAGE PROCESSING
527,MEDICAL IMAGING
297,IMAGE SEGMENTATION
5,COMPUTER GRAPHICS
77,VOLUME VISUALIZATION
2858,VOLUME RENDERING
8966,COMPRESSAO DE IMAGENS
7357,ESTIMATION METHODS
9024,RESTAURACAO DE IMAGENS FUNCIONAIS
77,VOLUME VISUALIZATION
54,MODELING
7431,OCTREES
77,VISUALIZATION
77,FLOW VISUALIZATION
5,COMPUTER GRAPHICS
6318,STREAMLINES
5,RENDERING
5,COMPUTER GRAPHICS
913,PROGRAMMING LANGUAGE
9065,SISTEMA PARA VISUALIZACAO DE DADOS METEOROLOGICOS
9065,SISTEMA PARA EXPLORACAO DE DADOS METEOROLOGICOS
8223,RADIOSITY
2218,REVERSE LIGHTING DESIGN
2218,LIGHTING 3D ENVIRONMENTS
9027,PROCESSAMENTO DIGITAL
9067,PROCESSAMENTO DE IMAGENS
8971,CODIFICACAO DE IMAGENS
9067,PRE-PROCESSAMENTO DE IMAGENS
9027,PROCESSAMENTO DIGITAL
9067,PROCESSAMENTO DE IMAGENS
9077,SECOES SERIADAS
9067,PROCESSAMENTO DE IMAGENS
1021,IMAGE SEQUENCES
8394,DISPARITY-BASED PHOTOMETRIC STEREO
379,COMPUTER VISION
9086,SISTEMA DE VISAO ARTIFICIAL
8948,RECONHECIMENTO DE OBJETOS
9089,FUNCTION NEURAL
4429,IMAGE UNDERSTANDING
8948,RECONHECIMENTO DE OBJETOS
4918,MULTIPLE SCALES
891,IMPLICIT FUNCTION MODEL
6006,RAY TRACING
77,VOLUME VISUALIZATION
9096,L-SYSTEMS
5,COMPUTER GRAPHICS
9096,L-SYSTEMS IN 2 SPACE
9096,L-SYSTEMS IN 3 SPACE
6486,GEOMETRIC MODELING
2300,ANIMATION CONTROL
2300,MODELING AND ANIMATION
9102,SLANT HAAR TRANSFORM
2377,DIGITAL IMAGES
42,IMAGING
9067,PROCESSAMENTO DE IMAGENS
8980,MORFOLOGIA MATEMATICA
4922,SYNTHETIC APERTURE RADAR
3375,SPECKLE
129,FILTERING
508,EDGE DETECTION
5345,POINT SPREAD FUNCTION
2136,LAYOUT ABSTRATO
9096,L-SYSTEMS
9060,VISUALIZACAO
8330,GEOGRAPHICAL INFORMATION SYSTEMS
9147,VARIACAO DO TAMANHO DO PONTO FOCAL
2364,VISUAL PROCESSING
2158,MICROCANONICAL OPTIMIZATION ALGORITHM
9067,PROCESSAMENTO DE IMAGENS
2858,DIRECT VOLUME RENDERING
77,HIGH PERFORMANCE VISUALIZATION
6006,PARAMETERIZED RAY TRACING
8223,RADIOSITY
796,REALISTIC IMAGERY
8223,RECONSTRUCTION IN RADIOSITY
1288,SURFACE INTERPOLATION
6486,GEOMETRIC MODELING
9115,MODELAGEM DE SOLIDOS
1833,RAY CASTING
1833,OTIMIZACAO DO ALGORITMO DE RAY CASTING
9062,ESTRUTURA DE DADOS
9181,ARMAZENAMENTO DE DADOS ESPACIAIS
9181,EXIBICAO DE DADOS ESPACIAIS
9181,ANALISE DE DADOS ESPACIAIS
9033,ALGORITMO SCAN-LINE
4531,MORPHING
8943,TRIANGULACAO DE DELAUNAY
6006,RAY TRACING PARAMETRIZADO
8966,COMPRESSAO DE IMAGENS DIGITAIS
9192,VISUALIZACAO DE IMAGENS MEDICAS
9201,CONTROLADOR DE PLATAFORMA MOVEL
9204,SIMULACAO DE MOVIMENTOS REALISTICOS
1548,DYNAMICS
6006,RAY TRACING
5,COMPUTER GRAPHICS
7431,CONSTRUCTION OF OCTREES
103,IMPLICIT SURFACES
2123,ARITHMETIC
8966,COMPRESSAO DE IMAGENS
9067,PROCESSAMENTO DE IMAGENS
9094,B-SPLINES
9067,PROCESSAMENTO DE IMAGENS
9027,PROCESSAMENTO DIGITAL
9067,PROCESSAMENTO DE IMAGENS
835,IMAGE PROCESSING
3429,VISUAL REPRESENTATIONS
77,ANIMATION AND SCIENTIFIC VISUALIZATION
77,SCIENTIFIC VISUALIZATION
8994,ANIMACAO
2300,COMPUTER ANIMATION
2300,COMPUTER ANIMATION TECHNIQUES
8941,INTERPOLACAO DE IMAGENS
1669,MATHEMATICAL MORPHOLOGY
2335,REMOTE SENSING
129,ADAPTIVE FILTERING
1339,STRIPE
835,IMAGE PROCESSING
8980,MORFOLOGIA MATEMATICA
9067,PROCESSAMENTO DE IMAGENS
9153,CLASSIFICACAO DE IMAGENS
3375,SPECKLE
1203,SAR
9067,PROCESSAMENTI DE IMAGENS
423,ESTIMATION
129,FILTERING
8531,MAXIMUM LIKELIHOOD
1988,ORDER STATISTICS
513,ROBUSTNESS
3375,SPECKLE
1988,STATISTICS
4922,SYNTHETIC APERTURE RADAR
6745,FIG
9067,PROCESSAMENTO DE IMAGENS
3067,HUMAN-COMPUTER INTERACTION
9011,DIRECT MANIPULATION
1650,SISTEMA CAD 3D
2967,INTERFACES
9125,INTERFACE COM O USUARIO
8424,USER INTERFACES
8424,GRAPHICAL USER INTERFACES
9258,DISTANCE-DISCRIMINATOR NEURAL NETWORKS
2967,INTERFACES
9112,OBJETOS 3D
8394,DISPARITY-BASED PHOTOMETRIC STEREO
379,COMPUTER VISION
9085,PHOTOMETRIC IMAGES
7381,3D TRIANGULATION
9050,MODELAGEM
9166,OBJETOS HETEROGENEOS
9087,REPRESENTACAO DE OBJETOS
2721,QUADTREE
4356,DELAUNAY
8918,GERACAO DE MALHAS
9203,ANALISE DINAMICA
9112,OBJETOS 3D
9050,MODELAGEM
9174,VISUALIZACAO 3D
5,RENDERING
9192,IMAGENS MEDICAS
1833,RAY CASTING
9192,IMAGENS MEDICAS
1288,INTERPOLATION METHODS
4276,MEDICAL IMAGES
8980,MORFOLOGIA MATEMATICA
9192,IMAGENS MEDICAS
9192,IMAGENS MEDICAS
9067,PROCESSAMENTO DE IMAGENS
9067,PROCESSAMENTO DE IMAGENS
9087,REPRESENTACAO DE OBJETOS GRAFICOS
9113,MANIPULACAO DE OBJETOS GRAFICOS
9114,MODELADORES
9050,MODELAGEM
9167,ESPACO TRI-DIMENSIONAL
9231,ANIMACAO MODELADA
9130,INTERATIVIDADE
8994,SISTEMA DE ANIMACAO
9303,ANIMAKER
6006,RAY-TRACING
9080,SEGMENTACAO DE IMAGENS
9266,SISTEMA DE RECONHECIMENTO
9060,VISUALIZACAO
9033,SCANLINE
9322,ALIASING
9125,INTERFACES COM O USUARIO
9317,CANVAS
81,CLASSIFICATION
822,CLUSTERING
253,SEGMENTATION
1988,STATISTICS
9050,MODELAGEM
8975,COMPUTACAO GRAFICA
379,COMPUTER VISION
839,IMAGE ACQUISITION
9197,SUAVIZACAO ESPECIAL
9200,AMBIENTE KROROS
9283,ANALISE DE IMAGENS
9027,PROCESSAMENTO DIGITAL
640,AMAZONIA
9240,SENSORIAMENTO REMOTE
9155,IMAGENS DE RADAR
3375,SPECKLE
1203,SAR
9080,SEGMENTACAO DE IMAGENS
9024,RESTAURACAO DE IMAGENS
8994,ANIMACAO
9174,VISUALIZACAO 3D
9142,FERRAMENTAS DE VISUALIZACAO
9050,MODELAGEM
6006,METODO RAY TRACING
2377,DIGITAL IMAGE
4531,MORPHING
2861,IMAGE WARPING
8975,COMPUTACAO GRAFICA
8984,ESPECTRAL
671,RGB
8971,CODIFICACAO DE IMAGENS
9074,SUB-BANDAS
8967,QUANTIZACAO VETORIAL
9363,PROCESSAMENTO DE IMAGEM
9245,RADAR DE ABERTURA SINTETICA
9067,PROCESSAMENTO DE IMAGENS
8942,IMAGENS TOMOGRAFICAS
9367,DA HIPERBOLIZACAO HISTOGRAMA
9363,PROCESSAMENTO DE IMAGEM
9245,RADAR DE ABERTURA SINTETICA
9307,ALGORITMO ICM
650,SAMPLING
54,MODELING
54,MODELING
103,METHOD TO FIT ALGEBRAIC SURFACES
9050,MODELAGEM
8974,SUBDIVISOES ESPACIAIS
9050,MODELAGEM
9299,MODELAGEM SOLIDA NONMANIFOLD
9050,MODELAGEM GEOMETRICA
7431,OCTREE
9142,FERRAMENTAS DE VISUALIZACAO
9060,VISUALIZACAO
9280,VISUALIZACAO TRIDIMENSIONAL
8975,COMPUTACAO GRAFICA
9291,VISUALIZACAO DE IMAGENS
9065,DADOS METEOROLOGICOS
9290,RECONSTRUCAO 3D
9012,INTERFACES GRAFICAS
9012,INTERFACES GRAFICAS
9128,REALIDADE VIRTUAL
9142,FERRAMENTAS DE SOFTWARE
9125,INTERFACE COM O USUARIO
9012,INTERFACES GRAFICAS
6659,USER INTERFACE
913,PROGRAMMING MODEL
913,PROGRAMMING PROCESS
6586,MOUSE
9153,CLASSIFICACAO DE IMAGENS
9240,SENSORIAMENTO REMOTO
9041,MAPEAMENTO
8943,TRIANGULACAO DE DELAUNAY
9041,MAPEAMENTO
3526,SPRING
9067,PROCESSAMENTO DE IMAGENS
8994,SISTEMAS DE ANIMACAO
8871,PREVIEW
8994,SISTEMA DE ANIMACAO
9384,IMAGENS REALISTAS
9303,ANIMAKER
9231,SISTEMA DE ANIMACAO MODELADA
9407,TECNOLOGIA DE SOFTWARE
9142,FERRAMENTAS DE ANIMACAO
9013,INTERFACE GRAFICA
9125,INTERFACE COM O USUARIO
9363,SISTEMA DE PROCESSAMENTO DE IMAGEM
9266,RECONHECIMENTO OTICO
8945,RECONHECIMENTO DE CARACTERES
9288,VISAO COMPUTACIONAL
9311,CARACTERIZACAO DIGITAL
8948,RECONHECIMENTO DE OBJETOS
9088,OBJETOS BIDIMENSIONAIS
2677,FINITE ELEMENT METHOD
5,COMPUTER GRAPHICS
614,IMAGE SYNTHESIS
4212,REALISM
6071,NATURAL SCENES AND ENVIRONMENTS
5,COMPUTER GRAPHICS
9314,GRAFICOS
2003,IMAGE ANALYSIS TECHNIQUES
549,PRODUCTION OF CORK STOPPERS
9191,SISTEMA DE VISUALIZACAO
8994,SISTEMA DE ANIMACAO
9191,SISTEMA DE VISUALIZACAO
9439,CLASSIFICACAO AUTOMATICA DE IMPRESSOES DIGITAIS
9264,EXTRACAO DE ATRIBUTOS TEXTURAIS
9192,IMAGENS MEDICAS
9013,INTERFACE GRAFICA
4924,MINAS GERAIS
9033,SCANLINE
9384,IMAGENS REALISTAS
9363,PROCESSAMENTO DE IMAGEM
1548,DYNAMICS
8975,COMPUTACAO GRAFICA
333,ANIMAL
8994,ANIMACAO
9203,ANALISE DINAMICA
8975,COMPUTACAO GRAFICA
9125,INTERFACE COM O USUARIO
9465,ANIMACAO POR COMPUTADOR
1650,FERRAMENTA CAD
9127,EDITOR GRAFICO
9387,INPE
3526,SPRING
9386,MICROMAGICS 2.0
9363,PROCESSAMENTO DE IMAGEM
8982,IMAGENS MICROSCOPICAS
9023,TOMOGRAPHIC RECONSTRUCTION
9283,ANALISE DE IMAGENS
9476,AMBIENTE GRAFICO
8942,IMAGENS TOMOGRAFICAS
9291,VISUALIZACAO DE IMAGENS DE RM
8934,MODELO 3D
9169,SUBDIVISOES PLANARES
9127,EDITOR GRAFICO
9047,INTELLIGENT GRAPHICAL EDITOR
9363,PROCESSAMENTO DE IMAGEM
9363,PROCESSAMENTO DE IMAGEM
9067,PROCESSAMENTO DE IMAGENS
9155,IMAGENS DE RADAR
9356,METODO DE RADIOSIDADE
9056,PROJETO
9534,ARTE
9280,VISUALIZACAO TRIDIMENSIONAL
9482,ANIMACAO TRIDIMENSIONAL
9356,METODO DE RADIOSIDADE
1435,IMAGE PYRAMID
9012,SISTEMA GERENCIADOR DE INTERFACES GRAFICAS
9012,INTERFACES GRAFICAS
9056,PROJETO
9266,SISTEMA DE RECONHECIMENTO
8975,COMPUTACAO GRAFICA
9153,SISTEMA DE CLASSIFICACAO DE IMAGENS
9495,IMAGENS DE SATELITE
9125,INTERFACE COM O USUARIO
9240,SENSORIAMENTO REMOTO
8975,COMPUTACAO GRAFICA
1650,CAD
9568,SOFTWARE GRAFICO
9115,MODELAGEM DE SOLIDOS
8894,BOUNDARY REPRESENTATION
8994,ANIMACAO
9257,APLICACOES GRAFICAS
9125,INTERFACE COM O USUARIO
9067,PROCESSAMENTO DE IMAGENS
8942,IMAGENS TOMOGRAFICAS
9348,SISTEMA GRAFICO
9365,RECONSTRUCAO DE IMAGENS
9287,TOMOGRAFIA
9283,PROGRAMA PARA ANALISE DE IMAGENS
8942,IMAGENS TOMOGRAFICAS
9167,ESPACO TRI-DIMENSIONAL
2721,ESTRUTURAS QUADTREE
8975,COMPUTACAO GRAFICA
5437,SPLINES
9094,B-SPLINE
8945,RECONHECIMENTO DE CARACTERES
9266,RECONHECIMENTO OTICO
8945,RECONHECIMENTO DE CARACTERES
9616,RECONHECIMENTO OPTICO
8945,CARACTERES
8945,CARACTERES
9356,RADIOSIDADE
9538,SINTESE DE IMAGENS
8970,ALGORITMO
9059,ALGORITMOS
9538,SINTESE DE IMAGENS
9626,EXIBICAO DE IMAGENS COLORIDAS
6006,RAY TRACING
7431,OCTREES
7180,CSG
9034,BRESENHAM
9626,IMAGENS COLORIDAS
9479,PROCESSADOR GRAFICO
9345,SISTEMAS GRAFICOS
9525,TRANSPUTERS
9343,PHIGS
9427,IMAGENS DIGITAIS
8966,COMPRESSAO
9223,TECNICA
8983,METODO
9570,TRATAMENTO DE IMAGENS
4774,IMAGENS
9216,SEQUENCIAS DE IMAGENS
9080,SEGMENTACAO
9027,PROCESSAMENTO DIGITAL
9427,IMAGENS DIGITAIS
835,IMAGE PROCESSING
508,EDGE DETECTION
1669,MATHEMATICAL MORPHOLOGY
5757,LINEAR FEATURES
8941,INTERPOLACAO
9574,PROCESSAMENTO DIGITAL DE IMAGENS
9288,VISAO COMPUTACIONAL
9022,PROCESSAMENTO
9086,SISTEMA DE VISAO ARTIFICIAL
9657,SISTEMA PROGRAMACIONAL
9657,TERMINAIS GRAFICOS
9363,PROCESSAMENTO DE IMAGEM
9579,EG-880X
8997,LSI
9552,FAMILIA DE ESTACOES GRAFICAS
8975,COMPUTACAO GRAFICA
9626,IMAGENS COLORIDAS
9027,PROCESSAMENTO DIGITAL
9574,PROCESSAMENTO DIGITAL DE IMAGENS
9056,PROJETO
9664,DATANAV ENGENHARIA
9056,PROJETO
9575,DESENVOLVIMENTO DE SOFTWARES
9319,SISTEMA DE AQUISICAO
9438,SISTEMA DE PROCESSAMENTO
9191,SISTEMA DE VISUALIZACAO
4774,IMAGENS
9314,GRAFICOS
9056,PROJETO
835,IMAGE PROCESSING
9387,INPE
9674,PP
9479,PROCESSADOR GRAFICO TMS34010
9591,INTERPRETACAO DE IMAGENS
9575,SOFTWARES
9579,EG-880X
9552,ESTACOES GRAFICAS
8970,ALGORITMO
2300,COMPUTER ANIMATION
868,SIMULATION
5705,INTERACTIVE SYSTEMS
9365,RECONSTRUCAO DE IMAGENS
2356,CONTOUR DETECTION
835,IMAGE PROCESSING TECHNIQUE
9365,RECONSTRUCAO DE IMAGENS
9468,SISTEMA DE INFORMACOES GEOGRAFICAS
9495,IMAGENS DE SATELITES
9703,LINEAMENTOS
9557,PROGRAMACAO LOGICA
9115,MODELAGEM DE SOLIDOS
9560,PROLOG
9248,LINGUAGEM DE PROGRAMACAO
8767,LINUS
9583,SISTEMA AMPLO
9583,AMPLO
9142,FERRAMENTAS PARA ESPECIFICACAO
9142,FERRAMENTAS PARA CONTROLE
9125,INTERFACE COM O USUARIO
9012,INTERFACES GRAFICAS
1650,SISTEMA CAD
8326,ARMA
8979,ANALISE DE TEXTURAS
9155,IMAGENS DE RADAR
8927,GKS
44,CORE
8571,GRAPHICS  KERNEL SYSTEM - VIRTUAL WORKSTATIONS
9499,PACOTE GRAFICO
8975,COMPUTACAO GRAFICA
9718,COMPUGRAFICA
9719,CIENCIA DA COMPUTACAO
9257,APLICACOES GRAFICAS
9719,TERMINOLOGIA
8353,INFORMATICA
9387,GKS-INPE
9013,INTERFACE GRAFICA
9487,CGI
9578,ESTACAO DE TRABALHO
8975,COMPUTACAO GRAFICA
1351,IMAGE ANALYSIS
9283,ANALISE DE IMAGENS
9732,SISTEMA DE TRATAMENTO DIGITAL DE IMAGENS
1878,IMAGENES
9694,METODO DIRETO
9533,SISTEMA DE GERACAO DE IMAGENS
9633,IMAGENS TRIDIMENSIONAIS
364,FOURIER
9027,PROCESSAMENTO DIGITAL
9574,PROCESSAMENTO DIGITAL DE IMAGENS
9067,SISTEMA DE PROCESSAMENTO DE IMAGENS
9067,PROCESSAMENTO DE IMAGENS
9287,TOMOGRAFIA COMPUTADORIZADA
9214,REALISMO
6006,RAY-TRACING
9079,RECONSTRUCAO TRIDIMENSIONAL
53,3D
9358,IMAGENS REALISTICAS
9538,SINTESE DE IMAGENS
9156,MODELAMENTO
9305,SINTESE
9209,ILUMINACAO
9033,SCAN-LINE
6006,RAY-TRACING
8979,TEXTURA
9322,ALIASING
14,S.C.A.
9597,SISTEMA DE CARTOGRAFIA AUTOMATIZADA
9756,ESTRUTURAS BI-DIMENSIONAIS
9757,ANALISE DE ESTRUTURAS AXISSIMETRICAS
9756,ANALISE DE ESTRUTURAS
9386,MICROMAGICS
9386,MICRO-MAGICS
442,SOFTWARE
1650,CAD
9760,SISTEMA DE DESENHO
9512,CRIACAO DE DIAGRAMADORES
9127,EDITOR GRAFICO INTERATIVO DE REDES
9199,FILTRO
9146,SIMULACAO
8979,ANALISE DE TEXTURA
9067,PROCESSAMENTO DE IMAGENS
9792,RISCADAS
1650,CAD
9584,BASES DE DADOS
9345,SISTEMAS GRAFICOS PADRONIZADOS
9142,FERRAMENTAS GRAFICAS
9583,SISTEMA AMPLO
9142,FERRAMENTAS GRAFICAS
1650,CAD TRIDIMENSIONAL
9575,DESENVOLVIMENTO DE SOFTWARES
9538,SINTESE DE IMAGENS
9583,AMPLO
9583,SISTEMA AMPLO
9583,FAMILIA DE EDITORES AMPLO
9586,SISTEMAS DIGITAIS
9067,PROCESSAMENTO DE IMAGENS
9240,SENSORIAMENTO REMOTO
9495,IMAGENS DE SATELITE
9809,RELATORIO DE PROJETO
8975,COMPUTACAO GRAFICA
250,2D
53,3D
9387,INPE
8941,INTERPOLACAO
9197,SUAVIZACAO
9691,CURVAS DE NIVEL
9468,SISTEMA DE INFORMACOES GEOGRAFICAS
9387,INPE
9125,INTERFACE COM O USUARIO
9836,PETROBRAS
1288,MORPHOLOGICAL INTERPOLATION
129,MORPHOLOGICAL FILTERING
8941,INTERPOLACAO DE IMAGENS
8941,INTERPOLACAO
9738,SPLINES CUBICAS
9740,RECONSTRUCAO DE SINAIS DIGITAIS
9741,REDES POLIFASICAS
9041,MAPEAMENTO
9067,TECNICAS DE PROCESSAMENTO DE IMAGENS
9822,TECNICAS DE REGULARIZACAO
9387,INPE
9862,SOFTWARE MODULAR
9283,ANALISE DE IMAGENS
9807,SITIM-110
9192,IMAGENS MEDICAS
9306,IMAGENS MULTIESPECTRAIS
9080,SOFTWARE PARA SEGMENTACAO DE IMAGENS
9862,SOFTWARE MODULAR
9570,SISTEMA DE TRATAMENTO DE IMAGENS
9807,SITIM-110
9306,IMAGENS MULTIESPECTRAIS
9323,IMAGENS SINTETICAS
2,MEDIA MOVEL MULTIVARIADOS
4774,IMAGENS
9710,MODELOS ARMA VETORIAIS
9080,SEGMENTACAO DE IMAGENS
9240,SENSORIAMENTO REMOTO
9191,SISTEMA DE VISUALIZACAO
4774,IMAGENS
9570,TRATAMENTO DE IMAGENS
9679,TOMOGRAFIA POR RMN
9365,RECONSTRUCAO DE IMAGENS
9570,TRATAMENTO DE IMAGENS
9591,INTERPRETACAO DE IMAGENS
9363,PROCESSAMENTO DE IMAGEM
9809,RELATORIO DE PROJETO
9027,PROCESSAMENTO DIGITAL
9751,METODO RAY-TRACING
9465,ANIMACAO POR COMPUTADOR
9796,EDITORES GRAFICOS
9127,EDITOR GRAFICO 3D
9319,SISTEMA DE AQUISICAO
9363,PROCESSAMENTO DE IMAGEM
2300,ANIMATION EDITOR
9231,ANIMACAO MODELADA
9231,SISTEMA DE ANIMACAO MODELADA
9465,ANIMACAO POR COMPUTADOR
9564,MICROCOMPUTADORES
9384,IMAGENS REALISTAS
9882,OBJETOS TRIDIMENSIONAIS
32,PROCESSING
187,RECOGNITION
8267,PICTURE INFORMATION ANALYSIS
9849,ESTUDO DE CASO
8933,VISAO POR COMPUTADOR
8933,VISAO POR COMPUTADOR
9890,CORTICA
8979,ANALISE DE TEXTURA DE MOSAICOS
9393,RECONHECEDOR DE DESENHOS DE ENGENHARIA
9661,PROCESSAMENTO GRAFICO
