id,keyword
0,VIDEO GAMES
1,IMAGE COLOR ANALYSIS
2,MEDIA
3,OBSERVERS
4,MOTION PICTURES
5,RENDERING (COMPUTER GRAPHICS)
6,SKIN COLOR
7,DARK COLOR
8,DARK SKIN
9,VIRTUAL HUMANS
10,USER EXPERIENCE
11,WHITE COLOR
12,PERCEPTIONS OF PEOPLE
13,WHITE SKIN
14,SOCIAL IDENTITY THEORY
15,RAPID ADVANCES IN TECHNOLOGY
16,UNCANNY VALLEY
17,DARKER SKIN TONES
18,TRANSLUCENT
19,BLACK PEOPLE
20,WORK PARTICIPATION
21,RACIAL IDENTITY
22,IMPLICIT BIAS
23,WHITE PARTICIPANTS
24,COMFORT PERCEPTION
25,INGROUP AND OUTGROUP
26,REAL LEVEL
27,PERCEPTION DATA
28,FREE-TEXT FIELDS
29,FAIR USE
30,VIRTUAL BODY
31,PIPELINES
32,GRAPHICS PROCESSING UNITS
33,NEURAL PATHWAYS
34,REAL-TIME SYSTEMS
35,RESOURCE MANAGEMENT
36,DTI-BASED TRACTOGRAPHY
37,TRACKING ALGORITHM
38,EIGENVALUES
39,WHITE MATTER
40,MOTOR NEURONS
41,FLIP ANGLE
42,DIFFUSION TENSOR IMAGING
43,FIRST PASS
44,MULTI-CORE
45,ECHO-PLANAR IMAGING
46,PRIMARY MOTOR CORTEX
47,FIBER TRACTS
48,DIFFUSION DIRECTIONS
49,POSTERIOR LIMB
50,CENTRUM SEMIOVALE
51,DECUSSATION
52,KERNEL COMPUTATION
53,3D TEXTURE
54,SOLID MODELING
55,THREE-DIMENSIONAL DISPLAYS
56,CURRENT MEASUREMENT
57,SHAPE MEASUREMENT
58,ISO
59,MEASUREMENT UNCERTAINTY
60,ANTHROPOMETRIC
61,3D SCANNING
62,3D MESH
63,STANDARD ERROR OF MEASUREMENT
64,PROCESSING TIME
65,INTRACLASS CORRELATION COEFFICIENT
66,QUALITY MEASURES
67,MEASUREMENT TECHNIQUES
68,ADAM OPTIMIZER
69,BODY SHAPE
70,BOUNDING BOX
71,INTERSECTION POINT
72,FEMALE BODY
73,MEAN ABSOLUTE DEVIATION
74,FITTING PROCESS
75,AUTOMATIC MEASUREMENT
76,INTERSECTION OF PLANES
77,VISUALIZATION
78,MACHINE LEARNING ALGORITHMS
79,PERTURBATION METHODS
80,DECISION MAKING
81,CLASSIFICATION ALGORITHMS
82,RELIABILITY
83,DOMAIN EXPERTS
84,PREDICTION MODEL
85,MODEL PERFORMANCE
86,IMPORTANT CHARACTERISTICS
87,MACHINE LEARNING MODELS
88,SCOLIOSIS
89,MODEL INTERPRETATION
90,DECISION MODEL
91,DETAILED VIEW
92,CONTRIBUTION OF FEATURES
93,SPONDYLOLISTHESIS
94,COLOR HUE
95,PELVIC TILT
96,CLASSIFICATION CONFUSION
97,PSO ALGORITHM
98,LANDSLIDES
99,VISUAL ANALYTICS
100,URBAN PLANNING
101,DATA INTEGRATION
102,COLLABORATION
103,SURFACES
104,CLIMATE CHANGE
105,VISUAL ANALYSIS
106,HETEROGENEOUS DATA
107,URBAN DATA
108,VISUAL SYSTEM
109,RISK AREAS
110,MATHEMATICAL DESCRIPTION
111,FLOOD RISK
112,INFORMAL SETTLEMENTS
113,TRIANGULAR MESH
114,URBANIZATION
115,DIGITAL ELEVATION MODEL
116,VECTOR DATA
117,COLLECTION QUALITY
118,SHUTTLE RADAR TOPOGRAPHY MISSION
119,OPENSTREETMAP
120,RASTER DATA
121,SPATIOTEMPORAL DATASETS
122,SPATIOTEMPORAL DATA
123,RASTER DATASETS
124,LANDSLIDE RISK
125,SPATIOTEMPORAL INFORMATION
126,TERRAIN HEIGHT
127,EXTERNAL RING
128,FLOOD OCCURRENCE
129,FILTERING
130,URBAN AREAS
131,FINANCE
132,REGULATION
133,HURRICANES
134,LAND USE
135,GEOGRAPHIC REGIONS
136,LAND UNITS
137,HURRICANE SANDY
138,ANALYSIS OF SUCH DATA
139,EXPLORATION OF CHANGES
140,HIERARCHICAL NATURE OF THE DATA
141,HURRICANE DAMAGE
142,NEW BUILDING
143,GEOGRAPHICAL UNITS
144,NEIGHBORHOOD LEVEL
145,LAND VALUE
146,OFFICE BUILDINGS
147,OFFICE SPACE
148,BLOCK LEVEL
149,NEW YORK CITY
150,BUILDING SIZE
151,LINE CHART
152,MATRIX LINE
153,VISUAL INTERFACE
154,FLOOD INSURANCE
155,DISTRICT COMMUNITY
156,MAP VIEW
157,GEOMETRY
158,COMPUTATIONAL MODELING
159,VISUAL EFFECTS
160,SMOKE PARTICLES
161,EFFECT OF PARTICLES
162,HOARDING
163,NUMBER OF GAMES
164,SOLID OBJECTS
165,SOLID COLOR
166,PRODUCTIVITY
167,PROTOTYPES
168,POWER SYSTEM STABILITY
169,THREE-DIMENSIONAL PRINTING
170,COST FUNCTION
171,3D PRINTING
172,ADDITIVE MANUFACTURING
173,FITNESS FUNCTION
174,ROTATION ANGLE
175,FINAL OBJECTIVE
176,OBJECT PARTS
177,MATERIAL CONSUMPTION
178,INTERNAL VOLUME
179,ROTATION PARAMETERS
180,OPTIMAL PARTITION
181,THIRD POWER
182,OBJECT VOLUME
183,VOLUME DIMENSIONS
184,PRINTING TIME
185,EARTH
186,LAW ENFORCEMENT
187,FACE RECOGNITION
188,AUTHENTICATION
189,FEATURE EXTRACTION
190,MOVER DISTANCE
191,OCCLUDED FACE
192,DEEP LEARNING
193,BIOMETRIC
194,SUNGLASSES
195,LOSS FUNCTION
196,CONVOLUTIONAL NEURAL NETWORK
197,DEEP NEURAL NETWORK
198,LINEAR COMBINATION
199,CONVOLUTIONAL LAYERS
200,FEATURE MAPS
201,LINEAR PROBLEM
202,FACE IMAGES
203,FEATURE CHANNELS
204,IMAGE PATCHES
205,QUERY IMAGE
206,EQUAL ERROR RATE
207,GALLERY IMAGES
208,TWO-STAGE METHOD
209,MASKED FACES
210,COST FLOW
211,FEATURE WEIGHTS
212,OPTIMAL TRANSPORT
213,FALSE ACCEPTANCE RATE
214,TRAINING
215,DATA AUGMENTATION
216,NEURONAL POPULATIONS
217,MAXIMUM ENTROPY
218,FEATURE AUGMENTATION
219,FEATURE REPRESENTATION
220,COMPACT NETWORK
221,HIDDEN LAYER
222,NEGATIVE SAMPLES
223,TARGET CLASS
224,FULLY-CONNECTED LAYER
225,EVALUATION STAGE
226,RELU ACTIVATION
227,UNKNOWN SAMPLES
228,GALLERY SET
229,CATEGORICAL CROSS-ENTROPY LOSS
230,FALSE POSITIVE IDENTIFICATIONS
231,SAMPLE ENTROPY
232,DECISION BOUNDARY
233,BASE LEARNERS
234,COLLECTION NETWORK
235,RANK CANDIDATE
236,POINT CLOUD COMPRESSION
237,ADAPTATION MODELS
238,SENSORS
239,3D RECONSTRUCTION
240,ORAL AND MAXILLOFACIAL SURGERY
241,3D FACE
242,LARGE DATASETS
243,SINGLE IMAGE
244,GEOMETRIC FEATURES
245,DISCRIMINATIVE FEATURES
246,FACIAL FEATURES
247,AVAILABILITY OF DATASETS
248,RECOGNITION MODEL
249,PROGRESS IN RECENT YEARS
250,2D IMAGES
251,3D DATA
252,ITERATIVE CLOSEST POINT
253,OBJECT SEGMENTATION
254,FUSION APPROACH
255,PROGRESS IN THE FIELD
256,FACIAL SHAPE
257,HUMAN FACES
258,3D DATASETS
259,INSTANCE SEGMENTATION
260,SYSTEMATICS
261,NAVIGATION
262,POINT CLOUD SEGMENTATION
263,QUALITATIVE ANALYSIS
264,CONFUSION MATRIX
265,SPATIAL DIMENSIONS
266,AUTONOMOUS VEHICLES
267,SEMANTIC LABELS
268,BUILDING INFORMATION MODELLING
269,OBJECT DETECTION
270,TYPES OF ERRORS
271,SEMANTIC SEGMENTATION
272,COLOR MAP
273,SINGLE INSTANCE
274,TABULAR FORM
275,ADDITIONAL BACKGROUND
276,HSV COLOR
277,3D SCATTER PLOT
278,SEMANTIC PREDICTION
279,YOLO
280,HANDWRITING RECOGNITION
281,CODES
282,EDUCATION
283,SYMBOLS
284,TRANSFORMS
285,COMPLEXITY THEORY
286,MNIST DATASET
287,ARTIFICIAL IMAGES
288,VERTICAL FORM
289,VALIDATION SET
290,PUBLIC DATASETS
291,INTERSECTION OVER UNION
292,AVERAGE PRECISION
293,MATHEMATICAL EQUATIONS
294,TRANSCRIPTOR
295,QUALITY DETECTION
296,WEB-BASED LEARNING
297,IMAGE SEGMENTATION
298,REFINING
299,TRANSFER LEARNING
300,ARTIFICIAL NEURAL NETWORKS
301,FIRE DETECTION
302,COLOR THRESHOLD
303,FALSE POSITIVE RATE
304,IMAGE CLASSIFICATION
305,ENERGY FUNCTION
306,PRECISION AND RECALL
307,TERMINAL NODES
308,PIXEL COLOR
309,SINK NODE
310,HIGH TRUE POSITIVE RATE
311,SEGMENTATION STAGE
312,FIRE INCIDENTS
313,POWER OF NEURAL NETWORKS
314,FIRE SEGMENTATION
315,GRAPH CUT
316,COLOR THRESHOLDING
317,PROTOCOLS
318,WILDLIFE
319,VEGETATION MAPPING
320,OPTICAL WAVELENGTH CONVERSION
321,CAMERAS
322,CONTEXT-AWARE
323,SIAMESE NETWORK
324,CAMERA TRAPS
325,EMPTY IMAGES
326,IMAGE PAIRS
327,REFERENCE IMAGE
328,IMAGE CAPTURE
329,NETWORK IMAGE
330,LOCAL VEGETATION
331,CAPTURE LOCATION
332,TIME OF DAY
333,ANIMAL SPECIES
334,NUMBER OF IMAGES
335,CAPTURE TIME
336,FRACTIONAL VALUE
337,STOCHASTIC GRADIENT DESCENT
338,POPULATION SIZE OF SPECIES
339,CAPTURE SITE
340,INPUT IMAGE
341,MOTION DETECTION
342,CONSERVATION BIOLOGY
343,COSTS
344,COMPUTER ARCHITECTURE
345,DATA PROCESSING
346,DATA MODELS
347,PROGNOSTICS AND HEALTH MANAGEMENT
348,SPECTROGRAM
349,RECURRENT NEURAL NETWORK
350,REMAINING USEFUL LIFE
351,LONG SHORT-TERM MEMORY
352,VIBRATION SIGNALS
353,INDUSTRIAL EQUIPMENT
354,PREDICTIVE MAINTENANCE
355,TIME SERIES
356,COMPUTATIONAL COST
357,MODEL EVALUATION
358,FREQUENCY DOMAIN
359,ACCELEROMETER
360,LOW POWER WIDE AREA NETWORKS
361,ROLLING BEARING
362,VIBRATION ANALYSIS
363,INTERNET OF THINGS
364,DISCRETE FOURIER TRANSFORM
365,MAXIMUM LIFE
366,FAST FOURIER TRANSFORM
367,HYPERPARAMETER TUNING
368,EARLY STOPPING
369,IMAGE RECOGNITION
370,TRANSFORMERS
371,BEHAVIORAL SCIENCES
372,AGGREGATION FUNCTION
373,ATTENTION MECHANISM
374,MATRIX MULTIPLICATION
375,SIGN LANGUAGE
376,MATHEMATICAL OPERATIONS
377,CLASSIFICATION SCENARIOS
378,CONVOLUTIONAL NETWORK
379,COMPUTER VISION
380,SEQUENCE ELEMENTS
381,VISION TRANSFORMER
382,TRANSFORMER MODEL
383,TRANSFORMER ARCHITECTURE
384,COMBINATION OF FUNCTIONS
385,INPUT REPRESENTATION
386,LONG-RANGE DEPENDENCIES
387,DECODER LAYER
388,INCREASE IN ACCURACY
389,ENCODER LAYER
390,ROADS
391,VIDEO SEQUENCES
392,LIGHT SIGNAL
393,SIGN DETECTION
394,ONBOARD CAMERA
395,TWO-WAY ROAD
396,RUNNING TIME
397,IMAGE DOMAIN
398,INTRINSIC PARAMETERS
399,RASPBERRY PI
400,EXTRINSIC PARAMETERS
401,FAR-FIELD
402,SPEED LIMIT
403,DETECTION MODE
404,STREET VIEW
405,WORLD COORDINATE SYSTEM
406,YAW ANGLE
407,TRACKING MODE
408,CAMERA FIELD
409,INPUT RESOLUTION
410,WINDSHIELD
411,CROPPED IMAGES
412,FASTER R-CNN
413,ADVANCED DRIVER ASSISTANCE SYSTEMS
414,SIMULTANEOUS LOCALIZATION AND MAPPING
415,HEURISTIC ALGORITHMS
416,KITTI DATASET
417,DYNAMIC OBJECTS
418,MASK R-CNN
419,MONOCULAR CAMERA
420,MONOCULAR IMAGES
421,INDOOR ENVIRONMENTS
422,LOCAL MAP
423,POSE ESTIMATION
424,CAMERA POSE
425,STEREO CAMERA
426,CORRECT DISTANCE
427,LOOP CLOSURE
428,REPROJECTION ERROR
429,BUNDLE ADJUSTMENT
430,VSLAM
431,DYNASLAM
432,ORB-SLAM3
433,VIDEO SURVEILLANCE
434,TASK ANALYSIS
435,ANOMALY DETECTION
436,OBJECT POSITION
437,REFERENCE OBJECT
438,SET OF FRAMES
439,VIDEO OBJECT
440,PRETEXT TASK
441,MULTIPLE INSTANCE LEARNING
442,OPEN-SOURCE SOFTWARE
443,TEMPORAL WINDOW
444,BACKBONE NETWORK
445,APPEARANCE FEATURES
446,OBJECT TRACKING
447,SELF-SUPERVISED LEARNING
448,OBJECTS IN THE SCENE
449,3D CONVOLUTION
450,OBJECT APPEARANCE
451,FULLY-CONNECTED NETWORK
452,ABSOLUTE IMPROVEMENT
453,BACKBONE MODEL
454,FUTURE FRAMES
455,ABNORMAL SAMPLES
456,TEST PARTITION
457,FEATURE VECTOR OF SIZE
458,RECEPTIVE FIELD
459,INTERMEDIATE LAYER
460,PEDESTRIANS
461,DETECTORS
462,PERFORMANCE ANALYSIS
463,PEDESTRIAN DETECTION
464,TARGET DATA
465,TARGET DATASET
466,AUTOMATIC APPROACH
467,AUTOMATIC LABELING
468,DATA SOURCES
469,FALSE NEGATIVE
470,GAUSSIAN KERNEL
471,QUANTITATIVE EVALUATION
472,GROUND PLANE
473,LABELED DATA
474,SMART CITY
475,3D POSITION
476,PRE-TRAINED WEIGHTS
477,3D DETECTION
478,OCCUPANCY MAP
479,GOPRO HERO
480,SOYBEAN
481,LITERATURE DATA
482,HYBRID MODEL
483,USE OF MACHINE LEARNING
484,SEGMENTATION LABELS
485,FEWER LAYERS
486,MULTILAYER PERCEPTRON
487,WEED CONTROL
488,ATTENTION MAP
489,POSITIONAL ENCODING
490,TRANSFORMER ENCODER
491,INDUCTIVE BIAS
492,MULTI-HEAD SELF-ATTENTION
493,TRANSFORMER DECODER
494,LOW-RESOLUTION FEATURE
495,CORROSION
496,MANUALS
497,INSPECTION
498,IMAGE RESTORATION
499,TANK WALL
500,SEGMENTATION METHOD
501,PART OF THE IMAGE
502,SEGMENTATION RESULTS
503,METAL PLATE
504,MORPHOLOGICAL OPERATIONS
505,FEATURE PYRAMID NETWORK
506,NON-FERROUS
507,SEGMENTATION STEP
508,CANNY EDGE DETECTION
509,SEGMENT CLASSIFICATION
510,NEURAL NETWORK-BASED METHODS
511,ANNOTATIONS
512,PREDICTIVE MODELS
513,ROBUSTNESS
514,LESIONS
515,DETECTION IN IMAGES
516,ACTIVATION MAPS
517,MASS DETECTOR
518,MAMMOGRAPHIC IMAGES
519,BREAST CANCER
520,LOCAL FEATURES
521,CLASSIFICATION TASK
522,TEST PHASE
523,GLOBAL FEATURES
524,DIGITAL MAMMOGRAPHY
525,SEGMENTATION TASK
526,COMPUTER-AIDED DIAGNOSIS
527,MEDICAL IMAGING
528,SYNTHESIZERS
529,GOVERNMENT
530,INFORMATION RETRIEVAL
531,INFORMATION EXTRACTION
532,OFFICIAL DOCUMENTATION
533,GENERATIVE ADVERSARIAL NETWORKS
534,IMAGE GENERATION
535,KINDS OF DATA
536,SYNTHETIC IMAGES
537,REAL TEST
538,ENTITY TYPES
539,LINEAR PROJECTION
540,INPAINTING
541,SYNTHETIC EXPERIMENTS
542,PERSONAL OBJECTIVES
543,SYNTHETIC TEST
544,STRUCTURAL SIMILARITY INDEX MEASURE
545,INCREASE IN PERFORMANCE
546,UPRIGHT POSITION
547,SOURCE CODING
548,CROPS
549,PRODUCTION
550,CULTIVAR IDENTIFICATION
551,FRIEDMAN TEST
552,IDENTICAL IMAGES
553,BASELINE SYSTEM
554,SUPPORT VECTOR MACHINE
555,LINEAR DISCRIMINANT ANALYSIS
556,K-NEAREST NEIGHBOR
557,IMAGE EDGE
558,AVERAGE RANK
559,BAYESIAN CLASSIFIER
560,BENCHMARK TESTING
561,OPEN SET
562,DOMAIN ADAPTATION
563,CLASS BOUNDARIES
564,DOMAIN SHIFT
565,NEGATIVE INSTANCES
566,BINARY CLASSIFICATION
567,RARE EVENTS
568,TARGET DOMAIN
569,ORIGINAL APPROACH
570,SET OF CATEGORIES
571,SOURCE DOMAIN
572,AUGMENTATION APPROACH
573,LOSS OF ORDER
574,UNKNOWN CATEGORY
575,UNCONTROLLED ENVIRONMENT
576,MEDICAL DIAGNOSIS
577,DEEP NETWORK
578,DEEP BELIEF NETWORK
579,STROKE CLASSIFICATION
580,RECOMMENDER SYSTEMS
581,INFORMATION FUSION
582,POTENTIAL FUTURE APPLICATIONS
583,SIGNED-RANK TEST
584,UNSUPERVISED LEARNING
585,MEAN ACCURACY
586,CONVOLUTION KERNEL
587,HISTOLOGICAL STAINING
588,RESTRICTED BOLTZMANN MACHINE
589,VISIBLE LAYER
590,SINE AND COSINE
591,HOLOGRAPHIC IMAGES
592,STANDARD GAUSSIAN
593,DATA SPLIT
594,SOFTMAX LAYER
595,HEALTHY BRAIN
596,DATA MODALITIES
597,COMPUTATIONAL EFFICIENCY
598,ACTIVATION FUNCTION
599,COMBINATION OF COEFFICIENTS
600,COMBINATION OF PARTS
601,LEARNING RATE
602,HYPERPARAMETERS
603,FUNCTION PARAMETERS
604,SIGMOID FUNCTION
605,WELCH'S T-TEST
606,ROW VECTOR
607,SOFTMAX FUNCTION
608,CIFAR-100 DATASET
609,LEARNING COEFFICIENT
610,RELU FUNCTION
611,ENSEMBLE METHOD
612,ORIGINAL FUNCTION
613,IMAGE CODING
614,IMAGE SYNTHESIS
615,COMPLEX NETWORKS
616,SPATIAL RESOLUTION
617,OBJECTIVE MEASURES
618,IMAGE RESOLUTION
619,QUALITY OF OUTCOMES
620,FACIAL EXPRESSIONS
621,HIGH-RESOLUTION
622,LOW RESOLUTION
623,SOURCE CODE
624,BATCH SIZE
625,COMPUTATIONAL RESOURCES
626,MODEL SIZE
627,FRECHET INCEPTION DISTANCE
628,PREVIOUS FRAME
629,NEUTRAL EXPRESSIONS
630,GLOBAL AVERAGE POOLING LAYER
631,INFLUENCE OF RESOLUTION
632,PEAK SIGNAL-TO-NOISE RATIO
633,HIGHEST RESOLUTION
634,RESOURCE CONSUMPTION
635,AFFINE TRANSFORMATION
636,DEFORESTATION
637,RAINFORESTS
638,RAW MATERIALS
639,RURAL AREAS
640,AMAZONIA
641,ROAD MAP
642,PUBLICLY ACCESSIBLE
643,LOW-RESOLUTION IMAGES
644,ROAD EXTRACTION
645,CONTEXTUAL INFORMATION
646,FINAL MAP
647,PROBABILITY FUNCTION
648,ROAD SEGMENTS
649,U-NET ARCHITECTURE
650,GROUND SAMPLING DISTANCE
651,U-NET MODEL
652,CONTEXTUAL MODULATION
653,CONTEXTUAL INDICATORS
654,ZERO-SHOT LEARNING
655,IMAGE ENHANCEMENT
656,ENHANCEMENT METHOD
657,PROFESSIONAL PHOTOGRAPHERS
658,PROFESSIONAL EDITOR
659,PHOTO EDITING
660,RAW FILES
661,IMAGE DATASET
662,RAW IMAGES
663,COLOR SPACE
664,DATA-DRIVEN METHODS
665,LIGHT REFLECTION
666,SKIN PIGMENTATION
667,FACE DETECTION
668,SKIN REGIONS
669,IMAGES OF PEOPLE
670,HISTOGRAM EQUALIZATION
671,RGB CHANNELS
672,ILLUMINATION IMAGE
673,LOOKUP TABLE
674,SMARTPHONE
675,SKIN TONE
676,ZERO-SHOT METHOD
677,ANALYTICAL MODELS
678,DATABASES
679,STATISTICAL ANALYSIS
680,MAGNETIC RESONANCE IMAGING
681,CLINICAL DATA
682,COMPLETE RESPONSE
683,HORMONE RECEPTOR
684,SAGITTAL PLANE
685,CONVOLUTION OPERATION
686,AXIAL SLICES
687,POST-CONTRAST IMAGES
688,PRE-CONTRAST IMAGES
689,FAT SUPPRESSION
690,BREAST IMAGING
691,CONVOLUTIONAL BLOCK
692,NEOADJUVANT THERAPY
693,SAGITTAL SLICES
694,DUKE UNIVERSITY
695,COVID-19
696,PANDEMICS
697,EMPLOYMENT
698,VISUAL IMPAIRMENT
699,ASSISTIVE TECHNOLOGY
700,VISUALLY IMPAIRED PEOPLE
701,DISGUST
702,DIVERSE DATA
703,GLOBAL DATABASE
704,IMAGE DESCRIPTORS
705,VERSION OF DATASET
706,PERSON IMAGE
707,VERSION OF IMAGE
708,IMAGE CAPTIONING
709,VISUAL CONTEXT
710,WORDNET
711,SMALLER VERSION
712,VISUAL QUESTION ANSWERING
713,WEBINARS
714,MAJORITY OF IMAGES
715,RADIOGRAPHY
716,FORENSICS
717,MOUTH
718,AGE ESTIMATION
719,AGE RANGE
720,PANORAMIC RADIOGRAPHS
721,PANORAMIC IMAGES
722,FORENSIC ODONTOLOGY
723,DENTAL AGE
724,AGE GROUPS
725,AGE DISTRIBUTION
726,ELDERLY INDIVIDUALS
727,MANDIBULAR
728,ACTIVE AGING
729,ALVEOLAR BONE
730,RED AREA
731,NETWORK DEPTH
732,FORENSIC SCIENCE
733,TOOTH DEVELOPMENT
734,DENTAL DEVELOPMENT
735,TOOTH ERUPTION
736,VIDEO CODING
737,SOFTWARE ALGORITHMS
738,TRANSCODING
739,DECODING
740,DECISION TREE
741,COMPLEXITY REDUCTION
742,VIDEO S1
743,CODING EFFICIENCY
744,REFERENCE SOFTWARE
745,ULTRA-HIGH-DEFINITION
746,REGIONAL DATA
747,BLOCK SIZE
748,REGRESSION TREE
749,BROAD-LEAVED
750,CANDIDATE MODELS
751,SPLIT MODE
752,BLOCK PARTITIONING
753,ENCODING TIME
754,REGION C
755,BINARY TREE
756,NAIVE BAYES ALGORITHM
757,ML MODELS
758,VIDEO ENCODING
759,VOCABULARY
760,SOCIOLOGY
761,GESTURE RECOGNITION
762,ASSISTIVE TECHNOLOGIES
763,PROBLEM CONTEXT
764,MACHINE TRANSLATION
765,DEAF INDIVIDUALS
766,JEHOVAH'S WITNESSES
767,VIDEO CAPTIONING
768,SPOKEN LANGUAGE
769,HEAD MOVEMENTS
770,EXACT MATCH
771,OPTICAL FLOW
772,UNIGRAM
773,UNIQUE WORDS
774,SOCIAL NETWORKING (ONLINE)
775,OPTICAL CHARACTER RECOGNITION
776,FAKE NEWS
777,SYNTHETIC DATA
778,APPLICATION CONTEXT
779,TEXT DATA
780,HIGHEST IMPACT
781,BACKGROUND IMAGE
782,GROUP OF IMAGES
783,EFFECTS OF ASPECTS
784,FONT SIZE
785,DEVIATION OF RATE
786,INPUT TEXT
787,DEFAULT CONFIGURATION
788,FONT COLOR
789,LICENSE PLATE
790,NUMBER OF EDITS
791,WORD ERROR RATE
792,FACEBOOK
793,DIMENSIONALITY REDUCTION
794,IMAGE RECONSTRUCTION
795,MULTISPECTRAL IMAGES
796,IMAGERY
797,COMPRESSION RATE
798,MULTISPECTRAL DATA
799,MEAN SQUARE ERROR LOSS
800,SEGMENTATION MODULE
801,LATENT SPACE
802,LIGHT REDUCTION
803,IMPERVIOUS SURFACE
804,VARIATIONAL AUTOENCODER
805,HUGHES PHENOMENON
806,COMPRESSION FACTOR
807,CONVOLUTIONAL AUTOENCODER
808,IMAGE COMPRESSION
809,FIGURE OF MERIT
810,ENCODER BLOCK
811,IMAGE RETRIEVAL
812,IMAGE REPRESENTATION
813,BAG-OF-WORDS
814,RETRIEVAL SYSTEM
815,BAG OF VISUAL WORDS
816,DIFFERENCES IN INTENSITY
817,LESS THAN OR EQUAL
818,IMAGE PIXELS
819,VISUAL FEATURES
820,VISUAL SIGNALS
821,AVERAGE DEGREE
822,CLUSTERING COEFFICIENT
823,IMAGE TEXTURE
824,VALUE OF RADIUS
825,COMPACT REPRESENTATION
826,HISTOGRAM OF VALUES
827,SCALE-INVARIANT FEATURE TRANSFORM
828,DOMINANT COLOR
829,SIMPLE LINEAR ITERATIVE CLUSTERING
830,STRENGTH DISTRIBUTION
831,ANIMALS
832,SMALL RUMINANTS
833,DETECTION OF ANEMIA
834,STAGES OF INFECTION
835,IMAGE PROCESSING TECHNIQUES
836,PARASITE
837,PREDICTION ACCURACY
838,RESEARCH IN THE FIELD
839,IMAGE ACQUISITION
840,CLASSIFICATION PERFORMANCE
841,HEMATOCRIT
842,SEGMENTATION PROCESS
843,ANDROID APPLICATION
844,VALIDATION GROUP
845,PIXEL CLASSIFICATION
846,CONSTRUCTION PHASE
847,DEGREE OF INFECTION
848,FORESTRY
849,LAYERED GRAPH
850,COLOR IMAGES
851,OBJECT OF INTEREST
852,INTEREST IN IMAGES
853,RELATIVE SIZE
854,OBJECT PAIRS
855,RELATIVE POSE
856,CONVERSATIONAL AGENTS
857,REAL CHARACTERS
858,VIRTUALLY
859,ENDOWED
860,VISUAL PERCEPTION
861,ANTHROPOMORPHIC
862,STRANGENESS
863,CROWD BEHAVIOR
864,VIRTUAL CHARACTERS
865,AREAS OF PERCEPTION
866,HOMOGENEOUS BEHAVIOR
867,HUMAN PERCEPTION
868,CROWD SIMULATION
869,TAXONOMY
870,STABILITY CRITERIA
871,TUTORIALS
872,SUPERPIXEL SEGMENTATION
873,VISUAL QUALITY
874,PROGRESS IN THIS AREA
875,HOMOGENEOUS COLOR
876,HIERARCHICAL CLUSTERING
877,PRIOR INFORMATION
878,DIRECTIONS FOR FUTURE WORK
879,HIERARCHICAL METHOD
880,MAJOR ASPECTS
881,BACKGROUND REGIONS
882,SCRIBBLE
883,THEORETICAL ADVANCES
884,TEMPORAL COHERENCE
885,INTERACTIVE SEGMENTATION
886,COMPACT SHAPE
887,PREVIOUS BENCHMARK
888,DETECTION IN VIDEOS
889,TRENDS
890,NOISE MEASUREMENT
891,IMPLICIT FUNCTION
892,DIFFERENT TYPES OF SIGNALS
893,NEURAL FIELD
894,DISCRETION
895,PARTIAL DIFFERENTIAL EQUATIONS
896,RADIAL BASIS FUNCTION
897,DIFFERENCING
898,NEURAL FUNCTION
899,NEURAL REPRESENTATIONS
900,SURFACE RECONSTRUCTION
901,POISSON EQUATION
902,PRINCIPAL CURVATURES
903,PRINCIPAL DIRECTIONS
904,CONTINUOUS-TIME MODEL
905,SIGNED DISTANCE FUNCTION
906,IMPLICIT REPRESENTATION
907,GEOMETRIC DETAILS
908,COMPACT SURFACE
909,EIGENVECTORS
910,SIMPLE ARCHITECTURE
911,SURFACE NORMALS
912,SMOOTHING
913,PROGRAMMING
914,MARKET RESEARCH
915,VISUAL TASK
916,POPULAR SCIENCE
917,INCREASED DATA AVAILABILITY
918,END OF THE SPECTRUM
919,BAR CHARTS
920,PHYSICAL LAYER
921,GOAL IN MIND
922,VISUAL ENCODING
923,JSON FILE
924,SENSOR PHENOMENA AND CHARACTERIZATION
925,UNMANNED AERIAL VEHICLES
926,NON-LINEAR CO-REGISTRATION
927,DISPLACEMENT FIELD
928,MEDIUM ALTITUDE
929,VECTOR FIELD
930,RED EDGE
931,UNMANNED AERIAL VEHICLE FLIGHT
932,GREEN EDGES
933,PERFORMANCE EVALUATION
934,POWER TRANSMISSION LINES
935,TRANSMISSION LINE MATRIX METHODS
936,FAULT DETECTION
937,COMPANIES
938,TRANSMISSION POWER
939,POWER LINE
940,EGG COLLECTION
941,FINE-TUNED
942,VIDEO RECORDINGS
943,CREATIVE PROCESS
944,HIGH-QUALITY IMAGES
945,COCO DATASET
946,TECHNICAL TEAM
947,IMAGE ANNOTATION
948,AREA DETECTOR
949,PERCENTAGE OF IMAGES
950,LACK OF DATASETS
951,RAIN
952,PLANETS
953,BIOLOGICAL SYSTEM MODELING
954,PUBLIC POLICY
955,TROPICAL FORESTS
956,MACHINE LEARNING METHODS
957,CLASSIFICATION RESULTS
958,BIOSPHERE
959,MONITORING PROGRAM
960,BALANCED ACCURACY
961,RELATIVE GAIN
962,CRIMINAL SANCTIONS
963,FOREST COVER CHANGE
964,DEFORESTED AREAS
965,SMALL DATASETS
966,AGGREGATION SCHEME
967,SINGLE CLASS
968,LANDSAT SATELLITE
969,ARTIFICIAL NEURAL NETWORK CLASSIFIER
970,OFFICIAL PROGRAM
971,LINEAR KERNEL
972,BASE CLASSIFIERS
973,BASELINE METHODS
974,RADIO FREQUENCY
975,SATELLITES
976,FEW-SHOT LEARNING
977,RANDOM FOREST
978,TRADITIONAL MACHINE LEARNING
979,BLUE BAND
980,PANCHROMATIC BAND
981,SMART APPROACH
982,FEATURE SPACE
983,NORMALIZED DIFFERENCE VEGETATION INDEX
984,ENHANCED VEGETATION INDEX
985,SOIL ADJUSTED VEGETATION INDEX
986,OPERATIONAL LAND IMAGER
987,ENHANCED THEMATIC MAPPER
988,MACHINE LEARNING CLASSIFIERS
989,PRESENCE OF NETWORK
990,NOISY LABELS
991,DESIGN CHOICES
992,REAL-WORLD DATASETS
993,AUGMENTATION STRATEGY
994,DIFFERENT LEVELS OF NOISE
995,LABEL NOISE
996,SYNTHETIC NOISE
997,WEIGHT DECAY
998,RANDOM CROPPING
999,NOISE RATE
1000,HIGH NOISE
1001,BASIS TRANSFORMATION
1002,TYPE OF AUGMENTATION
1003,HORIZONTAL FLIP
1004,NOISE SCENARIOS
1005,QUANTIZATION (SIGNAL)
1006,MULTITASKING
1007,PERCENTAGE POINTS
1008,PROBLEM SCENARIO
1009,HARMONIC MEAN
1010,AVERAGE RECALL
1011,OPEN IMAGE
1012,EDGES OF OBJECTS
1013,HISTOGRAM OF ORIENTED GRADIENTS
1014,DICE LOSS
1015,OBJECT PIXELS
1016,YOU ONLY LOOK ONCE
1017,UNSEEN CLASSES
1018,SINGLE SHOT DETECTOR
1019,SINGLE ONES
1020,EVALUATION PROTOCOL
1021,IMAGE SEQUENCES
1022,PAINTING
1023,CHARACTERISTICS OF GROUPS
1024,FACIAL SIMILARITY
1025,COMBINATION OF FEATURES
1026,INFLUENCERS
1027,WORKS OF ART
1028,TEMPORAL ORDER
1029,SIZE RATIO
1030,FINAL CONSIDERATION
1031,DISTANCE RATIO
1032,HAUSDORFF DISTANCE
1033,ACTION UNITS
1034,SPARSE DATASETS
1035,GOLDEN RATIO
1036,DATA ANALYSIS
1037,SPATIAL DOMAIN
1038,NODES IN THE GRAPH
1039,TYPES OF LAYERS
1040,URBAN PATTERNS
1041,PATTERNS IN CITIES
1042,SPATIAL PATTERNS
1043,DISTRIBUTION CHARACTERISTICS
1044,AGGREGATE DATA
1045,DYNAMIC CHARACTERISTICS
1046,WEATHER STATION
1047,SPARSE DATA
1048,PROJECTION VIEWS
1049,VERTICES
1050,CENSUS TRACTS
1051,DATA LAYERS
1052,VISUAL COMPONENTS
1053,GEOLOCATED
1054,SPATIAL DISCRETIZATION
1055,START OF THE PANDEMIC
1056,STREET GRAPHS
1057,TIME-FREQUENCY ANALYSIS
1058,VOLCANOES
1059,SAFETY
1060,TIME-DOMAIN ANALYSIS
1061,PRACTICAL CASE STUDY
1062,TIME DOMAIN
1063,INFLUENCE OF NOISE
1064,EXPLAINABLE ARTIFICIAL INTELLIGENCE
1065,NEURONS IN LAYER
1066,HIGH-PASS FILTER
1067,ORIGINAL SIGNAL
1068,MAX-POOLING LAYER
1069,NODES IN LAYER
1070,BLUE PIXELS
1071,SEISMIC SIGNALS
1072,SEISMIC STATIONS
1073,RELEVANCE SCORE
1074,SHORT-TIME FOURIER TRANSFORM
1075,BACKWARD PROPAGATION
1076,LOW-PASS
1077,VOLCANIC ACTIVITY
1078,NEURONS IN THE PREVIOUS LAYER
1079,ADDITIVE NOISE
1080,LOCATION AWARENESS
1081,DICTIONARIES
1082,TEXT CATEGORIZATION
1083,CHINESE CHARACTERS
1084,LOCALIZER
1085,PICTOGRAMS
1086,LEXICAL ENTRIES
1087,CENTER OF MASS
1088,DATA STORAGE
1089,CLASSIFICATION DATASETS
1090,TEXT CLASSIFICATION
1091,LOCAL DATASET
1092,NATURAL LANGUAGE PROCESSING APPLICATIONS
1093,TAGGING LOCATION
1094,LITERAL TRANSLATION
1095,BLOCK POSITION
1096,VALIDATION DATASET
1097,VALIDATION SAMPLE
1098,FONT TYPE
1099,DEFORMABLE MODELS
1100,NON-RIGID OBJECTS
1101,DETECTION METHODS
1102,MATCHING ACCURACY
1103,MATCHING PERFORMANCE
1104,GEOMETRIC TRANSFORMATION
1105,CORRECT MATCHES
1106,KEYPOINT DETECTION
1107,LEARNING STRATEGIES
1108,FEATURE DETECTION
1109,DEPTH INFORMATION
1110,FEATURE MATCHING
1111,MATCHING SCORE
1112,SCORE MAP
1113,BASIC DETECTION
1114,INLIERS
1115,HOMOGRAPHY
1116,L2 LOSS
1117,NON-RIGID DEFORMATION
1118,DEFORMABLE OBJECTS
1119,MATCHING RATIO
1120,VIBRATIONS
1121,ROBOT VISION SYSTEMS
1122,VIBRATION MEASUREMENT
1123,DEPTH CAMERA
1124,ROOT MEAN SQUARE ERROR
1125,ERROR MODEL
1126,3D POINT
1127,ROBOTIC PLATFORM
1128,POSE ERROR
1129,SYSTEMATIC ERRORS
1130,RANDOM ERROR
1131,HORIZONTAL AXIS
1132,INTERNAL FACTORS
1133,POSITION ERROR
1134,LEAST ABSOLUTE SHRINKAGE AND SELECTION OPERATOR
1135,SYSTEMATIC AND RANDOM ERRORS
1136,ACCURATE 3D
1137,CAMERA COORDINATE SYSTEM
1138,INTERNAL PARAMETERS
1139,3D POSE
1140,IMAGE COORDINATES
1141,STEREO PAIRS
1142,RIGID TRANSFORMATION
1143,ERRORS PREDICTION
1144,CAMERA POSITIONING
1145,SEMANTICS
1146,ACTION RECOGNITION
1147,MULTI-SCALE MOTION
1148,GRAPH CONVOLUTION
1149,LEVEL OF AMBIGUITY
1150,MULTI-SCALE FEATURES
1151,FOCAL LOSS
1152,ENCODER-DECODER STRUCTURE
1153,HUMAN ACTIVITY RECOGNITION
1154,TOP-5 ACCURACY
1155,INPUT TENSOR
1156,UPSAMPLING LAYER
1157,SEQUENCE EMBEDDING
1158,JOINT RELATIONSHIP
1159,FOCUSING
1160,BIRDS
1161,PROPOSALS
1162,COLOR VARIATION
1163,LUMINOSITY
1164,SEGMENTATION QUALITY
1165,SIMILAR COLOR
1166,HOMOGENEOUS REGIONS
1167,COLOR REPRESENTATION
1168,HOMOGENEOUS ONES
1169,SOIL CONDITIONS
1170,SOIL COMPACTION
1171,PRECISION AGRICULTURE
1172,MM IN DIAMETER
1173,ROOT SYSTEM
1174,LONG TAIL
1175,AERIAL PARTS
1176,UNIFORM BACKGROUND
1177,INDIVIDUAL SEEDLINGS
1178,REFERENCE PIXELS
1179,PVC PIPE
1180,NEUROIMAGING
1181,COMPUTED TOMOGRAPHY
1182,HEMORRHAGING
1183,MIXTURE MODEL
1184,ISCHEMIC STROKE
1185,DENSITY ANALYSIS
1186,HEMORRHAGIC STROKE
1187,DEATH IN THE WORLD
1188,DIAGNOSIS OF STROKE
1189,PROBABILITY DENSITY FUNCTION
1190,PROBABILITY ESTIMATES
1191,HOUNSFIELD UNITS
1192,LEAVE-ONE-OUT
1193,PERCENTAGE OF PIXELS
1194,TECHNICAL VALIDATION
1195,MAXIMUM A POSTERIORI
1196,GRAY LEVEL CO-OCCURRENCE MATRIX
1197,ALEXNET
1198,FEATURE EXTRACTOR
1199,RADIOLOGICAL DENSITY
1200,SENSITIVITY
1201,PULMONARY DISEASES
1202,LUNG
1203,EAR
1204,SOUND DETECTION
1205,BREATH SOUNDS
1206,AUSCULTATION
1207,SPATIAL INFORMATION
1208,WHEEZING
1209,ATTENTION MODULE
1210,HAMMING WINDOW
1211,WINDOW FUNCTION
1212,CRACKLES
1213,MEL-FREQUENCY CEPSTRAL COEFFICIENTS
1214,DISCRETE COSINE TRANSFORM
1215,SPATIAL ATTENTION
1216,TEST SPLIT
1217,GLOBAL MAX POOLING
1218,ICBHI DATASET
1219,TEXTURE FEATURES
1220,TOURETTE SYNDROME
1221,STATISTICAL SIGNIFICANCE OF FEATURES
1222,BRAIN REGIONS
1223,NORMAL CONTROL
1224,CONTROL SUBJECTS
1225,AMYGDALA
1226,REGIONAL CHARACTERISTICS
1227,FALSE DISCOVERY RATE CORRECTION
1228,ANATOMICAL REGIONS
1229,STRUCTURAL BRAIN ALTERATIONS
1230,BRAIN SEGMENTATION
1231,IMPORTANT LITERATURE
1232,GRAY LEVEL SIZE ZONE MATRIX
1233,REGIONS IN SUBJECTS
1234,TEXTUAL DESCRIPTIONS
1235,IMAGE PATTERN
1236,SKULL STRIPPING
1237,RUN LENGTH
1238,REGISTRATION STEP
1239,PATHOLOGY
1240,VOLUME MEASUREMENT
1241,BRAIN MODELING
1242,CEREBROSPINAL FLUID
1243,ALZHEIMER'S DISEASE
1244,CLASSIFICATION OF DISEASES
1245,TEMPORAL LOBE
1246,MILD COGNITIVE IMPAIRMENT
1247,FLUID-ATTENUATED INVERSION RECOVERY
1248,VASCULAR DEMENTIA
1249,MIXED DEMENTIA
1250,ROLE IN ALZHEIMER
1251,NEURODEGENERATIVE
1252,FRONTAL CORTEX
1253,SLICE THICKNESS
1254,T1W IMAGES
1255,2D MODEL
1256,OCCIPITAL LOBE
1257,COGNITIVE STATUS
1258,PIXEL SPACING
1259,VOXEL SPACE
1260,NETWORK ARCHITECTURE
1261,LOGIC GATES
1262,OBJECT BOUNDARIES
1263,SEGMENT BOUNDARIES
1264,GATE SET
1265,ATTENTION GATE
1266,BATCH NORMALIZATION
1267,FINAL SEGMENTATION
1268,DILATED CONVOLUTION
1269,BOUNDARY DETECTION
1270,BOUNDARY INFORMATION
1271,PARTIAL ERRORS
1272,SEMANTIC ANNOTATION
1273,ATROUS SPATIAL PYRAMID POOLING
1274,STREAM SEGMENTS
1275,RESNET NETWORK
1276,GREEN PRODUCTS
1277,ECOSYSTEMS
1278,TREE SPECIES
1279,OPTIMUM-PATH FOREST
1280,URBAN ENVIRONMENTS
1281,TREE STRUCTURE
1282,URBAN LANDSCAPE
1283,STREET LEVEL
1284,URBAN FOREST
1285,URBAN TREES
1286,COMPUTER-AIDED METHODS
1287,OVERSAMPLING METHODS
1288,INTERPOLATION
1289,COVARIANCE MATRIX
1290,MAJOR CLASSES
1291,SYNTHETIC MINORITY OVERSAMPLING TECHNIQUE
1292,MINORITY CLASS
1293,LIGHT DETECTION AND RANGING
1294,BAYESIAN OPTIMIZATION
1295,IMBALANCED DATA
1296,AVERAGE F1-SCORE
1297,HYPERPARAMETER VALUES
1298,TREE CLASSIFICATION
1299,SCALABILITY
1300,CLUSTERING ALGORITHMS
1301,PARTITIONING ALGORITHMS
1302,SCALABLE
1303,EXPECTATION MAXIMIZATION
1304,GAUSSIAN PARAMETERS
1305,ADJACENCY RELATIONSHIP
1306,RELEVANT LITERATURE
1307,CONDITIONAL PROBABILITY
1308,LARGE-SCALE DATASETS
1309,CLUSTERING RESULTS
1310,KEY NODES
1311,OPTIMAL PATH
1312,DAVIES-BOULDIN INDEX
1313,NEAREST NEIGHBOR SEARCH
1314,FINITE MIXTURE
1315,CLUSTER C
1316,GRAPH CONSTRUCTION
1317,LARGE NEIGHBOURHOOD
1318,GRAPH PARTITIONING
1319,CLUSTERING QUALITY
1320,TREE SEARCH
1321,VEINS
1322,QUANTITATIVE DESCRIPTION
1323,BIOLOGICAL PATTERNS
1324,PIGMENTATION PATTERNS
1325,NATURAL PATTERNS
1326,LABYRINTH
1327,MACHINE LEARNING TASKS
1328,REALISTIC PATTERNS
1329,CONFIDENCE SCORE
1330,TEST SETUP
1331,LOCAL DESCRIPTORS
1332,BACKGROUND LIGHT
1333,REACTION-DIFFUSION MODEL
1334,ANIMAL IDENTIFICATION
1335,LARGE SPOT
1336,CHEETAH
1337,GLOBAL DESCRIPTORS
1338,SPOT PATTERNS
1339,STRIPE PATTERN
1340,MATHEMATICAL BIOLOGY
1341,POPULATION STANDARD DEVIATION
1342,RELEVANT DESCRIPTORS
1343,POINT PATTERN ANALYSIS
1344,MEDICAL DIAGNOSTIC IMAGING
1345,CLASSIFICATION PROBLEM
1346,MEDICAL IMPORTANCE
1347,SQUAMOUS CELL CARCINOMA
1348,GRAYSCALE
1349,LOCAL PATTERNS
1350,FRACTAL DIMENSION
1351,MEDICAL IMAGE ANALYSIS
1352,TWO-CLASS PROBLEM
1353,LIQUIDS
1354,FAST RECONSTRUCTION
1355,GRID CELLS
1356,PRIOR METHODS
1357,COMPUTATION TIME
1358,REGULAR GRID
1359,COMPARISON OF SETS
1360,PARTICLE POSITION
1361,ISOSURFACE
1362,LIQUID SURFACE
1363,PARTICLE BOUNDARIES
1364,SMOOTHED PARTICLE HYDRODYNAMICS
1365,GRID REPRESENTATION
1366,SERVICE ROBOTS
1367,OBJECT RECOGNITION
1368,INDUSTRIAL SETTINGS
1369,OBJECT CLASSIFICATION
1370,TARGET OBJECT
1371,DEPTH IMAGES
1372,ASSEMBLY LINE
1373,CAMERA POSITION
1374,SYNTHETIC GENERATION
1375,POPULAR IMAGE
1376,REALITY GAP
1377,VOLUMETRIC RECONSTRUCTION
1378,PHOTOREALISM
1379,NEURAL RADIANCE FIELDS
1380,LIGHT FIELD
1381,WORST RESULTS
1382,COLOR VALUES
1383,UNIT SPHERE
1384,SPHERICAL HARMONICS
1385,BACKGROUND POINTS
1386,COARSE STRUCTURE
1387,SPHERICAL HARMONIC COEFFICIENTS
1388,HAIR
1389,HEATING SYSTEMS
1390,ALOPECIA
1391,MALE BALDNESS
1392,HEAT DIFFUSION
1393,GRAPHICS APPLICATIONS
1394,3D HEAD
1395,HALF OF MALES
1396,HUMAN MODEL
1397,WRINKLES
1398,AREAS OF EXPERTISE
1399,ACTUAL IMAGE
1400,HUMERAL HEAD
1401,ALTERNATIVE PATHS
1402,WHITE PIXELS
1403,GRAYING
1404,FACIAL AGE
1405,WHITE HAIRS
1406,TEXTURE MAP
1407,CLOSED-FORM SOLUTIONS
1408,FREQUENCY-DOMAIN ANALYSIS
1409,REGULARIZATION PROBLEM
1410,PERIODIC BOUNDARY CONDITIONS
1411,GAUSSIAN FILTER
1412,CONSTANT TERM
1413,Z-TRANSFORMATION
1414,ERROR TOLERANCE
1415,SINGLE THREAD
1416,BINARY SEARCH
1417,2D GAUSSIAN
1418,CANDIDATE POINTS
1419,GAUSSIAN TERM
1420,MULTIGRID METHOD
1421,NUMBER OF GAUSSIANS
1422,IMAGING APPLICATIONS
1423,NETWORK LAYER
1424,WEIGHTS OF LAYER
1425,PERIODIC FUNCTION
1426,ADAPTIVE SCHEME
1427,LINEAR LAYER
1428,KIND OF NETWORK
1429,BLOCKING LAYER
1430,NYQUIST FREQUENCY
1431,STAGE OF NETWORK
1432,MULTI-SCALE REPRESENTATION
1433,NETWORK INITIALIZATION
1434,DIFFERENT LEVELS OF DETAIL
1435,IMAGE PYRAMID
1436,SINE TRANSFORMATION
1437,UNIFIED ARCHITECTURE
1438,PAPER APPLICATIONS
1439,FREQUENCY BAND
1440,INPUT SIGNAL
1441,MULTIRESOLUTION
1442,LEVEL FO DETAIL
1443,TEXTURES
1444,GLOBAL INFORMATION
1445,SMALL PATCHES
1446,NUMBER OF HEADS
1447,MULTI-SCALE STRATEGY
1448,TRANSFORMER BLOCK
1449,NON-OVERLAPPING PATCHES
1450,GLOBAL CONTEXT
1451,CNN-BASED METHODS
1452,OUTPUT OF BLOCK
1453,GAN-BASED METHODS
1454,MULTI-SCALE PATCH PARTITIONING
1455,DECISION TEMPLATES
1456,LATENT FACTORS
1457,SPARSE MATRIX
1458,RECOGNITION RATE
1459,FAST GENERATION
1460,HIGH SPARSITY
1461,FEWER CLASSES
1462,CLASSIFIER FUSION
1463,TEST SAMPLES
1464,SIMILARITY MEASURE
1465,MATRIX FACTORIZATION
1466,COMPUTATIONAL BURDEN
1467,SINGULAR VALUE DECOMPOSITION
1468,LATENT VECTOR
1469,LABEL PREDICTION
1470,PROJECT REPOSITORY
1471,SPARSITY LEVEL
1472,DIGITAL DATASET
1473,BASELINE CATEGORY
1474,TEMPERATURE MEASUREMENT
1475,METALS
1476,BLAST FURNACES
1477,CONTROL SYSTEMS
1478,TEMPERATURE PREDICTION
1479,PREDICTION SYSTEM
1480,PREDICTION TASK
1481,XGBOOST
1482,HOT TEMPERATURE
1483,STEEL INDUSTRY
1484,CONTROL VARIABLES
1485,ACTION PLAN
1486,PARTIAL LEAST SQUARES
1487,MEAN ABSOLUTE ERROR
1488,USE CASE SCENARIOS
1489,MEAN ABSOLUTE PERCENTAGE ERROR
1490,COAL DUST
1491,SUPPORT VECTOR REGRESSION
1492,ELAPSED TIME
1493,HYPERPARAMETER SEARCH
1494,EXPERIENCED OPERATOR
1495,GRADIENT BOOSTING
1496,FINGERPRINT RECOGNITION
1497,LATENT FINGERPRINTS
1498,LATENT IMAGE
1499,GAUSSIAN NOISE
1500,LEARNING NETWORK
1501,FEED-FORWARD NETWORK
1502,RESIDUAL BLOCK
1503,GAUSSIAN BLUR
1504,OUTPUT IMAGE
1505,UTILITY VALUE
1506,MATCHING RESULTS
1507,BLOCK GROUP
1508,SALT AND PEPPER NOISE
1509,ADDITIONAL BLOCK
1510,RESNET BLOCK
1511,RECOGNITION PERFORMANCE
1512,ORIGINAL PROTOCOL
1513,PERFORMANCE IN SCENARIOS
1514,MASKED IMAGES
1515,HOMELAND SECURITY
1516,TRIPLET LOSS
1517,STUDENT NETWORK
1518,PRIVATE DATASET
1519,DEEP GENERATIVE MODELS
1520,DEEP MODELS
1521,NON-VERBAL COMMUNICATION
1522,WORLD HEALTH ORGANIZATION
1523,IMAGE QUALITY
1524,SYNTHESIS METHOD
1525,HEARING LOSS
1526,BODY POSITION
1527,SINGLE PERSON
1528,LANGUAGE TRANSLATION
1529,EVIDENCE LOWER BOUND
1530,INPUT RGB IMAGE
1531,PSNR
1532,INVERSE PROBLEMS
1533,SUPERRESOLUTION
1534,STOCHASTIC PROCESSES
1535,PARTICLE MEASUREMENTS
1536,STOCHASTIC DIFFERENTIAL EQUATIONS
1537,RECOGNITION TASK
1538,SOLUTION OF THE INVERSE PROBLEM
1539,MARKOV CHAIN
1540,DENOISING
1541,DIFFUSION PROCESS
1542,REVERSIBLE PROCESS
1543,RECOGNITION ACCURACY
1544,CORRECTION STEP
1545,FORWARD PROCESS
1546,NOISY IMAGES
1547,DRIFT COEFFICIENT
1548,LANGEVIN DYNAMICS
1549,AFFINE FUNCTION
1550,SUPER-RESOLUTION ALGORITHMS
1551,SUPER-RESOLUTION PROBLEM
1552,INDUSTRIES
1553,QUALITY CONTROL
1554,PATTERN RECOGNITION
1555,MELAMINE
1556,LOCAL NETWORK
1557,USE OF NATURAL RESOURCES
1558,CLEAN TECHNOLOGY
1559,NEURAL NETWORK APPROACH
1560,BINARY NETWORK
1561,TYPES OF IMAGES
1562,HUMAN EYE
1563,NEAR-INFRARED SPECTROSCOPY
1564,MAIN ASPECTS
1565,LOCAL BINARY PATTERN FEATURES
1566,TYPES OF DEFECTS
1567,NEAR-INFRARED CAMERA
1568,LEARNING PHASE
1569,LBCNN
1570,FAULT CLASSIFICATION
1571,WOOD DEFECT CLASSIFICATION
1572,PIXEL SHUFFLE
1573,SURVEILLANCE SYSTEM
1574,LOW-QUALITY IMAGES
1575,SUPER-RESOLUTION MODEL
1576,PERCEPTUAL LOSS
1577,RECONSTRUCTION MODULE
1578,MOTION BLUR
1579,SHALLOW FEATURES
1580,RECOGNITION RESULTS
1581,TRANSLATION INVARIANCE
1582,END OF MODULE
1583,DATASET BIAS
1584,MAINLAND CHINA
1585,REAL-WORLD PERFORMANCE
1586,IMAGE REGIONS
1587,CAUSE OF BIAS
1588,INTELLIGENT TRANSPORTATION SYSTEMS
1589,URBAN MOBILITY
1590,TRAFFIC VIOLATIONS
1591,TRAFFIC FLOW
1592,INPUT SIZE
1593,COMPUTATIONAL PERFORMANCE
1594,INFERENCE TIME
1595,CAR MODEL
1596,VALIDATION LOSS
1597,HIGHWAY
1598,LARGE MAMMALS
1599,IMAGE OBJECT
1600,DETECTION TASK
1601,ROAD ACCIDENTS
1602,TEXT FILE
1603,IMAGE COLLECTION
1604,POACHING
1605,ANIMAL CATEGORY
1606,OFFICIAL WEBSITE
1607,LITERATURE DATASETS
1608,AXIS OF THE IMAGE
1609,DISTRIBUTION OF INSTANCES
1610,OBJECTS IN CONTEXT
1611,GOOGLE IMAGES
1612,XML FILE
1613,PRINTED CIRCUITS
1614,ELECTRONIC COMPONENTS
1615,PRINTED CIRCUIT BOARD
1616,WASTE PRINTED CIRCUIT BOARDS
1617,SOURCE MATERIAL
1618,TEACHER MODEL
1619,INTEGRATED CIRCUIT
1620,STUDENT MODEL
1621,RECYCLING PROCESS
1622,E-WASTE
1623,MODERN IMAGING
1624,IMPEDANCE
1625,WINDOW SIZE
1626,CLASSICAL COMPONENTS
1627,BROKEN PARTS
1628,CERAMIC CAPACITORS
1629,ORIGINAL LABEL
1630,TEACHER-STUDENT MODELS
1631,HISTOPATHOLOGY
1632,RIDGE REGULARIZATION
1633,STUDIES IN THE LITERATURE
1634,NON-HODGKIN LYMPHOMA
1635,OUTCOME METRICS
1636,HERMITE POLYNOMIALS
1637,IMPORTANT ROLE IN MEDICINE
1638,STANDARD DEVIATION VALUES
1639,CHRONIC LYMPHOCYTIC LEUKEMIA
1640,MAXIMUM POINT
1641,REGULARIZATION METHOD
1642,ACCURACY METRICS
1643,RGB COLOR
1644,MANTLE CELL LYMPHOMA
1645,COLOR MODEL
1646,AXIS OF THE GRAPH
1647,WEKA SOFTWARE
1648,LABORATORY MODEL
1649,NORM PENALTY
1650,CAD
1651,HISTOLOGICAL IMAGE
1652,POLYNOMIAL CLASSIFIER
1653,TONGUE
1654,MICE
1655,DEEP FEATURES
1656,ASSOCIATION OF CHARACTERISTICS
1657,ORAL DYSPLASIA
1658,ORAL EPITHELIAL DYSPLASIA
1659,RESNET-50 MODEL
1660,GRADING PROCESS
1661,PERFORMANCE OF ALGORITHM
1662,HANDCRAFTED FEATURES
1663,POLYNOMIAL EXPANSION
1664,RESNET-50 ARCHITECTURE
1665,ORDER OF EXPANSION
1666,DECISION RULES
1667,ORTHOGONAL POLYNOMIALS
1668,POLYNOMIAL BASIS
1669,MORPHOLOGY
1670,ACROSOME
1671,HIGH SIMILARITY
1672,COMPUTATIONAL PERSPECTIVE
1673,DEEP ARCHITECTURE
1674,STANDARD METRICS
1675,POOLING OPERATION
1676,INTERCLASS SIMILARITY
1677,INVARIANT FUNCTION
1678,RAW VIDEO
1679,CETACEANS
1680,MEDICAL CLASSIFICATION
1681,HEAD SHAPE
1682,MALIGNANT TUMORS
1683,HISTOPATHOLOGICAL IMAGES
1684,EARLY DIAGNOSIS
1685,CLASSIFICATION ACCURACY
1686,ANNOTATED DATASET
1687,FEMALES WORLDWIDE
1688,HEATMAP
1689,HIGHEST ACCURACY
1690,MACHINE LEARNING APPROACHES
1691,TUMOR NUCLEI
1692,MALIGNANT CASES
1693,OTSU'S METHOD
1694,PNG FORMAT
1695,JSON FORMAT
1696,MEDICAL CONTEXT
1697,HUMAN FACTORS
1698,SOCIAL FACTORS
1699,SOCIAL DISTANCING
1700,RISK OF CONTAMINATION
1701,FACE MASKS
1702,NUMBER OF PEOPLE
1703,NUMBER OF DEATHS
1704,SIMULATED DATASETS
1705,PRE-TRAINED NETWORK
1706,BIRD'S EYE
1707,SOCIAL EVALUATION
1708,BODY OF KNOWLEDGE
1709,SURGERY PLANNING
1710,CHEST X-RAY
1711,RGB IMAGES
1712,RELATED DOMAINS
1713,FEW-SHOT CLASSIFICATION
1714,QUERY SET
1715,LARGE-SCALE IMAGE DATASETS
1716,MOMENT MATCHING
1717,UNDERSTANDING OF METHODS
1718,META-LEARNING
1719,DOMAIN GENERALIZATION
1720,TOPOLOGICAL ANALYSIS
1721,LINEAR MODEL
1722,BLACK BOX
1723,EXAMPLE OF MODEL
1724,GENERALIZED ADDITIVE MODELS
1725,PARTIAL DEPENDENCE PLOTS
1726,VISUAL CAPABILITIES
1727,GRADIENT-BASED METHODS
1728,COMMON METRICS
1729,BOX MODEL
1730,HIDDEN STATE
1731,LOCAL EXPLANATIONS
1732,DEGRADATION
1733,VIRTUAL REALITY
1734,SPHERICAL SURFACE
1735,IMMERSIVE EXPERIENCE
1736,SPHERICAL DOMAIN
1737,SPHERICAL IMAGE
1738,IMAGE POINT
1739,DEPTH VALUES
1740,DEPTH ESTIMATION
1741,HEAD-MOUNTED DISPLAY
1742,SKEW-SYMMETRIC
1743,SCENE INFORMATION
1744,NORTH POLE
1745,SPHERICAL PROJECTION
1746,360DEG IMAGES
1747,OMNIDIRECTIONAL IMAGES
1748,PANORAMAS
1749,QUALITY ASSESSMENT
1750,CONVERGENCE
1751,STABILITY ISSUES
1752,NOISE VECTOR
1753,VANISHING GRADIENT
1754,REALISTIC IMAGES
1755,CONDITIONAL GENERATIVE ADVERSARIAL NETWORK
1756,STYLE TRANSFER
1757,TRILEMMA
1758,IMAGE MANIPULATION
1759,VISUAL LEARNING
1760,VISUAL RECOGNITION TASKS
1761,STATISTICAL MODELS
1762,WEB OF SCIENCE
1763,TYPES OF STRATEGIES
1764,KULLBACK-LEIBLER
1765,SEARCH STRING
1766,INTERMEDIATE FEATURES
1767,RECONSTRUCTION LOSS
1768,ANOMALY SCORE
1769,AUXILIARY DATA
1770,JENSEN-SHANNON DIVERGENCE
1771,OPEN WORLD
1772,CLASSIFICATION OF ARTICLES
1773,OPEN-SET RECOGNITION
1774,OPEN-SET SEGMENTATION
1775,ETHICS
1776,FORM OF BIAS
1777,FORM OF FIELD
1778,ETHICAL POINT OF VIEW
1779,SAMPLING BIAS
1780,SEXUAL ORIENTATION
1781,ANNOTATION DATA
1782,MEASUREMENT BIAS
1783,GAY MEN
1784,BIAS EVALUATION
1785,GORILLA
1786,TYPE OF BIAS
1787,ALGORITHMIC BIAS
1788,FITZPATRICK SKIN TYPE
1789,CONCEPT OF BIAS
1790,CONFIRMATION BIAS
1791,EXPECTATION BIAS
1792,STEREOTYPES
1793,SEARCH ENGINE
1794,PREDICTION BIAS
1795,REAL-WORLD DATA
1796,SMALL DATA
1797,CURRICULUM LEARNING
1798,POOR GENERALIZATION
1799,DENSE LAYER
1800,REMARKABLE EXAMPLE
1801,SCORING FUNCTION
1802,SURVEY
1803,3D SCENE
1804,SCENE REPRESENTATION
1805,WORK IN THIS AREA
1806,LOCAL FUNCTION
1807,GLOBAL SOLUTION
1808,OBJECT RECONSTRUCTION
1809,CONVEX SHAPE
1810,CONVEX POLYTOPE
1811,RUNTIME PERFORMANCE
1812,SINGLE SHAPE
1813,RESULTS OF NEURAL NETWORK
1814,SIGNAL DISTANCE FUNCTIONS
1815,OILS
1816,RESERVOIRS
1817,RESERVOIR MODEL
1818,RESERVOIR SIMULATION
1819,EFFICIENT ALGORITHM
1820,LOCAL POINT
1821,PROJECTION MATRIX
1822,DEPTH MAP
1823,INACTIVE CELLS
1824,SURFACE COLOR
1825,BOTTOM WALL
1826,RESERVOIR CELLS
1827,MILLIONS OF CELLS
1828,CUT SET
1829,REGENERATION BUFFER
1830,FRUSTUM
1831,EXTERNAL FACE
1832,GEOLOGICAL LAYERS
1833,RAY CASTING
1834,SCREEN SPACE
1835,HORIZONTAL ONES
1836,CUTAWAY
1837,FOCUS+CONTEXT
1838,GPU RENDERING
1839,APPROXIMATION ALGORITHMS
1840,BALL-TREE
1841,CONSTRUCTION ALGORITHM
1842,KINDS OF DATASETS
1843,GEOMETRIC PRIMITIVES
1844,PAIRING
1845,MINIMUM DISTANCE
1846,MAXIMUM DISTANCE
1847,TIME COMPLEXITY
1848,ROOT NODE
1849,PAIR OF NODES
1850,ROOT OF THE TREE
1851,LEAF NODE
1852,TREE LEVEL
1853,INTERSECTION OF LINE
1854,COLLISION DETECTION
1855,ONLINE ALGORITHM
1856,OPTIMAL PAIR
1857,PRIORITY QUEUE
1858,BALANCED TREE
1859,RANKING FUNCTION
1860,DISTANCE TREE
1861,TYPES OF QUERIES
1862,BALL TREES
1863,SPATIAL INDEXING
1864,GRAVITY
1865,DEPTH INFERENCE
1866,SINGLE PANORAMA
1867,UNIT VECTOR
1868,INERTIAL MEASUREMENT UNIT
1869,PITCH ANGLE
1870,ROLL ANGLE
1871,ERROR METRICS
1872,IMAGE ROTATION
1873,URBAN SCENES
1874,ANGULAR ERROR
1875,GEOMETRIC CUES
1876,DIRECT REGRESSION
1877,INDOOR SCENARIOS
1878,IMAGENET
1879,GAZE ESTIMATION
1880,AVERAGE ERROR
1881,EYE IMAGES
1882,SIMILAR TOPOLOGY
1883,TARGETED SCREENING
1884,CHALLENGING DATASET
1885,OUTPUT FILTER
1886,GAZE DIRECTION
1887,HEAD POSE
1888,SMALL BALL
1889,STRESS
1890,CHALLENGING SCENARIOS
1891,DEPTHWISE SEPARABLE CONVOLUTION
1892,2D KEYPOINTS
1893,SIMULATION SCENARIOS
1894,BLURRED IMAGES
1895,AUGMENTED REALITY APPLICATIONS
1896,HAND TRACKING
1897,CASES OF OCCLUSION
1898,BODY TRACKING
1899,ENDPOINT ERROR
1900,MOBILE DEVICES
1901,TYPES OF CHALLENGES
1902,DEPTHWISE CONVOLUTION
1903,OUTCOMES OF SURGERY
1904,TRAINABLE PARAMETERS
1905,DATA MINING
1906,FAST NETWORK
1907,SPATIAL-TEMPORAL TRANSFORMER
1908,MEMORY USAGE
1909,CONSIDERABLE POWER
1910,MISSING REGIONS
1911,SPATIOTEMPORAL NETWORK
1912,REFERENCE FRAME
1913,TEMPORAL INFORMATION
1914,GB MEMORY
1915,METHODS IN THE LITERATURE
1916,DOT PRODUCT
1917,FORWARD PASS
1918,LINEAR COMPLEXITY
1919,USE OF KERNELS
1920,SINGLE GPU
1921,NVIDIA V100 GPU
1922,MEMORY CONSUMPTION
1923,ATTENTION MATRIX
1924,BACKWARD PASS
1925,REFORMER NETWORKS
1926,TRANSFORMER NETWORKS
1927,LARGE AMOUNT OF DATA
1928,ADAPTIVE METHOD
1929,USE OF DATA
1930,TARGET SAMPLE
1931,LOW-DIMENSIONAL SPACE
1932,ROW OF TABLE
1933,DOMAIN DISCRIMINATOR
1934,MAXIMUM MEAN DISCREPANCY
1935,LABEL SPACE
1936,INPUT SPACE
1937,INCORRECT LABELS
1938,ROBUST ADAPTATION
1939,QUANTITATIVE RESULTS
1940,QUALITATIVE RESULTS
1941,SEMANTIC INFORMATION
1942,MULTIMODAL IMAGING
1943,SEMANTIC TASK
1944,CEREBRAL BLOOD FLOW
1945,NORMALIZATION LAYER
1946,SEMANTIC MAP
1947,MULTIMODAL MRI
1948,MEAN TRANSIT TIME
1949,CEREBRAL BLOOD VOLUME
1950,INSTANCE NORMALIZATION
1951,RESULTS OF OTHER MODELS
1952,PREVIOUS CONFIGURATION
1953,BRAIN TUMOR SEGMENTATION
1954,BRAIN IMAGING
1955,NORMALIZATIONLAYERS
1956,PREDICTION ALGORITHMS
1957,SPARSE LABELING
1958,LABELING DENSITY
1959,MULTIPLE TASKS
1960,CLAVICLE
1961,PAIRED DATASETS
1962,SOURCE DATASET
1963,TARGET TASK
1964,SUPPORT SET
1965,SPARSE GRID
1966,MEDICAL DATASETS
1967,CHOICE IN CASES
1968,SOURCE TASK
1969,SEARCH PROBLEMS
1970,GRAMMAR
1971,OBJECTIVE FUNCTION
1972,EVOLUTIONARY ALGORITHMS
1973,SEARCH SPACE
1974,MULTI-OBJECTIVE ALGORITHM
1975,MEDICAL IMAGE DATASETS
1976,MULTI-OBJECTIVE OPTIMIZATION
1977,PARETO FRONT
1978,NUMBER OF FILTERS
1979,DROPOUT LAYER
1980,NETWORK LITERATURE
1981,N BLOCKS
1982,CANDIDATE SOLUTIONS
1983,PRUNING TECHNIQUES
1984,NON-DOMINATED SOLUTIONS
1985,GRAMMATICAL EVOLUTION
1986,IMAGE REGISTRATION
1987,FUSES
1988,STATISTICS
1989,MULTI-MODAL REGISTRATION
1990,BRAIN TISSUE
1991,SIMILARITY MAP
1992,HIGH PROBABILITY
1993,MUTUAL INFORMATION
1994,CLASSICAL METRICS
1995,PATCH PAIRS
1996,CENTRAL PATCH
1997,SPATIAL TRANSFORMER NETWORK
1998,TARGET IMAGE
1999,BINARY CROSS ENTROPY
2000,METRIC LEARNING
2001,FALSE POSITIVE VALUES
2002,SIMILARITY METRIC
2003,IMAGE ANALYSIS TECHNIQUES
2004,NATIONAL INSTITUTES OF HEALTH
2005,GREENHOUSE GAS
2006,TRACHEAL
2007,COMPLEXITY ANALYSIS
2008,NATIONAL LIBRARY OF MEDICINE
2009,ADAPTIVE THRESHOLD
2010,FOREGROUND PIXELS
2011,X RAY
2012,CXR
2013,CEREBELLUM
2014,AUTOMATIC SEGMENTATION
2015,SEGMENTATION OF STRUCTURES
2016,POSTERIOR FOSSA
2017,BRAINSTEM
2018,CHILD DEVELOPMENT
2019,SPECIFIC NETWORK
2020,ENSEMBLE OF NETWORKS
2021,LATE FUSION
2022,POSTERIOR STRUCTURES
2023,POSTNATAL
2024,DICE SCORE
2025,SURFACE DISTANCE
2026,ENSEMBLE MODEL
2027,MAJORITY VOTING
2028,THIRD TRIMESTER
2029,REFERENCE SEGMENTATION
2030,STRUCTURAL VOLUME
2031,VOXEL SIZE
2032,IONIZING RADIATION
2033,NOISE REDUCTION
2034,RECONSTRUCTION ALGORITHMS
2035,RECURRENT NETWORK
2036,LOW-DOSE IMAGES
2037,TIME STEP
2038,RADIATION DOSE
2039,RECONSTRUCTION METHOD
2040,AMOUNT OF RADIATION
2041,MULTIPLE TIME STEPS
2042,LOW-DOSE CT SCAN
2043,FILTERED BACK PROJECTION
2044,3D VOLUME
2045,RECURRENT ARCHITECTURE
2046,UPDATE GATE
2047,SIEMENS MEDICAL SOLUTIONS USA
2048,OUTPUT GATE
2049,IMAGE X
2050,GATED UNIT
2051,LIBRARIES
2052,SCIENTIFIC LITERATURE
2053,SCIENTIFIC EXPLORATION
2054,DIGITAL LIBRARY
2055,VISUAL SPACE
2056,COLLECTION OF PAPERS
2057,USABILITY EVALUATION
2058,INTERACTIVE EXPLORATION
2059,VISUAL RESOURCES
2060,EXPLORATORY ANALYSIS
2061,IMAGE FEATURES
2062,CONTROL POINTS
2063,CLOUD DATA
2064,ANALYSIS TASKS
2065,TEXTUAL FEATURES
2066,GRAVITATIONAL WAVES
2067,PNG FILES
2068,ACTIVE SEARCH
2069,TEXT RETRIEVAL
2070,TEXTUAL INFORMATION
2071,SUPERNOVA
2072,FREQUENCY HISTOGRAMS
2073,ENTIRE COLLECTION
2074,USER CENTERED DESIGN
2075,CLINICAL TRIALS
2076,DATA COLLECTION
2077,TYPE 2 DIABETES MELLITUS
2078,EFFECTIVE INTERVENTIONS
2079,DIABETIC PATIENTS
2080,GESTATIONAL DIABETES MELLITUS
2081,FORMAL EVALUATION
2082,EFFECTIVENESS OF LIFESTYLE INTERVENTIONS
2083,CURRENT TECHNOLOGICAL ADVANCES
2084,PARTICIPANTS IN GROUP
2085,CLINICAL RESEARCH
2086,TEMPORAL VARIATION
2087,ELECTRONIC HEALTH RECORDS
2088,BREASTFEEDING
2089,VARIABLE SELECTION
2090,SINGLE PARTICIPANT
2091,HIGH-LEVEL TASKS
2092,NON-EXPERT USERS
2093,OVERVIEW OF TRIALS
2094,CLINICAL TRIAL MONITORING
2095,DESIGN STUDY
2096,ADDITIVES
2097,DENSITY MEASUREMENT
2098,EUCLIDEAN DISTANCE
2099,FINE DETAILS
2100,ADDITIVE GAUSSIAN
2101,MEDIAN FILTER
2102,SEARCH WINDOW
2103,KINDS OF NOISE
2104,IMPULSIVE NOISE
2105,SCENE DETAILS
2106,NON-LOCAL MEANS FILTER
2107,STRONG EVIDENCE
2108,NULL HYPOTHESIS
2109,L1-NORM
2110,SORTING ALGORITHM
2111,KL DIVERGENCE
2112,NON LOCAL MEDIANS
2113,MOTION ESTIMATION
2114,VIDEO COMPRESSION
2115,PREDICTIVE CODING
2116,TEMPORAL CORRELATION
2117,ENTROPY MODEL
2118,HYPERPRIOR
2119,CONSECUTIVE FRAMES
2120,LEARNING-BASED APPROACHES
2121,HIGH DYNAMIC RANGE
2122,GROUP OF PICTURES
2123,ARITHMETIC CODING
2124,ENTROPY CODING
2125,MOTION COMPENSATION
2126,MOTION INFORMATION
2127,LEARNING BASED CODING
2128,EXTENSIVE EXPERIMENTAL EVALUATION
2129,SINGLE DOMAIN
2130,FEATURE ALIGNMENT
2131,DOMAIN IN ORDER
2132,ENTROPIC PENALTY
2133,DOMAIN-INVARIANT FEATURES
2134,TV
2135,GRAPHICAL MODELS
2136,LAYOUT
2137,BEHAVIORAL VIDEO
2138,ASPECTS OF BEHAVIOR
2139,VIDEO EVENTS
2140,TIME INTERVAL
2141,MOVEMENT PATTERNS
2142,AVERAGE SPEED
2143,VARIABLE SPEED
2144,SELECTIVE REGIONS
2145,IDENTIFICATION OF EVENTS
2146,OBJECTIVE ASPECTS
2147,OBJECT LABELS
2148,TIME FOR MEETINGS
2149,END OF THE VIDEO
2150,DEFINED TIME INTERVALS
2151,SCENE REGIONS
2152,BACKGROUND SCENE
2153,OBJECTS BEHAVIOR
2154,SURVEILLANCE VIDEO
2155,EMOTION RECOGNITION
2156,MUSIC
2157,FIRST-PERSON VIDEO
2158,OPTIMIZATION ALGORITHM
2159,VISUAL MODALITY
2160,VIDEO CONTENT
2161,VIDEO QUALITY
2162,VIDEO OUTPUT
2163,VISUAL INFORMATION
2164,VIDEO FRAMES
2165,ACOUSTIC SIGNALS
2166,CONTINUOUS CURVE
2167,ADAPTIVE SAMPLING
2168,DYNAMIC TIME WARPING
2169,MUSICAL EMOTIONS
2170,AUDIO STREAM
2171,VALENCE VALUES
2172,COST MATRIX
2173,AROUSAL VALUES
2174,LIST OF EMOTIONS
2175,COST TERM
2176,VIDEO SCENES
2177,CAMERA MOTION
2178,AMOUNT OF SAMPLE
2179,CONFIDENCE THRESHOLD
2180,PSEUDO LABELS
2181,LEARNING CURVE
2182,PRIMARY MODEL
2183,LABELED SAMPLES
2184,SEMI-SUPERVISED LEARNING
2185,CONFIDENCE VALUE
2186,LABEL PROPAGATION
2187,AUXILIARY MODEL
2188,SEMI-SUPERVISED METHODS
2189,SEMI-SUPERVISED CLASSIFICATION
2190,LATENT FEATURES
2191,2D PROJECTION
2192,SPACE PROPAGATION
2193,NEED FOR ANNOTATION
2194,ARCHITECTURE FOR DETECTION
2195,ARTIFICIAL SAMPLES
2196,REAL SAMPLES
2197,MAIN EXPERIMENT
2198,OBJECT INSTANCES
2199,UNSUPERVISED TECHNIQUES
2200,RESNET-50 BACKBONE
2201,OBJECT REGIONS
2202,REAL ONES
2203,SAMPLE SYNTHESIS
2204,PRETRAINING
2205,STANDARDS
2206,GUIDELINES
2207,AUGMENTATION METHODS
2208,AUGMENTATION TECHNIQUES
2209,STANDARD METHOD
2210,IMAGING METHODS
2211,FINAL SET
2212,USE OF IMAGING
2213,PERFORMANCE GAIN
2214,ORIGINAL ONES
2215,WORST ACCURACY
2216,DISTINCT LABELS
2217,POLES AND TOWERS
2218,LIGHTING
2219,ROOM FOR IMPROVEMENT
2220,CONSIDERABLE ROOM
2221,US DOLLARS
2222,REAL-WORLD SCENARIOS
2223,SINGLE SHOT MULTIBOX DETECTOR
2224,SMALL OBJECTS
2225,SMALL INSTANCES
2226,ILLUMINATION CONDITIONS
2227,IMAGE RESAMPLING
2228,REPRESENTATION LEARNING
2229,FEATURE LEARNING
2230,NATURAL IMAGES
2231,UNLABELED DATA
2232,LINEARLY SEPARABLE
2233,SELF-SUPERVISED TASK
2234,SIGNIFICANTLY IMPROVED
2235,K-MEANS
2236,IMAGES IN SET
2237,UNLABELED SET
2238,AUXILIARY TASK
2239,UNLABELED IMAGES
2240,CONSISTENCY REGULARIZATION
2241,CNN BACKBONE
2242,SEMI-SUPERVISED MODEL
2243,CLASSIFICATION LOSS
2244,ATTACK
2245,SELF SUPERVISION
2246,AUTOMOBILES
2247,IMAGES OF CARS
2248,LACK OF STANDARDIZATION
2249,BASE CLASSES
2250,TEXT QUERY
2251,F1 SCORE
2252,COCKPIT
2253,FEWER INSTANCES
2254,EXTERNAL PERSPECTIVE
2255,EXTERNAL IMAGE
2256,INTERNAL VIEW
2257,NEED FOR DATASETS
2258,EXTERNAL VIEW
2259,LOWER F1
2260,SCORE METRICS
2261,RANDOM IMAGES
2262,LIPS
2263,PUBLIC SPACES
2264,HEARING IMPAIRMENT
2265,RESULTS IN THE FORM
2266,LIP MOVEMENTS
2267,GROUND TRUTH IMAGE
2268,RECURRENT MODEL
2269,LANDMARK DETECTION
2270,GRAM MATRIX
2271,AUDIO INFORMATION
2272,MALE GENDER
2273,POSITIVE PREDICTOR
2274,FACIAL EXPRESSION RECOGNITION
2275,REFERENCE GROUP
2276,BIAS ANALYSIS
2277,FITZPATRICK SCALE
2278,LEVEL OF EQUITY
2279,DEMOGRAPHIC GROUPS
2280,INTEGRAL IMAGE
2281,ORIGINAL IMPLEMENTATION
2282,DETECTOR FACE
2283,FAIRNESS
2284,SKELETON
2285,HUMAN POSE
2286,SEMANTIC GRAPH
2287,FEWER PARAMETERS
2288,GATING MECHANISM
2289,ATTENTION LAYER
2290,OUTPUT LAYER
2291,3D SPACE
2292,MOTION CAPTURE
2293,NEIGHBORING NODES
2294,MATRIX M
2295,NULL SPACE
2296,SOPHISTICATED FRAMEWORK
2297,GRAPH NEURAL NETWORKS
2298,2D INPUT
2299,SPECIFIC HARDWARE
2300,ANIMATION
2301,INTELLIGENT VEHICLES
2302,FEATURE-BASED ATTENTION
2303,VISUAL ATTENTION
2304,THEORY OF ATTENTION
2305,CONTROL SIGNAL
2306,TOP-DOWN AND BOTTOM-UP
2307,TOP-DOWN PROCESSES
2308,TRAFFIC LIGHT
2309,PERCEPTUAL BIAS
2310,ATTENTION FEATURE
2311,STEERING ANGLE
2312,SPATIAL REGIONS
2313,SENSORY EVIDENCE
2314,DEEP Q-LEARNING
2315,SUBJECTIVE PROBABILITY
2316,PROBABILITY SAMPLING
2317,SELF DRIVING
2318,RAILWAY ACCIDENTS
2319,RAIL TRANSPORTATION
2320,VISION-BASED SOLUTIONS
2321,BUCKLING
2322,DATA-DRIVEN MODELS
2323,RAILWAY LINE
2324,IMAGING TRACKING
2325,ERROR VARIANCE
2326,VALIDATION ACCURACY
2327,BIAS ERROR
2328,WHEEL RAIL
2329,INCEPTION V3
2330,SQUEEZENET
2331,ADABOOST
2332,VGG
2333,HOGGING
2334,MISALIGNMENT
2335,REMOTE SENSING
2336,SPATIAL CONTEXT
2337,IMBALANCE PROBLEM
2338,SCALING FACTOR
2339,SPATIAL DEPENDENCE
2340,CLASS IMBALANCE
2341,BARE SOIL
2342,PERSPECTIVE TRANSFORMATION
2343,GRID PATTERN
2344,FEWER PIXELS
2345,GEOLOGY
2346,SMALL SET
2347,PERFORMANCE IMPACT
2348,SEMANTIC NETWORK
2349,SEISMIC DATA
2350,SEISMIC TOMOGRAPHY
2351,BODY HEIGHT
2352,COVERAGE AREA
2353,MEAN DISTANCE
2354,BINARY IMAGE
2355,TRIVIAL SOLUTION
2356,CONTOUR DETECTION
2357,POST-PROCESSING METHODS
2358,NORTH SEA
2359,BINARY LABEL
2360,HORIZON PICKING
2361,SEISMIC IMAGE
2362,COLORED NOISE
2363,PROCESS MODEL
2364,VISUAL PROCESSING
2365,IMAGE NOISE
2366,ELECTRON COUNTING
2367,COUNTING PROCESS
2368,VISUAL COUNTING
2369,REAL SCENARIOS
2370,CLASSICAL CLASSIFICATION
2371,MATCHING MODEL
2372,INDUSTRIAL ENVIRONMENT
2373,CLASSICAL CLUSTERING
2374,EGG COUNTS
2375,ASPECTS OF IMAGE
2376,SINGLE-LINKAGE CLUSTERING
2377,DIGITAL IMAGES
2378,EFFECT OF NOISE
2379,DIGITAL IMAGE PROCESSING
2380,MATCHING ERROR
2381,CHICKEN EGGS
2382,VARIETY OF SCENARIOS
2383,SHAPE MODEL
2384,RED-GREEN-BLUE
2385,FREQUENCY OF ELEMENTS
2386,CLUSTER REPRESENTATIVES
2387,"RED, GREEN, BLUE COLOR"
2388,OPTICAL IMAGING
2389,ADAPTIVE OPTICS
2390,NUMERICAL CODE
2391,CODED TEXT
2392,SPARSE TEXT
2393,INDIVIDUAL PERFORMANCE
2394,COMBINATION OF STRATEGIES
2395,LEARNING AND DEVELOPMENT
2396,LITERARY WORKS
2397,INSTRUCTION MANUAL
2398,DEVELOPMENT OF NEW MODELS
2399,SUM OF DISTANCES
2400,SELF-ORGANIZING MAP
2401,TEXT LINES
2402,NUMBER OF INSERTIONS
2403,COMBINED OUTPUT
2404,DECISION LEVEL
2405,GRAMMATICAL INFORMATION
2406,EDIT OPERATIONS
2407,IMPROVEMENT IN RECOGNITION
2408,LEVENSHTEIN DISTANCE
2409,HIGHEST POSITION
2410,CLASSIFIER COMBINATION
2411,TESSERACT
2412,MEDIAN STRING
2413,LAPLACE EQUATIONS
2414,PATTERN CLASSIFICATION
2415,LAPLACIAN EIGENMAPS
2416,LAPLACIAN MATRIX
2417,DIAGONAL MATRIX
2418,AVERAGE ACCURACY
2419,UNDIRECTED
2420,LAGRANGE MULTIPLIER
2421,GRAPH LAPLACIAN
2422,POINT IN THE GRAPH
2423,LAPLACE-BELTRAMI OPERATOR
2424,EMPIRICAL EXPERIMENTS
2425,CONSTRAINED OPTIMIZATION PROBLEM
2426,SPECTRAL CLUSTERING
2427,SMALLEST EIGENVALUE
2428,DEGREE MATRIX
2429,NEIGHBORING POINTS
2430,MANIFOLD LEARNING
2431,TIME MEASUREMENT
2432,ELECTROENCEPHALOGRAPHY
2433,CHESS PLAYERS
2434,ANALYSIS OF PLAYERS
2435,EYE MOVEMENTS
2436,BRAIN SIGNALS
2437,TOURNAMENT
2438,FEWER FIXATIONS
2439,REACTION TIME
2440,ACTIVE AREA
2441,BRAIN ACTIVITY
2442,EXPERT GROUP
2443,EYE-TRACKING
2444,EEG DATA
2445,HYPERPLANE
2446,SCATTERING MATRIX
2447,BRAIN MAPPING
2448,NOVICE GROUP
2449,BIOSIGNATURES
2450,BLACK QUEEN
2451,NUMBER OF ELECTRODES
2452,MEASURES OF DISCRIMINATION
2453,PLAYER PERFORMANCE
2454,BANKING
2455,SIGNATURE VERIFICATION
2456,USER STUDY
2457,DIFFERENCES IN SCALE
2458,LEGAL PROCESS
2459,IMAGE SCALE
2460,DIFFERENCES IN ROTATION
2461,SCALE CHANGES
2462,AVERAGE LOSS
2463,ROTATION CHANGES
2464,ACCURACY LOSS
2465,WEIGHTED LEAST SQUARES
2466,NUMBER OF SIGNATURES
2467,ROTATION INVARIANCE
2468,CENTRAL NEIGHBORHOODS
2469,OFFLINE
2470,WRITER INDEPENDENT
2471,CLIP
2472,MEDICAL SERVICES
2473,PROBABILITY DISTRIBUTION
2474,PRE-DEFINED MODEL
2475,GREAT VALUE
2476,PROBABILITY VALUES
2477,OVERVIEW OF METHODS
2478,HOSPITAL INFORMATION SYSTEM
2479,SHIPBUILDING
2480,RULE-BASED APPROACH
2481,OFFSHORE INDUSTRY
2482,BLOCKING PROBABILITY
2483,JAVASCRIPT OBJECT NOTATION
2484,FORM UNDERSTANDING
2485,TEXT DETECTION
2486,GRADIENT METHODS
2487,IMAGE GRADIENT
2488,GRAPHICAL REPRESENTATION
2489,IMAGE PROCESSING ALGORITHMS
2490,GRADIENT OPERATOR
2491,SMALL SAMPLE DATA
2492,GRID GRAPH
2493,FINITE SET
2494,EDGE DETECTION METHOD
2495,SALIENCY MAP
2496,UNIQUE LABEL
2497,DISCRETE LABELS
2498,UNIFORM REGION
2499,COHERENT REGIONS
2500,SELECTIVE PROPERTIES
2501,STRUCTURED DATA
2502,ITERATIVE METHODS
2503,OBJECTIVE INFORMATION
2504,HIGH ADHERENCE
2505,ACCURATE DELINEATION
2506,OBJECT-BASED METHOD
2507,OBJECT BASED
2508,IMAGE FORESTING TRANSFORM
2509,SUPERPIXELS
2510,LAYER SEGMENTATION
2511,REGULAR FUNCTION
2512,GOOD SEGMENTATION
2513,SHORTEST PATH
2514,FUZZY SET
2515,TOPOLOGICAL FEATURES
2516,LINEAR TIME
2517,NETWORK INPUT
2518,GOOD MARKER
2519,DISTANCE MAP
2520,OBJECTIVE MARKERS
2521,TOTAL VARIATION REGULARIZATION
2522,MARKER PAIRS
2523,PASCAL VOC DATASET
2524,SIZE METRICS
2525,FUZZY VALUES
2526,GROUND TRUTH SEGMENTATION
2527,AUTOMATIC MARKER PROPOSAL
2528,HIERARCHY BASED
2529,SEGMENTATION LAYER
2530,HOLISTIC APPROACH
2531,LOCAL APPROACH
2532,GENERAL LEARNING
2533,PIXEL-BASED APPROACH
2534,MARGINAL DISTRIBUTION
2535,TRUTH LABELS
2536,DICE SIMILARITY COEFFICIENT
2537,AMOUNT OF LABELS
2538,HOLISTIC MODEL
2539,GENERAL POWER
2540,SKIN DETECTION
2541,TREE TRUNKS
2542,TRUNK SEGMENTS
2543,CENTRAL LINE
2544,PARTS OF THE TREE
2545,ORIGINAL ARCHITECTURE
2546,TRUNK DIAMETER
2547,IMAGES OF TREES
2548,TREE DETECTION
2549,TRUNK REGION
2550,MANUAL DELINEATION
2551,STROKE (MEDICAL CONDITION)
2552,DIAGNOSTIC METHODS
2553,ARTIFICIAL INTELLIGENCE TECHNIQUES
2554,HIDDEN NEURONS
2555,LARGE VOLUMES OF DATA
2556,BASELINE ARCHITECTURE
2557,MULTIMODAL MODEL
2558,MEMORY FOOTPRINT
2559,PYTORCH
2560,LINEAR TRANSFORMATION
2561,HYPERBOLIC TANGENT
2562,COMPLEX DATASETS
2563,LIMITED CAPABILITY
2564,SUBMODULE
2565,CARTESIAN SPACE
2566,SPARSE TENSOR
2567,EXTRA DIMENSION
2568,HYPERSPHERE
2569,USE OF BIAS
2570,ISOTROPIC SCALING
2571,NEURAL COMPRESSION
2572,ORTHOGONAL PROJECTION
2573,NON LINEAR ACTIVATION
2574,ASSOCIATIVITY
2575,PEDIATRICS
2576,MOBILE APPLICATIONS
2577,NEONATAL
2578,MOBILE APP
2579,PAIN ASSESSMENT
2580,INTENSIVE CARE UNIT
2581,PAIN SCORES
2582,REAL SITUATION
2583,PAIN INTENSITY
2584,NEONATOLOGISTS
2585,PRESENCE OF PAIN
2586,EVERYDAY USE
2587,SUDDEN MOVEMENTS
2588,HOME SCREEN
2589,BASELINE IMAGING
2590,CLASSIFICATION MODEL
2591,TENSORFLOW
2592,FAULT DIAGNOSIS
2593,ELECTRIC PUMP
2594,ONE-CLASS CLASSIFICATION
2595,ELECTRIC SUBMERSIBLE PUMP
2596,OIL AND GAS
2597,CLASSIFICATION APPLICATIONS
2598,GAS INDUSTRY
2599,ISOLATION FOREST
2600,UPPER BOUND
2601,MACHINE LEARNING TECHNIQUES
2602,NORMAL BEHAVIOR
2603,ABNORMAL BEHAVIOR
2604,KERNEL FUNCTION
2605,IDEAL SOLUTION
2606,NORMAL CLASS
2607,PROPORTION OF OUTLIERS
2608,ELECTRICAL SUBMERSIBLE PUMP
2609,VORONOI DIAGRAM
2610,FACE ISSUES
2611,TRAIN CLASSIFICATION MODELS
2612,DATA ENTRY
2613,PROBABILITY VECTOR
2614,TEST SUBSET
2615,CONCEPT DRIFT
2616,SUBSET OF CLASSES
2617,VALIDATION SUBSET
2618,ORGANIZATION OF SPACE
2619,POINT R
2620,MODEL INSTANCES
2621,VALIDATION DATA
2622,MANIFOLDS
2623,MANIFOLD RANKING
2624,TASK REPRESENTATIONS
2625,RETRIEVAL RESULTS
2626,TEMPORAL DIMENSION
2627,GLOBAL MEASURES
2628,SIMILAR INFORMATION
2629,RANKING TASK
2630,RANKED LIST
2631,HYPERGRAPH
2632,LIST OF SETS
2633,GALLIUM NITRIDE
2634,GENERATORS
2635,MODELS IN THE LITERATURE
2636,CONDITIONING FACTORS
2637,LIPSCHITZ CONTINUOUS
2638,DISCRIMINATOR NETWORK
2639,WASSERSTEIN DISTANCE
2640,STYLEGAN
2641,SPECTRAL NORMALIZATION
2642,CAUSAL GRAPH
2643,GRADIENT PENALTY
2644,INCEPTION NETWORK
2645,SYMMETRIC MATRICES
2646,SAMPLING WEIGHTS
2647,ROBUST LOSS
2648,NOISY DATA
2649,SMALL LOSS
2650,CLEAN SAMPLES
2651,TYPES OF NOISE
2652,CLEAR SET
2653,NEGATIVE LEARNING
2654,UNSUPERVISED WAY
2655,SOURCE LABELS
2656,TRUE CLASS
2657,MAIN APPROACHES
2658,SOFT TRANSITION
2659,INTUITIVE WAY
2660,SET OF VIDEOS
2661,SPEED RESULTS
2662,LARGE SET OF IMAGES
2663,MULTIPLE STYLES
2664,LOSS OF CONTENT
2665,MARKOV RANDOM FIELD
2666,STYLE IMAGE
2667,CURRENT PROTOTYPE
2668,BACKGROUND PIXELS
2669,SELFIE
2670,MATHEMATICAL MODEL
2671,TWO DIMENSIONAL DISPLAYS
2672,REAL-TIME SIMULATION
2673,POSITION-BASED DYNAMICS
2674,COMPUTER SIMULATIONS
2675,3D SIMULATION
2676,PHYSICS ENGINE
2677,FINITE ELEMENT METHOD
2678,RIGID BODY
2679,INEQUALITY CONSTRAINTS
2680,CALCULATION STEPS
2681,SIMULATION RUN
2682,OBJECT SURFACE
2683,PHYSICAL EXPERIMENTS
2684,COMPLEX OBJECTS
2685,DISTANCE CONSTRAINTS
2686,RIGID MODEL
2687,FRAMES PER SECOND
2688,PHYSICAL SIMULATION
2689,LOW STRETCH
2690,REVERSE MAPPING
2691,FILM REGION
2692,UNIFORM GRID
2693,SIMULATION PROCESS
2694,MICROSCOPY
2695,MERGING
2696,MACROSCOPIC MODEL
2697,SMALL GROUP
2698,COMPLEX ENVIRONMENT
2699,FREE SPACE
2700,PATH PLANNING
2701,SOCIAL FORCES
2702,NUMBER OF AGENTS
2703,COMPETITION MODEL
2704,DISCRETE SPACE
2705,LARGE CROWDS
2706,OPERATOR SPLITTING
2707,MERGE OPERATION
2708,CROWD DENSITY
2709,CROWD OF PEOPLE
2710,VIRTUAL HUMAN CROWDS
2711,BLOBBY MODELS.
2712,INDEXES
2713,DATA STRUCTURE
2714,SIMULATED FLUID
2715,3D GRID
2716,GRID SIZE
2717,POWER-OF-TWO
2718,CURRENT NODE
2719,DEPTH-FIRST
2720,GAME INDUSTRY
2721,QUADTREE
2722,LEFT CHILD
2723,BOTTOM-UP FASHION
2724,BIT-SHIFT
2725,LIGHT SOURCES
2726,INDIRECT LIGHT
2727,SAMPLING METHOD
2728,FINAL IMAGE
2729,VISUAL MAP
2730,CLUSTER CENTROIDS
2731,UNIT CIRCLE
2732,SURFACE POINTS
2733,LIGHT LEAKAGE
2734,GLOBAL ILLUMINATION
2735,VPLS
2736,REAL TIME
2737,TEXT RECOGNITION
2738,HIDDEN MARKOV MODELS
2739,GRADIENT PROBLEM
2740,MILLIONS OF PARAMETERS
2741,OPTICAL MODEL
2742,LANGUAGE MODEL
2743,POINT-WISE MULTIPLICATION
2744,GATED CONVOLUTIONAL NEURAL NETWORKS
2745,GATED CNN
2746,WIDE RANGE OF APPLICATIONS
2747,VIDEO DATA
2748,SMART HOME
2749,COMPRESSED FORMAT
2750,PUBLIC BENCHMARK
2751,HIGH COMPUTATIONAL LOAD
2752,COMPUTATIONAL COMPLEXITY
2753,MOTION VECTOR
2754,RGB PIXEL
2755,RESNET-50 NETWORK
2756,USE OF INFORMATION
2757,FLOATING-POINT OPERATIONS
2758,COMPRESSED DOMAIN PROCESSING
2759,BACKGROUND SUBTRACTION
2760,KALMAN FILTER
2761,DOUBLE COUNTING
2762,COUNTING ACCURACY
2763,CORNER POINTS
2764,VEHICLE DETECTION
2765,TRACKING STEP
2766,DOGS
2767,BRIGHTNESS
2768,LUMINANCE RATIO
2769,SIFT KEYPOINTS
2770,ILLUMINATION CHANGES
2771,LINEAR APPROACH
2772,STRONG LIGHT
2773,DIRECT SOURCE
2774,LINEAR ALGORITHM
2775,STRONG SOURCE
2776,UNIFORM ILLUMINATION
2777,DIFFERENCE OF GAUSSIAN
2778,CONTRAST PERCEPTION
2779,LUMINANCE DIFFERENCE
2780,UNIFORM SOURCE
2781,LEVEL OF INVARIANCE
2782,SUBSET OF IMAGES
2783,SCALE SPACE FEATURE DETECTOR
2784,ILLUMINATION INVARIANCE
2785,INSTRUCTION SETS
2786,REGISTERS
2787,FILTRATION PERFORMANCE
2788,PARALLELIZATION
2789,NUMERICAL ERRORS
2790,DIGITAL FILTER
2791,SIDE OF THE IMAGE
2792,IMAGE BLOCK
2793,IMAGES IN ROW
2794,BILATERAL FILTER
2795,PIXEL BLOCK
2796,SHARED MEMORY
2797,SINGLE INSTRUCTION
2798,CAUSAL COMPONENTS
2799,GPU PROCESSING
2800,HIGH PERFORMANCE COMPUTING
2801,SHARPENING FILTER
2802,INTERPOLATED IMAGE
2803,SECOND DERIVATIVE
2804,PIXEL INTENSITY
2805,DOWNSCALING
2806,SOURCE IMAGES
2807,MAGNIFICATION IMAGES
2808,OPTIMAL PARAMETER VALUES
2809,EMPIRICAL EVALUATION
2810,NEIGHBORING PIXELS
2811,MAGNIFICATION FACTOR
2812,FILTER WINDOW
2813,SIMPLE FILTER
2814,IMAGE SHARPNESS
2815,ORIGINAL PIXEL
2816,SHOT NOISE
2817,NOISE INTENSITY
2818,RESIDUAL LEARNING
2819,ATTENTION WEIGHTS
2820,LEARNING-BASED TECHNIQUES
2821,NOISE ESTIMATION
2822,CHANGE DETECTION
2823,RESIDUAL NETWORK
2824,SCENE CHANGES
2825,PROCESSING STRATEGIES
2826,TRAFFIC MONITORING
2827,RESIDUAL MODULE
2828,MULTISCALE PROCESS
2829,FOREGROUND REGIONS
2830,SINGLE CONVOLUTIONAL LAYER
2831,VIDEO CAPTURE
2832,BAD WEATHER
2833,DYNAMIC BACKGROUND
2834,BACKPROPAGATION
2835,IMAGING BIOMARKERS
2836,DELINEATION OF OBJECTS
2837,M-CURRENT
2838,MARKED REGIONS
2839,OUTPUT CHANNELS
2840,ANNOTATED SAMPLES
2841,OBJECT DELINEATION
2842,STRAIN
2843,FORCE
2844,IMAGE DISTORTION
2845,VIDEO IMAGES
2846,HIGH-QUALITY RESULTS
2847,INVERTIBLE
2848,JACOBIAN MATRIX
2849,INVERSE TRANSFORMATION
2850,CURRENT FRAME
2851,EDITION SOFTWARE
2852,DEFORMATION FIELD
2853,INPUT PIXELS
2854,INPUT DOMAIN
2855,WARPED IMAGE
2856,FORWARD MAPPING
2857,OUTPUT PIXEL
2858,VOLUME RENDERING
2859,VOLUME-PRESERVING
2860,MAJOR AXIS
2861,IMAGE WARPING
2862,VIDEO RETIMING
2863,TIME WARP
2864,IMAGE AND VIDEO PROCESSING
2865,ROBOT SENSING SYSTEMS
2866,RGB-D INFORMATION
2867,DEPTH DATA
2868,WEIGHTING SCHEME
2869,COLOR SENSOR
2870,SMALLER ERROR
2871,COLOR INFORMATION
2872,GEOMETRIC ERRORS
2873,TANGENT PLANE
2874,NORMAL MAP
2875,VISUAL ODOMETRY
2876,FRAME TO MODEL
2877,SPORTS
2878,FORECASTING
2879,FOOTBALL MATCH
2880,PREDICTION ERROR
2881,POISSON DISTRIBUTION
2882,TARGET REGION
2883,ACTIVITY SCORE
2884,GAMBLING
2885,MEAN PREDICTION
2886,VISUAL DISPLAY
2887,TOTAL ERROR
2888,INTEGER NUMBER
2889,REPRESENTATIVE POINTS
2890,AVERAGE ABSOLUTE ERROR
2891,PROBABILISTIC FORECASTS
2892,HALF OF THE SEASON
2893,HOME TEAM
2894,TEAM SCORES
2895,FORECAST QUALITY
2896,PIECES OF INFORMATION
2897,WORST PERFORMANCE
2898,FOOTBALL ANALYTICS
2899,TOOLS
2900,SWITCHES
2901,MEDIUM-SIZED CITIES
2902,CRIME TYPES
2903,CRIME PATTERNS
2904,DAYS OF PERIOD
2905,ROAD NETWORK
2906,SPATIAL REPRESENTATION
2907,CRIME RATES
2908,URBAN INFRASTRUCTURE
2909,FINE-GRAINED ANALYSIS
2910,INFRASTRUCTURE IMPROVEMENTS
2911,STREET CORNERS
2912,CRIME DATA
2913,SECURITY AUTHORITIES
2914,MAIN AVENUES
2915,CRIME MAPPING
2916,RED BLOOD CELLS
2917,FUNCTIONAL INTEGRITY
2918,SICKLE CELL
2919,INTERESTING CLASS
2920,CELL DEFORMATION
2921,RED BLOOD CELL DEFORMABILITY
2922,FEATURE DIMENSION
2923,USE OF FEATURES
2924,BLOOD SMEARS
2925,ARTIFICIAL NEURAL NETWORK MODEL
2926,IMAGE DATABASE
2927,INTEGRAL SOLUTION
2928,FOURIER COEFFICIENTS
2929,CHALLENGING CASES
2930,REPRESENTATION OF FUNCTION
2931,PERIPHERAL BLOOD SMEAR
2932,CHARACTERISTICS OF ELEMENTS
2933,SHAPE DESCRIPTOR
2934,TEETH
2935,DENTISTRY
2936,X-RAYS
2937,TOOTH SEGMENTATION
2938,DENTISTS
2939,AUTOMATIC METHOD
2940,GAP AREA
2941,TOOTH POSITION
2942,TOOTH SHAPE
2943,DENTAL IMAGING
2944,STANDARD VALUES
2945,TEST DATASET
2946,DENTAL ARCH
2947,AUTOMATIC ANALYZER
2948,STEADY-STATE
2949,HUMAN VISION
2950,LOCK-IN AMPLIFIER
2951,RAW DATA
2952,EXPERIMENTAL TIME
2953,VISUAL CORTEX
2954,REFERENCE SIGNAL
2955,STIMULUS DURATION
2956,RECONSTRUCTION QUALITY
2957,STIMULUS FREQUENCY
2958,TARGET FREQUENCY
2959,BLACK PIXELS
2960,STIMULUS IMAGES
2961,REFERENCE WAVE
2962,TOTAL EXPERIMENT TIME
2963,CENTER OF WINDOW
2964,TIME DURATION
2965,SIGNAL PROCESSING
2966,VISUAL FIELD RECONSTRUCTION
2967,BRAIN-COMPUTER INTERFACES (BCI)
2968,3D SHAPE
2969,DISEASE STAGE
2970,GRAY MATTER
2971,SHAPE FEATURES
2972,SHAPE ANALYSIS
2973,HEAT KERNEL
2974,POSITIVE GROUP
2975,PUTAMEN
2976,SIMILARITY MATRIX
2977,SUBCORTICAL REGIONS
2978,DEEP STRUCTURE
2979,SHAPE OF REGIONS
2980,MARCHING CUBES ALGORITHM
2981,DEEP REGIONS
2982,FREESURFER
2983,BRAIN ANALYSIS
2984,DISEASE PROGRESSION
2985,ROCKS
2986,SAMPLE PROCESSING
2987,POWER CALCULATION
2988,PORE SIZE DISTRIBUTION
2989,ROCK SAMPLES
2990,RESERVOIR ROCK
2991,POROSITY VALUES
2992,LOWER LIMIT
2993,IMAGEJ SOFTWARE
2994,SAMPLE VOLUME
2995,COMPARISON OF VALUES
2996,PORE VOLUME
2997,PORE AREA
2998,CALCULATION OF PROPERTIES
2999,SEGMENTATION TECHNIQUES
3000,PORE DISTRIBUTION
3001,HISTOGRAM PEAK
3002,ROCK PROPERTIES
3003,SET OF SLICES
3004,UCT IMAGES
3005,POROSITY PROPERTIES
3006,CLUSTERING METHODS
3007,VERTEX LABELS
3008,COMMUNITY NETWORKS
3009,MULTILEVEL METHOD
3010,GENERAL METHOD
3011,VALUES IN THE RANGE
3012,GENERAL STRATEGY
3013,EDGE WEIGHTS
3014,COVERAGE OF REGIONS
3015,MULTILEVEL STRATEGY
3016,GRAPH-BASED METHODS
3017,DETERMINISTIC STRATEGY
3018,NEIGHBORHOOD RADIUS
3019,NATURAL SCENE IMAGES
3020,GRAPH ATTENTION NETWORK
3021,GRAPH NEURAL NETWORK MODEL
3022,ADJACENCY GRAPH
3023,ATTENTION FUNCTION
3024,DIRECTED GRAPH
3025,COMPLEX IMAGE
3026,TARGET NODE
3027,TRANSITION FUNCTION
3028,RECTANGULAR DOMAIN
3029,GEOMETRIC INFORMATION
3030,SALIENT OBJECT
3031,UNIFORM DISTRIBUTION
3032,RANDOM DISTRIBUTION
3033,OBJECT SIZE
3034,DISTRIBUTION OF POSITIONS
3035,RANDOM FLIPPING
3036,RANDOM HORIZONTAL FLIPPING
3037,ADAPTIVE FUNCTIONING
3038,CLASS INSTANCES
3039,REGION PROPOSAL
3040,REFINEMENT STEP
3041,NON-MAXIMUM SUPPRESSION
3042,ANNOTATION CATEGORIES
3043,BACKGROUND CLASS
3044,FC LAYER
3045,CHARACTER IMAGES
3046,INSTANCES OF CATEGORIES
3047,VECTOR CORE
3048,WEAKLY SUPERVISED CHARACTER DETECTION
3049,LICENCE PLATE RECOGINITION
3050,WEAK SUPERVISON
3051,MACHINERY
3052,DATA GENERATION
3053,ALPHA MATTE
3054,VIRTUAL CAMERA
3055,FOOD CATEGORIES
3056,NUTRITION MONITORING
3057,FOOD CLASSIFICATION SYSTEM
3058,POPULATION GROWTH
3059,TYPE OF FOOD
3060,FOOD IMAGES
3061,BRAZILIAN FOOD
3062,DIETARY MONITORING
3063,RELATED OUTCOMES
3064,CORRECT PREDICTIONS
3065,NUTRITION INFORMATION
3066,CHICKEN BREAST
3067,HUMAN-COMPUTER INTERACTION
3068,MISSING AREAS
3069,HOLE REGION
3070,PATCH MATCHING
3071,AS HOLE
3072,CONTEXT ENCODER
3073,REFINEMENT NETWORK
3074,ISOTROPIC DIFFUSION
3075,IMAGE BORDERS
3076,MISSING PARTS
3077,ENCODER NETWORK
3078,CONVOLUTION BASED
3079,DIFFUSION BASED
3080,PATCH BASED
3081,VIOLENCE DETECTION
3082,DYNAMIC IMAGING
3083,ACT OF VIOLENCE
3084,LOCALIZATION ERROR
3085,REFINEMENT METHOD
3086,VIDEO DATASET
3087,SVM CLASSIFIER
3088,EXAMPLE OF DATASET
3089,POSITIVE INSTANCES
3090,PERSON DETECTION
3091,VIOLENCE IN THE REGION
3092,DECODER PART
3093,VIDEO LENGTH
3094,VIOLENCE LOCALIZATION
3095,DYNAMIC IMAGES
3096,VIDEO SUMMARIZATION
3097,SALIENCY DETECTION
3098,PAYLOADS
3099,NETWORK SLICING
3100,ARRAYS
3101,TRAFFIC CLASSIFICATION
3102,PRIVACY
3103,MOBILE NETWORK
3104,SERVICE QUALITY
3105,PLAINTEXT
3106,FOURTH STEP
3107,REPRODUCING KERNEL HILBERT SPACE
3108,NETWORK PACKETS
3109,PACKET HEADER
3110,MALWARE
3111,TRANSPORT PROTOCOL
3112,NETWORK INTERFACE
3113,PACKET SIZE
3114,SDN
3115,FINE TUNING
3116,DRONES
3117,IMAGE PROPERTIES
3118,IMAGE TRANSFORMATION
3119,ROBUST CLASSIFICATION
3120,BIOLOGICAL NEURAL NETWORKS
3121,RANDOM INITIALIZATION
3122,COMPRESSION LEVEL
3123,EARLY EPOCH
3124,END OF PROCESS
3125,VARIATION IN ACCURACY
3126,RANDOM WEIGHTS
3127,NUMBER OF CONVOLUTIONAL FILTERS
3128,LEVELS OF AGGRESSION
3129,FILTERS IN LAYER
3130,PRUNING METHOD
3131,WORTH NOTICING
3132,MAGNITUDE OF WEIGHTS
3133,NEURAL NETWORK COMPRESSION
3134,STRUCTURED PRUNING
3135,WINNING TICKETS
3136,WEIGHT REWINDING
3137,FERTILIZERS
3138,DUCTS
3139,SURFACE EMITTING LASERS
3140,INFRARED IMAGING
3141,SEDIMENTATION PROFILES
3142,SEDIMENT
3143,CCD CAMERA
3144,INFORMATION AND COMMUNICATION TECHNOLOGIES
3145,INPUT LAYER
3146,NON-INVASIVE IMAGING
3147,SCALE MODEL
3148,DEPOSITION MODELING
3149,3D LASER SCANNING
3150,NEURAL NETWORK ALGORITHM
3151,PIXEL WINDOW
3152,INFRARED THERMOGRAPHY
3153,NOISE IN DATA
3154,PRESENCE OF NOISE
3155,GEODESIC DISTANCE
3156,NEIGHBORHOOD SYSTEM
3157,LARGE SAMPLE SIZE
3158,DISTANCE MATRIX
3159,KERNEL PRINCIPAL COMPONENT ANALYSIS
3160,MATRIX OF PAIRWISE DISTANCES
3161,CLUSTERS OF POINTS
3162,SILHOUETTE COEFFICIENT
3163,COORDINATES OF POINTS
3164,SPECIES IDENTIFICATION
3165,BUTTERFLY SPECIES
3166,LEPIDOPTERA
3167,IMPORTANT INSECT
3168,NATURAL INSECT
3169,IMAGES OF SPECIES
3170,AUTOMATIC SYSTEM
3171,AUTOMATIC IDENTIFICATION SYSTEM
3172,SPECIES RECOGNITION
3173,MONARCH BUTTERFLY
3174,BUTTERFLY WINGS
3175,DESCRIPTION OF PARAMETERS
3176,TEXTURE PATTERNS
3177,WING SHAPE
3178,BUTTERFLY IDENTIFICATION
3179,WILD BOAR
3180,TEXTURE ANALYSIS METHODS
3181,NATIVE SPECIES
3182,INVASIVE SPECIES
3183,SPECIES OF FAUNA
3184,AERIAL IMAGES
3185,GABOR FILTERS
3186,NATIVE COUNTERPARTS
3187,RESPECTIVE CLASSES
3188,PROTEINS
3189,AMINO ACIDS
3190,PROTEIN SEQUENCE
3191,SECONDARY STRUCTURE
3192,AMINO ACID SEQUENCE
3193,BIOLOGICAL PROPERTIES
3194,SEQUENCE INFORMATION
3195,PREDICTION METHODS
3196,CLASS POSITION
3197,SEQUENCE PROPERTIES
3198,FOLD ANALYSIS
3199,3D STRUCTURE
3200,PROTEIN DATA BANK
3201,LOCAL ALIGNMENT
3202,ACIDS IN SEQUENCE
3203,GLOBAL CLASSIFICATION
3204,END OF THE PROTEIN
3205,RESULTS IN THE LITERATURE
3206,PRECISION RATE
3207,BIDIRECTIONAL NETWORK
3208,AMINO ACID DISTANCE
3209,CLASSIFIER EMSEMBLE
3210,PROTEIN STRUCTURE PREDICTION
3211,LARGE MARGIN
3212,ADVERSARIAL ATTACKS
3213,ADVERSARIAL EXAMPLES
3214,POSITIVE SAMPLES
3215,SAMPLE XI
3216,NETWORK OUTPUT
3217,HINGE LOSS
3218,MARGINAL VALUE
3219,BLACK-BOX ATTACKS
3220,NOISY SET
3221,FAST GRADIENT SIGN METHOD
3222,ENTIRE TEST SET
3223,MARGIN CLASSIFIER
3224,NOISE LABEL DATA
3225,POSE MACHINES
3226,ACCURACY AND PRECISION
3227,TENSOR DECOMPOSITION
3228,SIGMOID ACTIVATION
3229,KERNEL OF LAYER
3230,POINTWISE CONVOLUTION
3231,ATTENTION BLOCK
3232,LOW-POWER DEVICES
3233,ELEMENT-WISE MULTIPLICATION
3234,LOW-RANK APPROXIMATION
3235,6-DOF POSE
3236,IMAGE SENSOR
3237,RANDOM DATA
3238,FAST MOTION
3239,PUBLIC DOMAIN
3240,POLYLACTIC ACID
3241,RANDOM LOCATIONS
3242,OBJECT POSE
3243,TEXTURE OF OBJECTS
3244,DOMAIN RANDOMIZATION
3245,SHAPLEY VALUE
3246,FEATURE SELECTION MECHANISM
3247,GAME THEORY
3248,RESEARCH IN RECENT YEARS
3249,FEATURE SELECTION ALGORITHM
3250,MACHINE LEARNING SOLUTIONS
3251,AMOUNT OF TIME
3252,ALTERNATIVE MODELS
3253,FEATURE SUBSET
3254,ACTIVITY PREDICTION
3255,FEATURE SELECTION METHODS
3256,PART OF CURVE
3257,DIMENSIONAL DATASETS
3258,WRAPPER METHODS
3259,PERFORM FEATURE SELECTION
3260,FEATURE SELECTION APPROACH
3261,FEATURE SELECTION TECHNIQUES
3262,METEOROLOGY
3263,VIDEO SEGMENTS
3264,LEARNING PROCESS
3265,CHANGING WEATHER CONDITIONS
3266,EVALUATION PROCEDURE
3267,IMAGE FRAMES
3268,FOREGROUND OBJECTS
3269,WINTER WEATHER
3270,VIDEO SEGMENTATION
3271,RESIDUAL MAP
3272,COMPLEMENTARY FEATURES
3273,INDIVIDUAL CLASSES
3274,HIGH-LEVEL FEATURES
3275,INDIVIDUAL STREAMS
3276,SINGLE CAMERA
3277,BINARY PROBLEM
3278,NATIONAL HOCKEY LEAGUE
3279,FIGHT DETECTION
3280,VIDEO ANALYSIS
3281,REFERENCE JOINT
3282,TEMPORAL DYNAMICS
3283,SPATIAL RELATIONSHIP
3284,2D ARRAY
3285,DYNAMIC VIDEO
3286,ABILITY OF INFORMATION
3287,RELEVANT PAIRS
3288,JOINT TRAJECTORIES
3289,FEWER EDGES
3290,APPROACH TASK
3291,RANGE OF POSSIBLE APPLICATIONS
3292,VIDEO RECOGNITION
3293,CHANCE OF OVERFITTING
3294,INSTRUMENTS
3295,HIGH-LEVEL UNDERSTANDING
3296,NATURAL LANGUAGE PROCESSING ALGORITHM
3297,SADNESS
3298,HARMONY
3299,SENTIMENT ANALYSIS
3300,SPECIFIC EMOTIONS
3301,RHYTHMIC PATTERNS
3302,EMOTIONAL ASSESSMENT
3303,VISUAL METAPHORS
3304,MUSICAL NOTATION
3305,EDGE WIDTH
3306,PRIMARY EMOTIONS
3307,AUDIOVISUAL SUMMARIES
3308,EMOTION ANALYSIS
3309,MUSICAL COMPOSITION
3310,TRAJECTORY
3311,MOBILE HANDSETS
3312,SPATIOTEMPORAL PHENOMENA
3313,DAILY MOBILITY
3314,TIME AND SPACE
3315,DAILY DATA
3316,SPACE EXPLORATION
3317,MOBILE DATA
3318,SPATIAL GRANULARITY
3319,RESPONSE TIME
3320,ANIMAL CELLS
3321,AGGREGATE LEVEL
3322,RESPONSE ACCURACY
3323,POPULATION MOBILITY
3324,INDIVIDUAL TRAJECTORIES
3325,MENTAL DEMANDS
3326,CARTOGRAPHIC REPRESENTATION
3327,REAL DENSITY
3328,ENTITIES OF INTEREST
3329,CHORD DIAGRAM
3330,NASA TASK LOAD INDEX
3331,TOTAL WORKLOAD
3332,INTERACTION TECHNIQUES
3333,LINEAR MOVEMENT
3334,TIME SLICE
3335,GEOVISUALIZATION
3336,MOVEMENT DATA
3337,GEOVISUAL ANALYSIS
3338,GLASS
3339,AEGYPTI
3340,MOSQUITO EGGS
3341,NUMBER OF EGGS
3342,PERFECT CORRELATION
3343,EGG DEPOSITION
3344,ASSERTIVE
3345,DENGUE VIRUS
3346,AGILITY
3347,YELLOW FEVER
3348,DENGUE FEVER
3349,RELU LAYER
3350,UNIT SIZE
3351,3D FILTER
3352,OPENING OPERATOR
3353,EDGE PRESERVATION
3354,NOISY REGIONS
3355,WIENER FILTER
3356,STRUCTURAL SIMILARITY VALUES
3357,GUIDED FILTER
3358,LOW DOSE
3359,BM3D
3360,HEART
3361,SKIP CONNECTIONS
3362,LONG-RANGE CONNECTIONS
3363,CARDIAC SEGMENTATION
3364,MULTI-CONTEXT INFORMATION
3365,EJECTION FRACTION
3366,FINAL PREDICTION
3367,FINAL LAYER
3368,SEGMENTATION CHALLENGE
3369,LEFT VENTRICULAR
3370,RIGHT VENTRICULAR
3371,3D U-NET
3372,HYPERTROPHIC CARDIOMYOPATHY
3373,CARDIAC IMAGE ANALYSIS
3374,BIOMEDICAL IMAGING
3375,SPECKLE
3376,ULTRASOUND IMAGING
3377,BREAST ULTRASOUND
3378,BAYESIAN MODEL
3379,FIREFLY
3380,SECOND MOMENT
3381,CONTRAST REGIONS
3382,RECEIVER OPERATING CHARACTERISTIC CURVE
3383,SMALL REGION
3384,ACOUSTIC SHADOWING
3385,TSALLIS ENTROPY
3386,DEGENERATE CASE
3387,LOCAL PROCESSES
3388,REGION OF INTEREST EXTRACTION
3389,BENIGN TUMORS
3390,REGION OF INTEREST SEGMENTATION
3391,CANDIDATE REGIONS
3392,BREAST US IMAGES
3393,BIO INSPIRED SEGMENTATION
3394,MUSCLES
3395,SILICON
3396,MUSCLE SEGMENTATION
3397,FAST SEGMENTATION
3398,MANUAL ANNOTATION
3399,REPRESENTATIVE SLICES
3400,CRUCIAL STEP
3401,LOW BACK PAIN
3402,PRECISE RESULTS
3403,VERTEBRAL BODY
3404,SEMI-AUTOMATED APPROACH
3405,SEGMENTATION ACCURACY
3406,VOXEL VOLUME
3407,3D SLICER
3408,BALANCED GROWTH
3409,EROSION PROCESSES
3410,CLEVERSEG
3411,BARS
3412,DATA DISTRIBUTION
3413,CONFIDENCE LEVEL
3414,EFFECTS OF DIFFERENT TYPES
3415,EFFECTIVE CASE
3416,PIE CHART
3417,OUTLIER DETECTION
3418,USER PREFERENCES
3419,SIGNIFICANT DIFFERENCE IN EFFECT
3420,BUBBLE SIZE
3421,COMBINATION OF TASKS
3422,PERCENTAGE OF CORRECT ANSWERS
3423,STACKED BAR
3424,CHART TYPES
3425,BUBBLE CHART
3426,VISUAL LITERACY
3427,BOXPLOTS
3428,TASK DURATION
3429,VISUAL REPRESENTATION
3430,EFFECT OF TYPE
3431,MULTIPLE-CHOICE
3432,TRANSFER FUNCTIONS
3433,AUTOMATIC GENERATION
3434,USE OF FUNCTION
3435,VOLUME OF DATA
3436,USE OF VALUES
3437,GRADIENT DIRECTION
3438,AVERAGE COMPUTATION
3439,SCALAR VALUE
3440,DIRECTIONAL DERIVATIVE
3441,VOXELS IN REGION
3442,2D HISTOGRAM
3443,MAIN BOUNDARY
3444,QUALITATIVE ASSESSMENT
3445,TOPICS IN THE FIELD
3446,IMAGE ANALYSIS METHODS
3447,HIERARCHY IN ORDER
3448,QUANTITATIVE DATA
3449,ADJACENT REGIONS
3450,SMALL COMPONENT
3451,ORIGINAL WEIGHT
3452,WEIGHT MAP
3453,NON-INCREASING ORDER
3454,HIERARCHY SIMPLIFICATION
3455,NON SIGNIFICANT REGION REMOVAL
3456,NICKEL
3457,SEED SAMPLES
3458,USER CONTROL
3459,COMPETITIVE METHODS
3460,IMPROVEMENT IN ESTIMATION
3461,DASHED RECTANGLE
3462,IFT
3463,CONTAINERS
3464,MATRIX CONVERTERS
3465,TANGRAM PUZZLE
3466,ASSEMBLY PROCESS
3467,GEOMETRIC TECHNIQUES
3468,PACKING PROBLEM
3469,FEASIBLE SOLUTION
3470,VALIDATION PROCESS
3471,SOLUTION SPACE
3472,PIECE OF THE PUZZLE
3473,NUMBER OF CONFIGURATIONS
3474,PROCESSES IN PLACE
3475,PROCEDURES IN PLACE
3476,PLACEMENT PROBLEM
3477,EMPTY REGIONS
3478,PARALLELOGRAM
3479,EXECUTION OF EXPERIMENTS
3480,CUTTING AND PACKING
3481,RASTER REPRESENTATION
3482,ZIRCONIUM
3483,DOMAIN SAMPLES
3484,GAN-BASED MODELS
3485,CYCLE LOSS
3486,UNPAIRED IMAGE TO IMAGE TRANSLATION
3487,NUMERICAL MODELS
3488,CUT SURFACE
3489,REPRESENTATIVE MODEL
3490,OIL INDUSTRY
3491,GPU MEMORY
3492,HEXAHEDRAL ELEMENTS
3493,ACCELERATION TECHNIQUES
3494,CELL TYPES
3495,HIERARCHICAL STRUCTURE
3496,COMPACT STRUCTURE
3497,ACTIVE ELEMENTS
3498,GAS FIELD
3499,TYPES OF ELEMENTS
3500,FRONT FACE
3501,UNSTRUCTURED GRIDS
3502,EMPTY CELLS
3503,SEARCH PERFORMANCE
3504,BACK FACE
3505,TEMPORAL CHANGES
3506,ARBITRARY SET
3507,APPLICABILITY DOMAIN
3508,SMOOTH TRANSITION
3509,INTERACTIVE TOOL
3510,MESH GENERATION
3511,ELEMENT MESH
3512,SPATIAL DIVISION
3513,SPATIAL STEP
3514,SOPHISTICATED FUNCTIONS
3515,NUMBER OF POLYGONS
3516,POTENTIAL ENERGY
3517,KINETIC THEORY
3518,SOFT BODY
3519,GAUSS-SEIDEL METHOD
3520,KINETIC ENERGY
3521,ENERGY SYSTEM
3522,INTEGRATION METHOD
3523,GEOMETRIC CONSTRAINTS
3524,POSITIONAL CONSTRAINTS
3525,ENERGY CONSERVATION
3526,SPRING CONSTANT
3527,CORRECT POSITION
3528,CORE ALGORITHM
3529,LINEAR ELASTIC MATERIAL
3530,CONSTRAINT VALUE
3531,ITERATION COUNT
3532,CLOTH SIMULATION
3533,ENERGY DENSITY FUNCTION
3534,FIRST-ORDER TAYLOR APPROXIMATION
3535,MASS-SPRING SYSTEM
3536,PLEASING RESULTS
3537,GREEN TENSOR
3538,HOT SPOTS
3539,RETAIL STORES
3540,PEOPLE COUNTING
3541,REGRESSION MODEL
3542,STRAIGHTFORWARD APPROACH
3543,REAL-WORLD SITUATIONS
3544,CHANNEL IMAGES
3545,CUSTOMER BEHAVIOR
3546,LOW-COST APPROACH
3547,CIRCULAR BUFFER
3548,P-CHANNEL
3549,RETAIL ANALYSIS
3550,CROWD ESTIMATION
3551,MICROSOFT WINDOWS
3552,NETWORK DEGREE
3553,LARGER RADIUS
3554,CLASSIFICATION METHODS
3555,CLASSIFICATION RATE
3556,DEGREE VALUE
3557,CENTRAL PIXEL
3558,TEXTURE RECOGNITION
3559,LOCAL BINARY PATTERNS
3560,GESTURE DETECTION
3561,HUMAN MOTION
3562,AVERAGE METRICS
3563,RECURRENT LAYERS
3564,FRAME INTERVAL
3565,GESTURE CLASSIFICATION
3566,ROLE IN HUMAN LIFE
3567,HIGH RESPONSE
3568,REAL-LIFE SCENARIOS
3569,HUMAN JOINT
3570,INPUT MODALITIES
3571,SPATIAL CONVOLUTION
3572,INCONSISTENT BEHAVIOR
3573,MULTI TASK
3574,IRIS RECOGNITION
3575,PERIOCULAR REGION
3576,IRIS REGION
3577,VISIBLE LIGHT
3578,FAIR COMPARISON
3579,DETECTION APPROACH
3580,SIMULTANEOUS DETECTION
3581,EYEBROWS
3582,DEEP REPRESENTATION
3583,PIXEL RESOLUTION
3584,BAYES METHODS
3585,ADVERTISING
3586,AUDIENCE
3587,TYPE OF CONTENT
3588,DEMOGRAPHIC DATA
3589,GENDER BINARY
3590,DIRECTED ACYCLIC GRAPH
3591,DEMOGRAPHIC ANALYSIS
3592,GENERATION Z
3593,INDIVIDUALS IN GENERATION
3594,PROBABILITY TABLE
3595,TELEVISION SET
3596,WEB CAMERA
3597,DIGITAL SIGNAGE
3598,BAYESIAN NETWORKS
3599,FACE ANALYSIS
3600,SIGNAL RESOLUTION
3601,EVALUATION METHOD
3602,TRADITIONAL METRICS
3603,OPINION SCORE
3604,LOW-RESOLUTION INPUT
3605,FACE IDENTITY
3606,AREA UNDER CURVE
3607,FACE SUPER RESOLUTION
3608,THEMATIC MAP
3609,SMALL AMOUNT OF DATA
3610,SUPER-RESOLUTION NETWORK
3611,LASER RADAR
3612,LOAD MODELING
3613,VOLUME ESTIMATION
3614,VOLUME LOAD
3615,PROCESSING UNIT
3616,VOLUME OF MATERIAL
3617,GOOD AMOUNT
3618,ESTIMATION PROCESS
3619,POSITION ESTIMATION
3620,LOAD MEASUREMENTS
3621,POINT LOAD
3622,INTERNAL PART
3623,WEIGHT LOADING
3624,EXTERNAL PART
3625,DENSE POINT CLOUD
3626,OUTPUT OF STEP
3627,AVERAGE EXECUTION TIME
3628,VOLUME MESH
3629,BACKGROUND REMOVAL
3630,POWDER DENSITY
3631,REAL VOLUME
3632,ROTATION AXIS
3633,SENSOR CALIBRATION
3634,POINT CLOUD REGISTRATION
3635,GICP
3636,MESH RECONSTRUCTION
3637,TRADEMARKS
3638,TRADEMARK IMAGE
3639,LOCAL INFORMATION
3640,SIMILAR IMAGES
3641,PRECISION-RECALL CURVE
3642,DISSIMILARITY MEASURE
3643,DATABASE ENTRIES
3644,VISUAL HIERARCHY
3645,CNN-BASED APPROACHES
3646,GESTALT PRINCIPLES
3647,TEXT WORDS
3648,PASSWORD
3649,PINS
3650,MOBILE PHONE
3651,PATTERN MATCHING
3652,PERSONAL IDENTIFICATION NUMBER
3653,SMALL SCREEN
3654,MOVING TARGET
3655,PERSONAL MOBILE PHONES
3656,VISUAL PURSUIT
3657,TIME WINDOW
3658,PILOT TESTING
3659,COMPUTER SCREEN
3660,SACCADE
3661,VISUAL TARGET
3662,ANGULAR SPEED
3663,SMOOTH PURSUIT
3664,TARGET COORDINATES
3665,EYE COORDINATION
3666,AUTOMATED TELLER MACHINES
3667,2D CORRELATION
3668,AVERAGE COMPLETION TIME
3669,TARGET PATH
3670,CIRCULAR ORBIT
3671,PROFILE MATCHING
3672,PERFORMANCE OF DETECTION ALGORITHMS
3673,SILVER
3674,BRAIN EXTRACTION
3675,TWO-STAGE APPROACH
3676,STAGE 2
3677,IMAGE VOLUMES
3678,CORONAL IMAGES
3679,AMOUNT OF DETAIL
3680,VALIDATION CURVE
3681,MULTIPLE LAYERS
3682,NEURAL NETWORK LAYERS
3683,MULTILAYER FEATURE
3684,FUSION PERFORMANCE
3685,LOW-LEVEL FEATURES
3686,FUSION MULTIPLE MAPS
3687,MANIFOLD ALIGNMENT
3688,LONG MEMORY
3689,INDOOR SCENE RECOGNITION
3690,INTRICATE RELATIONSHIP
3691,SCENE CLASSIFICATION
3692,SEQUENCE FEATURES
3693,RECOGNITION PROBLEM
3694,GATED RECURRENT UNIT
3695,COMPOSITION OF OBJECTS
3696,SEMANTIC FEATURES
3697,OBJECT FEATURES
3698,HYBRID APPROACH
3699,K-SPACE DATA
3700,ABSOLUTE DIFFERENCE
3701,PERFORMANCE METRICS
3702,PREVIOUS STEP
3703,GENERAL ELECTRIC HEALTHCARE
3704,TOTAL INTRACRANIAL VOLUME
3705,AMAZON EC2
3706,HYBRID NETWORK
3707,ACCELERATION FACTOR
3708,COMPRESSED SENSING
3709,MR RECONSTRUCTION
3710,HAND MOVEMENTS
3711,HAND POSITION
3712,CNN MODEL
3713,REPRESENTATIVE FRAMES
3714,HAND SHAPE
3715,LOCAL MOVEMENT
3716,SECONDARY PARAMETERS
3717,GLOBAL MOVEMENT
3718,PART OF LEG
3719,BODY PARTS
3720,SURFACE TREATMENT
3721,QUADRATIC PROBLEM
3722,VERTEX POSITION
3723,QUADRATIC OPTIMIZATION PROBLEM
3724,MEDICAL DATA
3725,MATRIX FORM
3726,DIMENSIONAL VECTOR
3727,MEMBERSHIP FUNCTION
3728,DISCRETE SET
3729,FACE AREA
3730,LINEAR CONSTRAINTS
3731,NORMALIZATION STEP
3732,FOURTH TERM
3733,REGULAR SOLUTION
3734,OPTIONAL STEP
3735,ARTIFICIAL NOISE
3736,GRADIENT NORM
3737,3D SURFACE MODELS
3738,MEAN CURVATURE
3739,LARGE FLAT
3740,EDGE POINTS
3741,RANDOM DIRECTION
3742,ITERATIVE MANNER
3743,ADAPTIVE PATCHES
3744,SURFACE CRACKS
3745,COMPUTER-AIDED DESIGN
3746,SUPPLY OF MATERIALS
3747,SURFACE AREA
3748,NEIGHBORING CELLS
3749,REALISTIC MODEL
3750,TOP-DOWN APPROACH
3751,AREA ESTIMATION
3752,BORDER CELLS
3753,TYPES OF CRACKS
3754,GEOMETRIC OBJECTS
3755,ADAPTIVE GRID
3756,PAITING AREA
3757,ADAPTIVELY SAMPLED DISTANCE FIELDS
3758,HISTORY
3759,REGULAR POLYGON
3760,SIMPLIFIED REPRESENTATION
3761,UNIFIED REPRESENTATION
3762,INDEPENDENT TRANSLATORS
3763,SET OF DIRECTIONS
3764,TRANSLATION VECTOR
3765,FUNDAMENTAL CELL
3766,DIRECT COMBINATION
3767,VERTEX COORDINATES
3768,"TILINGS, TESSELLATIONS, GENERATIVE MODEL"
3769,DIALOGUE ACT
3770,FIELD OF NATURAL LANGUAGE PROCESSING
3771,SINGLE CLUSTER
3772,ADDITIONAL CATEGORIES
3773,WORD EMBEDDING
3774,DATA PARTITIONING
3775,COMPETITIVE PROCESS
3776,FREQUENT CLASS
3777,GROUND-TRUTH CLASS
3778,CONDITIONAL RANDOM FIELD
3779,COMMON LABEL
3780,AMOUNT OF CLASSES
3781,MAP TASKS
3782,CLASSIFICATION OF SAMPLES
3783,NEIGHBORHOOD SIZE
3784,DIALOG ACT
3785,OPINION CLASSIFICATION
3786,ONLINE VIDEO
3787,FEATURE ENCODER
3788,HIGH ACCURACY RATE
3789,BODY GESTURES
3790,COMMERCIAL SOFTWARE
3791,STRONGLY POSITIVE
3792,DATA FUSION
3793,INDIVIDUAL MODULES
3794,SINGLE VECTOR
3795,LINEAR CLASSIFIER
3796,EXTREME LEARNING MACHINE
3797,CLASSIFICATION CONFIDENCE
3798,INPUT INSTANCE
3799,CONCATENATION OF VECTORS
3800,BODY CHARACTERISTICS
3801,FRUIT FLY
3802,ECONOMIC IMPORTANCE
3803,PEST SPECIES
3804,SPECIES COMPLEX
3805,RESNET ARCHITECTURE
3806,MULTIPLE KERNEL LEARNING
3807,PLANT QUARANTINE
3808,ANASTREPHA
3809,METERS
3810,ACTIVE LEARNING
3811,WELL-KNOWN APPROACH
3812,FOREST MONITORING
3813,SUBJECT AREAS
3814,MULTINOMIAL REGRESSION
3815,LOW CONFIDENCE
3816,MODERATE RESOLUTION IMAGING SPECTRORADIOMETER
3817,SECONDARY FOREST
3818,KAPPA INDEX
3819,CITIZEN SCIENCE
3820,NORTH BRAZIL
3821,RANDOM APPROACH
3822,EFFICIENT CLUSTERING
3823,PIXEL CLUSTERS
3824,SPECULAR HIGHLIGHTS
3825,INTENSITY RATIO
3826,DIFFUSE REFLECTANCE
3827,SPECULAR REFLECTION
3828,SPECULAR COMPONENT
3829,MINIMUM INTENSITY
3830,STANDARD DATASETS
3831,BLUE INTENSITY
3832,CLUSTERING STRATEGY
3833,SPECULAR HIGHLIGHT REMOVAL
3834,ANISOTROPIC MAGNETORESISTANCE
3835,NOISE DISTRIBUTION
3836,OBJECTIVE EVALUATION
3837,QUALITY METRICS
3838,NOISE MODEL
3839,FILTER RESPONSE
3840,ANISOTROPIC DIFFUSION
3841,INTER-FRAME
3842,GAMMA DISTRIBUTION
3843,RELATIVE PERFORMANCE
3844,UNIFORM NOISE
3845,AMOUNT OF NOISE
3846,RADAR SYSTEM
3847,WELDING
3848,LENSES
3849,IMAGE FUSION
3850,MACHINE VISION
3851,CAMERA LENS
3852,ROLE IN MANY APPLICATIONS
3853,CONTRAST AGENT
3854,CLASSICAL PROCESS
3855,IMAGE PROCESSING METHODS
3856,CONTRASTIVE LOSS
3857,FUSION ALGORITHM
3858,WHITE BALANCE
3859,COLOR LOSS
3860,LOCAL HISTOGRAM
3861,HOMOGENEOUS WAY
3862,MULTISCALE APPROACH
3863,LOCAL WEIGHTS
3864,ATMOSPHERIC MODELING
3865,IMAGE DEHAZING
3866,SIMPLE MODEL
3867,STRUCTURAL INTEGRITY
3868,PHYSICAL METHODS
3869,IMAGE FORMATION
3870,POST PROCESSING
3871,LIGHT RAYS
3872,TRANSMISSION MEDIUM
3873,KINECT CAMERA
3874,SCENE DEPTH
3875,SUNNY DAYS
3876,TRANSMISSION MAP
3877,STRIPS
3878,COMPATIBILITY SCORE
3879,OPTIMIZATION TOOL
3880,SQUARE MATRIX
3881,SHEET OF PAPER
3882,ORIGINAL CONTENT
3883,BALANCED SET
3884,FINAL RECONSTRUCTION
3885,RECONSTRUCTION PIPELINE
3886,PERFECT RECONSTRUCTION
3887,RECONSTRUCTION SYSTEM
3888,PERMUTATION
3889,RECONSTRUCTION PROCESS
3890,FULLY CONVOLUTIONAL NEURAL NETWORKS
3891,RECONTRUCTION OF SHREDDED DOCUMENTS
3892,SPATIOTEMPORAL CHARACTERISTICS
3893,KINECT SENSOR
3894,RGB-D DATA
3895,SPATIAL FEATURES
3896,CLASSIFICATION PROCESS
3897,RGB VIDEO
3898,ENCODING STRATEGIES
3899,NETWORK OF RELATIONSHIPS
3900,SPATIAL ARRANGEMENT
3901,CONTEXTUAL CUES
3902,VIDEO UNDERSTANDING
3903,TEMPORALITY
3904,MAIN AGENT
3905,ACTIVITY CATEGORIES
3906,SPATIAL CUES
3907,MIRRORING
3908,OBJECTIVE SCORES
3909,PYRAMID LEVEL
3910,TEMPORAL CUES
3911,INFORMATION FOR RECOGNITION
3912,CENTER OF FRAME
3913,VARIATION IN ARCHITECTURE
3914,ERROR PROPAGATION
3915,VEHICLE POSITION
3916,ASPECT RATIO
3917,RECOGNITION NETWORK
3918,LEFT CORNER
3919,CURRENT DATASET
3920,TRAFFIC SURVEILLANCE
3921,GENDER RECOGNITION
3922,APPLICATION OF SUCH METHODS
3923,ANCHOR BOXES
3924,FACIAL CUES
3925,TITAN XP GPU
3926,REPRESENTATION OF WOMEN
3927,FLICKR
3928,PATCH CLASSIFICATION
3929,LANDMARK RECOGNITION
3930,DISCRETE DISTRIBUTION
3931,RECOGNITION ALGORITHM
3932,CLASS WEIGHTS
3933,PIXEL INFORMATION
3934,IMAGE PATCH
3935,METADATA
3936,FANS
3937,MOTION SEGMENTATION
3938,IMPORTANT EFFECT
3939,MAIN EVENTS
3940,STATISTICAL MATCHING
3941,NARRATIVE
3942,EVENT OF INTEREST
3943,REGULAR TIME
3944,AUDIO DATA
3945,SOCCER MATCH
3946,YELLOW CARD
3947,RED CARD
3948,MAPCHART
3949,CHART IMAGES
3950,RED BOX
3951,REGIONAL MAPPING
3952,INVERSE FUNCTION
3953,BLUE BOX
3954,TYPES OF PROJECTS
3955,YELLOW CIRCLES
3956,COLOR BAR
3957,TEXTUAL ELEMENTS
3958,GREEN RECTANGLE
3959,EXTRACT COLOR
3960,TEXT EXTRACTION
3961,LATITUDE VALUES
3962,LONGITUDE VALUES
3963,PIXEL REPRESENTATION
3964,AUTOMATIC INTERPRETATION
3965,COLOR CHANNELS
3966,MAPPING PROJECT
3967,MAP INTERPRETATION
3968,ROLL CALL
3969,POLITICAL ORIENTATION
3970,COHESIVENESS
3971,WEB-BASED APPLICATION
3972,PARTY BEHAVIOUR
3973,ELECTION
3974,POLITICAL PARTIES
3975,POLITICAL SCIENCE
3976,REDUCTION METHOD
3977,WORKSPACE
3978,INFOGRAPHIC
3979,DEMOCRATIC PARTY
3980,T-DISTRIBUTED STOCHASTIC NEIGHBOR EMBEDDING
3981,MAIN PARTIES
3982,VOTING BEHAVIOUR
3983,PRESIDENTIAL TERM
3984,LARGEST PARTY
3985,SET OF CALLS
3986,ROLL CALLS ANALYSIS
3987,STABILITY ANALYSIS
3988,POSITION MEASUREMENT
3989,TREEMAP
3990,DYNAMIC TREE
3991,SPATIAL STABILITY
3992,TEST METHOD
3993,WEIGHT CHANGE
3994,SUBTREE
3995,NODES IN ORDER
3996,SOFTWARE REPOSITORIES
3997,CHANGES IN TREES
3998,STABILITY METRICS
3999,ESOPHAGUS
4000,COLOR CO-OCCURRENCE
4001,BLUE CHANNEL
4002,SUPERVISED LEARNING TECHNIQUES
4003,RELATED RESEARCH AREAS
4004,SPECIFIC VALUES
4005,FEATURE CLASSIFICATION
4006,ENTIRE IMAGE
4007,RED CHANNEL
4008,INJURED TISSUE
4009,SPEEDED UP ROBUST FEATURES
4010,ESOPHAGEAL ADENOCARCINOMA
4011,COLOR TEXTURE
4012,IMAGE-BASED APPROACH
4013,BAYES CLASSIFIER
4014,ENDOSCOPIC IMAGES
4015,HIGH SPECIFICITY VALUES
4016,CO-OCCURRENCE MATRICES
4017,SCREENING TECHNIQUES
4018,DYNAMIC PROTOCOL
4019,FREQUENT TYPE OF CANCER
4020,HEALTHY PATIENTS
4021,HEALTHY SAMPLES
4022,DYNAMIC APPROACH
4023,STATIC APPROACH
4024,IMAGING IN PATIENTS
4025,PRESENCE OF ABNORMALITIES
4026,MULTICENTER STUDY
4027,FIELD STRENGTH
4028,VARIANCE IN THE DATASET
4029,LOWEST VARIABILITY
4030,VOLUMETRIC IMAGING
4031,HETEROGENEOUS DATASETS
4032,POOR SAMPLE QUALITY
4033,ORIGINAL SPACE
4034,BLUE TRIANGLES
4035,CONVOLUTIONAL FEATURES
4036,MULTIVARIATE DATASETS
4037,HOMOGENEOUS DATASET
4038,PRE-PROCESSING TECHNIQUES
4039,SKIN CANCER
4040,CLASSIFICATION LAYER
4041,SKIN LESION CLASSIFICATION
4042,QUANTIZATION LEVELS
4043,NOISE INJECTION
4044,USE OF CONVOLUTIONAL NETWORKS
4045,SKIN APPEARANCE
4046,BONES
4047,WRIST
4048,BONE AGE
4049,INTER-RATER
4050,REMOTE AREAS
4051,FREE SERVICES
4052,HAND RADIOGRAPHS
4053,ASSESSMENT OF SOLUTIONS
4054,DEEPER LAYERS
4055,YEARS FOR MALES
4056,SKELETAL MATURITY
4057,CONCORDANCE CORRELATION COEFFICIENT
4058,EXPERT RADIOLOGISTS
4059,HAND BONE
4060,RADIAL BONE
4061,DISTAL PHALANX
4062,MIDDLE PHALANX
4063,METACARPAL BONE
4064,PROXIMAL PHALANX
4065,SEGMENTATION OF ANATOMICAL STRUCTURES
4066,BIOMEDICAL ANALYSIS
4067,DETECTION OF ILLNESS
4068,IMAGE INFORMATION
4069,MODEL DISCRIMINATION
4070,ARCHITECTURE FOR SEGMENTATION
4071,CYCLE CONSISTENCY
4072,BIOMEDICAL IMAGES
4073,UNSUPERVISED IMAGE TRANSLATION
4074,DISPLACEMENT MEASUREMENT
4075,DISPLACEMENT MAPS
4076,PARAMETRIZED
4077,POLARIZED LIGHT
4078,FIBROUS TISSUE
4079,POINT IN DIRECTION
4080,HUMAN HAND
4081,ANGULAR DEVIATION
4082,FACE PARTS
4083,HOUGH TRANSFORM
4084,SKIN CHARACTERISTICS
4085,WRINKLE FORMATION
4086,DISTANCE IN SPACE
4087,"PARAMETRIC CURVE AND SURFACE MODELS, TEXTURING, IMAGE BASED RENDERING, LINE TRACING, CURVE TRACKING"
4088,HIP
4089,QUATERNIONS
4090,KINETIC PARAMETERS
4091,VELOCITY VECTOR
4092,FUNCTIONAL DYNAMICS
4093,DISAMBIGUATION
4094,JOINT ANGLES
4095,PART OF PERFORMANCE
4096,FINAL POSE
4097,MONTE CARLO METHODS
4098,SCENE DESCRIPTION
4099,TYPE MATERIAL
4100,FILE FORMAT
4101,IMPORTANT MODULATOR
4102,TRANSFORMATION MATRIX
4103,COLOR DIFFERENCE
4104,KIND OF SYSTEM
4105,LIGHT ENVIRONMENT
4106,MONTE CARLO ALGORITHM
4107,INTEGRATION OF TECHNIQUES
4108,ENVIRONMENT MAP
4109,CANONICAL REPRESENTATION
4110,SET OF SCENES
4111,RIGHT-HANDED COORDINATE SYSTEM
4112,SCENE CONVERSION
4113,MONTE CARLO RENDERING
4114,PHYSICALLY BASED RENDERING
4115,SERVERS
4116,DELAYS
4117,CLOUD COMPUTING
4118,CLOUD RENDERING
4119,HIGH LATENCY
4120,SATISFACTORY QUALITY
4121,REMOTE COMPUTER
4122,QUALITY OF EXPERIENCE
4123,INTEL CORE I7
4124,DRAWBACK OF THIS APPROACH
4125,CLIENT-SIDE
4126,LATENCY ANALYSIS
4127,REMOTE IMAGES
4128,SERVER SIDE
4129,SERVICE ARCHITECTURE
4130,HARDWARE CAPABILITIES
4131,NETWORK DELAY
4132,SYSTEM PERFORMANCE
4133,PHOTONICS
4134,PHOTON TRACING
4135,METAHEURISTIC
4136,KIND OF PROBLEM
4137,CONFIDENCE INTERVAL
4138,OPTIMIZATION PROCESS
4139,OPTIMAL FUNCTION
4140,COMPUTATIONAL EFFORT
4141,SAMPLE STANDARD DEVIATION
4142,CONFERENCE ROOM
4143,LIGHT POSITION
4144,INVERSE RENDERING PROBLEMS
4145,PROBES
4146,DISTANCE METRICS
4147,IDENTITY MATCH
4148,DESCRIPTIVE CHARACTERISTICS
4149,MAHALANOBIS DISTANCE
4150,MACHINE MODEL
4151,CANDIDATE LIST
4152,LOW-DIMENSIONAL SUBSPACE
4153,COMMON SUBSPACE
4154,PAIRED SAMPLES
4155,PERSONAL APPEARANCE
4156,FIELD OF VIEW
4157,RE ID
4158,PERSON RE IDENTIFICATION
4159,CUHK01
4160,PRID450S
4161,SUPPORT VECTORS
4162,CYBERSECURITY
4163,VISUAL ASPECTS
4164,LOCAL CUES
4165,SPOOFING ATTACKS
4166,PARTIAL MODEL
4167,REAL FACES
4168,BIAS OF NEURON
4169,MAIN REGIONS
4170,FACE SPOOFING DETECTION
4171,IMPORTANT STEP
4172,MATCHING ALGORITHM
4173,GREEN CIRCLES
4174,FINGERPRINT REGION
4175,LOW-QUALITY REGIONS
4176,ENHANCEMENT ALGORITHM
4177,PIXEL OF INTEREST
4178,QUALITY OF FINGERPRINTS
4179,SKIN DISEASES
4180,LOT OF FACTORS
4181,WORST QUALITY
4182,SKEWNESS
4183,TEMPLATE MATCHING
4184,THUMBPRINT
4185,NEUROTECHNOLOGY
4186,GABOR FEATURES
4187,MULTI-FEATURE FUSION
4188,IRIS SEGMENTATION
4189,VISIBLE IMAGES
4190,GOOD RESULTS
4191,OUTER BOUNDARY
4192,POOR SEGMENTATION
4193,ACTIVE CONTOUR
4194,TRANSPOSED CONVOLUTION LAYERS
4195,F1 VALUES
4196,PERFORMANCE OF FRAMEWORK
4197,NON COOPERATIVE
4198,UNCONSTRAINED ENVIRONMENT
4199,MAJOR CHALLENGE
4200,STATE OF THE ART
4201,OFFICIAL PROTOCOL
4202,GENERAL DESCRIPTION
4203,DEEP IRIS REPRESENTATION
4204,NON NORMALIZATION
4205,PERCEPTION OF REALITY
4206,NEUTRAL FACES
4207,HAPPY EXPRESSIONS
4208,EMOTIONAL EXPRESSIONS
4209,PUPIL SIZE
4210,TARGET FACE
4211,SPONTANEOUS EXPRESSIONS
4212,DEGREE OF REALISM
4213,SURFACE ACOUSTIC WAVES
4214,RADIOFREQUENCY IDENTIFICATION
4215,COLLISION RISK
4216,NEAR FUTURE
4217,SITUATIONAL AWARENESS
4218,STATIC OBJECTS
4219,FREE PASSAGE
4220,3D PLANE
4221,REFERENCE SYSTEM
4222,RGB CAMERA
4223,OBJECT DISTANCE
4224,COMPREHENSIVE PROCESS
4225,PROJECTION PROCESS
4226,DEVELOPMENT OF ARCHITECTURE
4227,QR CODE
4228,OBSTACLE POSITION
4229,LEAD
4230,GEARS
4231,FEATURE CLUSTERING
4232,OVERLAP REGION
4233,OVERLAP AREA
4234,FISHEYE LENS
4235,DUAL FISHEYE
4236,PANORAMA IMAGE
4237,STITCHING
4238,360 CAMERA
4239,SYNCHRONIZATION
4240,CLOCKS
4241,STRUCTURED ILLUMINATION
4242,STROBOSCOPIC LIGHT
4243,USE OF TECHNIQUES
4244,HIGH-SPEED CAMERA
4245,DIFFERENCE IMAGE
4246,ROLLING SHUTTER
4247,DISCRETE-TIME
4248,LINE SCAN
4249,LIGHT PERIOD
4250,DARK REGIONS
4251,EXPOSURE VALUES
4252,PREDICTION STEP
4253,ADJACENT FRAMES
4254,STATE TRANSITION MATRIX
4255,CAMERA EXPOSURE
4256,FRAME DIFFERENCE
4257,SHORT LIGHT PULSES
4258,PUPIL DETECTION
4259,HARMONIC ANALYSIS
4260,BIPARTITE GRAPH
4261,NETWORK FLOW
4262,FLOW PROBLEM
4263,MATHEMATICAL THEORY
4264,TRENDING TOPICS
4265,QUANTITATIVE INFORMATION
4266,COORDINATION SPHERE
4267,MAXIMUM FLOW
4268,CARDIOVASCULAR MAGNETIC RESONANCE
4269,SIMILAR OBJECTS
4270,RESIDUAL FLOW
4271,COMPLEX EXPONENTIAL
4272,3D DOMAIN
4273,PRECISION CURVES
4274,CBIR 3D
4275,SPHARMS
4276,MEDICAL IMAGES
4277,INVERSE PROJECTION
4278,HARMONIC COMPONENTS
4279,2-DIMENSIONAL SPACE
4280,PROJECTIVE SPACE
4281,KINDS OF APPLICATIONS
4282,POINTS IN SPACE
4283,MULTIDIMENSIONAL DATA
4284,DATA SPACE
4285,GLOBAL MAP
4286,EXTREME SCENARIOS
4287,INVERSE DISTANCE WEIGHTING
4288,MULTIDIMENSIONAL SCALING METHOD
4289,COLLECTION OF OBJECTS
4290,ORIGINAL FIELD
4291,SIMPLE NETWORK
4292,LARGE NETWORKS
4293,SIMPLE PROCESS
4294,MULTIVARIATE DATA
4295,VISUAL NETWORK
4296,HIERARCHICAL REPRESENTATION
4297,VISUAL CLUTTER
4298,GRAPH SIGNAL
4299,SIGNAL VALUES
4300,LEVELS OF HIERARCHY
4301,ORIGINAL NETWORK
4302,ADJACENT NODES
4303,SIMILAR NODES
4304,COST METRICS
4305,DIMENSIONAL ARRAY
4306,PARALLEL COORDINATES
4307,COLLEGE FOOTBALL
4308,FILTER THEORY
4309,SPECTRAL THEORY
4310,GRAPH MATCHING
4311,NETWORK SIMPLIFICATION
4312,CLASSIFICATION DECISION
4313,FREE PARAMETERS
4314,SAMPLING DENSITY
4315,CLASS LABELS
4316,ACTUAL BOUNDARY
4317,DENSITY MAP
4318,DARK BLUE
4319,HIERARCHICAL STRATEGY
4320,ARRANGEMENT OF POINTS
4321,IMAGING DATA
4322,PROJECTION APPROACH
4323,EXPLORATORY DATA
4324,PROJECT DATA
4325,TOPIC MODELING
4326,CLUSTERING TECHNIQUES
4327,DATA INSTANCES
4328,LATENT DIRICHLET ALLOCATION
4329,SILHOUETTE VALUE
4330,PROJECTION ALGORITHM
4331,PARTICULATE MATTER LEVELS
4332,COLLECTION OF TEXTS
4333,SPECTROSCOPIC
4334,GOOD RECOVERY
4335,FRACTALS
4336,PROBABILISTIC LOGIC
4337,COLOR NORMALIZATION
4338,INFLUENCE OF NORMALIZATION
4339,LYMPHOMA CANCER
4340,DIFFERENT TYPES OF FEATURES
4341,FOLLICULAR LYMPHOMA
4342,PROBABILISTIC METHOD
4343,MULTIDIMENSIONAL APPROACH
4344,RATIO OF CLUSTERS
4345,MINKOWSKI DISTANCE
4346,FRACTAL CHARACTERISTICS
4347,PROBABILITY MATRIX
4348,ORDER MOMENTS
4349,AVERAGE SUM
4350,OBSERVATION SCALE
4351,ANALYSIS OF THE INFLUENCE
4352,COLOR QUANTIZATION
4353,USE OF NETWORKS
4354,RESIDUAL UNIT
4355,IMPURITIES
4356,DELAUNAY TRIANGULATION
4357,REAL PROBLEMS
4358,SAMPLE VECTOR
4359,RANDOM TRANSLATION
4360,EGGS OF SPECIES
4361,ENCODER DECODER NEURAL NETWORK
4362,AUTOENCODER NEURAL NETWORK
4363,USER EFFORT
4364,RANDOM SAMPLING
4365,STRATIFIED SAMPLING
4366,COHEN'S KAPPA
4367,HELMINTH EGGS
4368,USE IN PROJECTS
4369,INCREASE IN QUALITY
4370,T-SNE PROJECTION
4371,AVERAGE KAPPA
4372,ENCODER MODULE
4373,DECODER MODULE
4374,X-RAY IMAGING
4375,PANORAMIC X-RAY IMAGES
4376,DECISION SUPPORT
4377,HUMAN BONE
4378,UNSUPERVISED METHODS
4379,ABNORMAL BONE
4380,DIFFERENCES IN DIAGNOSIS
4381,REGION-BASED METHODS
4382,TEMPOROMANDIBULAR DISORDERS
4383,TOOTH LOSS
4384,SPANNING FOREST
4385,EFFICIENCY OF METHOD
4386,SEGMENTATION SCALE
4387,WEAK CONNECTIONS
4388,ALGORITHM EXECUTION
4389,MAXIMUM COST
4390,COST PATH
4391,LOOP LINES
4392,BRAIN DATASET
4393,DATA CLUSTERING
4394,CENTURY OF RESEARCH
4395,DIVIDE-AND-CONQUER APPROACH
4396,EXHAUSTIVE SEARCH
4397,CLUSTER LABELS
4398,GROUP LABELS
4399,DIVIDE AND CONQUER PARADIGM
4400,TYPES OF COMPONENTS
4401,BUILDING BLOCKS
4402,FINAL CLASSIFICATION
4403,INDIVIDUAL IMAGES
4404,STEPS OF METHOD
4405,DISTINCT COMPONENTS
4406,CONVEX HULL
4407,LIKELIHOOD SCORE
4408,POSITIVE EDGES
4409,NEGATIVE EDGES
4410,PART OF DIAGRAM
4411,STEP OF THE PIPELINE
4412,COMPONENT OF IMAGE
4413,HIERARCHICAL RELATIONSHIPS
4414,SUBSTATIONS
4415,ELECTRIC POWER
4416,POWER DISTRIBUTION
4417,STATE RECOGNITION
4418,DISTRIBUTION SUBSTATION
4419,DISCONNECT SWITCH
4420,LIGHT CONDITIONS
4421,DISRUPTION OF SERVICES
4422,SWITCHING STATES
4423,RELEVANT OBJECTS
4424,PHASE CORRELATION
4425,ORIGINAL ALGORITHM
4426,GRADIENT ORIENTATION
4427,GRADIENT MAGNITUDE
4428,HIGH VOLTAGE
4429,IMAGE UNDERSTANDING
4430,STACKED AUTOENCODER
4431,CROSS-DOMAIN FEATURE
4432,NETWORK CAPACITY
4433,VISUAL DOMAIN
4434,SPACE TRANSFORMATION
4435,AUTOENCODER ARCHITECTURE
4436,DECREASE IN ACCURACY
4437,INTERMEDIATE REPRESENTATION
4438,SEMANTIC KNOWLEDGE
4439,SEMANTIC SPACE
4440,POOLING STRATEGY
4441,MULTIPLE CONCEPTS
4442,VECTOR IN FRAME
4443,COLOR HISTOGRAM
4444,SINGLE FEATURE VECTOR
4445,INTERESTING CONTENT
4446,FINAL VECTOR
4447,VIDEO EVENT RETRIEVAL
4448,VIDEO REPRESENTATION
4449,CHILD PORNOGRAPHY
4450,BENCHMARK DATASETS
4451,AUTOMATIC DETECTION
4452,SEXUAL CONTENT
4453,CONTENT OF LITERATURE
4454,APPEARANCE MODEL
4455,AUXILIARY CLASSIFIER
4456,CHILDREN FACE
4457,P2P NETWORK
4458,HIGH RECALL RATE
4459,MEDICAL REGISTER
4460,POSITRON EMISSION TOMOGRAPHY
4461,GOAL OF THIS PAPER
4462,TRANSFORMATION PARAMETERS
4463,REGISTRATION METHOD
4464,FMRIB SOFTWARE LIBRARY
4465,RIGID REGISTRATION
4466,SUM OF SQUARED DIFFERENCES
4467,SUM OF ABSOLUTE DIFFERENCES
4468,DEFORMABLE REGISTRATION
4469,DEFORMATION MODEL
4470,DISSIMILARITY METRICS
4471,DEEP FACE
4472,OPEN ISSUES
4473,STANDARD PIPELINE
4474,FRONTAL VIEW
4475,STILL IMAGES
4476,MULTI-TASK LEARNING
4477,FACE ALIGNMENT
4478,SUBJECT POOL
4479,IDENTICAL SIGNALS
4480,TARGET TRACKING
4481,MASTER-SLAVE
4482,SURVEILLANCE ENVIRONMENT
4483,RECOGNITION SYSTEM
4484,WIDER VIEW
4485,SOFT INFORMATION
4486,CHANGES IN APPEARANCE
4487,MOTION MODEL
4488,SUBJECTIVE IMAGE
4489,IMAGE POSITION
4490,UNIVERSAL DECLARATION
4491,HAIRDRESSERS
4492,SOFT LABELS
4493,EXAMPLE OF FAMILY
4494,GLOBAL TRAIT
4495,FAMILY OF METHODS
4496,SUBJECT HEAD
4497,VISUAL SURVEILLANCE
4498,TRANSLATION ERROR
4499,GROUND FEATURES
4500,FOCAL LENGTH
4501,LOWEST ERROR
4502,MEDIAN ERROR
4503,FAR POINT
4504,FEATURE TRACKING
4505,VERTICAL SHIFT
4506,CAR SPEED
4507,SCENE STRUCTURE
4508,VISUAL SLAM
4509,FUNCTIONAL CLASS
4510,ROOT LOCUS
4511,SMOOTH FUNCTION
4512,ADDITIONAL MARKERS
4513,PREVIOUS ITERATION
4514,DIJKSTRA'S ALGORITHM
4515,NONSMOOTH FUNCTIONS
4516,ROOT PROPERTIES
4517,LOW-COST CAMERA
4518,DIGITAL CAMERA
4519,IMAGE ARTIFACTS
4520,CAMERA FRAME
4521,LOW COST
4522,VERTICAL LINE
4523,PHASE DIFFERENCE
4524,LINE SEGMENT
4525,IMAGE PROCESSING SOFTWARE
4526,CAMERA MODEL
4527,EXPOSURE INTERVAL
4528,READOUT TIME
4529,DYNAMIC MESH
4530,CONTROL STRUCTURE
4531,MORPHING
4532,FRAME IN ORDER
4533,EXTRA STEP
4534,TARGET SURFACE
4535,HIGH CURVATURE
4536,CURVE MEASUREMENTS
4537,HARD CONSTRAINTS
4538,SOFT CONSTRAINTS
4539,NUMBER OF POSES
4540,FEATURE POINT DETECTION
4541,CROSS-PARAMETERIZATION
4542,LEAST-SQUARES MESHES
4543,DYNAMIC MESHES.
4544,REAL-TIME MODEL
4545,MEMORY REDUCTION
4546,REPETITIVE PATTERNS
4547,ENGINEERING PROJECTS
4548,INDUSTRIAL PLANTS
4549,EULER ANGLES
4550,NON-TERMINAL
4551,PRODUCT RULE
4552,CURRENT SCOPE
4553,SCENE GRAPH
4554,MODELING WORKFLOW
4555,EXPLICIT PARAMETERS
4556,MAINTENANCE ENGINEERING
4557,SIMULATED ANNEALING
4558,CAVITY RESONATORS
4559,SIMPLICIAL MESHES
4560,ORIGINAL MESH
4561,RANDOM NUMBER
4562,TETRAHEDRAL
4563,COMPACT MANIFOLD
4564,CELL PATH
4565,VERTICAL COMPONENT
4566,NONLINEAR TRANSFORMATION
4567,HORIZONTAL COMPONENTS
4568,FLOW COMPONENTS
4569,MAGNITUDE OF FLOW
4570,SPATIAL NETWORK
4571,MOVEMENT VELOCITY
4572,MAGNITUDE INFORMATION
4573,ORIENTATION HISTOGRAM
4574,TWO-STREAM NETWORK
4575,RAW PIXEL
4576,LOCAL MOTION
4577,PARTIAL MATCH
4578,HIGH PRECISION
4579,LARGE DATABASE
4580,NUMBER OF RESULTS
4581,REGULARIZATION PARAMETER
4582,PARTICLE SWARM OPTIMIZATION
4583,OUTSTANDING RESULTS
4584,CUCKOO SEARCH
4585,BAT ALGORITHM
4586,NEGATIVE LOG-LIKELIHOOD
4587,ENERGY PENALTY
4588,GIBBS SAMPLING
4589,RANDOM SEARCH
4590,BIRD HOSTS
4591,MATTER OF FACT
4592,UNIVERSAL APPROXIMATION
4593,INFINITY RESTRICTED BOLTZMANN MACHINES
4594,META-HEURISTICS
4595,ROUND OF EXPERIMENTS
4596,RAW INPUT
4597,COMPUTER GRAPHICS IMAGE DETECTION
4598,GLOBAL OPTIMIZATION
4599,GENERAL SCENARIO
4600,SINGLE OPTIMIZATION
4601,SUNFLOWER
4602,MULTIPLE OBJECTS
4603,OPTIMIZATION CRITERIA
4604,HIERARCHICAL GRAPH
4605,SOPHISTICATED IMAGING
4606,MULTIPLE SEGMENTS
4607,OPPOSITE ORIENTATION
4608,FUELS
4609,FUEL PUMPS
4610,MONEY LAUNDERING
4611,AMOUNT OF COMPONENTS
4612,VARIABLE LIGHT
4613,COMPONENTS IN ORDER
4614,RANDOM SAMPLE CONSENSUS
4615,GAS STATIONS
4616,SMALLER SUBREGIONS
4617,MISSING COMPONENT
4618,IMAGE-BASED DETECTION OF MODIFICATIONS IN PRINTED CIRCUIT BOARDS
4619,POINTS OF INTEREST
4620,FREQUENCY OF USE
4621,DAILY LIVES OF PEOPLE
4622,VOTING SCHEME
4623,RECOGNITION STRATEGIES
4624,SEGMENTED REGIONS
4625,USE IN FUTURE RESEARCH
4626,VISION-BASED APPROACHES
4627,JOINT POINT
4628,DEAF COMMUNITY
4629,USE OF GLOVES
4630,HUMAN SKIN SEGMENTATION
4631,LIBRAS
4632,SUFFIX TREE
4633,USE OF DEVICES
4634,PERSONAL LIFE
4635,TRADITIONAL EVALUATION METHODS
4636,COMPUTER SCIENCE
4637,DISTINCT EFFECTS
4638,FIELD OBSERVATIONS
4639,GEOGRAPHIC COORDINATES
4640,TEMPORAL DATA
4641,OVERVIEW OF DATA
4642,INFERENCE RULES
4643,INDIVIDUAL PROBABILITY
4644,PERSONAL HOME
4645,CHILD NODES
4646,COMPONENT SPACE
4647,CHROMATIC SCALE
4648,PERSONAL WORK
4649,TIME STAMP
4650,PREDICTIVE SUFFIX TREES
4651,OSCILLATORS
4652,APPLICATION OF DATA
4653,SYSTEMATIC METHODOLOGY
4654,PARALLEL DATA
4655,MOVEMENT IN SPACE
4656,TRAFFIC PATTERNS
4657,TRAFFIC PROBLEM
4658,TRAFFIC ENGINEERING
4659,TRAFFIC CONGESTION
4660,EMPIRICAL OBSERVATIONS
4661,VISUAL ENHANCEMENT
4662,LANE CHANGE
4663,SPEED OF THE OBJECT
4664,RFID TAGS
4665,OBJECT MOTION
4666,SET OF DATA POINTS
4667,CLEAN-UP STEP
4668,VISUAL EXPLORATION
4669,NETWORK TOPOLOGY
4670,MATRIX DECOMPOSITION
4671,NON-NEGATIVE FACTORIZATION
4672,SIMPLE TECHNIQUE
4673,LEVELS OF ELEMENTS
4674,TOPOLOGICAL INFORMATION
4675,SIMILAR ELEMENTS
4676,NETWORK ELEMENTS
4677,SMALL VALUES
4678,FORMATION OF GROUPS
4679,MODULARITY
4680,VECTOR-BASED
4681,NODE LEVEL
4682,COSINE OF THE ANGLE
4683,NODE ATTRIBUTES
4684,WEIGHTED ADJACENCY MATRIX
4685,MULTIVARIATE INFORMATION
4686,ELECTRONIC MAIL
4687,WEIGHT VECTOR
4688,IONOSPHERIC
4689,ALGORITHM IN ORDER
4690,RELEVANT SAMPLES
4691,SPANNING TREE
4692,INPUT GRAPH
4693,PARETO OPTIMAL SET
4694,PROTOTYPE SELECTION
4695,BRAND LOGO
4696,LOGO RECOGNITION
4697,EXTRA LAYER
4698,TEST INSTANCES
4699,PROBABILISTIC MODEL
4700,DISTRIBUTION OF CATEGORIES
4701,LATENT REPRESENTATION
4702,VARIATIONAL INFERENCE
4703,PROBABILISTIC GENERATIVE MODEL
4704,RANDOM VARIABLES
4705,BAYESIAN INFERENCE
4706,LATENT VARIABLES
4707,NETWORK INFERENCE
4708,MODEL INFERENCE
4709,NORMALIZATION FACTOR
4710,CLUSTER ASSIGNMENT
4711,ACTION CLASSES
4712,HUMAN ACTION CLASSIFICATION
4713,REPRESENTATIVE STUDY
4714,FEATURE POINTS
4715,QUANTIZATION ERROR
4716,CODEWORD
4717,FINAL REPRESENTATION
4718,CONCEPTUAL SIMPLICITY
4719,POOLING FUNCTION
4720,EXPERIMENTAL SETUP
4721,VECTOR QUANTIZATION
4722,UNSUPERVISED CLUSTERING ALGORITHM
4723,HORSEBACK RIDING
4724,DEEP BOLTZMANN MACHINE
4725,AUTOMATIC CLASSIFICATION
4726,VISUAL CLASSIFICATION
4727,AUTOMATED VEHICLES
4728,VEHICLE IMAGES
4729,IMAGES OF SAMPLES
4730,MEAN-FIELD
4731,CONJUGATE GRADIENT
4732,CONNECTION WEIGHTS
4733,NORMAL IMAGES
4734,VEHICLE CLASSIFICATION
4735,TRAFFIC CONTROL
4736,BILINEAR PROJECTION
4737,PARKINSON'S DISEASE
4738,DISEASE IDENTIFICATION
4739,APPROACHES IN THE LITERATURE
4740,EFFORTS IN ORDER
4741,DIFFERENT FIELDS OF STUDY
4742,MEANDERING
4743,DICTIONARY LEARNING
4744,DICTIONARY SIZE
4745,HANDWRITING DYNAMICS
4746,MICROPROCESSORS
4747,IMMUNE SYSTEM
4748,IMMUNOFLUORESCENCE IMAGES
4749,HEP-2 CELLS
4750,EPITHELIAL CELLS
4751,AUTOIMMUNE DISEASES
4752,ANTINUCLEAR ANTIBODIES
4753,MORTALITY IN THE WORLD
4754,PREPROCESSING STRATEGIES
4755,POPULAR CONVOLUTIONAL NEURAL NETWORKS
4756,LINEAR FUNCTION
4757,AVERAGE IMAGE
4758,IMAGE HISTOGRAM
4759,STAINING PATTERNS CLASSIFICATION
4760,LENET-5
4761,GOOGLENET
4762,EEG IMAGING
4763,MOVEMENT ONSET
4764,SPECIFIC CATEGORIES
4765,EEG SIGNALS
4766,CHANCE LEVEL
4767,LEFT TARGET
4768,USER DATAGRAM PROTOCOL
4769,PATTERNS IN SPACE
4770,QUANTILE FUNCTION
4771,SPECIFIC DAY
4772,SITUATED APPROACH
4773,TARGET SPACE
4774,EEG IMAGENS
4775,BRAIN-COMPUTER INTERFACE
4776,COGNITION
4777,CORTICAL ORGANIZATION
4778,ENTROPY SOURCE
4779,EXPERIENCED GROUP
4780,GAME OF CHESS
4781,FACTOR ANALYSIS
4782,EXPERIMENTAL GROUP
4783,FACTOR LOADINGS
4784,NEURAL CIRCUITS
4785,PARIETAL CORTEX
4786,ELECTROSTATIC POTENTIAL
4787,CORTICAL AREAS
4788,FIRST QUARTILE
4789,DEFAULT MODE NETWORK
4790,ORTHOGONAL MATRIX
4791,BRODMANN AREA
4792,FACTOR F1
4793,NEURAL ORGANIZATION
4794,FACTOR LOADING ESTIMATES
4795,PRINCIPAL COMPONENT METHOD
4796,RIGHT HEMISPHERE
4797,HIPPOCAMPUS
4798,QUESTION CATEGORIES
4799,BIOMETRICS (ACCESS CONTROL)
4800,WAVELET TRANSFORM
4801,SHORT LIFE CYCLE
4802,EXPERT ANALYSIS
4803,GLOBAL PRESENCE
4804,QUADRATIC DISCRIMINANT ANALYSIS
4805,DIAGONAL COMPONENTS
4806,FEMALE DROSOPHILA
4807,CANNY FILTER
4808,SUPERIOR PERFORMANCE
4809,USER REGISTRATION
4810,RANDOM SELECTION
4811,CHALLENGING PROBLEM
4812,HIGH-DIMENSIONAL FEATURE
4813,EYE POSITION
4814,DIVISIVE NORMALIZATION
4815,REGISTRATION PROCESS
4816,SPATIAL POOLING
4817,ROBUST RECOGNITION
4818,NEGATIVE MINING
4819,RELATED FEATURES
4820,LEAST SQUARES MODEL
4821,DISPARATE FEATURES
4822,INFORMATION SECURITY
4823,PUBLIC FIGURES
4824,SMART CARD
4825,FACE PAIRS
4826,SORT OF RELATIONSHIP
4827,LOW-DIMENSIONAL REPRESENTATION
4828,FACE VERIFICATION
4829,RELATIONAL FEATURES
4830,DISTRIBUTION FUNCTIONS
4831,POULTRY HOUSE
4832,FEATURE ENGINEERING
4833,MORPHOLOGICAL TRANSFORMATION
4834,IMAGE THRESHOLDING
4835,INFORMATION GAIN
4836,UNIFORM PATTERN
4837,KERNEL ESTIMATION
4838,ILLUMINATION VARIATIONS
4839,GRID SEARCH APPROACH
4840,LOW PROFIT MARGINS
4841,OPENING OPERATION
4842,SPLITTING CRITERION
4843,BOILER CHICKENS
4844,AUTOMATIC MONITORING
4845,CULTURAL DIFFERENCES
4846,OCEANS
4847,MODEL OF PERSONALITY
4848,BIG FIVE PERSONALITY
4849,BIG-FIVE PERSONALITY MODEL
4850,STUDY OF HUMAN BEHAVIOR
4851,INDIVIDUAL DIFFERENCES
4852,PERSONALITY TRAITS
4853,NEUROTICISM
4854,EXTRAVERSION
4855,SOCIAL SPACE
4856,SOCIAL LEVEL
4857,CULTURAL DIMENSIONS
4858,PRIVATE SPACE
4859,FIVE-FACTOR MODEL
4860,ANGULAR VARIATION
4861,STRONGLY AGREE
4862,REAL VIDEOS
4863,SELF-REPORTED PERSONALITY
4864,PROXEMICS
4865,RANGE OF MATERIALS
4866,INCOMING RADIATION
4867,REAL MATERIALS
4868,MATERIAL SPACE
4869,BASIC REPRESENTATION
4870,CREATION OF MATERIALS
4871,TABULAR REPRESENTATION
4872,SIMPLEX
4873,GENERAL CASE
4874,LINEAR REDUCTION
4875,INTERMEDIATE MATERIALS
4876,LINEAR DECOMPOSITION
4877,MEAN RELATIVE ERROR
4878,SHADOW MAPPING
4879,SHADOW MAPS
4880,CAMERA VIEW
4881,SOFT COMPUTING
4882,FILTER SIZE
4883,SUBINTERVALS
4884,RESULTS OF STEP
4885,MEAN FILTER
4886,HALF OF SIZE
4887,SOFT TECHNIQUES
4888,SMOOTHIES
4889,FRINGE VISIBILITY
4890,PENUMBRA REGION
4891,POINT LIGHT SOURCE
4892,POSITION OF FRAGMENTS
4893,FRAGMENT INTENSITIES
4894,CAPTCHAS
4895,WRITING
4896,PORTALS
4897,INPUT SAMPLES
4898,HANDWRITTEN
4899,VISUAL SIMILARITY
4900,BRANCH POINTS
4901,SKELETONIZATION
4902,PROCRUSTES DISTANCE
4903,8-CONNECTED
4904,HANDWRITING SYNTHESIS
4905,PUBLIC FONTS
4906,FIDUCIAL MARKERS
4907,PROCESSING POWER
4908,PARTIAL OCCLUSION
4909,RECURSIVE STRUCTURE
4910,DETECTION ACCURACY
4911,SAMPLING AREA
4912,DISTANCE RANGE
4913,USE OF COLOR
4914,BLANK SPACE
4915,CANDIDATE DETECTION
4916,COLOR FILTER
4917,TARGET MARKER
4918,MULTIPLE SCALES
4919,CROP RECOGNITION
4920,CROP MAPPING
4921,CONTEXT WINDOW
4922,SYNTHETIC APERTURE RADAR
4923,INDIVIDUAL SCALE
4924,MINAS GERAIS STATE
4925,ACCURACY OF NETWORK
4926,RIVERS
4927,GLOBAL POSITIONING SYSTEM
4928,LOW ALTITUDE
4929,PROBABILISTIC NEURAL NETWORK
4930,UNITED STATES OF AMERICA
4931,PEARL RIVER
4932,OMISSION ERRORS
4933,COMMISSION ERRORS
4934,UNMANNED AERIAL SYSTEMS
4935,INVASIVE PLANTS
4936,TRUE-COLOR IMAGE
4937,TRUE COLOR
4938,RIVER CHANNEL
4939,INPUT BLOCK
4940,GROUND REFERENCE
4941,PROBABLISTIC NEURAL NETWORKS
4942,WAVELETS
4943,WETLANDS
4944,PHRAGMITES
4945,TOP-HAT TRANSFORMATION
4946,AERIAL THERMAL IMAGES
4947,BRIGHT IMAGES
4948,GEODETIC
4949,RATIO IMAGES
4950,BRIGHT REGIONS
4951,TOP-HAT TRANSFORM
4952,DIGITAL MICROSCOPE
4953,PREVIOUS RELATED WORKS
4954,SMOOTHER TRANSITION
4955,HOMOGENEOUS COORDINATES
4956,WORTH MENTION
4957,SUBSURFACE
4958,VAST MAJORITY OF WORK
4959,TEXTURAL PROPERTIES
4960,SINGLE CATEGORY
4961,MANHATTAN DISTANCE
4962,SEISMIC PERFORMANCE
4963,TILE SIZE
4964,RETRIEVAL PERFORMANCE
4965,SEISMIC INTERPRETATION
4966,DATABASE RETRIEVAL
4967,ACCURACY OF CATEGORIES
4968,DETECTION PERFORMANCE
4969,COMPLEX BACKGROUND
4970,DROP IN THE NUMBER
4971,POSITIVE PREDICTIVE VALUE
4972,DETECTION MODULE
4973,SKIN MODEL
4974,FALSE DETECTION RATE
4975,AMOUNT OF PIXELS
4976,SKIN IMAGING
4977,ORIGINAL DETECTION
4978,SIMPLE CONSTRAINTS
4979,PERFORMANCE IMPROVEMENT
4980,BIOPSY
4981,COLUMNAR CELLS
4982,IDENTIFICATION TECHNIQUES
4983,TISSUE CORES
4984,PROTOCOL BIOPSIES
4985,EXPERT DECISION
4986,ESOPHAGEAL MUCOSA
4987,GENERAL PURPOSE
4988,3D GRAPH
4989,HARDWARE FEATURES
4990,EFFICIENT IMPLEMENTATION
4991,CURRENT POINT
4992,NUMBER OF BODIES
4993,HARDWARE RESOURCES
4994,SINGLE BODY
4995,BODY ACCELERATION
4996,GRAVITATIONAL INTERACTION
4997,MEMORY HIERARCHY
4998,L2 CACHE
4999,VIOLENT EVENTS
5000,RANK TRANSFORMATION
5001,HUMAN OPERATOR
5002,PRINCIPAL COMPONENT ANALYSIS TECHNIQUE
5003,CROWDED SCENES
5004,DECISION THRESHOLD
5005,SPECIFIC SIZE
5006,VIOLENT DETECTION
5007,ANOMALOUS EVENTS
5008,COMBINATION OF CHANNELS
5009,MULTIMEDIA APPLICATIONS
5010,FAST FADING
5011,SEMANTIC IMAGE
5012,YELLOW SQUARE
5013,SCALE VARIATION
5014,FUSION METHOD
5015,MEASURE OF CONFIDENCE
5016,WEAKNESSES OF APPROACHES
5017,MEASUREMENT VALUES
5018,END OF SEQUENCE
5019,PREDICTIVE PROCESSING
5020,FUSION PROCESS
5021,SPEED MEASUREMENT
5022,CORRECTION PROCESS
5023,UPDATED MODEL
5024,COVARIANCE ESTIMATION
5025,ERROR COVARIANCE
5026,OCCURRENCE OF PROCESSES
5027,KALMAN GAIN
5028,NOISE TEST
5029,BHATTACHARYYA DISTANCE
5030,ENSEMBLE-BASED TRACKER
5031,ACOUSTICS
5032,FRACTURE DETECTION
5033,BOREHOLE IMAGE
5034,IDENTIFICATION PROCESS
5035,ELECTRICAL TOMOGRAPHY
5036,NATURAL FRACTURES
5037,ACOUSTIC IMAGING
5038,PLANAR FEATURES
5039,STEP SIZE
5040,CHARACTERISTIC FEATURES
5041,IMAGE SLICES
5042,LAPLACIAN OF GAUSSIAN
5043,RADON TRANSFORM
5044,ACTIVE FAULTS
5045,PREPROCESSING STAGE
5046,FRACTION OF PIXELS
5047,ALGORITHM DESIGN AND ANALYSIS
5048,LOCAL ANALYSIS
5049,MULTIDIMENSIONAL PROJECTION
5050,PROJECT QUALITY
5051,INSTANCES IN THE DATASET
5052,MULTIDIMENSIONAL TECHNIQUES
5053,GLOBAL ANALYSIS
5054,SEPARATE MEASUREMENTS
5055,CLASS SEPARATION
5056,NEIGHBORHOOD RELATIONSHIP
5057,SIMILAR TREE
5058,NEIGHBORS IN SPACE
5059,SPEECH
5060,LEVEL SET
5061,STRUCTURAL IDENTIFICATION
5062,FIXED POINT
5063,DIRAC DELTA
5064,GRADIENT FLOW
5065,HARD PALATE
5066,ARTICULATORS
5067,AIR CAVITY
5068,EPIGLOTTIS
5069,EUROPEAN PORTUGUESE
5070,PHARYNGEAL WALL
5071,MINIMUM POINT
5072,CONSTRICTION
5073,MAGNETIC FIELD
5074,BLOOD SMEAR IMAGES
5075,POWER NETWORK
5076,DIAGNOSIS SYSTEM
5077,DIAGNOSIS OF LEUKEMIA
5078,ACUTE MYELOID LEUKEMIA
5079,COMPUTER-AIDED SYSTEM
5080,MULTIPLE NUCLEI
5081,PRINCIPAL COMPONENT ANALYSIS ALGORITHM
5082,KEYPOINT EXTRACTION
5083,VECTOR MATRIX
5084,STRUCTURE FROM MOTION
5085,ROTATION TRANSLATION
5086,REAL PAIRS
5087,TRANSLATIONAL MOVEMENT
5088,REAL SCENES
5089,RELEVANT POINTS
5090,ANGULAR DISTANCE
5091,CAMERA MOVEMENT
5092,STACKING
5093,CROP TYPES
5094,IMAGE STACKS
5095,CROP ROTATION
5096,PAULO STATE
5097,SAR IMAGES
5098,BRAZILIAN MUNICIPALITIES
5099,NONLINEAR FUNCTION
5100,MUNICIPALITIES IN THE STATE
5101,SUGARCANE
5102,MULTITEMPORAL IMAGES
5103,AUTOENCODERS
5104,TECHNIQUE FOR THIS PURPOSE
5105,CLEAN DATA
5106,SET OF DATASETS
5107,CLEAR IMAGE
5108,SUPER-RESOLUTION RECONSTRUCTION
5109,ALGORITHM PARAMETERS
5110,HIGH FREQUENCY COMPONENTS
5111,SUPER-RESOLUTION TECHNIQUES
5112,HIGH FREQUENCY INFORMATION
5113,KAROLINSKA DIRECTED EMOTIONAL FACES
5114,EXTENSIVE EXPERIMENTS
5115,SPATIAL NORMALIZATION
5116,FACE DATABASE
5117,ROTATION CORRECTION
5118,SCENE ELEMENTS
5119,COMPOSITION CHARACTERISTICS
5120,ROLE IN COMPREHENSION
5121,IMPORTANT ELEMENT
5122,FACTORIAL DESIGN
5123,PRESENT APPROACH
5124,EQUAL IMPORTANCE
5125,COMBINATION OF ELEMENTS
5126,IMPORTANCE SCORES
5127,PAIRWISE RELATIONSHIPS
5128,SOCIAL RULES
5129,FEATURE CATEGORIES
5130,METHODS FOR DATASETS
5131,PAIR OF ELEMENTS
5132,SYMBIOSIS
5133,FEEDBACK LEARNING
5134,MOTOR CHANGES
5135,MULTIPLE FUSION
5136,FEEDBACK MECHANISM
5137,TRACKING PERFORMANCE
5138,OBJECTIVE CONDITIONS
5139,FUSION STRATEGY
5140,TRACKING TASK
5141,FUSION TECHNIQUES
5142,BOX SEQUENCE
5143,TARGET ESTIMATION
5144,PRECISION ERROR
5145,TRACK AND TRACE
5146,TRACKING FUSION
5147,COVARIANCE MATRICES
5148,INTERACTION DATASETS
5149,RECOGNITION FRAMEWORK
5150,COMPACT MATRIX
5151,LOW COMPUTATIONAL REQUIREMENTS
5152,EFFICIENT REPRESENTATION
5153,MEANS CLUSTERING
5154,HIGH RECOGNITION
5155,ORTHONORMAL VECTORS
5156,MATRIX OF ORDER
5157,RIGHT CLICK
5158,HIGHEST EIGENVALUE
5159,HANKEL MATRIX
5160,SUBSPACE METHOD
5161,DEHAZING METHODS
5162,SIMULATED IMAGES
5163,MAPPING PROBLEM
5164,BEER-LAMBERT
5165,IMAGE PROCESSING TASKS
5166,UNDERWATER IMAGE
5167,CAROTID ARTERIES
5168,ATHEROSCLEROSIS
5169,COMMON CAROTID ARTERY
5170,CARDIAC CINE
5171,CAROTID ARTERY LUMEN
5172,CARDIAC CYCLE
5173,STATIC IMAGES
5174,WATERSHED SEGMENTATION
5175,DYNAMIC MAGNETIC RESONANCE
5176,EXTERNAL MARKERS
5177,FAST SPIN-ECHO IMAGES
5178,CAROTID WALL
5179,CAROTID PLAQUE
5180,ARTERIAL DISTENSIBILITY
5181,ATHEROSCLEROTIC DISEASE
5182,GEOMETRIC MODEL
5183,ARTERIAL WALL
5184,MAX-TREE
5185,WATERSHED TRANSFORM
5186,CAROTID ARTERY IMAGING
5187,CAROTID ARTERY SEGMENTATION
5188,CAROTID ARTERY DISTENSIBILITY
5189,CINE FSE
5190,DOCUMENT IMAGES
5191,INPUT CLASS
5192,TEXT SEGMENTS
5193,MODEL SELECTION
5194,POST-PROCESSING STEP
5195,STRIDED CONVOLUTION
5196,TEXT CHARACTERS
5197,SUBSET OF PARAMETERS
5198,EXTRACT RELEVANT FEATURES
5199,SQUARE PIXELS
5200,TEXT SEGMENTATION
5201,CONNECTED COMPONENT CLASSIFICATION
5202,JOINTS
5203,AUTOMATIC CALCULATION
5204,3D ROTATION
5205,GLOBAL ROTATION
5206,COMPLEX SHAPES
5207,CURRENT VIEW
5208,OPEN ARMS
5209,VIEW OF MODEL
5210,SHADING EFFECT
5211,SET OF VIEWS
5212,CARTOON MODELING
5213,VECTOR-ART DRAWING
5214,HAPTIC INTERFACES
5215,FINITE ELEMENT ANALYSIS
5216,DIRECT INTERACTION
5217,PHYSICS-BASED METHODS
5218,SURGEONS
5219,POISSON'S RATIO
5220,PRECISE METHOD
5221,MINIMALLY INVASIVE SURGERY
5222,STIFFNESS MATRIX
5223,ELASTICITY THEORY
5224,NODAL POINTS
5225,VIRTUAL SIMULATION
5226,SURGICAL SIMULATION
5227,DEFORMABLE BODY
5228,DAMPING MATRIX
5229,SURGERY SIMULATION
5230,FAST METHOD
5231,COMPLEX MODELS
5232,COMBINATION OF DIFFERENT METHODS
5233,GREEN COORDINATES
5234,HAPTIC FEEDBACK
5235,BLOOD VESSELS
5236,RETINA
5237,RETINAL VESSELS
5238,VESSEL SEGMENTATION
5239,GLAUCOMA
5240,FUNDUS IMAGES
5241,TEDIOUS TASK
5242,THINNING
5243,NEGATIVE PREDICTIVE VALUE
5244,TOPOLOGICAL PROPERTIES
5245,RETINAL IMAGES
5246,THIN VESSELS
5247,MATTHEWS CORRELATION COEFFICIENT
5248,FUZZY CLUSTERING
5249,ORIENTATION MAPS
5250,VESSEL SHAPE
5251,RIDGELINE
5252,MICROVASCULATURE
5253,EXTRAHEPATIC BILE DUCT
5254,MODEL ESTIMATES
5255,NOISE SOURCES
5256,SPECIMEN PREPARATION
5257,VASCULAR PLEXUS
5258,STRUCTURE OF SPECIMENS
5259,PARAMETER ESTIMATES
5260,VASCULAR DISEASE
5261,EQUIVALENT PARAMETERS
5262,CONFOCAL DATA
5263,PROPRIETARY SOFTWARE
5264,BILIARY DISEASE
5265,HEPATOLOGY
5266,CONFOCAL MICROSCOPIC IMAGES
5267,DELTA-SIGMA MODULATION
5268,BITPLANE
5269,RANDOM NOISE
5270,INFORMATION THEORY
5271,DETECTOR NOISE
5272,REDUCTION IN RESOLUTION
5273,QUANTUM
5274,NOISE CLASSIFICATION
5275,COMPRESSION ALGORITHM
5276,CLASSIFICATION OF FINDINGS
5277,MICROCALCIFICATIONS
5278,NOISY CHANNELS
5279,NOISE DETECTION
5280,MAMMOGRAM CLASSIFICATION
5281,DATA COMPRESSION
5282,POLAR SPACE
5283,SUBDIVISION OF SPACE
5284,CENTRAL POINT
5285,PROCESSING LARGE DATA
5286,DISTRIBUTION OF TYPES
5287,FINAL POINT
5288,STEPS OF ALGORITHM
5289,DISTRIBUTION OF POINTS
5290,EXTREME POINTS
5291,POINTS IN ORDER
5292,INPUT POINT
5293,CONVEX POLYGON
5294,N LOG N
5295,UNIFORM POINT
5296,UNIT SQUARE
5297,GAUSS POINTS
5298,LEFT TURN
5299,PRIME NUMBER
5300,UNIT INTERVAL
5301,ITERATIVE APPROXIMATION
5302,SPACE SUBDIVISION
5303,REDUCTION OF POINTS
5304,NORMAL DISTRIBUTION
5305,GEOMETRIC STRUCTURE
5306,EXPECTED VALUE
5307,POINT VALUES
5308,CONTINUOUS DISTRIBUTION
5309,CORRECTION ALGORITHM
5310,MINIMUM AREA
5311,GENERAL POSITION
5312,DUAL SPACE
5313,UPPER ENVELOPE
5314,BOOLEAN FUNCTION
5315,LOWER ENVELOPE
5316,DUAL SET
5317,PROBABILISTIC POINTS
5318,APPROXIMATELY CORRECT
5319,GLOBAL CLOUD
5320,GLOBAL POINT CLOUD
5321,GLOBAL ALIGNMENT
5322,COLOR DISTRIBUTION
5323,CANONICAL SYSTEM
5324,SIMILAR SHAPE
5325,SHAPE OF DISTRIBUTION
5326,PARTIAL VIEW
5327,SHAPE COMPONENTS
5328,GROUND TRUTH OBJECT
5329,CLOUD DESCRIPTOR
5330,OPTICAL REFRACTION
5331,SIMULATION VALIDATION
5332,LOW-ORDER ABERRATIONS
5333,OPTICAL SYSTEM
5334,CONTACT LENS
5335,SIMULATED EFFECTS
5336,HYPEROPIA
5337,PRESCRIPTION DATA
5338,ABERRANT EVENTS
5339,OBJECTIVE METRICS
5340,OPTICAL ABERRATIONS
5341,WAVEFRONT ABERRATIONS
5342,ZERNIKE POLYNOMIALS
5343,VISUAL ACUITY
5344,ADDITIONAL LENS
5345,POINT SPREAD FUNCTION
5346,EYE MODEL
5347,DIOPTERS
5348,WHITE BACKGROUND
5349,OPTOTYPES
5350,PERSONALIZED VISUAL SIMULATION
5351,FOURIER OPTICS
5352,PSF
5353,VIDEO CODECS
5354,VISION TASKS
5355,COMPRESSION ARTIFACTS
5356,RANDOM ACCESS
5357,QUANTIZATION PARAMETER
5358,HIGH COMPRESSION
5359,ORIGINAL VIDEO
5360,FINAL TASK
5361,I-FRAME
5362,FINAL VIDEO
5363,DOWNSAMPLING PROCESS
5364,SIMILAR CHARACTERISTICS
5365,FRAME COMPOSITION
5366,USE OF CALIBRATION
5367,FLEXIBLE STRATEGY
5368,CALIBRATION STRATEGY
5369,COMMERCIAL VEHICLES
5370,RANGE OF SCALES
5371,CAMERA CALIBRATION
5372,LEFT LANE
5373,SLIDING WINDOW TECHNIQUE
5374,CAMERA HEIGHT
5375,PEDESTRIAN TRACKING
5376,FACE DATASET
5377,SMOOTH VARIATION
5378,FACE IN ORDER
5379,SHAPE VARIATION
5380,SHAPE PARAMETER
5381,FIDUCIAL POINTS
5382,ORIGINAL FACE
5383,FACIAL DEFORMITY
5384,FACIAL APPEARANCE
5385,AGE PREDICTION
5386,INCEPTION MODULE
5387,FACIAL POINTS
5388,FACE REPRESENTATION
5389,SURVEILLANCE APPLICATIONS
5390,MULTIPLE IMAGES
5391,FRONTAL IMAGES
5392,HAND SIDE OF EQ
5393,CORRUPTED DATA
5394,CLEAN VERSION
5395,DISSIMILARITY VALUES
5396,AUTO-ENCODER
5397,TEMPLATE IMAGE
5398,OCULAR FUNDUS
5399,MICROVASCULAR
5400,OPTIC NERVE HEAD
5401,MAXIMUM CORRELATION
5402,DISC DIAMETER
5403,CENTER OF THE CIRCLE
5404,VISUAL APPROACH
5405,CROSS-CORRELATION FUNCTION
5406,DISC CENTER
5407,MORPHOLOGICAL PROCESSING
5408,CENTRAL DEPRESSION
5409,FOURTH METHOD
5410,SIGNS OF DIABETIC RETINOPATHY
5411,CENTRAL MACULA
5412,ANATOMICAL APPROACH
5413,FOVEA
5414,STRUCTURAL PROPERTIES
5415,INCORRECT MATCHES
5416,STRUCTURAL INFORMATION
5417,APPLICATION TIME
5418,EDGE LENGTH
5419,HIERARCHICAL TREE
5420,MATCHED FILTER
5421,ARRAY POSITION
5422,TREE IN ORDER
5423,CORRECT POSE
5424,SPARSE MATRICES
5425,SPARSE REPRESENTATION
5426,OBJECTS IN ORDER
5427,HIGH LEVEL OF PRECISION
5428,BASE CHANGES
5429,SYSTEM DATABASE
5430,PROPER BASIS
5431,CONNECTIVITY INFORMATION
5432,RELEVANT FEEDBACK
5433,HIGH RECALL VALUES
5434,DENSE REPRESENTATION
5435,SPECTRAL DESCRIPTOR
5436,THREE-DIMENSIONAL OBJECTS
5437,SPLINES (MATHEMATICS)
5438,SPLINE DEFORMATION
5439,POLYNOMIAL SPLINE
5440,LINEAR SYSTEM
5441,CUBIC SPLINE
5442,LOCAL CONTROL
5443,TETRAGONAL
5444,DIRECT APPROACH
5445,CONSTANT MATRIX
5446,MULTISCALE ANALYSIS
5447,RELEVANT CONSTRAINTS
5448,CONSTRAINT MATRIX
5449,NOMINAL POSITION
5450,LEAST SQUARES CRITERION
5451,SMALLEST DEGREE
5452,GOAL FUNCTION
5453,DEGREES OF FREEDOM
5454,EXACT ARITHMETIC
5455,WIRELESS SENSOR NETWORKS
5456,SENSOR DEPLOYMENT
5457,MAXIMUM AREA
5458,MAXIMUM COVERAGE
5459,THREE-DIMENSIONAL SURFACE
5460,DISTINCT SURFACE
5461,POSITIONAL CANDIDATE
5462,NUMBER OF SENSOR NODES
5463,CENTRAL AREA
5464,COVERAGE RATE
5465,EUCLIDEAN SPACE
5466,MINIMUM COVERAGE
5467,INTERMEDIATE POSITION
5468,VERSATILE METHOD
5469,PAIRS OF POSITIONS
5470,COVERAGE PROBLEM
5471,SIMPLE SUPERPOSITION
5472,COVERAGE RADIUS
5473,RED ASTERISKS
5474,DEEP VALLEYS
5475,RANGE OF RADII
5476,CIRCUMCIRCLE
5477,SOURCE CONTROL
5478,VERSION CONTROL SYSTEM
5479,FORELIMB
5480,LEFT-WING
5481,BIGOTRY
5482,GLOBAL OPERATIONS
5483,SPATIAL SELECTIVITY
5484,MAIN TREE
5485,OPERATIONAL CLASSIFICATION
5486,MESH EDITING
5487,BIOLOGICAL CELLS
5488,IRON
5489,HARDWARE DESIGN LANGUAGES
5490,FUNCTIONAL ELEMENTS
5491,CONVENIENT CHOICE
5492,SHORT CHROMOSOMES
5493,GENE REGULATORY NETWORKS
5494,IMAGE SIZE
5495,MEMORY CELLS
5496,HYBRID RECONFIGURABLE ARCHITECTURE
5497,SENSOR FUSION
5498,PERCEPTUAL PROCESSING
5499,LEVEL OF PERCEPTION
5500,PHYSICAL SENSATIONS
5501,PRESENCE OF PEOPLE
5502,MOTION VIDEO
5503,FUSION SYSTEM
5504,RGB VALUES
5505,DEVICE OUTPUT
5506,VISUALLY IMPAIRED PERSON
5507,SITUATION AWARENESS
5508,TRAVEL DOCUMENTS
5509,REJECTION RATE
5510,INTERNATIONAL ORGANIZATION FOR STANDARDIZATION
5511,INTERNATIONAL CIVIL AVIATION ORGANIZATION
5512,DETECTION RESULTS
5513,HUMAN EXPERTS
5514,WIDTH OF THE IMAGE
5515,HEIGHT IMAGES
5516,COLOR COORDINATES
5517,SOFTWARE DEVELOPMENT KIT
5518,PRESENCE OF SHADOWS
5519,NATURAL SKIN
5520,PRESENCE OF REFLECTIONS
5521,COMPLIANCE SCORES
5522,WORKS CITED
5523,DEGREE OF COMPLIANCE
5524,FLASH REFLECTION ON SKIN
5525,SHADOWS ACROSS FACE
5526,ANALYSIS OF EYES
5527,EYE CONDITIONS
5528,USE OF FACE
5529,EYE CENTER
5530,RED EYES
5531,LITERATURE AIMING
5532,REDNESS
5533,EYE REGION
5534,CORNER OF EYE
5535,PUPIL CENTER
5536,EYELASHES
5537,ICAO REQUIREMENTS
5538,EYE DETECTION
5539,VALIDATE FACES
5540,PRESENCE OF HAIRS
5541,PRESENCE OF OCCLUSION
5542,PIXELATION
5543,VEIL OVER FACE
5544,AGGREGATES
5545,GAME GENRES
5546,CODEBOOK
5547,HASH FUNCTION
5548,VOLLEYBALL
5549,POLYSEMY
5550,VIDEO EXAMPLES
5551,FIRST-PERSON SHOOTER
5552,HISTOGRAM OF DISTANCES
5553,GAMEPLAY VIDEOS
5554,GAMEPLAY GENRE VIDEO CLASSIFICATION
5555,BOSSANOVA VIDEO DESCRIPTOR
5556,YOUTUBE
5557,HUMAN ACTIVITIES
5558,TASK ACCURACY
5559,CLASSIFICATION QUALITY
5560,MOVEMENT OF PEOPLE
5561,HIERARCHICAL LEVELS
5562,UNNECESSARY INFORMATION
5563,ORIGINAL SETUP
5564,UNNECESSARY NOISE
5565,BOSSANOVA REPRESENTATION
5566,CROWD FEATURES
5567,LOW DENSITY
5568,GROUP SIZE
5569,MEDIUM DENSITY
5570,NUMBER OF SECTIONS
5571,QUANTIFICATION PROCESS
5572,BIG GROUP
5573,AMOUNT OF PEOPLE
5574,PEOPLE WALKING
5575,DENSITY OF PEOPLE
5576,FUNDAMENTAL DIAGRAMS
5577,CROWD ANALYSIS
5578,ELBOW
5579,RECOGNITION APPROACH
5580,DYNAMIC GESTURE
5581,CHANGES IN POSITION
5582,HAND GESTURES
5583,RIGHT-HAND
5584,SIMILAR TRAJECTORIES
5585,SPHERICAL COORDINATE SYSTEM
5586,KEYFRAMES
5587,DIRECTION COSINES
5588,HISTOGRAM OF CUMULATIVE MAGNITUDES
5589,FAST DETECTION
5590,SPARSE SAMPLING
5591,ENGINEERING APPLICATIONS
5592,PIXEL SIZE
5593,GHZ CPU
5594,SALIENT REGIONS
5595,PAIR OF SETS
5596,POPULAR DATASETS
5597,SAMPLE PIXELS
5598,ATTENTION MODEL
5599,FAST GLOBAL SMOOTHER
5600,JOINT UPSAMPLING
5601,NUMBER OF OUTLIERS
5602,PRECISE COMPARISON
5603,FEATURE POINT MATCHING
5604,OUTLIERS REMOVAL
5605,GRAPH-BASED APPROACH
5606,WIDE RANGE OF EXPERIMENTS
5607,SUBJECTIVE EVALUATION
5608,IMAGES IN ORDER
5609,VALUES OF METRICS
5610,ATMOSPHERIC ENVIRONMENT
5611,COLOR SATURATION
5612,UNDERSEA
5613,LOW LUMINANCE
5614,SATURATED MAP
5615,ENHANCEMENT MEASURES
5616,HIGH VALUES
5617,DEGRADED IMAGES
5618,IMAGE QUANTIZATION
5619,WEIGHT FUNCTION
5620,MOST SIGNIFICANT BIT
5621,SMALL DETAILS
5622,TEXTURE REGIONS
5623,WHITE NOISE
5624,ADAPTIVE VERSION
5625,ORTHOGONAL PLANES
5626,ORIGINAL 2D
5627,FINAL FEATURE VECTOR
5628,SIMILAR LEARNING
5629,CARTESIAN PRODUCT
5630,RANKING INFORMATION
5631,DISTANCING MEASURES
5632,SIMILARITY SCORE
5633,RECENT APPROACHES
5634,RANK ANALYSIS
5635,RECIPROCAL RANK
5636,VIDEO RETRIEVAL
5637,TELEVISION NEWS
5638,DOCUMENTARY
5639,QUALITY OF REPRESENTATIONS
5640,TEST VIDEOS
5641,WEB DEVELOPMENT
5642,FRAME SELECTION
5643,SURFACE TOPOGRAPHY
5644,STOCHASTIC APPROACH
5645,FINAL RESULTS
5646,SCALE PARAMETER
5647,PAIRED ANALYSIS
5648,ARITHMETIC AVERAGE
5649,INHERENT NOISE
5650,NOISE ENERGY
5651,SET OF SEGMENTS
5652,WATERSHED AREA
5653,SMALL RIDGE
5654,PAIRED T-TEST ANALYSIS
5655,SET OF GRAPHS
5656,STOCHASTIC METHOD
5657,STOCHASTIC SEGMENTATION
5658,HIERARCHICAL SEGMENTATION
5659,ROBOT KINEMATICS
5660,FLEXIBLE WAY
5661,USE OF ROBOTS
5662,SHAPE CONSTRAINTS
5663,SEGMENTATION ERRORS
5664,USER INTERVENTION
5665,INPUT LABEL
5666,OBJECT MODELS
5667,ROBOT USERS
5668,SEGMENTATION RESUMING
5669,GRAPH THEORY
5670,INFORMATION IN ORDER
5671,MINIMUM CUT
5672,DIFFUSION FILTER
5673,LOW VALUES
5674,DIFFUSION COEFFICIENT
5675,SIMILAR PIXELS
5676,SUM OF ELEMENTS
5677,CAPACITANCE VALUES
5678,NEIGHBORHOOD INFORMATION
5679,MIN CUT-MAX FLOW
5680,CONNECTIVITY CONSTRAINTS
5681,FORMATION ENERGY
5682,MINIMIZATION PROBLEM
5683,GLOBAL PROPERTIES
5684,OPTIMAL ENERGY
5685,WIDTH PARAMETER
5686,DUAL FORM
5687,THIN PARTS
5688,BOUNDARY POLARITY
5689,AEROSPACE ELECTRONICS
5690,DISPERSION
5691,STATISTICAL MEASURES
5692,RELEVANT PROPERTIES
5693,WEB-BASED TOOL
5694,SET OF REGIONS
5695,VARIETY OF MEASURES
5696,CELL SIZE
5697,ROLE IN ANALYSIS
5698,AUTOMATIC SELECTION
5699,PROJECTION STEP
5700,TYPE OF WINE
5701,MANUAL SELECTION
5702,GROUP OF INSTANCES
5703,ATTRIBUTE-BASED CLUSTERING
5704,BANDWIDTH
5705,INTERACTIVE SYSTEMS
5706,RESOURCE ALLOCATION
5707,ACCURATE MAPPING
5708,VIOLENT CRIME
5709,REFERENCE MAP
5710,CRIME PREVENTION
5711,SMALL CELL SIZES
5712,HOT AREAS
5713,TWO-DIMENSIONAL FIELD
5714,CONTOUR LEVEL
5715,HOTSPOT MAPS
5716,SIMPLE PROCEDURE
5717,IMAGE CHANGE
5718,THRESHOLD CRITERIA
5719,ATTRIBUTE VALUES
5720,SUBSET OF NODES
5721,SIMPLE TREE
5722,ATTRIBUTE ANALYSIS
5723,SIMPLE METHOD
5724,DISTANCE INFORMATION
5725,PROPERTIES OF METHODS
5726,IMAGE PROCESSING APPLICATIONS
5727,MAXIMUM AND MINIMUM
5728,STRUCTURE FUNCTION
5729,INTERESTING FEATURE
5730,MEANINGFUL SEGMENTS
5731,REDUNDANCY
5732,ERROR CORRECTION
5733,INFORMATION BITS
5734,CODE VERSION
5735,PREVIOUS PUBLICATIONS
5736,SEGMENTATION ALGORITHM
5737,BLACK MODULE
5738,COLORED 2D-BARCODES
5739,COLOR SEGMENTATION
5740,FINAL SUMMARY
5741,CLUSTERING PROCESS
5742,TEMPORAL LOCALIZATION
5743,VIDEO SAMPLES
5744,AVERAGE CLUSTER SIZE
5745,SPIRALS
5746,HEALTHY INDIVIDUALS
5747,CONTROL INDIVIDUALS
5748,CORRELATED FEATURES
5749,BASIC EMOTIONS
5750,FACIAL COMPONENTS
5751,SAD EXPRESSIONS
5752,PDM
5753,CFS
5754,CORRELATION FEATURES SELECTION
5755,COHN-KANADE DATABASE
5756,LINEAR ENSEMBLE
5757,LINEAR FEATURES
5758,PRINCIPAL COMPONENT ANALYSIS COMPONENTS
5759,STRONG LEARNING
5760,ENSEMBLE TECHNIQUE
5761,GLOBAL VECTOR
5762,PRINCIPAL COMPONENT ANALYSIS FEATURES
5763,MULTI-LABEL
5764,CORRESPONDING POINTS
5765,DISCRIMINATION TECHNIQUE
5766,WEAK LEARNERS
5767,PRINCIPAL COMPONENT ANALYSIS SPACE
5768,GLOBAL WEIGHT
5769,RECONSTRUCTION PERFORMANCE
5770,SEPARATE TASKS
5771,CLASS MEAN
5772,PCA
5773,SEPARATING HYPERPLANES
5774,FACE IMAGE ANALYSIS
5775,SEARCH METHODS
5776,SEARCH ALGORITHM
5777,SEARCH PROCEDURE
5778,LINEAR GRAPH
5779,TEXTURE CLASSIFICATION
5780,KOLMOGOROV-SMIRNOV TEST
5781,SPACE COMPLEXITY
5782,GRAVITATIONAL MODEL
5783,EXPONENTIAL TIME
5784,REPEAT STEPS
5785,REMARKABLE PERFORMANCE
5786,INFORMED SEARCH
5787,WOUNDS
5788,REAL-WORLD PROBLEMS
5789,GINI COEFFICIENT
5790,FIELD OF IMAGE PROCESSING
5791,LEARNING BIAS
5792,SAMPLING PROBLEM
5793,INTENSITY HISTOGRAM
5794,BIGGEST AREA
5795,WRONG PREDICTIONS
5796,ASSIGNMENT OF VALUES
5797,BINARY DATASETS
5798,HUMAN GESTURES
5799,VALUES OF VARIABLES
5800,NUMBER OF VALUES
5801,DIRECT FUNCTION
5802,COMPLEXITY MEASURES
5803,5-FOLD CROSS-VALIDATION
5804,PARTITION FUNCTION
5805,NUMBER OF LABELS
5806,DYNAMIC BAYESIAN NETWORK
5807,ARBITRARY ASSIGNMENT
5808,FACTOR GRAPH
5809,ARBITRARY CHOICE
5810,ACCURACY OF MODEL
5811,LINEAR CHAINS
5812,DISCRIMINATIVE MODELS
5813,LARGE WINDOW
5814,OPERANT LEARNING
5815,BINARY INPUT
5816,LEARNING PROBLEM
5817,HEURISTIC METHOD
5818,EIGENFUNCTIONS
5819,POLYNOMIAL KERNEL
5820,EIGENDECOMPOSITION
5821,GRID PARAMETERS
5822,CHOICE OF KERNEL
5823,KERNEL APPROXIMATION
5824,W-OPERATOR LEARNING
5825,SIZE MEASUREMENT
5826,3D FEATURES
5827,PULMONARY NODULES
5828,SMALL NODULES
5829,NODULE CLASSIFICATION
5830,MARGIN SHARPNESS
5831,IMPROVEMENTS IN DIAGNOSIS
5832,DIFFERENT SETS OF FEATURES
5833,MALIGNANT NODULES
5834,PROBABILITY OF MALIGNANCY
5835,NODE SIZE
5836,BENIGN NODULES
5837,PETROLEUM
5838,NUMBER OF WORKERS
5839,OIL EXPLORATION
5840,SEISMIC REFLECTION
5841,HOMOGENEOUS CLUSTERS
5842,PREDEFINED NUMBER
5843,LATERAL CONTINUITY
5844,IMAGE CLUSTERING
5845,CHEMICALS
5846,SPECTRAL INDICES
5847,SPECTRAL BANDS
5848,BAND COMBINATIONS
5849,BAND SELECTION
5850,EMISSION RATE
5851,ARITHMETIC OPERATIONS
5852,STOPPING CONDITION
5853,SILHOUETTE SCORE
5854,SALINAS DATASET
5855,SYNTAX TREE
5856,GENETIC OPERATORS
5857,SPECTRAL DOMAIN
5858,DIFFERENT SOURCES OF DATA
5859,URBAN SCENARIOS
5860,CREATION OF MAPS
5861,SPECTRAL FEATURES
5862,SPECTRAL RESOLUTION
5863,CLASS DISTRIBUTION
5864,URBAN DATASET
5865,PIXEL LEVEL
5866,COMBINATION OF DIFFERENT MODALITIES
5867,STRONG CLASSIFIER
5868,KERNEL METHODS
5869,MULTIMODAL CLASSIFICATION
5870,SCALP
5871,CORTICAL SURFACE
5872,NATIVE SPACE
5873,INTERNATIONAL SYSTEM
5874,ELECTRODEPOSITION
5875,PRIMARY POINT
5876,ANATOMICAL LANDMARKS
5877,TAPE MEASURE
5878,ARC LENGTH
5879,ELECTRODE SITES
5880,REFERENCE CURVE
5881,MIDSAGITTAL PLANE
5882,SEPTUM PELLUCIDUM
5883,PREAURICULAR POINTS
5884,INTERHEMISPHERIC FISSURE
5885,RAW VOLUME
5886,LETTER CODE
5887,LEFT HEMISPHERE
5888,INTERNATIONAL 10/5
5889,10/10
5890,10/20 SYSTEMS; EEG AND MRI CO-REGISTRATION; GPU-BASED MULTIMODAL RENDERING; IMAGE PROCESSING
5891,INPUT PARAMETERS
5892,IMAGE PLANE
5893,FRAME RATE
5894,3D COORDINATES
5895,OPEN ANGLE
5896,LOSS OF DETAILS
5897,VOLUME DATASET
5898,POSITION OBSERVER
5899,NUMBER OF RAYS
5900,RAY PATH
5901,FINAL COLOR
5902,VOLUME ON SURFACE (VOS)
5903,BRAIN MODELS
5904,REALISTIC REPRESENTATION
5905,NON-NEGATIVE LEAST SQUARES
5906,CLUSTER MEMBERSHIP
5907,CATEGORICAL MODEL
5908,REFLECTANCE DATA
5909,LEAST-SQUARES OPTIMIZATION
5910,REFLECTIVE MATERIAL
5911,BRDF
5912,APPEARANCE MODELING
5913,GENETIC ALGORITHMS
5914,SPACE VEHICLES
5915,RECURRENCE PLOT
5916,PART IN SHAPING
5917,SYSTEM DYNAMICS
5918,PHASE SPACE
5919,SIMILAR REGIONS
5920,SINGLE MATRIX
5921,TARGET SHAPE
5922,RECURRENCE QUANTIFICATION ANALYSIS
5923,HUMAN ARM
5924,NEIGHBORING SEGMENTS
5925,DIAGONAL LENGTH
5926,PARTIAL SHAPE RETRIEVAL
5927,FIEDLER VECTOR
5928,TIME-SERIES ANALYSIS
5929,CROWDING
5930,ADAPTIVE LEARNING
5931,RELATIVE HEIGHT
5932,HEIGHT DISTRIBUTION
5933,CAMERA ORIENTATION
5934,VERTICAL POINT
5935,SURVEILLANCE CAMERA
5936,AUTO CALIBRATION
5937,FABRICS
5938,SURFACE TEXTURE
5939,SOLIDS
5940,AMBIENT OCCLUSION
5941,DETAILED SURFACE
5942,COMBINED REPRESENTATION
5943,BOTTOM ROW
5944,SOLID ANGLE
5945,CIRCLE AREA
5946,FABRIC TEXTURE
5947,DEPTH SCALE
5948,META-RELIEF MAPPING
5949,MULTISCALE SURFACE DETAILS
5950,REAL-TIME RENDERING
5951,COLLISION AVOIDANCE
5952,ARBITRARY SURFACE
5953,PATHFINDING
5954,OBSTACLE AVOIDANCE
5955,POSITION OF AGENT
5956,CENTER OF THE TRIANGLE
5957,PARALLEL IMPLEMENTATION
5958,MOVEMENT OF AGENTS
5959,PLANAR REGIONS
5960,INTEGRAL EQUATIONS
5961,ADAPTIVE NUMERICAL INTEGRATION
5962,GPU IMPLEMENTATION
5963,RIEMANN SUM
5964,UNIFORM STEP
5965,EVALUATION OF FUNCTION
5966,NUMERICAL METHODS
5967,ADAPTIVE ALGORITHM
5968,INTEGRAL VALUE
5969,DISTANCE SAMPLING
5970,CONFIGURATION PARAMETERS
5971,ADAPTIVE PROCEDURE
5972,ADAPTIVE RULE
5973,COUPLING STRATEGY
5974,ADAPTIVE APPROACH
5975,ADAPTIVE INTEGRATION
5976,ERROR CONTROL
5977,SIMPSON'S RULE
5978,COMPUTERS
5979,DESIGN AUTOMATION
5980,REVERSE ENGINEERING
5981,PHYSICAL MODIFICATION
5982,COMPUTATIONAL MODEL
5983,DESIGN PROCESS
5984,3D MODELING SOFTWARE
5985,PAIR OF POINTS
5986,GOAL OF EXPERIMENT
5987,PERFORMED PRINCIPAL COMPONENT ANALYSIS
5988,MESH MODEL
5989,CYLINDRICAL SURFACE
5990,SURFACE PATCHES
5991,3D REGISTRATION
5992,LASER POINTER
5993,FINE REGISTRATION
5994,SPECIFIC DISTANCE
5995,TANGIBLE INTERFACE
5996,PERCEPTION OF QUALITY
5997,DENSITY ESTIMATION
5998,STRONG ILLUMINATION
5999,CONSTANT FACTOR
6000,DIRECT LIGHT
6001,PHD THESIS
6002,COMPARISON OF METRICS
6003,LOW DYNAMIC RANGE
6004,GLOSSY SURFACE
6005,SIMPLE OBJECTS
6006,RAY TRACING
6007,DIRECT ILLUMINATION
6008,UNBIASED METHOD
6009,PERCEPTUAL QUALITY
6010,HIGH PURITY
6011,LOW PURITY
6012,VISUAL CONCEPTS
6013,NATURAL WORLD
6014,DISCOVERY SET
6015,ATTITUDE MATRIX
6016,CHANNEL PAIRS
6017,DIGITAL IMAGE CORRELATION
6018,AGGLOMERATIVE CLUSTERING
6019,SHOT SAMPLING
6020,BAG OF FEATURES
6021,HIERARCHICAL MODEL
6022,AMOUNT OF FEATURES
6023,BEST RESPONSE
6024,INTRA-CLASS VARIANCE
6025,OCCURRENCE OF WORDS
6026,WHITE STRIPING
6027,SMALL ADVANTAGE
6028,BAG-OF-FEATURES
6029,HMAX
6030,LOW FEATURE USAGE
6031,WATERMARKING
6032,YTTRIUM
6033,ORIGINAL COLOR
6034,DOT PATTERNS
6035,BINARY VECTOR
6036,HIDDEN INFORMATION
6037,COLOR ENHANCEMENT
6038,HALFTONE
6039,COLOR RESTORATION
6040,WATERMARK
6041,INVERSE HALFTONING
6042,SELECTION WINDOW
6043,COMBINED SEARCH
6044,COMBINATION OF OPERATORS
6045,INSUFFICIENT NUMBER OF SAMPLES
6046,OPTIMAL OPERATION
6047,TRAIN OPERATION
6048,GENERALIZATION ERROR
6049,CONDITIONAL ENTROPY
6050,WINDOW SETTINGS
6051,GOOD COMBINATION
6052,RANKING CRITERIA
6053,MORPHOLOGICAL OPERATOR DESIGN
6054,W-OPERATOR COMBINATION
6055,SEQUENTIAL FORWARD SELECTION
6056,FINGERSPELLING
6057,KERNEL DESCRIPTORS
6058,LETTERS OF THE ALPHABET
6059,DEAF PEOPLE
6060,COMBINATION OF DESCRIPTORS
6061,DIVERSE BACKGROUNDS
6062,HYBRID SYSTEM
6063,EMPIRICAL METHODS
6064,PENALTY PARAMETER
6065,MEASURES IN THE LITERATURE
6066,SIMILAR SEGMENTS
6067,REFINEMENT LEVEL
6068,ANALYTICAL METHODS
6069,ERROR VALUES
6070,NUMBER OF OBJECTS
6071,NATURAL SCENES
6072,CARDINALITY OF THE SET
6073,TRIANGLE INEQUALITY
6074,LARGEST ELEMENT
6075,PENALTY VALUE
6076,ERROR MEASURE
6077,ALGAE
6078,BIOLOGISTS
6079,FRESHWATER MICROALGAE
6080,KINETIC CURVES
6081,ITERATIVE SCHEME
6082,PARAMETRIC APPROACH
6083,CURVE PARAMETERS
6084,DISTINCT SHAPE
6085,EDGE INFORMATION
6086,EVOLUTION CURVES
6087,GREEN IMAGE
6088,SOBEL OPERATOR
6089,LAGRANGE EQUATIONS
6090,PHYTOPLANKTON
6091,TERM IN EQ
6092,GAUSSIAN DISTRIBUTION
6093,GREEN MICROALGAE
6094,CRISIS MANAGEMENT
6095,EMERGENCY SITUATIONS
6096,FIRING ACTIVITY
6097,COLOR CATEGORIES
6098,PERCENTAGE OF FALSE POSITIVES
6099,PIXEL-COLOR CLASSIFICATION
6100,MULTIFRAME SUPER-RESOLUTION
6101,INPUT SEQUENCE
6102,VARIETY OF ALGORITHMS
6103,TRANSLATION MATRIX
6104,CORRECT ALIGNMENT
6105,RECONSTRUCTION STEP
6106,BURST MODE
6107,GEOMETRIC K-NN
6108,MULTI-FRAME
6109,BIG DATA ANALYTICS
6110,OBJECT CONTOUR
6111,SEGMENTATION EVALUATION
6112,SPECIFIC TASKS
6113,UNFOCUSED
6114,DISTRIBUTED COMPUTING
6115,PROCESSING CHAIN
6116,BINARY ALGORITHM
6117,CHAIN COMPONENTS
6118,HOLISTIC SYSTEM EVALUATION
6119,CLASSIFICATION EVALUATION
6120,CONSECUTIVE BLOCKS
6121,PARTITIONING PROBLEM
6122,PERFORMANCE MEASURES
6123,REAL APPLICATIONS
6124,HIERARCHICAL SCALE
6125,VIDEO INFORMATION
6126,GRAPH-BASED SEGMENTATION
6127,IMAGE MOTION ANALYSIS
6128,NEAREST NEIGHBOR SEARCHES
6129,OPTICAL ORIENTATION
6130,UNPREDICTABILITY
6131,NORMAL PATTERN
6132,EVENT DETECTION
6133,SIMPLE SEARCH
6134,OPTICAL INFORMATION
6135,NON-OVERLAPPING REGIONS
6136,UNUSUAL LOCATION
6137,FLOW VECTOR
6138,NORMAL EVENTS
6139,SMART SURVEILLANCE
6140,PARTICLE FILTERS
6141,FUTSAL PLAYERS
6142,SINGLE STATIONARY CAMERA
6143,ATHLETES
6144,RANGE ANALYSIS
6145,ANALYSIS OF A WIDE RANGE
6146,DETECTION PROCESS
6147,PROCESS NOISE
6148,BACKGROUND MODEL
6149,NEGATIVE WEIGHTS
6150,PLAYER POSITION
6151,STATUS OF PLAYERS
6152,GAUSSIAN COMPONENTS
6153,PARTICLE WEIGHT
6154,SUCCESSIVE FRAMES
6155,DETECTION STEP
6156,PLAYER TRACKING
6157,TACTICAL AND PHYSICAL ANALYSES
6158,ENCRYPTION
6159,PROTOCOL DESIGN
6160,DISPUTE RESOLUTION
6161,LOW QUALITY
6162,DIGITAL CONTENT
6163,BITRATE
6164,BASE LAYER
6165,ITEM VERSION
6166,ITEM DESCRIPTIONS
6167,VALID PROBLEM
6168,TEMPORAL LAYER
6169,VOD
6170,ITEM VALIDATION
6171,SPLINE MODEL
6172,TRACKING MARKERS
6173,LANE MARKINGS
6174,TRAFFIC CONDITIONS
6175,ROAD CONDITIONS
6176,INVERSE MAPPING
6177,PERSPECTIVE DISTORTION
6178,ERROR FUNCTION
6179,VISUAL PERSPECTIVE
6180,NUMBER OF EVIDENCE
6181,EVIDENCE MAP
6182,CONSTANT WIDTH
6183,REAL OBSERVATIONS
6184,GROUND TRUTH LOCATION
6185,LANE MARKER TRACKING
6186,PROMISING RESULTS
6187,HEALTH-RELATED QUALITY OF LIFE
6188,SOFT CONTACT
6189,NORMAL OPERATION
6190,IRIS BIOMETRICS
6191,MOOD
6192,MULTI-TASK CLASSIFICATION
6193,CLUTTERING
6194,MULTIPLE CLASSES
6195,LOWER CLASS
6196,CLASS PROBABILITIES
6197,COORDINATE VALUES
6198,PROJECTION POINT
6199,TRAVELING SALESMAN PROBLEM
6200,GROUP DIMENSION
6201,SINGLE CIRCLE
6202,LOW PROBABILITY
6203,RAD VIZ
6204,AXIS IN ORDER
6205,IMAGE INTENSITY
6206,RECOGNITION METHODS
6207,SPARSE AUTOENCODER
6208,CUMULATIVE HISTOGRAM
6209,FINGER SPELLING RECOGNITION
6210,POINTS CLOUD
6211,DIRECTIONAL COSINES
6212,SPATIAL SORTING
6213,MATRIX ELEMENTS
6214,SINGLE STEP
6215,SIMPLE ALGORITHM
6216,SETUP TIME
6217,LINEAR SEQUENCE
6218,QUERY POINT
6219,QUERY TIME
6220,PATHOLOGICAL CASES
6221,WORST-CASE COMPLEXITY
6222,SET OF DISTRIBUTIONS
6223,PARTIAL ORDER
6224,PARALLEL ALGORITHMS
6225,RGB-D SENSOR
6226,CONVEX OPTIMIZATION PROBLEM
6227,DUAL VARIABLES
6228,CLONING
6229,COLOR ADJUSTMENT
6230,COMPOSITE IMAGE
6231,TRANSITION ZONE
6232,NATURAL COMPOSITES
6233,TOP RIGHT
6234,DIRICHLET BOUNDARY CONDITIONS
6235,AVERAGE COLOR
6236,DEGREE OF PRESERVATION
6237,COLOR PRESERVATION
6238,POISSON IMAGE EDITING
6239,IMAGE COMPOSITION
6240,FAST UPDATE
6241,EARLY MODELS
6242,BACKGROUND REFERENCE
6243,ROAD REGION
6244,PART OF THE VIDEO
6245,GRAY-LEVEL INTENSITY
6246,BACKGROUND MODELING
6247,TRAFFIC ANALYSIS
6248,FACIAL ATTRACTIVENESS
6249,SET OF PAPERS
6250,FACIAL SKIN
6251,GEOMETRIC RESTRICTIONS
6252,SKIN TEXTURE
6253,TEXTURE MODIFICATION
6254,ORIGINAL SCORE
6255,SET OF DISTANCES
6256,INPUT FACE
6257,AVERAGE FACE
6258,ORIGINAL PICTURE
6259,SET OF FACES
6260,SUPERVISED LEARNING ALGORITHMS
6261,SKIN AREA
6262,NOSE
6263,MEDICAL SOFTWARE
6264,FIELD TASK
6265,ACCURATE METHOD
6266,RESULTS OF METHOD
6267,ACTIVITY PROFILE
6268,WORK MOTIVATION
6269,BEGINNING OF THIS SECTION
6270,LANDMARK LOCALIZATION
6271,LOWER LIP
6272,NASAL TIP
6273,FACIAL LANDMARKS
6274,PLASTIC SURGERY
6275,THICKNESS HISTOGRAMS
6276,GEOMETRIC SHAPES
6277,GEOMETRIC PROPERTIES
6278,THICKNESS VALUES
6279,CONCAVITY
6280,HELLINGER DISTANCE
6281,LOCAL THICKNESS
6282,THICKNESS DISTRIBUTION
6283,SHAPE MATCHING
6284,DEPTH COMPLEXITY
6285,CONTENT-BASED RETRIEVAL
6286,UNSTRUCTURED TEXT
6287,TIME SCALE
6288,LARGE TIME
6289,TEXT ANALYSIS
6290,GENERAL RELATIVITY
6291,USER FEEDBACK
6292,ABDOMINAL AORTIC ANEURYSM
6293,SCIENCE CAREERS
6294,SPECIAL RELATIVITY
6295,TIMELINE OF EVENTS
6296,PAGERANK ALGORITHM
6297,WIKIPEDIA ARTICLES
6298,EVENT EXTRACTION
6299,HASHTAGS
6300,PREVIOUS KNOWLEDGE
6301,DATA PRE-PROCESSING
6302,TEXTUAL SUMMARIES
6303,EVENT MATRIX
6304,EXPLOSIONS
6305,EXPLODED VIEW
6306,VIEWING ANGLE
6307,FLOW SIMULATION
6308,PRIMARY OBJECTIVE
6309,SECONDARY OBJECTIVE
6310,PROPERTY VALUES
6311,STOPPING CRITERION
6312,GEOLOGICAL FEATURES
6313,3D CLUSTERS
6314,SET OF PLANES
6315,LIMITED AMOUNT OF INFORMATION
6316,VOLUMETRIC DATA
6317,DYNAMIC SCENARIOS
6318,STREAMLINE
6319,FIELD BEHAVIOR
6320,INTERACTIVE FRAMEWORK
6321,DISCRETE FIELD
6322,TWO-DIMENSIONAL SPACE
6323,FEATURE CALCULATION
6324,FIELD IN ORDER
6325,PARTICLE IMAGE VELOCIMETRY
6326,GRID NODES
6327,NOMINATIONS AND ELECTIONS
6328,COALITION
6329,OPINION RESEARCH
6330,IDEAL POINT
6331,TWO-DIMENSIONAL SPECTRA
6332,ELECTORAL DISTRICTS
6333,VOTING PATTERNS
6334,POSITION OF SPECTRA
6335,POLITICAL SPECTRUM
6336,AUGMENTED SYSTEM
6337,DETECTION OF MARKERS
6338,VIRTUAL OBJECTS
6339,SKIN MARKERS
6340,SYNTHETIC ENVIRONMENT
6341,SKIN SURFACE
6342,PHYSICAL WORLD
6343,VISUAL MARKERS
6344,OCCLUDED OBJECTS
6345,CIRCULAR MARKERS
6346,TATTOO
6347,INTENSITY NORMALIZATION
6348,NORMALIZATION PROCEDURE
6349,CLASSIFIER CONSTRUCTION
6350,SPATIAL INTENSITY
6351,FEARFUL EXPRESSIONS
6352,EXPRESSION SPECIFIC FEATURES
6353,SMART PHONES
6354,VISUAL SEARCH
6355,GPS COORDINATES
6356,PANORAMIC VIEW
6357,IMAGE BUILDING
6358,CORRECT LOCATION
6359,IMAGES OF CASES
6360,WEB MAP
6361,BREADTH-FIRST SEARCH
6362,BUILDING LOCATION
6363,TARGET VIEW
6364,CITY BLOCK
6365,DAYLIGHT CONDITIONS
6366,GEOGRAPHICAL COORDINATES
6367,AERIAL SCENE
6368,SPECIFIC CHARACTERISTICS
6369,CLIMATE MODELS
6370,CROP MANAGEMENT
6371,AUTOMATIC LEARNING
6372,WELL-KNOWN DATASETS
6373,LEAF SHAPE
6374,PLANT IDENTIFICATION
6375,IMPORTANT ECOLOGICAL ROLE
6376,IDENTIFICATION METHODOLOGY
6377,CLASSIFICATION METHODOLOGY
6378,FLOWERING
6379,TREE MODEL
6380,FOURIER DOMAIN
6381,GAIN RATIO
6382,LINEAR REGRESSION FUNCTION
6383,ENSEMBLE LEARNING METHOD
6384,PLANTS CLASSIFICATION
6385,PRACTICES IN CONTEXTS
6386,IMAGE MOMENTS
6387,DIFFERENT SIGNS
6388,ARCHITECTURE FOR CLASSIFICATION
6389,"RED, GREEN AND BLUE"
6390,SUBSEQUENT NETWORK
6391,DATASET CREATION
6392,HAND SIZE
6393,AUXILIARY TOOL
6394,AVERAGE HIT
6395,ZERNIKE INVARIANT MOMENTS
6396,COMBINATION OF FILTERS
6397,IDEAL IMAGE
6398,DETAIL PRESERVATION
6399,FISHER INFORMATION
6400,SECONDS OF EXPOSURE
6401,ITERATIVE RECONSTRUCTION METHODS
6402,PATCH SHAPE
6403,NOISY PIXELS
6404,TRANSFORM CODING
6405,EFFECT ESTIMATES
6406,RECIPROCAL INFORMATION
6407,LINEAR CORRELATION
6408,USE OF MEASURES
6409,RANK AGGREGATION
6410,PEARSON CORRELATION
6411,EFFECT OF TASK
6412,COLOR FEATURES
6413,POSITIVE AXIS
6414,RICH SOURCE OF INFORMATION
6415,GROUND TRUTH MEASUREMENTS
6416,SHAPE CONTEXT
6417,UNSUPERVISED EFFECTIVENESS ESTIMATION
6418,QUERY DIFFICULT PREDICTION
6419,NECK
6420,CONTOUR ESTIMATION
6421,AVERAGE ENERGY
6422,MAXIMUM ENERGY
6423,UNSUPERVISED ALGORITHM
6424,LEARNING DATASET
6425,LEFT SIDE
6426,MIXTURE COMPONENTS
6427,POINT OF CURVE
6428,UPPER PART OF THE BODY
6429,FACE SIZE
6430,RELATED POINT
6431,SMOOTH CURVE
6432,ORIENTATION ANGLE
6433,HUMAN HEAD-SHOULDER ESTIMATION
6434,OMEGA-SHAPED REGION
6435,HUMAN SEGMENTATION
6436,SUPERPIXEL GENERATION
6437,CLUSTER CENTERS
6438,SUITABLE FUNCTION
6439,DIRECTIONAL DISTANCE
6440,UPDATE STEP
6441,UNSUPERVISED SEGMENTATION
6442,HESSIAN MATRIX
6443,DETECTION OF LEUKOCYTES
6444,ANIMAL MOVEMENT
6445,LEUKOCYTE ADHESION
6446,MATCHING TECHNIQUE
6447,INTRAVITAL IMAGING
6448,EIGENVALUE ANALYSIS
6449,LEUKOCYTE ROLLING
6450,LEUKOCYTE-ENDOTHELIAL INTERACTIONS
6451,CONTRAST VARIATION
6452,NUMBER OF LEUKOCYTES
6453,GROUND TRUTH DATASET
6454,ABSTRACTS
6455,3D MORPHABLE MODEL
6456,RECONSTRUCTION ACCURACY
6457,EXPENSIVE HARDWARE
6458,SHAPE ESTIMATION
6459,INTERPUPILLARY DISTANCE
6460,COSMETIC SURGERY
6461,LATERAL IMAGES
6462,FACE RECONSTRUCTION
6463,PARALLEL APPROACH
6464,GENERAL SCHEME
6465,SPATIAL PARTITIONING
6466,PARALLEL STRATEGY
6467,MEMORY MANAGEMENT
6468,RECURSIVE ALGORITHM
6469,PRINCIPAL PLANE
6470,DATA DIVIDED
6471,NAIVE ALGORITHM
6472,PHYSICAL CORES
6473,APPROXIMATION METHODS
6474,ADAPTIVE MESH
6475,MODEL SYSTEM
6476,FINAL MODEL
6477,TIME INTERACTION
6478,ACTIVE SURFACE
6479,FIRST APPROXIMATION
6480,USE OF FRAMEWORK
6481,ERROR THRESHOLD
6482,SET OF CURVES
6483,GLOBAL TRANSFORMATION
6484,MESH RESOLUTION
6485,SKETCH-BASED MODELING
6486,GEOMETRIC MODELING
6487,COMPASS
6488,PERSONAL COLLECTION
6489,MUSICAL STRUCTURE
6490,COMPASSION
6491,AUDIO FILES
6492,SINGLE PIECE
6493,SEMANTIC STRUCTURE
6494,MUSICAL PIECES
6495,SONG STRUCTURE
6496,MULTIPLE OCCURRENCES
6497,SIMILARITY-BASED VISUALIZATIONS
6498,LESION SEGMENTATION
6499,LOWER ERROR
6500,STANDARD IMAGING
6501,IMAGING CENTER
6502,RECONSTRUCTIVE
6503,HEALTHY SKIN
6504,UNSUPERVISED MANNER
6505,DERMOSCOPY
6506,MEASURE OF COMPACTNESS
6507,DICTIONARY ATOMS
6508,LESION IMAGES
6509,COMBINATION OF PARAMETERS
6510,NORMAL SKIN
6511,STANDARD CAMERA IMAGES
6512,NORMALIZED GRAPH CUTS
6513,DICOM
6514,HOSPITALS
6515,COMPARATIVE ANALYSIS
6516,FUNCTIONAL IMAGING
6517,REGISTRATION ALGORITHM
6518,REGISTRATION ERROR
6519,STRUCTURAL IMAGES
6520,SAMPLE SPACE
6521,CORRECT SOLUTION
6522,HOSPITAL DE CLINICAS
6523,REFERENCE VOLUME
6524,INTENSITY-BASED METHODS
6525,SCAN AXIS
6526,IMAGE CO-REGISTRATION
6527,REGISTRATION RESULTS
6528,INTENSITY VALUES
6529,PRE-ALIGNMENT
6530,WIDE RANGE OF EXPOSURES
6531,TONE MAPPING
6532,SHARP EDGES
6533,SPACE DOMAIN
6534,MAXIMUM INTENSITY VALUE
6535,IMAGE LUMINANCE
6536,SKETCH RECOGNITION
6537,PHOTOGRAPHIC IMAGES
6538,RANDOM SUBSPACE
6539,FORENSIC SKETCHES
6540,MATCHING PHOTO-SKETCH
6541,VISCOSITY
6542,VISCOUS JET
6543,FLUID FLOW
6544,FREE SURFACE
6545,VISCOUS FLUID
6546,VISCOUS BEHAVIOR
6547,EQUATION OF STATE
6548,SHEAR RATE
6549,MASS CONSERVATION
6550,MOMENTUM EQUATION
6551,CELL INDEX
6552,NEWTONIAN FLUID
6553,FLUID PARTICLES
6554,INCOMPRESSIBLE FLOW
6555,VISCOUS FORCES
6556,FLUID MODEL
6557,FREE BOUNDARY CONDITIONS
6558,SPH FLUIDS
6559,CUDA
6560,MOBILE COMMUNICATION
6561,TOUCHSCREEN DEVICES
6562,DEGREE OF ACCURACY
6563,PROFESSIONAL EDITING
6564,MANUAL REFINEMENT
6565,VIDEO EDITING
6566,PHASE SEGMENTATION
6567,PROFESSIONAL IMAGE
6568,SEGMENTATION MAP
6569,OBJECT CLASS SEGMENTATION
6570,GRABCUT SEGMENTATION
6571,SUBSET OF DATA
6572,EXPLORATORY TOOL
6573,VISUAL CLARITY
6574,SCOPE OF THIS PAPER
6575,LOWER HALF
6576,SINGLE PROJECT
6577,PRICE RANGE
6578,SCATTERPLOT MATRIX
6579,MULTIDIMENSIONAL DATASETS
6580,SEPARATE SUBSETS
6581,SCATTERPLOTS
6582,WEBCAMS
6583,INK
6584,GRAPHIC TABLET
6585,USER TESTING
6586,COMPUTER MOUSE
6587,MOUSE CURSOR
6588,QUADRATIC FUNCTION
6589,GAMMA CORRECTION
6590,MOUSE CLICK
6591,CALIBRATION STEP
6592,USER'S HAND
6593,VISION-BASED INTERFACE
6594,PAPER-PEN TECHNOLOGY
6595,LOSSLESS CODING
6596,WEIGHTING FACTOR
6597,DIRECT MODULATION
6598,LINEAR CHANGE
6599,ADJACENT PIXELS
6600,PIXEL POSITION
6601,INVERSION PROCESS
6602,LOSSLESS COMPRESSION
6603,RATE-DISTORTION
6604,ORIGINAL BLOCK
6605,HORIZONTAL MODE
6606,HEVC
6607,PIXEL-BY-PIXEL DPCM
6608,WATERCOURSES
6609,PLAIN AREAS
6610,SOFT REGION
6611,MEAN SHIFT ALGORITHM
6612,CENTROID
6613,SMOOTH PROCESS
6614,PLAIN REGION
6615,THRESHOLDING OPERATOR
6616,PROCEDURAL TERRAIN MODELING
6617,PROCEDURAL CONTENT
6618,PERLIN NOISE
6619,REPRESENTATIVE SAMPLE
6620,FAMILY-WISE ERROR
6621,GRAPH TOPOLOGY
6622,RETINAL DISEASES
6623,NEW METHOD FOR DETECTION
6624,AVERAGE INTENSITY
6625,AGE-RELATED MACULAR DEGENERATION
6626,COORDINATING CENTER
6627,MACULAR EDEMA
6628,CENTRAL VISION
6629,REGIONS OF INTEREST LOCATION
6630,VICINITY OF AREA
6631,HARD EXUDATES
6632,DARK PIXELS
6633,MACULAR REGION
6634,PATHOLOGICAL IMAGES
6635,PUBLIC IMAGE
6636,WIDE VARIETY OF APPLICATIONS
6637,OPTIMIZATION METHOD
6638,LOCAL OPTIMUM
6639,DECISION VARIABLES
6640,MALE POPULATION
6641,MALE DOMINANCE
6642,LOCAL SOLUTION
6643,COOPERATIVE BEHAVIOR
6644,OPTICAL PARAMETERS
6645,DIFFERENT SETS OF PARAMETERS
6646,HYDRANGEA
6647,COLONY MEMBERS
6648,SOCIAL-SPIDER OPTIMIZATION
6649,EVOLUTIONARY OPTIMIZATION METHODS
6650,GAME CONSOLES
6651,REAL-TIME SENSOR
6652,NATURAL INTERFACE
6653,REPRESENTATION OF IDENTITY
6654,SHORT PAUSE
6655,SIMILAR POSE
6656,DECISION FOREST
6657,POSE IDENTIFICATION
6658,3D MOTION
6659,NATURAL USER INTERFACE
6660,MOTORCYCLES
6661,HELMET DETECTION
6662,VEHICLE TYPE
6663,YEARS IN MANY COUNTRIES
6664,MOTORCYCLE ACCIDENTS
6665,HELMET USE
6666,REGION OF INTEREST IMAGE
6667,AUGMENTED REALITY ENVIRONMENT
6668,REAL ENTITIES
6669,SOFT TISSUE
6670,INTERESTS OF PATIENTS
6671,REFERENCE TRACKING
6672,VISUAL BACKGROUND
6673,SMOOTH CONTOUR
6674,SCENE DATA
6675,LIVE TRACKING
6676,REGIONAL VOLUME
6677,VOLUME CLIPPING
6678,RHYTHM
6679,HYPERSPECTRAL IMAGING
6680,LAND COVER CLASSES
6681,VAST AMOUNT OF INFORMATION
6682,BIPARTITE MATCHING
6683,CONDITIONS IN ORDER
6684,GRADUAL TRANSITION
6685,INDIAN PINES
6686,PAVIA UNIVERSITY
6687,MAXIMUM MATCHING
6688,SUPERVISED CLASSIFICATION METHOD
6689,DISCRETE FUNCTION
6690,SPECTRAL RHYTHMS
6691,VISUAL RHYTHMS
6692,PARALLEL DATAFLOW
6693,DATA TRANSFER
6694,PARALLEL SYSTEM
6695,MULTIPLE PATHS
6696,OUTPUT PORTS
6697,TRACE ANALYSIS
6698,VIEW DATA
6699,UNDESIRABLE BEHAVIORS
6700,TRACE DATA
6701,CONNECTION MODE
6702,LIST OF OBJECTS
6703,WORD LINE
6704,PARALLEL COMPUTING
6705,ACTIVE USERS
6706,VERY HIGH RESOLUTION
6707,PIXEL-BASED CLASSIFICATION
6708,DATA REDUCTION
6709,QUERY FUNCTION
6710,ENTIRE SAMPLE SET
6711,SUPERPIXEL REPRESENTATION
6712,DATASET REDUCTION
6713,FUZZY LOGIC
6714,PRAGMATICS
6715,MEASURES OF COMPETENCE
6716,DYNAMIC SELECTION
6717,LEARNING COMPETENCIES
6718,FUZZY INFERENCE METHOD
6719,DYNAMIC CLASSIFIER SELECTION
6720,STEP OF PROCEDURE
6721,LEARNING PROCEDURE
6722,FUZZY SYSTEM
6723,INFERENCE SYSTEM
6724,FUZZY METHOD
6725,VALID POINT
6726,ANTECEDENT VARIABLES
6727,TRIANGULAR FUZZY NUMBERS
6728,CONSTRUCTION OF FUNCTION
6729,HETEROGENEOUS ENSEMBLE
6730,MULTICLASSIFIER
6731,COMPETENCE MEASURE
6732,BACKGROUND SET
6733,TARGET VALUE
6734,EXPERIMENTAL ACCURACY
6735,SUBJECTS IN DATASET
6736,APPROACH GOALS
6737,CHEBYSHEV'S INEQUALITY
6738,DIFFERENT NUMBERS OF TOPICS
6739,MAXIMUM MARGIN
6740,DISJOINT SETS
6741,WATCH-LIST
6742,CRYPTOGRAPHY
6743,TYPES OF ATTACKS
6744,DIGITAL VIDEO
6745,LINE IN FIG
6746,COPY AND PASTE
6747,EMBEDDING PROCESS
6748,POSITION IN FRAME
6749,FORMAT CONVERSION
6750,BOOLEAN MATRIX
6751,JPEG COMPRESSION
6752,QUANTIZATION INDEX MODULATION
6753,VIDEO TAMPERING DETECTION
6754,PARALLEL PROCESSING
6755,VIDEO SUPER-RESOLUTION
6756,AMOUNT OF PROCESSING
6757,VIDEO RESOLUTION
6758,CLASSICAL METHODS
6759,COMPLEX REGION
6760,SMALL BLOCKS
6761,SIMPLE STEPS
6762,FRAME REGION
6763,FLAMINGO
6764,TOPOLOGICAL CHANGES
6765,GRAIN SIZE
6766,MEMORY REPRESENTATIONS
6767,SEQUENTIAL ALGORITHM
6768,DISCRETE APPROXIMATION
6769,GRAPH ALGORITHMS
6770,CRITICAL SECTION
6771,COMPLIANCE VALUES
6772,PARALLEL THREADS
6773,VOXEL GRID
6774,ROOM FOR OPTIMIZATION
6775,TOTAL EXECUTION TIME
6776,GPGPU
6777,PHYSICS BASED SIMULATION
6778,SEMANTIC SIMILARITY
6779,VISION APPLICATIONS
6780,PENALTY FUNCTION
6781,DYNAMIC UPDATE
6782,OVERLAP REMOVAL
6783,FAST FEATURE
6784,PRE-SPECIFIED CRITERIA
6785,ROBOT LOCALIZATION
6786,DEPTH MEASUREMENTS
6787,AS-NEEDED BASIS
6788,POINT TRACKING
6789,CORE CONTRIBUTION
6790,SPRINGS
6791,MESH DENSITY
6792,MESH REFINEMENT
6793,FEWER ELEMENTS
6794,FOCUS OF MUCH RESEARCH
6795,REGIONS OF CURVATURE
6796,FUNCTION OF TIME
6797,YOUNG'S MODULUS
6798,NORMAL VECTOR
6799,SIMULATION STEP
6800,COARSE MESH
6801,REGULAR MESH
6802,CONSTANT STIFFNESS
6803,ELASTIC CONSTANTS
6804,SPRING LENGTH
6805,PHYSICS SIMULATION
6806,SPRING-MASS-DAMPER SYSTEM
6807,EDUCATIONAL INSTITUTIONS
6808,MULTIMODAL TASKS
6809,RESULTS OF TASK
6810,RELEVANT IMAGES
6811,RELEVANCE FEEDBACK
6812,RECOMMENDATION
6813,ORGANIZATIONS
6814,READING PROCESS
6815,PROCESSING IN CHILDREN
6816,SAMPLE GROUPS
6817,CHILDREN IN GROUP
6818,COGNITIVE TASKS
6819,LEARNING DISABILITIES
6820,READING DIFFICULTIES
6821,LEARNING TO READ
6822,EXECUTIVE FUNCTION
6823,FACTOR 2
6824,WORKING MEMORY
6825,WORD MEANING
6826,C=O GROUPS
6827,WORD READING
6828,READING TASK
6829,MULTIVARIATE STATISTICAL TECHNIQUES
6830,DYSLEXIA
6831,MULTIVARIATE TECHNIQUES
6832,MULTIVARIATE ANALYSIS
6833,ELECTROENCEPHALOGRAM
6834,SEPARATE DATA
6835,SIGMOID KERNEL
6836,POLYNOMIAL POWERS OF SIGMOID
6837,PPS-RADIAL
6838,BIOLOGICAL TISSUES
6839,TEMPLATE MESH
6840,TEMPLATE DEFORMATION
6841,FORENSIC FACIAL RECONSTRUCTION
6842,BODY MASS INDEX
6843,BIASED RESULTS
6844,CORONAL PLANE
6845,EYEBALL
6846,MANUAL METHOD
6847,TEMPLATE MODEL
6848,TISSUE DEPTH
6849,SKULL SHAPE
6850,AUTOMATIC RECONSTRUCTION
6851,ANATOMICAL LIMITATIONS
6852,FRANKFURT PLANE
6853,SERIES OF RULES
6854,HRBF
6855,DETAIL TRANSFER
6856,HUMAN IDENTIFICATION
6857,FORENSIC ANTHROPOLOGY
6858,DIFFRACTION
6859,PORTABLE PLATFORM
6860,IN-LINE HOLOGRAPHY
6861,BIOLOGICAL SAMPLES
6862,NUMERICAL APERTURE
6863,BRIGHT-FIELD IMAGES
6864,MORPHOLOGICAL DETAILS
6865,BIOLOGICAL IMAGING
6866,IMAGING PLATFORM
6867,SPERM SAMPLES
6868,HOLOGRAM
6869,COHERENT LIGHT SOURCE
6870,LED ARRAY
6871,NOISE SUPPRESSION
6872,SENSOR SURFACE
6873,IMPULSE RESPONSE FUNCTIONS
6874,HEAD AND TAIL
6875,COMPUTER IMAGE
6876,HEIGHT POSITION
6877,BIOLOGICAL ON-CHIP IMAGING
6878,LENS-LESS SHADOW IMAGING
6879,ERBIUM
6880,LOW-RANK DECOMPOSITION
6881,ORGANIC SURFACE
6882,IMAGE ANALYSIS ALGORITHMS
6883,PRECISE SEGMENTATION
6884,INVASIVE DIAGNOSTIC PROCEDURES
6885,PROXIMAL ALGORITHM
6886,PROXIMAL GRADIENT
6887,INVASIVE MEDICAL PROCEDURES
6888,COLONOSCOPY
6889,ENDOSCOPIC PROCEDURES
6890,PARTIAL DECOMPOSITION
6891,GASTROINTESTINAL TRACT ORGANS
6892,SPECULAR REFLECTIONS SEGMENTATION
6893,IMAGE POCESSING
6894,DISCRETE IMAGE
6895,DOMAIN-SPECIFIC KNOWLEDGE
6896,CONVENTIONAL RECONSTRUCTION
6897,X-RAY SOURCE
6898,OBJECT SHAPE
6899,ANGULAR RANGE
6900,BOUNDARY PIXELS
6901,DISCRETE TOMOGRAPHY
6902,AUTOMATIC RECOGNITION
6903,FILTER WEIGHTS
6904,STEPS 1
6905,BACKGROUND NORMALIZATION
6906,RANDOM FILTERS
6907,ZINC
6908,FUZZY CONNECTEDNESS
6909,RELATIVE CONTRAST
6910,OPTIMUM SOLUTION
6911,ACCURACY CURVE
6912,GRAPH-CUT SEGMENTATION
6913,GRAPH SEARCH ALGORITHMS
6914,SIDESTREAM DARK FIELD IMAGING
6915,MICROCIRCULATION IN SEPSIS
6916,GRAPH METRICS
6917,RESPONSE IN SEPSIS
6918,MICROCIRCULATORY DYSFUNCTION
6919,VESSEL DIAMETER
6920,TISSUE DEGENERATION
6921,BIFURCATION POINT
6922,DEVELOPMENT OF SEPSIS
6923,CHANGES IN MICROCIRCULATION
6924,SCREENING APPROACH
6925,ROBUST SCREENING
6926,MELANOMA SCREENING
6927,RESULT OF FACTORS
6928,POPULAR TECHNIQUE
6929,DESIGN IN ORDER
6930,POOLING APPROACH
6931,DERMOSCOPIC IMAGES
6932,AACHEN UNIVERSITY
6933,LESION BORDER
6934,SPATIAL MATCHING
6935,CLOTHING
6936,SOCIAL NETWORK SERVICES
6937,SOCIAL NETWORKS
6938,POPULAR ALGORITHMS
6939,AUTOMATIC ANNOTATION
6940,ASSOCIATION RULES
6941,RULES IN ORDER
6942,ANNOTATION TASK
6943,CUT-POINTS
6944,PROBABILITY SPACE
6945,VISUAL ELEMENTS
6946,PROBABILITY OF MEMBERSHIP
6947,PROPORTION OF PIXELS
6948,DYNAMIC SCENES
6949,SET OF GEOMETRIES
6950,ENTIRE MODEL
6951,ISOMETRY
6952,OPTIMAL MATRIX
6953,ENTIRE 3D
6954,LEAST-SQUARES MINIMIZATION
6955,CADCAM
6956,FLOW BEHAVIOR
6957,NOTABLE GAP
6958,LINE INTEGRAL
6959,TIME CONSTANT
6960,NUMBER OF STEPS
6961,PHYSICAL SPACE
6962,STEP LENGTH
6963,IMAGE SPACE
6964,INTEGRATION STEP
6965,TANGENT VECTOR
6966,FLOW DIVERGENCE
6967,ARRAY OUTPUT
6968,INTERNAL FLOW
6969,SIZE OF SPACE
6970,SURFACE INTEGRITY
6971,CROSS-PRODUCT
6972,STREAMSURFACES
6973,IMAGE-BASED RENDERING
6974,HAND AREA
6975,SUPPORT VECTOR MA-CHINE (SVM)
6976,BAG-OF-VISUAL-WORDS
6977,LEVENBERG-MARQUARDT ALGORITHM
6978,FIXED-LENGTH VECTOR
6979,MATCHING DISTANCE
6980,RAW INTENSITY
6981,LEAST SQUARES PROBLEM
6982,FEATURE VECTOR OF LENGTH
6983,GRAY-LEVEL IMAGES
6984,SWISS ROLL
6985,IMAGE DISTANCE MEASUREMENT
6986,SPATIAL PYRAMID MATCHING
6987,LEARNING SYSTEMS
6988,DIVERSITY RECEPTION
6989,DIVERSITY MEASURES
6990,CORRELATION MEASURES
6991,SPECTRAL PATTERNS
6992,PAIR OF CLASSES
6993,RECOGNITION REGION
6994,FUSION FRAMEWORK
6995,RATE MEASUREMENTS
6996,HIGHEST COEFFICIENT
6997,CORRELATION SCORE
6998,LOWEST CORRELATION
6999,SET OF CLASSIFIERS
7000,SELECTION FRAMEWORK
7001,ISOLATION MEASURES
7002,INTERESTING ONES
7003,SIMILAR OPINIONS
7004,MULTIPLE CLASSIFIER SYSTEM
7005,ENSEMBLE OF CLASSIFIERS
7006,UNSUPERVISED NEURAL NETWORK
7007,INPUT DATA POINTS
7008,LOT OF MEMORY
7009,REGULARIZATION TECHNIQUES
7010,INPUT PATTERNS
7011,REGULAR GRAPHS
7012,REGULAR STEPS
7013,FUNCTIONAL GRAPH
7014,TRADITIONAL GRAPH
7015,HARMONIC FUNCTIONS
7016,ENVIRONMENTAL GOALS
7017,VELOCITY OF AGENT
7018,FLOW VELOCITY
7019,CHANGES IN GROUP
7020,CONTRIBUTIONS OF THIS WORK
7021,USE IN THE FIELD
7022,RELEVANT WORK
7023,GROUP OF AGENTS
7024,LOCAL BEHAVIOR
7025,EMERGENT BEHAVIOR
7026,BEHAVIOR OF AGENTS
7027,TRIGGERED ACTIVITY
7028,ART GALLERY
7029,STATIC OBSTACLES
7030,USE OF GROUPS
7031,POTENTIAL FIELDS
7032,RECIPROCAL VELOCITY OBSTACLES
7033,LATTICES
7034,MESH DEFORMATION
7035,GEOMETRIC ALGEBRA
7036,SURFACE MODEL
7037,MESH REPRESENTATION
7038,LEAST SQUARES REGRESSION
7039,LARGEST EIGENVALUE
7040,LINEAR ALGEBRA
7041,NULL VECTOR
7042,GEOMETRIC INTERPRETATION
7043,OUTER PRODUCT
7044,MATRIX ALGEBRA
7045,LEAST-SQUARES SENSE
7046,EUCLIDEAN VECTOR
7047,MULTIVECTOR
7048,PARTITION OF UNITY
7049,I.3.5.D COMPUTER GRAPHICS
7050,GEOMETRIC ALGORITHMS
7051,AND SYSTEMS
7052,MULTIPHASE FLOW
7053,BEHAVIOR OF FILMS
7054,VOLUME ERROR
7055,FILM THICKNESS
7056,SURFACE TENSION
7057,AIR BUBBLES
7058,ADJACENT CELLS
7059,VOLUME LOSS
7060,REGION OF ORIGIN
7061,HEAVISIDE FUNCTION
7062,PHASE VOLUME
7063,INCIDENCE MATRIX
7064,FLUID INTERFACE
7065,SEED FILLING
7066,PRESENCE OF FILM
7067,CENTRAL FACE
7068,ERROR COMPENSATION
7069,MULTIPHASE SIMULATION
7070,VOLUME CONTROL
7071,LEXICOGRAPHIC
7072,SPATIAL GRID
7073,SYSTEM A
7074,SIMULATED PARTICLE
7075,SORTING STRATEGY
7076,CLEAR WINNER
7077,LINEARIZABLE
7078,REFERENCE ALGORITHM
7079,ROUGH SEA
7080,INPUT ARRAY
7081,SPLITTING STRATEGY
7082,PARTICLE BASED PHYSICS
7083,BEHAVIOR CHANGE
7084,LONG-TERM CHANGES
7085,UNUSUAL BEHAVIOR
7086,GLOBAL MOTION
7087,SPEED INFORMATION
7088,SHORT-TERM CHANGES
7089,GROUND TRUTH VALUES
7090,REPRESENTATIVE TRAJECTORIES
7091,FAST WALKING
7092,BAND-PASS FILTERS
7093,MOTION DESCRIPTORS
7094,FREQUENCY RESPONSE
7095,GLOBAL APPROACH
7096,FILTER DESIGN
7097,MULTIPLE FILTERS
7098,DESCRIPTION OF MOTION
7099,HISTOGRAM OF GRADIENTS
7100,ORTHOGONAL DIRECTIONS
7101,CORRELATION FILTER
7102,APPLICATION OF FILTER
7103,SINGLE FILTER
7104,DAUBECHIES WAVELET
7105,MULTIFILTER ANALYSIS
7106,ORIENTATION TENSOR
7107,VIDEO TRACKING
7108,REAL-TIME TRACKING
7109,HIGH-DEFINITION VIDEO
7110,SEGMENTED FRAMES
7111,REAL-TIME VIDEO
7112,LIGHT CHANGES
7113,SEARCH AREA
7114,HD VIDEOS
7115,TYPICAL MARKERS
7116,LOCAL MAXIMA
7117,AUTOCORRELATION FUNCTION
7118,CONSTANT FUNCTION
7119,SOLID COMPONENT
7120,DIMENSIONAL FEATURE VECTOR
7121,ROAD MARKINGS
7122,RECTANGULAR PATCH
7123,VIDEO CLIPS
7124,TRAFFIC ACCIDENTS
7125,LANE DETECTION
7126,DRIVER ASSISTANCE SYSTEM
7127,TAG CLOUDS
7128,ENGINES
7129,ATTRACTIVE FORCES
7130,NEIGHBORHOOD STRUCTURE
7131,LEVEL OF EXPLANATION
7132,RELEVANT KEYWORDS
7133,NUMBER OF DISKS
7134,LARGE DISC
7135,HIERARCHICAL TECHNIQUE
7136,RIGID-BODY SIMULATION
7137,WORD CLOUDS
7138,BIOMEDICAL MONITORING
7139,RUNNING RACE
7140,EXERCISE PHYSIOLOGY
7141,VISUAL DESIGN
7142,LOW FITNESS LEVELS
7143,PUBLIC DATA
7144,LOW SPEED
7145,PHYSICAL FITNESS
7146,MONITORING DEVICES
7147,HIGH EFFORT
7148,MARATHON
7149,LEVEL OF EFFORT
7150,LINE GRAPH
7151,PART OF COURSE
7152,RUN NUMBER
7153,RUNNING EVENTS
7154,RACE DISTANCE
7155,RACES
7156,TIME-VARYING DATA
7157,GLOBAL DATA
7158,OBJECTIVE DATA
7159,TOTAL PRESSURE
7160,GLOBAL BEHAVIOR
7161,LAW OF COSINES
7162,TEMPORAL DOMAIN
7163,CENTRIFUGAL PUMP
7164,USER SELECTION
7165,TEMPORAL POINT
7166,MANGANESE
7167,COMPONENTS OF TENSOR
7168,RANKING METHOD
7169,COVARIANCE STRUCTURE
7170,ORDER TENSOR
7171,ROBUST RECONSTRUCTION
7172,HIGHER-ORDER TENSORS
7173,DECREASE IN THE AMOUNT
7174,TENSOR PRODUCT
7175,TENSOR REPRESENTATION
7176,EXPONENTIAL DECREASE
7177,KRONECKER PRODUCT
7178,GENDER CHARACTERISTICS
7179,TENSOR SUBSPACE LEARNING
7180,CSA
7181,EXPERIMENTAL ANALYSIS
7182,FINAL LEVEL
7183,SPACE COST
7184,MEAN DURATION
7185,GREATER THAN OR EQUAL
7186,CAUSAL PRINCIPLE
7187,GRAPH CREATION
7188,RGB SPACE
7189,EDGE-WEIGHTED GRAPH
7190,TEMPORAL SCALES
7191,SYMMETRIC MATRIX
7192,NEW COMBINATIONS
7193,ANISOTROPIC TENSOR
7194,MOTION DESCRIPTION
7195,NIOBIUM
7196,ACTUAL DATASET
7197,MULTIPLE LABELS
7198,SCENE DATASET
7199,VIDEO SIGNAL CLASSIFICATION
7200,VISUAL PATTERNS
7201,CORNER OF THE IMAGE
7202,REPRESENTATIONAL SIMILARITY
7203,NEIGHBOR DISTANCE
7204,EXTRACT RESIDUE
7205,RESIDUE POSITIONS
7206,TREE NODES
7207,IDENTITY OPERATOR
7208,COARSE SCALE
7209,NEGATIVE RESIDUALS
7210,TREE PRUNING
7211,IMAGE DECOMPOSITION
7212,RESIDUAL MORPHOLOGICAL OPERATOR
7213,ULTIMATE ATTRIBUTE OPENING
7214,ULTIMATE ATTRIBUTE CLOSING
7215,ULTIMATE ATTRIBUTE LEVELING
7216,LOGISTICS
7217,PALMPRINT RECOGNITION
7218,LOGISTIC REGRESSION
7219,SMALL AREA
7220,MATCHING STRATEGY
7221,LOW ACCURACY
7222,TEST DATABASE
7223,HIGH RESOLUTION PALMPRINTS
7224,REGIONAL FUSION
7225,PAIRWISE MATCHING
7226,SPECTRAL COMPONENTS
7227,DYNAMIC COMPRESSION
7228,RANDOM PROJECTION
7229,SPEEDUP ROBUST FEATURES
7230,LABELED FACES IN THE WILD
7231,UNSUPERVISED PROTOCOL
7232,INHOMOGENEITY CORRECTION
7233,BIAS FIELD
7234,EFFECT OF INHOMOGENEITY
7235,DEFAULT PARAMETERS
7236,CURRENT IMAGE
7237,MORPHOLOGICAL DILATION
7238,INHOMOGENEITY/BIAS CORRECTION
7239,SIGNAL TO NOISE RATIO
7240,FLUOROSCOPY
7241,SPATIAL FILTER
7242,AMOUNT OF MOVEMENT
7243,QUANTIZATION NOISE
7244,STATIC BACKGROUND
7245,GRAY INTENSITY
7246,VALUE OF IMAGE
7247,OBJECT LOCATION
7248,DETECTION VOLUME
7249,MAIN VEIN
7250,DIGITAL IMAGING
7251,PHANTOMS
7252,LOCAL MEAN
7253,DATA ACQUISITION PROCESS
7254,LEVEL OF INFORMATION
7255,LOCAL METHOD
7256,CONVEX SET
7257,CENTRAL LIMIT THEOREM
7258,CONTEXTUAL APPROACH
7259,AUTOCORRELATION MATRIX
7260,NOISE CONTRAST
7261,HOMOGENEOUS AREAS
7262,NON LOCAL MEANS APPROACH
7263,COMMUNITIES
7264,LARGE IMAGE
7265,SEGMENTATION APPROACH
7266,COMMUNITY IDENTITY
7267,COMPLEX NETWORK THEORY
7268,CHANGES IN PARAMETERS
7269,COMMUNITY DETECTION
7270,MAJOR LABELS
7271,FAST ALGORITHM
7272,CONVEX CONSTRAINTS
7273,GRAPH GENERATION
7274,COLOR PATTERN
7275,COLOR PROCESSING
7276,INTUITIVE MANNER
7277,IMAGE COLORIZATION
7278,HIGH DIMENSIONAL DATA
7279,EXTRACTION TIME
7280,DECOMPOSITION ALGORITHM
7281,SEQUENTIAL MINIMAL OPTIMIZATION
7282,SQUARE OF SIZE
7283,FRACTAL ANALYSIS
7284,INTENSITY INFORMATION
7285,MULTIPLE MAPPING
7286,MATCHING QUALITY
7287,MULTIPLE DEPTHS
7288,BOOLEAN OPERATORS
7289,BINARY STRING
7290,HAMMING DISTANCE
7291,MATCHING TASK
7292,RGB-D IMAGES
7293,APPEARANCE INFORMATION
7294,VIEW OF THE SCENE
7295,RGB-D CAMERA
7296,THREE-DIMENSIONAL MAPPING
7297,FINITE FIELD
7298,MATRIX INEQUALITIES
7299,SECRET KEY
7300,PIXEL DIMENSIONS
7301,COMPLETE SCHEME
7302,HISTOGRAM UNIFORMIZATION
7303,TILES
7304,QUADRATIC FORMULATION
7305,JIGSAW PUZZLE
7306,COEFFICIENT MATRIX
7307,FEASIBLE SET
7308,COMBINATORIAL PROBLEM
7309,NONZERO ENTRIES
7310,GREEDY APPROACH
7311,HOMOGENEOUS FUNCTION
7312,GRADIENT ASCENT
7313,NEIGHBORING LOCATIONS
7314,GB OF RAM MEMORY
7315,GLOBAL MATCHING
7316,CONTINUOUS OPTIMIZATION PROBLEMS
7317,GRADIENT PROJECTION
7318,IMAGE PUZZLE
7319,SOURCE CAMERA
7320,COURT OF LAW
7321,SOURCE ATTRIBUTION
7322,SPECIFIC SOURCES
7323,POSITIVE CLASS
7324,CLOSED SET
7325,DARK CURRENT
7326,LINEAR CASE
7327,RESIDUAL NOISE
7328,SECRET MESSAGE
7329,STRUCTURAL RISK MINIMIZATION
7330,NOISE PATTERNS
7331,NONLINEAR CASE
7332,NATIVE RESOLUTION
7333,MAXIMUM SEPARATION
7334,CAMERA ATTRIBUTION
7335,SENSOR FINGERPRINTING
7336,RESIDUAL ANALYSIS
7337,SPECTRAL RESIDUALS
7338,REAL-LIFE APPLICATIONS
7339,PERFORMANCE IN MOST CASES
7340,LABELME
7341,CONSTANT VALUE
7342,THRESHOLD SELECTION
7343,NEGLIGIBLE LOSS
7344,MULTI-SCALE STRUCTURE
7345,SCENE PROPERTIES
7346,MULTI-SCALE SPECTRAL RESIDUE
7347,WEIGHT MATRIX
7348,UNIFORM DENSITY
7349,TRIANGULAR MEMBERSHIP FUNCTIONS
7350,GRAY-LEVEL DISTRIBUTION
7351,MICRO-PATTERN ANALYSIS
7352,PIECEWISE LINEAR APPROXIMATION
7353,AFFINE ARITHMETIC
7354,THIN STRIP
7355,INTERVAL METHOD
7356,PLANE CURVE
7357,ESTIMATION METHOD
7358,PARALLEL LINES
7359,INTERVAL ESTIMATES
7360,REAL CURVE
7361,RECTANGULAR CELL
7362,REFINEMENT STRATEGY
7363,TRIANGULAR GRID
7364,IMPLICIT CURVES
7365,POLYGONAL APPROXIMATION
7366,DOMAIN BOUNDARIES
7367,MODEL INPUT
7368,SMALL ANGLE
7369,DIHEDRAL ANGLE
7370,SCHEDULING ALGORITHM
7371,FACE MODEL
7372,ARBITRARY PRECISION
7373,PEELING OFF
7374,EDGE REMOVAL
7375,SCHEDULING MECHANISM
7376,SEDIMENTARY BASINS
7377,LIST OF INDICES
7378,POLYHEDRAL
7379,MESH NETWORK
7380,FINE MESH
7381,3D TRIANGULATIONS
7382,MESH OPTIMIZATION
7383,MULTI-REGION TRIANGULATIONS
7384,CATALOGS
7385,LOCAL CHANGES
7386,TIME COST
7387,CHANGES IN CONNECTIVITY
7388,STORAGE COST
7389,MAIN NOVELTY
7390,REFERENCE NUMBER
7391,SET OF OPERATIONS
7392,LOCAL MODULE
7393,PATCH TYPE
7394,UPDATE OPERATION
7395,DISTINCT PATCHES
7396,GRAPH OPERATIONS
7397,VERTEX DEGREE
7398,DUAL GRAPH
7399,WORST-CASE TIME
7400,TRIANGLE MESHES
7401,MESH DATA STRUCTURES
7402,NUMERICAL SIMULATION
7403,DOMAIN OF INTEREST
7404,WEIGHT ASSIGNMENT
7405,GEOMETRIC CONSTRUCTION
7406,DOMAIN DECOMPOSITION
7407,TRIANGULAR FACE
7408,LOCALLY CONVEX
7409,ARBITRARY TOPOLOGY
7410,POWER DIAGRAM
7411,WEIGHTED DELAUNAY
7412,ESTIMATION ALGORITHM
7413,IMPLEMENTATION OF ALGORITHM
7414,PARTIAL RECONSTRUCTION
7415,MILLIONS OF POINTS
7416,EXACT ALGORITHM
7417,DENSE CLOUD
7418,VISUAL POINT
7419,ANGULAR INTERVAL
7420,POINT CLOUD VISIBILITY
7421,POINT BASED RENDERING
7422,BUFFER STORAGE
7423,TRANSPARENT LAYER
7424,MEMORY ALLOCATION
7425,POWER PLANTS
7426,AMOUNT OF MEMORY
7427,BUFFER SIZE
7428,DYNAMIC ALLOCATION
7429,FRAGMENT COUNTS
7430,ORDER-INDEPENDENT TRANSPARENCY
7431,OCTREES
7432,AMOUNT OF LIGHT
7433,NUMBER OF CONES
7434,OBJECTIVE SPACE
7435,SPHERICAL VOLUME
7436,SAMPLE COORDINATES
7437,SPHERICAL CAP
7438,USE OF GRID
7439,CONE TRACING
7440,ROCK TYPES
7441,STRAIGHT LINE
7442,EXTRUSION
7443,BOUNDARY LAYER
7444,TOP SURFACE
7445,STRATIGRAPHIC
7446,FAULT ZONE
7447,NORMAL FAULTS
7448,GEOLOGICAL STRUCTURES
7449,DISPLACEMENT IN DIRECTION
7450,TEXT BOOKS
7451,FOOTWALL
7452,GEOLOGICAL SECTIONS
7453,FAULT TRACE
7454,SKETCH-BASED TECHNIQUE
7455,LAYER-CAKE MODEL
7456,STRATIGRAPHY
7457,FAMILY FUNCTIONING
7458,FINITE-DIMENSIONAL
7459,DIRECTION OF CURVATURE
7460,THREE-DIMENSIONAL CASE
7461,ISOMORPHISM
7462,TOPOGRAPHIC MAPS
7463,RIEMANNIAN MANIFOLD
7464,INVARIANCE PROPERTY
7465,NUISANCE FACTORS
7466,DEVELOPABLE SURFACE
7467,MULTIPLE FRAGMENTS
7468,SEARCH REGION
7469,SIZE OF REGION
7470,STATISTICAL FEATURES
7471,DISPLACEMENT VECTOR
7472,SIMILAR APPEARANCE
7473,KINDS OF FEATURES
7474,TRACKING PROBLEM
7475,FOOTPOINTS
7476,HEAD POINTS
7477,TOTAL OCCLUSION
7478,TRACKING RESULTS
7479,PATCH-BASED TRACKING
7480,WVMF
7481,INDOOR SOCCER
7482,BIDIRECTIONAL FUNCTION
7483,MULTIMODAL FUNCTIONS
7484,SEQUENCE OF FRAMES
7485,DYNAMIC MOTION
7486,SUCCESSIONAL TRAJECTORIES
7487,LASER APPLICATIONS
7488,TABLET COMPUTER
7489,TIME OF BIRTH
7490,FUZZY ALGORITHM
7491,ARM PROCESSOR
7492,LINK STRENGTH
7493,MEMBERSHIP GRADES
7494,SEED SELECTION
7495,SIDEWALK PAVEMENT
7496,IRREGULAR SHAPE
7497,RANDOM ORIENTATION
7498,WIDE ANGLE
7499,POINTS IN DOMAIN
7500,ARBITRARY ORIENTATION
7501,REGULAR SQUARE
7502,CONSTRUCTION OF DIAGRAMS
7503,MOSAIC
7504,PROCEDURAL MODELING
7505,GAUSSIAN PROCESSES
7506,NONLINEAR MODEL
7507,INPUT COMPONENTS
7508,KINEMATIC STRUCTURE
7509,GAUSSIAN PROCESS
7510,LEVEL OF RESOLUTION
7511,CANONICAL CORRELATION ANALYSIS
7512,NONLINEAR TECHNIQUES
7513,JOINT LIKELIHOOD
7514,EXPONENTIAL MAP
7515,JOINT PARAMETER
7516,DETAILED INPUT
7517,PRODUCT OF LIKELIHOODS
7518,CHARACTER ANIMATIONS
7519,MESH ANIMATIONS
7520,NAVIER-STOKES EQUATIONS
7521,SMOOTH SURFACE
7522,CENTRAL CELL
7523,ARRAY SIZE
7524,ARBITRARY POSITION
7525,GRID POSITION
7526,EXECUTION PATH
7527,INCOMPRESSIBLE EQUATIONS
7528,HORIZONTAL EDGES
7529,THREE-DIMENSIONAL GRID
7530,ADJACENT PATCHES
7531,CATMULL-CLARK SUBDIVISION
7532,DIFFERENTIAL OPERATORS
7533,FLUID SIMULATION
7534,DIFFUSION PROCESSES
7535,FLUID DYNAMICS
7536,ADVECTION
7537,TARGET COMPONENTS
7538,EVOLUTION OF DENSITY
7539,TARGET PART
7540,SMOKE MODELS
7541,DISTANCE TRANFORM
7542,FOURIER SPECTRUM
7543,ELECTRIC CHARGE
7544,CLASSIFICATION TECHNIQUES
7545,PHOTORECEPTOR CELLS
7546,VALIDATION VIDEOS
7547,EYE BLINKS
7548,DISPLAY DEVICES
7549,FACE BIOMETRICS
7550,VIDEO-BASED FACE SPOOFING
7551,DETECTION OF DIABETIC RETINOPATHY
7552,DIABETIC RETINOPATHY SCREENING
7553,MEDICAL SPECIALTIES
7554,AUTOMATED IMAGE ANALYSIS
7555,WORDS IN THE LEXICON
7556,ACQUISITION CONDITIONS
7557,RETINAL REGIONS
7558,FIELD DEFINITION
7559,BLUR DETECTION
7560,VEHICLE DYNAMICS
7561,DYNAMIC CAMERA
7562,PRECISION VALUES
7563,CLEAR DAYS
7564,GROUP APPROACH
7565,RECALL LEVELS
7566,LOCAL SEARCH METHOD
7567,RAINY DAYS
7568,CORRECT DETECTION
7569,MIXTURE OF DEFORMABLE PART MODELS
7570,ERROR PATTERNS
7571,GABOR WAVELET
7572,COMMITTEE MACHINES
7573,GENDER CLASSIFICATION
7574,COMBINATION OF CLASSIFIERS
7575,BOOTSTRAP AGGREGATION
7576,PRODUCE RECOGNITION
7577,BIT ERROR RATE
7578,BAYESIAN ESTIMATION
7579,BRAIN CANCER
7580,POINT DISTANCE
7581,USUAL FORM
7582,MEAN KAPPA
7583,DECISION BOUNDARIES
7584,KEY LEARNING
7585,KEY POSES
7586,JOINT POSITION
7587,MOVEMENT ACCURACY
7588,BODY POSE
7589,KEY CLASSES
7590,TEMPORAL ALIGNMENT
7591,FINITE SEQUENCE
7592,VISUAL PROPERTIES
7593,ASIAN PEOPLE
7594,PRODUCT OF PROBABILITIES
7595,NEGATIVE IMAGES
7596,PEOPLE FACE
7597,FINAL RANKING
7598,CATEGORICAL ATTRIBUTES
7599,FACIAL ATTRIBUTES
7600,COMPLEX QUERIES
7601,FACE SEARCH
7602,RANK FUSION
7603,CONTRASTING PATTERNS
7604,TEXTURE SYNTHESIS
7605,NEURAL MODEL
7606,NEURAL CREST
7607,GIRAFFE
7608,BIG CATS
7609,CELL MIGRATION
7610,MELANIN
7611,MELANOCYTES
7612,EMBRYONIC STAGES
7613,DIRECT SYNTHESIS
7614,GESTATIONAL DAY
7615,WHITE AREAS
7616,INITIAL NUMBER OF CELLS
7617,EXAMPLES OF PATTERNS
7618,CATTLE BREEDS
7619,DIRECTIONAL ANISOTROPY
7620,RELAXATION PROCESS
7621,PROCEDURAL MODELS
7622,ANIMAL COAT COLOR
7623,BARIUM
7624,RANDOM WALK
7625,BINARY DATA
7626,LEARNING SETTINGS
7627,COMPLETE DARKNESS
7628,DNA DATASETS
7629,POLYNOMIAL COEFFICIENTS
7630,MOTION FRAMES
7631,TYPE OF ACTION
7632,POLYNOMIAL OF DEGREE
7633,DIFFERENT TYPES OF ACTIVITIES
7634,ORTHOGONAL BASIS
7635,BASIS OF DEGREE
7636,MOTION MODELING
7637,ECHO CANCELLERS
7638,ADAPTIVE FILTERS
7639,VIDEOCONFERENCING
7640,ECHO CANCELLATION
7641,PEOPLE TALK
7642,ACOUSTIC SYSTEM
7643,RATE EQUATION
7644,SMALL DELAY
7645,ECHO SIGNAL
7646,NORMALIZED CROSS-CORRELATION
7647,DOUBLE TALK DETECTION
7648,VIDEO CONFERENCE
7649,ERROR CONCEALMENT
7650,PACKET LOSS
7651,INTENSITY LEVELS
7652,BITSTREAM
7653,VISUAL HALLUCINATIONS
7654,ORIGINAL FRAME
7655,PICTURE FRAME
7656,H.264
7657,QIM
7658,CANCER DIAGNOSIS
7659,CELL NUCLEI
7660,TISSUE LAYERS
7661,CERVICAL INTRAEPITHELIAL NEOPLASIA
7662,NUCLEI SEGMENTATION
7663,ANALYSIS OF TISSUE
7664,BASAL CELLS
7665,REGION-BASED ANALYSIS
7666,COMBINATION OF METRICS
7667,OCCUPANCY RATE
7668,NEIGHBORHOOD GRAPHS
7669,MEDICAL IMAGE PROCESSING
7670,SINGLE DESCRIPTOR
7671,CLASSIFICATION PHASE
7672,SWARM INTELLIGENCE
7673,NONLINEAR COMBINATION
7674,DESCRIPTOR COMBINATION
7675,CLASSICAL LEARNING ALGORITHMS
7676,LEATHER
7677,RECALL METRICS
7678,ADJACENT SAMPLES
7679,SUPERVISED CLASSIFIERS
7680,OPTIMAL-PATH FOREST
7681,ELECTRONICS PACKAGING
7682,GENDER DIFFERENCES
7683,FACIAL SURFACE
7684,SHAPE CHANGES
7685,SHAPE REPRESENTATION
7686,COMMUTE TIME
7687,GENDER IDENTITY
7688,PARAMETER VECTOR
7689,VARIATION IN DIRECTION
7690,PIXEL LOCATION
7691,STATISTICAL THEORY
7692,SMOOTH MANIFOLD
7693,RAND INDEX
7694,NON-OVERLAPPING BLOCKS
7695,DIFFERENT NUMBERS OF CLUSTERS
7696,INTRINSIC MEANING
7697,FISHER-RAO METRIC
7698,SHAPE-FROM-SHADING
7699,JACOBIAN MATRICES
7700,CULTURAL HERITAGE
7701,LOCAL MINIMA
7702,SEQUENTIAL MANNER
7703,TEXTURE MODEL
7704,TAYLOR SERIES
7705,OUTER CONTOUR
7706,EXAMPLES OF SITUATIONS
7707,3D VIRTUAL REPLICA
7708,TOPOLOGICAL STRUCTURE
7709,LEFT LEG
7710,CLOSED CURVE
7711,NEIGHBORHOOD FUNCTION
7712,OCCLUDED REGIONS
7713,2D DRAWING
7714,REGION-TREE
7715,PREPROCESSING PHASE
7716,SET OF ELEMENTS
7717,INTERSECTION AREA
7718,CONCAVE AREA
7719,CONVEX AREA
7720,EDGE CLASSIFICATION
7721,SURFACE SPLATTING
7722,MORSE THEORY
7723,CRITICAL POINT
7724,STANDARD ALGORITHM
7725,REGULAR STRUCTURE
7726,FIELD GRADIENT
7727,FILTER FUNCTION
7728,HOMOLOGY GROUPS
7729,CRITICAL NODES
7730,TOTAL MEMORY
7731,BOUNDARY MAP
7732,SUBLEVEL SET
7733,NUMBER OF STREAMLINES
7734,PERSISTENT HOMOLOGY
7735,MORSE-SMALE COMPLEX
7736,GOAL POSITION
7737,EQUIVALENT RESULTS
7738,FREE CELLS
7739,MINIMAL SURFACE
7740,MESH OPENING
7741,SMOOTH PATH
7742,LOWER POTENTIAL VALUES
7743,HIGH POTENTIAL VALUE
7744,DIVERGENCE THEOREM
7745,ENVIRONMENTAL POINT
7746,3D PATH-PLANNING
7747,TARGET LOCATION
7748,CELLULAR AUTOMATA
7749,DISCRETE INTERVALS
7750,TRAJECTORIES OF PEOPLE
7751,LATTICE-GAS MODEL
7752,LEGGED LOCOMOTION
7753,HUMAN POSTURE
7754,LEFT ARM
7755,VERTICAL PROJECTION
7756,PARTIAL IDENTIFICATION
7757,ARTIFICIAL NEURAL NETWORK METHOD
7758,LEFT HAND
7759,GOOD CLASSIFICATION
7760,POSTURE DETECTION
7761,CONIC CURVE
7762,NONLINEAR SCHEME
7763,BEZIER CURVE
7764,LOSS OF GENERALITY
7765,NODE POSITIONS
7766,CLASSICAL SCHEME
7767,LINEAR SCHEME
7768,DEGREE OF CURVATURE
7769,STANDARD REPRESENTATION
7770,SUBDIVISION CURVE
7771,TIMING
7772,TERRAIN MODEL
7773,PREVIOUS STROKE
7774,MOUNTAIN
7775,MODELING FRAMEWORK
7776,NATURE OF INTERACTIONS
7777,LANDFORMS
7778,HEIGHT VALUES
7779,DIFFUSION EQUATION
7780,DATAPATH
7781,ITERATIVE SOLVER
7782,3D CURVES
7783,COUPLED COMPUTATION
7784,GPU TESSELLATION
7785,IMPLICIT SURFACE
7786,PART OF SURFACE
7787,LARGE BASE
7788,BISECTION
7789,UNIFORM METHOD
7790,MACHINE PRECISION
7791,DEPTH DIRECTION
7792,LARGE BEAM
7793,MESH AUGMENTATION
7794,MESH STRUCTURE
7795,INTUITIVE INTERFACE
7796,NORMAL DIRECTION
7797,REFINEMENT PROCESS
7798,SIMPLICIAL COMPLEX
7799,SURFACE DISPLACEMENT
7800,ADAPTATION STAGE
7801,ADAPTIVE MESHES
7802,SKETCHING
7803,PIGMENTS
7804,PLANT KINGDOM
7805,MUSHROOM
7806,WATERMELON
7807,COLLECTION OF ELEMENTS
7808,LOT OF PROGRESS
7809,INDIVIDUAL VARIABLES
7810,CHLOROPHYLL
7811,ANTHOCYANIN
7812,PATTERN FORMATION
7813,BETALAINS
7814,VENATION PATTERN
7815,CLONAL PATTERNS
7816,ACCURATE VOLUME
7817,UNSTRUCTURED MESH
7818,HEXAHEDRAL MESH
7819,FIELD VARIABLES
7820,NUMERICAL STABILITY
7821,USE OF INTEGRATION
7822,INTEGRATION SCHEME
7823,MULTILINEAR
7824,GAUSSIAN QUADRATURE
7825,EXIT POINT
7826,SINGLE PRECISION
7827,CONSTANT STEP
7828,INTEGRATION INTERVAL
7829,DOUBLE PRECISION
7830,RAY INTEGRAL
7831,PARAMETER SPACE
7832,LINE DRAWINGS
7833,DIRECT EXTRACTION
7834,VALUE CAPTURE
7835,DIFFUSE LIGHT
7836,BODY SURFACE
7837,PHOTIC EXTREMUM LINES
7838,VISUAL FEEDBACK
7839,OPTICAL PROPERTIES
7840,CONTROL VOLUME
7841,COORDINATE SPACE
7842,SEQUENCE OF POINTS
7843,NOISE THRESHOLD
7844,VISIBLE SURFACE
7845,3D INTERACTIONS
7846,PHYSICAL REALITY
7847,MAGNITUDE OF EVENTS
7848,DECOMPOSITION TECHNIQUE
7849,LINEAR ORDER
7850,MODEL CONSTRAINTS
7851,STATE CONSTRAINTS
7852,BRANCH-AND-BOUND ALGORITHM
7853,INTEGER LATTICE
7854,CARTOGRAPHY
7855,HELICOPTERS
7856,CLASS SPECIFIC METRICS
7857,BAR GRAPHS
7858,PROJECTION METHOD
7859,MATHEMATICAL TERMS
7860,SIMILAR INSTANCES
7861,NEAREST NEIGHBOR GRAPH
7862,MULTIPLE QUERIES
7863,FEATURE SELECTION PROCEDURE
7864,3D FLOW
7865,NORMAL COMPONENT
7866,USE OF FILTERS
7867,TANGENTIAL COMPONENTS
7868,ANIMAL SPEED
7869,VAN WIJK
7870,SET OF WELLS
7871,MAGNITUDE OF VALUES
7872,COLOR SCHEME
7873,UNDERSTANDING OF FLOW
7874,SURFACE LAYER
7875,CASCADING STYLE SHEETS
7876,WAVELET DECOMPOSITION
7877,SIGNAL DECOMPOSITION
7878,SHAPE RECONSTRUCTION
7879,CONTOUR SHAPE
7880,CHANGE CURVE
7881,MOTHER WAVELET
7882,SET OF SHAPES
7883,CONTOUR POINTS
7884,WAVELET SCALE
7885,CHAINCODE
7886,DOMINANT POINT
7887,MEXICAN HAT
7888,INTER-SCALE CORRELATIONS
7889,CORNER DETECTION
7890,CURVATURE SPACE-SCALE (CSS)
7891,ROBUST TRACKING
7892,COMPETITIVE APPROACH
7893,ORIGINAL TEMPLATE
7894,ITERATIVE PROCEDURE
7895,TRACKING ERROR
7896,INTEGRAL REPRESENTATION
7897,MOTION PREDICTION
7898,HISTOGRAM MATCHING
7899,PREDICTION VECTOR
7900,RGB FEATURES
7901,MULTIPLE PATCHES
7902,ITERATION STEP
7903,LOW OVERLAP
7904,COLLECTION OF PHOTOGRAPHS
7905,ITERATIVE OPTIMIZATION
7906,HIGH OVERLAP
7907,LARGE GEOGRAPHICAL AREA
7908,FINAL TREE
7909,GEOMETRIC MEASURES
7910,EXHAUSTIVE METHOD
7911,ICONIC IMAGES
7912,GEOMETRIC CONSISTENCY
7913,TREE EDGES
7914,GPS INFORMATION
7915,SCENE CONTENT
7916,SIFT FEATURES
7917,VIEW OF CONTENT
7918,PHOTO ORGANIZATION
7919,IMAGE CATEGORIES
7920,MODERN BUILDINGS
7921,SIZE PARAMETERS
7922,CREATIVE COMMONS LICENSE
7923,INSTANCE CLASSIFICATION
7924,COMBINING FEATURES
7925,IMAGE MATCHING
7926,SUBSPACE CLUSTERING
7927,KEY PROPERTIES
7928,CLASSIFICATION ERROR
7929,ORIGINAL DATABASE
7930,AMOUNT OF CLUSTERS
7931,DISCOVERY OF CLUSTERS
7932,MASSACHUSETTS INSTITUTE OF TECHNOLOGY
7933,INTRUSION DETECTION
7934,SIMILAR DEFINITION
7935,LEAST SIGNIFICANT BIT
7936,FAST 3D
7937,FAST VIDEO
7938,STRUCTURAL FLEXIBILITY
7939,HIGH MOTION
7940,STRUCTURAL DISSIMILARITY
7941,HORIZONTAL PLANE
7942,HYBRID METHOD
7943,COMPRESSION RATIO
7944,IMAGE ENCODER
7945,3D VIDEO
7946,HIGH DISTORTION
7947,FRACTAL ENCODING
7948,LOW BIT-RATE ENCODER
7949,HIGH DEFINITION
7950,MEMETIC
7951,FOCUS OF THIS WORK
7952,OBJECTIVE QUALITY
7953,SEARCH RANGE
7954,RANDOM STEP
7955,SEARCH POINT
7956,ACTUAL FRAME
7957,DISTORTION MEASUREMENT
7958,BLOCK MATCHING
7959,LOW-DISCREPANCY SEQUENCES
7960,VIDEO APPLICATIONS
7961,MAXIMUM DISPLACEMENT
7962,PREVIOUS POINT
7963,PATTERN SEARCH
7964,AMOUNT OF POINTS
7965,CHECKPOINTING
7966,MATCHING ESTIMATOR
7967,COMPUTER-AIDED DIAGNOSTIC
7968,COMPREHENSIVE EVALUATION
7969,SECOND OPINION
7970,TWO-DIMENSIONAL PRINCIPAL COMPONENT ANALYSIS
7971,BREAST TISSUE
7972,LESION CHARACTERISTICS
7973,ASSESSMENT CATEGORIES
7974,TISSUE CLASSIFICATION
7975,BREAST DENSITY
7976,MALIGNANT MASSES
7977,BENIGN MASSES
7978,CASE-BASED REASONING
7979,LOCALLY LINEAR EMBEDDING
7980,BREAST MASSES
7981,BREAST LESION
7982,ROBUST ALGORITHM
7983,STAND-ALONE METHODOLOGY
7984,EVALUATION OF ALGORITHMS
7985,PEARSON CHI-SQUARE
7986,LINEAR COEFFICIENT
7987,PRESENCE OF OUTLIERS
7988,NUMBER OF HYPOTHESES
7989,METHODOLOGICAL STEPS
7990,FUNDAMENTAL MATRIX
7991,VALID PATH
7992,PIXEL ERROR
7993,HEAVY-TAILED
7994,DENSE RECONSTRUCTION
7995,STATISTICAL TESTS
7996,HYPOTHESIS TESTING
7997,AIRCRAFT
7998,TELEMETRY
7999,FLIGHT TEST
8000,CALIBRATION FLIGHT
8001,TEST POINTS
8002,VIDEO CAMERA
8003,FLIGHT PATH
8004,TEST BED
8005,SUCCESSFUL EXECUTION
8006,REFERENCE PRESSURE
8007,OPTICAL TRACKING SYSTEM
8008,COMPUTER APPLICATION
8009,COMBINATORIAL LAPLACIAN
8010,CHOLESKY DECOMPOSITION
8011,DYNAMIC DEFORMATION
8012,INTENSITY FUNCTION
8013,IMAGE-BASED TECHNIQUES
8014,LAPLACIAN SYSTEM
8015,IMESH
8016,SPATIOTEMPORAL RESOLUTION
8017,VOCAL SEQUENCES
8018,SEQUENCE RESOLUTION
8019,SUBSET OF OBSERVATIONS
8020,HIGH PIXEL
8021,SIMULATED SEQUENCES
8022,MINIMUM MEAN SQUARE ERROR
8023,MESH POINTS
8024,ADJACENT IMAGES
8025,NORMALIZED MEAN SQUARE ERROR
8026,SPATIO-TEMPORAL RESOLUTION ENHANCEMENT
8027,STOCHASTIC MODEL
8028,INVERSION ALGORITHM
8029,REAL-TIME PERFORMANCE
8030,INTERVAL VALUES
8031,TARGET APPLICATION
8032,HIGH LEVEL OF DETAIL
8033,DISPERSED-DOT ORDERED DITHERING
8034,STRONTIUM
8035,CORRECTION METHOD
8036,ILL-CONDITIONED PROBLEM
8037,MEAN SD
8038,STANDARD DEVIATION SD
8039,RING ARTIFACT
8040,RESTORATION PROBLEM
8041,ITERATIVE BACK-PROJECTION
8042,SPECTRAL SEGMENTATION
8043,CARTOON-TEXTURE DECOMPOSITION
8044,FOURIER ANALYSIS
8045,TEXTURE COMPONENTS
8046,EXPONENTIAL FUNCTION
8047,SYSTEM OF DIFFERENTIAL EQUATIONS
8048,SPECTRAL DECOMPOSITION
8049,GRAPH SIZE
8050,SPECTRAL CUT
8051,SIMILARITY GRAPH
8052,CORPUS CALLOSUM
8053,MID-SAGITTAL SECTIONS
8054,FRACTIONAL ANISOTROPY
8055,MAGNETIC TENSOR
8056,ANISOTROPY MAPS
8057,CROSS-SECTIONAL AREA
8058,FIBER BUNDLES
8059,CLASSIFICATION THRESHOLD
8060,REGION CLASSIFICATION
8061,EXTERNAL GRADIENT
8062,3D SEGMENTATION
8063,SPLENIUM
8064,VOLUMETRIC SEGMENTATION
8065,MAGNETIC RESONANCE IMAGE
8066,RAPID DETECTION
8067,DETECTION FRAMEWORK
8068,FALSE ALARM
8069,BINARY THRESHOLD
8070,ALIGNMENT PATTERNS
8071,HIGH HIT RATE
8072,NUMBER OF SPLITS
8073,HAAR WAVELET
8074,STAGE OF THE CASCADE
8075,2D BARCODE
8076,HAAR-LIKE FEATURES
8077,CASCADE CLASSIFIER
8078,FREQUENCY CONTROL
8079,GENERAL FORM
8080,GENERAL REPRESENTATION
8081,UNEXPLORED REGIONS
8082,HARD SEGMENTS
8083,IMAGE PROCESSING OPERATIONS
8084,WATERSHEDS
8085,TEMPORAL HISTOGRAM
8086,REWARD FUNCTION
8087,END OF THE PAPER
8088,PUNISHMENT
8089,VOLUME INDEX
8090,BACKGROUND INTENSITY
8091,PIXEL CHANGE
8092,VEHICLE FLOW
8093,MAP INFORMATION
8094,EDGE REGION
8095,END POINT
8096,REGIONAL GROWTH
8097,MULTIFRACTAL
8098,F-MEASURE VALUES
8099,EDGE LINE
8100,REGION GROWING
8101,ENERGY STATES
8102,COMPETITIVE LEARNING
8103,SYSTEM STATE
8104,MOVEMENT BEHAVIOR
8105,PARTICLE ENERGY
8106,UPDATE RULE
8107,BEHAVIOR OF PARTICLES
8108,RANDOM MOVEMENT
8109,PARTICLE NETWORK
8110,LETTER RECOGNITION
8111,CLUSTERING TASK
8112,COMPETITIVE NETWORK
8113,ENERGY LEVELS
8114,GRADIENT DESCENT METHOD
8115,STRAIGHT SEGMENTS
8116,POSITION OF SEGMENT
8117,HIGH CLASSIFICATION RATES
8118,PERCENTAGE OF CORRECT CLASSIFICATION
8119,CLASSIFICATION FUNCTION
8120,ERROR MSE
8121,PARENTAL CHROMOSOMES
8122,HISTORICAL PHASES
8123,GRADIENT DESCENT TECHNIQUE
8124,DIALECTICAL OPTIMIZATION
8125,SAMMON MAPPING
8126,TEST PATTERN
8127,MAPPING PATTERNS
8128,MUTUAL DISTANCE
8129,CIRCULAR DATA
8130,INTERMEDIATE SPACE
8131,SAMMON MAP
8132,INPUT VECTOR
8133,ORIGINAL FEATURES
8134,PERFORMANCE CRITERIA
8135,FUNCTION APPROXIMATION
8136,CLASSIFICATION EXPERIMENTS
8137,KERNEL TYPE
8138,KERNEL PARAMETERS
8139,DUAL REPRESENTATION
8140,KERNEL MAPPING
8141,PHYSICAL CHARACTERISTICS
8142,DATA IN ORDER
8143,TRADITIONAL CLASSIFICATION
8144,HIGHER ORDER LEARNING
8145,NETWORK FORMATION
8146,SEMANTIC WEB
8147,DECREASING FUNCTION
8148,UNIQUE COMPONENTS
8149,HIGH-LEVEL TERMS
8150,HIGH LEVEL CLASSIFICATION
8151,KNOWLEDGE TRANSFER
8152,PROCESS REPEATS
8153,SOURCE DATABASE
8154,TRADITIONAL SETUP
8155,TARGET DATABASE
8156,BAGS-OF-VISUAL-FEATURES
8157,RE-RANKING
8158,DISTANCE OPTIMIZATION
8159,MEDICAL SIMULATION
8160,AVATARS
8161,STRING MATCHING
8162,FOURIER BASIS FUNCTIONS
8163,BACKGROUND ESTIMATION
8164,NIST
8165,FINGERPRINT MATCHING
8166,ROLLED FINGERPRINT
8167,MINUTIAE EXTRACTION
8168,INTEROPERABILITY
8169,MELANOMA CLASSIFICATION
8170,FEATURE REDUCTION
8171,ADAPTIVITY
8172,SURFACE MESHES
8173,REGULAR TRIANGULATION
8174,TEMPLATE-BASED MESH
8175,REMESHING
8176,MESH SEGMENTATION
8177,BEZIER PATCHES
8178,WINDINGS
8179,SCALE SPACES
8180,POWER HARMONIC FILTERS
8181,MANIFOLD HARMONICS
8182,DESIGN GALLERIES
8183,EXPRESSIVE LINES
8184,NON-PHOTOREALISTIC RENDERING
8185,SEA SURFACE
8186,PROCEDURAL TEXTURING
8187,GEODESICS
8188,SPRITES (COMPUTER)
8189,GRAPHICS PROCESSORS
8190,ATTENUATION
8191,WIREFRAME RENDERING
8192,ANTIALIASED LINES
8193,MIPMAPPING
8194,UNIFORM DECOMPOSITION
8195,WATERSHED FROM PROPAGATED MARKERS
8196,INTELLIGENT ARC-WEIGHT ESTIMATION
8197,FUZZY SUPERVISED CLASSIFICATION
8198,COWS
8199,PARTIAL MATCHING
8200,SET EXCLUSION CRITERIA
8201,EXCLUSION MEASURE FUNCTION
8202,LIVESTOCK BRANDS
8203,MARKOV PROCESSES
8204,ERROR ANALYSIS
8205,QUADRATIC ASSIGNMENT
8206,EFFICIENT BELIEF PROPAGATION
8207,SPARSE SHAPE REPRESENTATIONS
8208,SHAPE METRIC
8209,MACHINE LEARNING BLACK-BOXES
8210,METRICS SPACE
8211,INTEGRAL HISTOGRAMS
8212,INTEGRAL LBP
8213,OPTICAL INTERFEROMETRY
8214,OPTICAL PHYSICS
8215,BIOSPECKLE
8216,STATISTICAL IMAGE ANALYSIS
8217,SPATIO-TEMPORAL FEATURES
8218,TEXTURE COMPRESSION
8219,QUADRIC ERROR METRIC
8220,PARTICLE SYSTEM
8221,PRT
8222,MOTION TRACKING
8223,RADIOSITY
8224,SHEPARD BASIS
8225,REFLECTIVITY
8226,GENOMICS
8227,BIOINFORMATICS
8228,AGE PROGRESSION
8229,MISSING PERSON
8230,COMPONENT TREE
8231,SPECTRAL GRAPH
8232,NONLINEAR OPTICS
8233,PHOTONIC CRYSTAL FIBER
8234,MICROSTRUCTURED OPTICAL FIBER
8235,CONTOUR EXTRACTION
8236,GRAPH ANALYSIS
8237,ACCELERATION SENSOR
8238,PLANE SEGMENTATION
8239,ATTRIBUTES REDUCTION
8240,SCENE-TEXT LOCALIZATION
8241,CONNECTED COMPONENT APPROACH
8242,RESIDUAL OPERATOR
8243,STEREO VISION
8244,DISPARITY MAP
8245,REGIONAL SUPPORT
8246,STEREO CORRESPONDENCE
8247,STEREO MATCHING
8248,HERMITE DATA
8249,SCATTERED DATA APPROXIMATION
8250,ATOMIC MEASUREMENTS
8251,PARTICLE TRACKING
8252,UNION OF BALLS
8253,CURVATURE MOTION
8254,VOXELIZATION
8255,LEGO
8256,NONLINEAR FILTERS
8257,SHAPE CONTROL
8258,LABORATORIES
8259,RGBN
8260,GRADIENT RECONSTRUCTION
8261,NORMAL PROCESSING
8262,CONTEXT MODELING
8263,FOCUS OF ATTENTION
8264,LINE ILLUSTRATION
8265,HATCHING
8266,APPLICATION SOFTWARE
8267,INFORMATION ANALYSIS
8268,IMAGE CONVERTERS
8269,MARCHING TRIANGLE
8270,DISCRETE DISTANCE TRANSFORM
8271,POLYGONIZATION ALGORITHM
8272,DIGITIZED OBJECTS
8273,TRIANGLE MESH SURFACE
8274,GRID COMPUTING
8275,LEVEL-OFDETAIL
8276,FIRES
8277,MEDIAL AXIS
8278,SHAPE DESCRIPTION
8279,CURVED BOUNDARIES
8280,NANOSTRUCTURES
8281,CARBON NANOTUBES
8282,CHEMISTRY
8283,HEXAGONAL MESHES
8284,NANOSTRUCTURE MODELING
8285,COMPUTER INDUSTRY
8286,FLOODS
8287,WATERSHED ALGORITHMS
8288,CURSE OF DIMENSIONALITY
8289,HIGH RESOLUTION IMAGES
8290,MULTIDIMENSIONAL SYSTEMS
8291,ELEMENTARY OPERATORS
8292,BINARY EROSION
8293,BINARY DILATION
8294,BAYESIAN METHODS
8295,WAVELET COEFFICIENTS
8296,GAME STRATEGY APPROACH
8297,NONLINEAR DIFFUSION
8298,WAVE ATOMS
8299,TEXTURE-EDGE DETECTION
8300,TEXTURE FEATURE PRESERVATION
8301,OPTICAL NOISE
8302,SIGNAL RESTORATION
8303,MILITARY COMPUTING
8304,INFERENCE ALGORITHMS
8305,IMAGE PROCESSINGS
8306,MULTISCALE APPROACHES
8307,ANSCOMBE TRANSFORM
8308,FEEDFORWARD NEURAL NETWORKS
8309,DIFFERENCE OF GAUSSIANS FILTERS
8310,HARD LIMIT FUNCTION
8311,ANGIOGRAPHY
8312,CORONARY ARTERY TREE
8313,SOFTWARE MEASUREMENT
8314,ESTIMATION ERROR
8315,SINGULAR POINTS
8316,ORIENTATION IMAGE
8317,STATISTICAL DISCRIMINANT INFORMATION
8318,MULTI-LINEAR ANALYSIS
8319,IMAGE SAMPLING
8320,NUDE DETECTION
8321,THERMODYNAMICS
8322,Q-ENTROPY
8323,WAVELET PACKETS
8324,WAVELET ANALYSIS
8325,TEXTURE SEGMENTATION
8326,ARIA
8327,ROENTGENIUM
8328,AUTOMATIC TESTING
8329,BAYES THEORY
8330,INFORMATION SYSTEMS
8331,J VALUE SEGMENTATION (JSEG)
8332,LOCAL FRACTAL OPERATOR
8333,DIFFERENTIAL BOX-COUNTING (DBC)
8334,CLASSIFICATION TREE ANALYSIS
8335,DOCUMENT ANALYSIS
8336,TEXT IDENTIFICATION
8337,FUZZY NEURAL NETWORKS
8338,PROCESS DESIGN
8339,PATTERN CLASSIFIERS
8340,FUZZY CLASSIFICATION
8341,HISTORICAL PHOTOGRAPHS
8342,BUILDINGS RECOGNITION
8343,BAG-OF-KEYPOINTS
8344,AIRPORTS
8345,ROAD TRANSPORTATION
8346,AFFINE MOTION
8347,SILHOUETTE TUNNEL
8348,COVARIANCE MATCHING
8349,PHOTOMETRY
8350,FEATURE CORRESPONDENCE
8351,SURF
8352,SIGNAL ANALYSIS
8353,INFORMATICS
8354,HUMAN ACTIONS
8355,LEAST SQUARES METHODS
8356,APPEARANCE-BASED MODELS
8357,HOG
8358,PARAMETER ESTIMATION
8359,ITERATIVE ALGORITHMS
8360,OPTICAL PROPAGATION
8361,PHYSICS BASED VISION
8362,PRODUCE CLASSIFICATION
8363,MULTI-CLASS FRUIT CATEGORIZATION
8364,COLOR AND APPEARANCE CUES
8365,TIN
8366,EXTREMITIES
8367,CROP TYPE RECOGNITION
8368,MULTITEMPORAL ANALYSIS
8369,PLANT PHENOLOGY
8370,NON-OVERLAPPING FIELDS OF VIEW
8371,ATTRIBUTED RELATIONAL GRAPH
8372,MULTIPLE VIEW
8373,EVOLUTION (BIOLOGY)
8374,RADAR TRACKING
8375,2D ELECTROPHORESIS GELS
8376,DEFORMATION GRAPH
8377,GRAPH MODELS
8378,STRUCTURAL MATCHING
8379,ERROR PROBABILITY
8380,SLABS
8381,AREA MEASUREMENT
8382,SKEW CORRECTION
8383,BILATERAL ASYMMETRY
8384,PHASE CONGRUENCY
8385,DELTA MODULATION
8386,BAYESIAN ANALYSIS
8387,MAXIMUM EVIDENCE
8388,C LANGUAGE
8389,COLOR DESCRIPTORS
8390,COMPARATIVE STUDY
8391,SIMULTANEOUS SUPER-RESOLUTION
8392,JMAP
8393,SURFACE FINISHING
8394,PHOTOMETRIC STEREO
8395,ELLIPSOIDS
8396,DTI SEGMENTATION
8397,MORPHOLOGICAL GRADIENT
8398,CONSTRUCTION INDUSTRY
8399,EXTINCTION VALUES
8400,PROJECTIVE CURVATURE
8401,PROJECTIVE LENGHT
8402,DISCRETE ESTIMATORS
8403,LEAST SQUARES APPROXIMATION
8404,BINARY SPACE PARTITIONS
8405,HYPERCUBES
8406,APPROXIMATION ERROR
8407,CRUDE REGISTRATION
8408,RANGE IMAGES
8409,SIMPLIFIED TRIANGULAR MESHES
8410,MULTIAGENT SYSTEMS
8411,3D MOSAICS
8412,SURFACE MOSAICS
8413,PROGRAM PROCESSORS
8414,MULTIVIEW RENDERING
8415,PARALLEL RENDERING
8416,PYRAMID ALGORITHM
8417,MICROORGANISMS
8418,ORGANISMS
8419,BIOCHEMISTRY
8420,LMDS
8421,DIMENSIONAL REDUCTION
8422,RFLP-PCR
8423,CHARACTER GENERATION
8424,GRAPHICAL USER INTERFACES
8425,COGNITIVE SCIENCE
8426,HIGH LEVEL SYNTHESIS
8427,OPTICAL COMPUTING
8428,GEOPHYSICS COMPUTING
8429,DISCRETE GEODESIC
8430,CASTELJAU ALGORITHM
8431,SPLINE CURVES
8432,FREE-FORM DESIGN.
8433,TERRAIN MAPPING
8434,MINIMIZATION METHODS
8435,DATA ENCAPSULATION
8436,OPTICAL DISTORTION
8437,PRINTERS
8438,AMPLITUDE MODULATION
8439,MODULATION CODING
8440,NOISE LEVEL
8441,VIDEO SHARING
8442,MULTIMEDIA COMMUNICATION
8443,SYSTEMS ENGINEERING AND THEORY
8444,DATA ENGINEERING
8445,ELECTROMAGNETIC PROPAGATION
8446,ELECTROMAGNETIC FIELDS
8447,WIRELESS NETWORKS
8448,FINITE DIFFERENCE METHODS
8449,MAXWELL EQUATIONS
8450,ELECTROMAGNETIC SCATTERING
8451,SCIENTIFIC COMPUTING
8452,ANIMAL BEHAVIOR
8453,TREE GRAPHS
8454,EYELIDS
8455,CELLULAR PHONES
8456,PERSONAL DIGITAL ASSISTANTS
8457,CHARGE COUPLED DEVICES
8458,LASER MODES
8459,GEOMETRICAL OPTICS
8460,STEREO IMAGE PROCESSING
8461,LASER THEORY
8462,TABLE LOOKUP
8463,LIGHT SCATTERING
8464,IMAGE SEQUENCE ANALYSIS
8465,MULTISPECTRAL IMAGING
8466,BAGGING
8467,COMPUTER ERRORS
8468,POWER SYSTEM MODELING
8469,BACKSCATTER
8470,EXTRAPOLATION
8471,FLUORESCENCE
8472,RADIOLOGY
8473,CLINICAL DIAGNOSIS
8474,WHITE BLOOD CELLS
8475,CELLS (BIOLOGY)
8476,BIOMEDICAL IMAGE PROCESSING
8477,DRIVES
8478,ANATOMY
8479,MAGNETIC ANALYSIS
8480,NEUROSCIENCE
8481,PARAMAGNETIC MATERIALS
8482,PHOTOGRAPHY
8483,AFFINE CURVATURE
8484,AFFINE LENGTH
8485,CURVE RECONSTRUCTION.
8486,SURFACE FITTING
8487,LICENSES
8488,LEAK DETECTION
8489,INORGANIC MATERIALS
8490,PLASTICS
8491,POLYMERS
8492,TEMPERATURE DEPENDENCE
8493,LAGRANGIAN FUNCTIONS
8494,PHASE DETECTION
8495,VIRTUAL ENVIRONMENT
8496,MEDICAL TESTS
8497,ANATOMICAL STRUCTURE
8498,ULTRASONIC IMAGING
8499,THROUGHPUT
8500,OPTICAL ATTENUATORS
8501,LIGHT EMITTING DIODES
8502,OPTICAL REFLECTION
8503,MAGNETIC HEADS
8504,KEYBOARDS
8505,SCHOLARSHIPS
8506,OPTICAL FILTERS
8507,DUAL MARCHING CUBES
8508,GEOMETRIC MODELLING.
8509,CONTROLLABILITY
8510,COLLABORATIVE WORK
8511,POINT SETS
8512,INFORMATION RESOURCES
8513,FINGERS
8514,FILTER BANK
8515,COMPUTER DISPLAYS
8516,DESIGN METHODOLOGY
8517,DIGITAL AUDIO PLAYERS
8518,OPERATING SYSTEMS
8519,AUDITORY DISPLAYS
8520,ACOUSTIC NOISE
8521,CONCURRENT COMPUTING
8522,SIGNAL REPRESENTATIONS
8523,INFORMATION FILTERS
8524,GENETICS
8525,NERVOUS SYSTEM
8526,GUNSHOT DETECTION SYSTEMS
8527,STATISTICAL LEARNING
8528,ACOUSTIC BEAMS
8529,ACOUSTIC EMISSION
8530,ACOUSTIC TRANSDUCERS
8531,MAXIMUM LIKELIHOOD DETECTION
8532,IN VIVO
8533,MAXIMUM LIKELIHOOD ESTIMATION
8534,JOINING PROCESSES
8535,MULTI-LAYER NEURAL NETWORK
8536,COMPUTER NETWORKS
8537,SOLID STATE CIRCUITS
8538,NP-COMPLETE PROBLEM
8539,MEDICAL TREATMENT
8540,PROCESS PLANNING
8541,SYSTEM TESTING
8542,BLADDER
8543,ULTRASONIC TRANSDUCERS
8544,BIOMEDICAL TRANSDUCERS
8545,ACOUSTIC MEASUREMENTS
8546,HANDICAPPED AIDS
8547,SPREAD SPECTRUM COMMUNICATION
8548,BRIDGES
8549,LAKES
8550,ROAD VEHICLES
8551,REMOTELY OPERATED VEHICLES
8552,ISOLATION TECHNOLOGY
8553,POSTAL SERVICES
8554,BACKGROUND NOISE
8555,CURVE FITTING
8556,HOME COMPUTING
8557,IMAGE STORAGE
8558,LARGE-SCALE SYSTEMS
8559,PARTICLE SCATTERING
8560,ATMOSPHERE
8561,ABSORPTION
8562,VEHICLE DRIVING
8563,AUTOMOTIVE ENGINEERING
8564,GREEN'S FUNCTION METHODS
8565,YIELD ESTIMATION
8566,OPTICAL VARIABLES CONTROL
8567,FUSION POWER GENERATION
8568,ROBOT MOTION
8569,MOTION PLANNING
8570,EARTHQUAKE ENGINEERING
8571,WORKSTATIONS
8572,PERSONAL COMMUNICATION NETWORKS
8573,POWER ENGINEERING COMPUTING
8574,POWER ENGINEERING AND ENERGY
8575,COLLABORATIVE SOFTWARE
8576,YARN
8577,PEER TO PEER COMPUTING
8578,TERMINOLOGY
8579,INDUSTRIAL CONTROL
8580,TOY INDUSTRY
8581,AUTOMATIC CONTROL
8582,PIECEWISE LINEAR TECHNIQUES
8583,CONCRETE
8584,SURFACE RESISTANCE
8585,GREEDY ALGORITHMS
8586,DIGITAL ARITHMETIC
8587,SPACE TECHNOLOGY
8588,NOISE SHAPING
8589,SURFACE WAVES
8590,VIRTUAL PROTOTYPING
8591,JAVA
8592,PSYCHOLOGY
8593,MOTION MEASUREMENT
8594,KNOWLEDGE BASED SYSTEMS
8595,DISTRIBUTION STRATEGY
8596,DISTRIBUTED CONTROL
8597,ELECTRICAL EQUIPMENT INDUSTRY
8598,NARROWBAND
8599,PICTURE ARCHIVING AND COMMUNICATION SYSTEMS
8600,DIGITAL SIGNATURES
8601,PUBLIC KEY
8602,SOLAR POWER GENERATION
8603,COMMUNICATION SYSTEM CONTROL
8604,NONLINEAR DISTORTION
8605,CODE DIVISION MULTIPLEXING
8606,SIGNAL MAPPING
8607,HAMMING WEIGHT
8608,INDEPENDENT COMPONENT ANALYSIS
8609,BIOMEDICAL MEASUREMENTS
8610,WAVELENGTH MEASUREMENT
8611,RAYLEIGH SCATTERING
8612,ENERGY RESOLUTION
8613,BIOSENSORS
8614,EMBRYO
8615,MPEG 4 STANDARD
8616,THICKNESS MEASUREMENT
8617,SUBSPACE CONSTRAINTS
8618,X-RAY DETECTION
8619,FUNGI
8620,CHEMICAL PROCESSES
8621,BIOREACTORS
8622,BIOTECHNOLOGY
8623,EDUCATIONAL TECHNOLOGY
8624,MAGNETIC NOISE
8625,HYPERTENSION
8626,SIMPLE OBJECT ACCESS PROTOCOL
8627,WEB SERVER
8628,PROGRAMMABLE CONTROL
8629,ADAPTIVE CONTROL
8630,ELECTRICAL CAPACITANCE TOMOGRAPHY
8631,RADIOMETRY
8632,SATELLITE BROADCASTING
8633,RADAR IMAGING
8634,TELECONFERENCING
8635,INTELLIGENT CONTROL
8636,MICROSTRUCTURE
8637,BUILDING MATERIALS
8638,MECHANICAL FACTORS
8639,WATER
8640,PERMEABILITY
8641,TREE DATA STRUCTURES
8642,DESIGN ENGINEERING
8643,PRODUCT DESIGN
8644,FORGERY
8645,REACTIVE POWER
8646,RADIO ACCESS NETWORKS
8647,BISMUTH
8648,STRUCTURAL SHELLS
8649,COMPUTER LANGUAGES
8650,SIZE CONTROL
8651,GENE EXPRESSION
8652,CYBERNETICS
8653,FEATHERS
8654,ANIMAL STRUCTURES
8655,MINERALS
8656,WEIGHT CONTROL
8657,SET THEORY
8658,WEB SITES
8659,WORLD WIDE WEB
8660,SIGNAL DETECTION
8661,COLLIMATORS
8662,SYNTHETIC APERTURE SONAR
8663,LASER NOISE
8664,FAILURE ANALYSIS
8665,AUTONOMOUS AGENTS
8666,DISCRETE EVENT SIMULATION
8667,SPATIAL COHERENCE
8668,HUMANOID ROBOTS
8669,SERVOMOTORS
8670,VISUAL SERVOING
8671,MANIPULATORS
8672,VISION DEFECTS
8673,NOISE FIGURE
8674,AUTHORIZATION
8675,STATISTICAL DISTRIBUTIONS
8676,CHROMIUM
8677,TECHNICAL ACTIVITIES
8678,REMOTE MONITORING
8679,MULTIMEDIA SYSTEMS
8680,SAMARIUM
8681,VEHICLE CRASH TESTING
8682,INFORMATION PROCESSING
8683,CONTINENTS
8684,ELECTRIC SHOCK
8685,BIOLOGY COMPUTING
8686,BIOMEMBRANES
8687,COMPUTATIONAL BIOLOGY
8688,MARINE POLLUTION
8689,SEA MEASUREMENTS
8690,ADHESIVES
8691,CITIES AND TOWNS
8692,ENVIRONMENTAL FACTORS
8693,INTELLIGENT AGENT
8694,STRATEGIC PLANNING
8695,AEROSPACE SIMULATION
8696,RUBBER
8697,DATA GLOVES
8698,SUFFICIENT CONDITIONS
8699,OBJECT ORIENTED MODELING
8700,NUMERICAL ANALYSIS
8701,SURGES
8702,MACHINE INTELLIGENCE
8703,KNOWLEDGE ACQUISITION
8704,OPTICAL DESIGN TECHNIQUES
8705,CONSUMER ELECTRONICS
8706,OPTICAL MATERIALS
8707,SPACE HEATING
8708,GAUSSIAN APPROXIMATION
8709,PHYSICS COMPUTING
8710,MAN MACHINE SYSTEMS
8711,SIGNAL DESIGN
8712,APERTURES
8713,CONSTRAINT THEORY
8714,ACOUSTIC REFLECTION
8715,MECHANICAL ENGINEERING
8716,PAINTS
8717,WAVELET DOMAIN
8718,COPYRIGHT PROTECTION
8719,NONLINEAR EQUATIONS
8720,PETRI NETS
8721,MOBILE ROBOTS
8722,INTELLIGENT ROBOTS
8723,LIFE TESTING
8724,WHEELS
8725,PHASE MEASUREMENT
8726,PHASE ESTIMATION
8727,ROBOT CONTROL
8728,ROBOTICS AND AUTOMATION
8729,MIRRORS
8730,FREQUENCY ESTIMATION
8731,MYOCARDIUM
8732,RECURSIVE ESTIMATION
8733,INTELLIGENT NETWORKS
8734,ELECTRONS
8735,AERODYNAMICS
8736,VITERBI ALGORITHM
8737,UNIFORM RESOURCE LOCATORS
8738,FILE SYSTEMS
8739,PREFETCHING
8740,LARGE SCALE INTEGRATION
8741,SOFTWARE TESTING
8742,SOFTWARE PERFORMANCE
8743,CONFERENCE PROCEEDINGS
8744,BLADES
8745,CERAMICS
8746,OPEN SYSTEMS
8747,AGRICULTURAL ENGINEERING
8748,SOFTWARE DESIGN
8749,CORNEA
8750,SPACE POWER STATIONS
8751,AUGMENTED VIRTUALITY
8752,OLFACTORY
8753,HEMODYNAMICS
8754,LIQUID CRYSTALS
8755,POLYMER FILMS
8756,LIQUID CRYSTAL DEVICES
8757,OPTICAL FILMS
8758,CONFERENCES
8759,VALVES
8760,ASSOCIATIVE MEMORY
8761,H INFINITY CONTROL
8762,MATLAB
8763,EDUCATIONAL PROGRAMS
8764,RESEARCH AND DEVELOPMENT
8765,ORBITAL ROBOTICS
8766,MULTIROBOT SYSTEMS
8767,LINUX
8768,PUBLISHING
8769,SOLAR RADIATION
8770,DESIGN FOR QUALITY
8771,LOS ANGELES COUNCIL
8772,INTERFERENCE
8773,COMPUTATIONAL INTELLIGENCE SOCIETY
8774,ENDOSCOPES
8775,LEGAL FACTORS
8776,MACHINING
8777,TOLERANCE ANALYSIS
8778,HORSES
8779,ESTIMATION THEORY
8780,SHEET MATERIALS
8781,TEXTILES
8782,X-RAY SCATTERING
8783,DEAD RECKONING
8784,COMPUTER NETWORK MANAGEMENT
8785,ENVIRONMENTAL MANAGEMENT
8786,INNOVATION MANAGEMENT
8787,CONTROL THEORY
8788,ACTUATORS
8789,BIDIRECTIONAL CONTROL
8790,TIME FACTORS
8791,ASSEMBLY SYSTEMS
8792,ENERGY MEASUREMENT
8793,HTML
8794,DESIGN OPTIMIZATION
8795,BINARY DECISION DIAGRAMS
8796,FORMAL LANGUAGES
8797,MODEMS
8798,INTELLIGENT SYSTEMS
8799,LOW PASS FILTERS
8800,MESSAGE PASSING
8801,LAMPS
8802,DEAFNESS
8803,BRONCHOSCOPY
8804,ANESTHESIA
8805,DATABASE SYSTEMS
8806,DATA SECURITY
8807,WATCHES
8808,LOCAL AREA NETWORKS
8809,SOFTWARE MAINTENANCE
8810,PAGE DESCRIPTION LANGUAGES
8811,BIOMEDICAL EQUIPMENT
8812,CONTRACTS
8813,CIVIL ENGINEERING
8814,MOTION CONTROL
8815,READ ONLY MEMORY
8816,RIBS
8817,MICROCOMPUTERS
8818,BIOLOGICAL SYSTEMS
8819,SPECTRAL ANALYSIS
8820,FASTENERS
8821,FEEDBACK LOOP
8822,OPTICAL FEEDBACK
8823,PERVASIVE COMPUTING
8824,CONSTRAINT OPTIMIZATION
8825,CHEBYSHEV APPROXIMATION
8826,MULTIMEDIA COMPUTING
8827,KNOWLEDGE ENGINEERING
8828,TELLURIUM
8829,COMPUTERIZED INSTRUMENTATION
8830,HUMIDITY
8831,X-RAY TOMOGRAPHY
8832,AUDITORY SYSTEM
8833,GOLD
8834,LOAD MANAGEMENT
8835,CARDIOLOGY
8836,PROPAGATION LOSSES
8837,IMAGE COMMUNICATION
8838,SOFTWARE ARCHITECTURE
8839,IP NETWORKS
8840,MICROWAVE INTEGRATED CIRCUITS
8841,EVOLUTIONARY COMPUTATION
8842,ELECTRONIC CIRCUITS
8843,ENGINEERING DRAWINGS
8844,CIRCUIT TESTING
8845,WIRE
8846,RADAR SCATTERING
8847,FREQUENCY MEASUREMENT
8848,GRATINGS
8849,ANTHROPOMETRY
8850,MAGNETIC RECORDING
8851,ARGON
8852,CURRENT DISTRIBUTION
8853,EXTRATERRESTRIAL MEASUREMENTS
8854,CALCULUS
8855,PARALLEL ARCHITECTURES
8856,BORON
8857,BIOLOGICAL MATERIALS
8858,VIDEO ON DEMAND
8859,ROUNDOFF ERRORS
8860,MAGNETIC MATERIALS
8861,COMPOSITE MATERIALS
8862,DIGITAL SYSTEMS
8863,MEDICAL ROBOTICS
8864,BREAST NEOPLASMS
8865,ELECTROKINETICS
8866,PROTEIN ENGINEERING
8867,CONDUCTORS
8868,CHANNEL BANK FILTERS
8869,AIRBORNE RADAR
8870,PROGRESSIVE REFINEMENT
8871,PREVIEW TECHNIQUE
8872,GOURAUD SHADING
8873,VOLUMETRIC ILLUMINATION
8874,DISTRIBUTED ENVIRONMENT
8875,HOLOPROJECTION
8876,DIFRACTION GRADE
8877,CLUSTER ANALYSIS
8878,PIECEWISE LINEAR DISCRIMINANT FUNCTIONS
8879,AGRICULTURAL SPRINKLERS
8880,NEAREST-NEIGHBOR CLASSIFICATION
8881,MULTI-DIMENSIONALITY
8882,COLOURING
8883,MAPPING OF COMMUNICATING AGENTS
8884,SIMULATION ENVIRONMENTS
8885,VISUAL INTERACTIVE SIMULATION
8886,VISUAL INTERACTIVE MODELING
8887,SHAPE FROM SHADING
8888,PHOTOGRAMMETRY RECONSTRUCTION
8889,OCCLUDING BOUNDARY
8890,SELF-SHADOW BOUNDARY
8891,CLOUD SYSTEM
8892,ADAPTIVE POLYGONIZATION
8893,PATH-BASED ADAPTATION ALGORITHM
8894,BOUNDARY REPRESENTATION
8895,TETRAHEDRALIZATION
8896,ARC-LENGTH PARAMETRIZATION
8897,CURVE DESIGN
8898,BEZIER PARAMETRIC CURVES
8899,AGEING PARAMETERS
8900,WARPING APPLICATION
8901,FRONTAL FACIAL AGEING
8902,THIN PLATE SPLINES
8903,SERIAL CROSS SECTIONS ALIGNMENT
8904,CRANIOFACIAL IDENTIFICATION
8905,MARCHING-CUBES
8906,SCALAR FIELDS
8907,TOPOLOGICAL DATA STRUCTURES
8908,ACCESS METHODS
8909,DIGITAL TERRAIN MODELING
8910,DRAINAGE EXTRACTION
8911,REACTIVE AGENTS
8912,IMAGE EFFECTS
8913,CONTRACTION MAPPINGS
8914,HUMAN BODY MODEL
8915,HAND MODEL
8916,NATURAL HUMAN MOVEMENT
8917,KEYFRAMING
8918,GERACAO DE MALHAS
8919,ENGENHARIA COMPUTACIONAL
8920,ENGENHARIA MATEMATICA
8921,MALHAS BI-DIMENSIONAIS
8922,CFK ADAPTIVE TRIANGULATION
8923,BEZIER TRIANGULAR PATCHES
8924,TRIANGLE SUBDIVISION
8925,LEST SQUARE
8926,ROADWAYS
8927,GIS
8928,COMPOSICAO DE IMAGENS
8929,CENARIO VIRTUAL
8930,COMBINACAO E IMAGENS
8931,GUI
8932,GRAPHICS HARDWARE
8933,VISAO POR COMPUTADOR
8934,MODELOS 3D
8935,INDEXACAO POR HISTOGRAMAS
8936,INSPECAO VISUAL AUTOMATICA POR COR
8937,ANALISE DE RUGOSIDADE
8938,DIMENSAO FRACTAL
8939,MELTING ALGORITHM
8940,CHARACTERIZATION OF MORPHOLOGICAL OPERATORS
8941,INTERPOLACAO DE IMAGENS
8942,IMAGENS TOMOGRAFICAS
8943,TRIANGULACAO DE DELAUNAY
8944,CORNEAL TOPOGRAPHY
8945,RECONHECIMENTO DE CARACTERES ALFANUMERICOS
8946,IDENTIFICACAO DE PLACAS DE VEICULOS
8947,RECONSTRUCAO DE OBJETOS FRAGMENTADOS
8948,RECONHECIMENTO DE OBJETOS
8949,SHAPE RECOGNITION
8950,POLYGONAL MODELING
8951,VSLI
8952,IMAGE DISPLAY DEDICATED ARCHITECTURE
8953,IMAGE DISPLAY SUBSYSTEM
8954,DECOUPLING RESOLUTION
8955,IMAGE RECONSTRUCTOR ASIC
8956,SIMULATION STUDY
8957,GRAPH REPRESENTATION
8958,CREATIVITY AND COMMUNICATION
8959,DIGITAL TECHNOLOGIES
8960,TECHNOLOGICAL RESOURCES
8961,SIMULATIONS OF ENVIRONMENTS
8962,SELF-EXPRESSION
8963,PHOTOMOSAICKING
8964,MORPHOLOGICAL CLASSIFICATION
8965,IMAGE ANALYSIS 3-D
8966,COMPRESSAO DE IMAGENS
8967,QUANTIZACAO VETORIAL
8968,PREDICAO DE MEDIAS
8969,MOVIMENTOS COMPLEXOS
8970,ALGORITMO PARA ESTIMACAO
8971,CODIFICACAO DE IMAGENS
8972,MODELING TOOL NON-CLASSICAL
8973,DIRECTION FIELDS
8974,SUBDIVISOES ESPACIAIS
8975,COMPUTACAO GRAFICA
8976,TETRAEDRACAO DE DELAUNAY
8977,POLYGONIZATION SIMPLIFIED
8978,CHROMATICITY CLASSIFICATION
8979,ANALISE DE TEXTURA
8980,MORFOLOGIA MATEMATICA
8981,TRANSFORMADA DE HOUGH
8982,IMAGENS MICROSCOPICAS
8983,METODO AUTO-REGRESSIVO
8984,METODO CLASSICO DE ESTIMACAO ESPECTRAL
8985,COGNITIVE ARCHITECTURE
8986,MODELING OF FACIAL BEHAVIOR
8987,VIRTUAL ACTORS
8988,FACIAL EMOTIONAL BEHAVIOR
8989,VIRTUAL HUMAN APPEARANCE
8990,SYSTEMS BASED ON EMOTION
8991,DEFORMACAO DE SUPERFICIES
8992,SUPERFICIES NAO-RIGIDAS
8993,PRINCIPIOS FISICOS
8994,SISTEMAS DE ANIMACAO
8995,ANALYSIS OF NATURAL OBJECTS
8996,CHARACTERIZATION OF NATURAL OBJECTS
8997,VLSI
8998,REDES NEURAIS ARTIFICIAIS
8999,RECONHECIMENTO DE IMAGENS
9000,IMAGENS BIDIMENSIONAIS
9001,VIRTUAL REPRESENTATION
9002,ORIENTATION DIGITAL
9003,ESTIMATION OF CURVATURE
9004,PLANE FITTING
9005,ABSTRACT DATA VIEWS
9006,ACTIVE OBJECTS
9007,VISUAL OBJECTS
9008,SOFTWARE TEST AND VALIDATION
9009,GEOMETRIC MODELER
9010,GRAPHICAL INTERFACE
9011,DIRECT MANIPULATION
9012,INTERFACES GRAFICAS
9013,FERRAMENTA PARA INTERFACE GRAFICA
9014,ENVIRONMENTAL APPLICATIONS
9015,DISTRIBUTED GRAPHICAL ARCHITECTURES
9016,FUZZY TECHNIQUES
9017,TECHNIQUES NONFUZZY
9018,TECHNIQUE FOR DETECTING CALCIFICATION MAMMOGRAPHIC
9019,TECHNIQUE FOR CLASSIFYING MAMMOGRAPHIC CALCIFICATIONS
9020,CODIFICACAO POR TRANSFORMADA COMBINADO
9021,OPERADORES MORFOLOGICOS
9022,PROCESSAMENTO MORFOLOGICO
9023,TOMOGRAPHIC RECONSTRUCTION
9024,RESTAURACAO DE IMAGENS
9025,AVALIACAO DO DESEMPENHO DO BIOSSUSCEPTOMETRO
9026,SYSTEM KROROS
9027,PROCESSAMENO DIGITAL
9028,INTERACTIVE IMAGE
9029,JAGGIE EFFECT
9030,RECONSTRUCTION ERROR
9031,RECONSTRUCTORS
9032,ZERO ORDER RECONSTRUCTOR
9033,SCAN-LINE
9034,BRESENHAM LINE DRAWING ALGORITHM
9035,VOLUME RAY-TRACING
9036,PATH LINE
9037,PARTICLE PATH
9038,TEXTURA DE SUPERFICIES
9039,SISTEMAS DE PARTICULAS
9040,TEXTURA BIDIMENSIONAL
9041,CONTROLE DE MAPEAMENTO
9042,VIRTUAL MODELS
9043,SITE MODELS
9044,ACQUIRING TERRAIN DATA
9045,MESHING
9046,POSITIONING CONSTRUCTION
9047,GRAPHICAL EDITOR
9048,SISTEMA DE CONSTRUCOES GEOMETRICAS COM VINCULOS
9049,CONSTRUCOES EUCLIDIANAS
9050,MODELAGEM GEOMETRICA
9051,SISTEMAS PARA DESENHO
9052,DESCRICAO DA CENA
9053,TRIANGULACAO DEPENDENTE DOS DADOS
9054,RECONSTRUCAO DE TERRENOS
9055,GEOMETRIA COMPUTACIONAL
9056,PROJETO GEOPRO
9057,GEOMETRIA PROJETIVA ORIENTADA
9058,TRATAMENTO DE DEGENERACOES
9059,ANIMACAO DE ALGORITMOS
9060,VISUALIZACAO GRAFICA DINAMICA
9061,ANIMACAO GRAFICA DE ALGORITMOS
9062,ESTRUTURAS DE DADOS
9063,ANIMACAO DINAMICA
9064,CORPOS ELASTICOS
9065,DADOS METEOROLOGICOS
9066,HOPFIELD NEURAL NETWORKS
9067,PROCESSAMENTO DE IMAGENS
9068,IMAGENS HETEROGENEAS
9069,ANALYSIS BINARY OF IMAGES
9070,PROCESSING OF IMAGES
9071,IMAGENS NEUTRONGRAFICAS
9072,IRRELEVANCIA VISUAL
9073,CODIFICADORES DE IMAGENS
9074,IMAGENS POR SUB-BANDAS
9075,MODELOS COMPUTACIONAIS
9076,ARQUITETURA PARALELAS
9077,REGISTRO DE SECOES SERIADAS
9078,METODO DE MERICKEL
9079,RECONSTRUCAO TRIDIMENSIONAL
9080,SEGMENTACAO DE IMAGENS
9081,REDE NEURONAL
9082,AMBIENTE PARALELO
9083,ESTIMATION ARCHITECTURE
9084,ESTIMATION OF OBJECT TRAJECTORIES
9085,PHOTOMETRIC IMAGES
9086,VISAO ARTIFICIAL
9087,REPRESENTACAO DE OBJETOS
9088,OBJETOS BIDIMENSIONAIS
9089,FUNCTION NEURAL
9090,OBJETOS POLIEDRICOS
9091,RECONHECIMENTO TRIDIMENSIONAL
9092,IDENTIFICACAO DE OBJETOS
9093,LOCALIZACAO DE OBJETOS
9094,B-SPLINE
9095,MULTISCALE DECOMPOSITION MODELS
9096,L-SYSTEMS
9097,TREES MODELING
9098,PLANTS MODELING
9099,RECURSIVE INTERPRETATION ALGORITHM
9100,INTERACTIVE CONSTRUCTION
9101,CONTROL OF FIGURES
9102,TRUNCATION SLANT HAAR TRANSFORM
9103,FAST SLANT HAAR TRANSFORM
9104,FASTER METHODS FOR COMPUTING
9105,FILTRAGEM MORFOLOGICA
9106,OPERACOES MORFOLOGICAS
9107,PROCESSADOR DE VIZINHANCA
9108,RESOLUTION LOSS
9109,TAXONOMIA
9110,MANIPULACAO INTERATIVA
9111,VISUALIZACAO DE OBJETOS
9112,OBJETOS 3D
9113,MANIPULACAO DE OBJETOS
9114,MODELADORES DE SOLIDOS
9115,MODELAGEM DE SOLIDOS
9116,MODELAGEM DE PRODUTO
9117,DADOS DE PRODUTO
9118,REPRESENTACAO DO CONHECIMENTO
9119,ARQUITETURAS DE OBJETOS
9120,MANIPULACAO INTELIGENTE
9121,OBJETOS COM LOGICA
9122,INTEGRACAO DE OBJETOS
9123,PROBLEMA DE DESIGN
9124,MANIPULACAO DIRETA
9125,INTERFACE COM O USUARIO
9126,INTERFACES PORTATEIS
9127,EDITOR GRAFICO
9128,REALIDADE VIRTUAL
9129,INTERACOES LUDICAS
9130,INTERATIVIDADE
9131,LINGUAGENS DE PROGRAMACAO
9132,LINGUAGENS VISUAIS
9133,ESTRUTURAS SINTATICAS
9134,PERCEPCAO VISUAL
9135,GRAFOS DE PROGRAMA
9136,REPOSICIONAMENTO
9137,ENGENHARIA DE SOFTWARE
9138,ARQUITETURA DE VISTA
9139,AMBIENTE VISUAL
9140,AMBIENTE EXPLORATORIO
9141,ANALISE EXPLORATORIA
9142,FERRAMENTAS
9143,SPATIAL DATA BASES
9144,SPATIAL DATA MANIPULATION LANGUAGE
9145,SISTEMAS RADIOLOGICOS
9146,SIMULACAO COMPUTACIONAL
9147,PONTO FOCAL
9148,BARNARD'S MICROCANONICAL
9149,RECONHECIMENTO DE CARACTERES NUMERICOS
9150,KARHUNEN-LOEVE
9151,PROCESSAMENTO VISUAL
9152,DESCRICAO DE IMAGENS
9153,CLASSIFICACAO DE IMAGENS
9154,SIMULACAO DE IMAGENS
9155,IMAGENS DE RADAR
9156,MODELAMENTO MATEMATICO
9157,IMAGENS DE AERONAVES
9158,MODELO MARKOVIANO
9159,RADAR DE VIGILANCIA EMBARCADO
9160,GEOMETRIC PARAMETERS
9161,SURFACE NORMAL VECTORS
9162,LIGHT SOURCE POSITIONS
9163,RECONSTRUCTION TECHNIQUES
9164,OPERADORES BOOLEANOS
9165,CLASSE DE NM-CONJUNTOS
9166,OBJETOS HETEROGENEOS
9167,ESPACO TRIDIMENSIONAL
9168,SUBDIVISOES DE ESPACO
9169,SUBDIVISOES PLANARES HIERARQUICAS
9170,GERENCIAMENTO DE SUBDIVISOES
9171,ECOCARDIOGRAFIA 2D
9172,SISTEMA DE ANALISE DE ESPESSURA DA PAREDE CARDIACA
9173,VISUALIZACAO DE TOMOGRAFIAS
9174,VISUALIZACAO 3D
9175,TRANSFORMACOES GEOMETRICAS
9176,PARAMETROS DE VISUALIZACAO
9177,MODELADOR DE SOLIDOS MULTIREPRESENTACIONAL
9178,NUCLEO B-REP
9179,TECNICAS DE DESCRICAO POR VARREDURA
9180,INFORMACOES GEOLOGICAS
9181,DADOS ESPACIAIS
9182,RENDERING DE SOLIDOS
9183,TECNICAS DE REMOCAO DE SUPERFICIES OCULTAS
9184,MODULO DE VISUALIZACAO
9185,PROGRAMA RTP
9186,SISTEMA MODULAR
9187,TRATAMENTO MULTIFORMATO
9188,HERRAMIENTA PARA LA ANIMACION DE ALGORITMOS
9189,SISTEMA DE INSPECAO AUTOMATICA
9190,PLACAS DE CIRCUITO IMPRESSO
9191,SISTEMA DE VISUALIZACAO
9192,IMAGENS MEDICAS
9193,SISTEMA HIBRIDO
9194,RECONHECIMENTO OFF-LINE DE ASSINATURAS
9195,SEGMENTACAO DE DADOS
9196,DADOS TRIDIMENSIONAIS
9197,ALGORITMOS DE SUAVIZACAO ESPECIAL
9198,TECNICAS DE REALCE
9199,FILTRO DE SUAVIZACAO ESPACIAL
9200,AMBIENTE KROROS
9201,PLATAFORMA MOVEL
9202,REALIMENTACAO VISUAL
9203,ANALISE DINAMICA NAO-LINEAR
9204,MOVIMENTOS REALISTICOS
9205,TRUEMOTION
9206,TECNICAS DE ACELERACAO
9207,METODO DE RAY-TRACING
9208,RAY-TRACING ESTOCASTICO
9209,CALCULO DA ILUMINACAO
9210,MODELO DE OBJETOS
9211,SISTEMA DE PINTURA DIGITAL
9212,PINTURA ELETRONICA
9213,FRACTAIS RANDOMICOS
9214,SIMULACAO DE REALISMO
9215,PAISAGENS
9216,SEQUENCIAS DE IMAGENS
9217,SEGMENTACAO E DESCRICAO
9218,ALGORITMO DE SEGMENTACAO
9219,ALGORITMO DE REPRESENTACAO
9220,PHOTOPIX
9221,TECNICAS DE PROGRAMACAO
9222,QUANTIFICACAO VETORIAL
9223,TECNICA DE COMPRESSAO DE IMAGEM
9224,TECNICA DE COMPRESSAO BTC
9225,RELAXATION TECHNIQUES PROBABILISTIC
9226,STATISTICAL METHOD OF EDGE DETECTION
9227,ASTEROSEISMOLOGY
9228,SPECTRUM ANALYSIS
9229,SIMULACAO DINAMICA
9230,ANIMADO
9231,SISTEMA DE ANIMACAO MODELADA
9232,ANIMACAO MODELADA POR DINAMICA
9233,ANIMACAO COMPORTAMENTAL
9234,MODELO CONCEITUAL
9235,SISTEMA SISTOLICO
9236,METODO DE NEWTON
9237,RESOLUCAO DE IMAGENS
9238,SISTEMAS DE PRESSAO SISTOLICA
9239,NOAA IMAGE
9240,SENSORIAMENTO REMOTO
9241,FILTRAGEM ADAPTATIVA
9242,IMAGEM NOAA
9243,RUIDO
9244,SELECAO DE BANDAS
9245,RADAR DE ABERTURA SINTETICA
9246,IMAGENS DE AMPLITUDE
9247,MULTIPLICATIVE MODELS
9248,LINGUAGEM DE PROGRAMACAO
9249,DESCRICAO DE FIGURAS
9250,INTERFACE DESIGN
9251,GRAPHIC INTERFACES
9252,COMPUTER SEMIOTICS
9253,CONFECCOES TEXTEIS
9254,FASHION-DESK
9255,AMBIENTE COOPERATIVO
9256,ESTRATEGIA DE PORTABILIDADE
9257,APLICACOES GRAFICAS INTERATIVAS
9258,DISCRIMINATOR NEURAL
9259,DISTANCE-DISCRIMINATOR NEURONS
9260,SEGMENTACAO DE PARTES GENERICAS
9261,AQUISICAO DE PARTES GENERICAS
9262,PECAS GENERICAS
9263,PRE-PROCESSAMENTO
9264,EXTRACAO DE ATRIBUTOS
9265,PRIMEIRO NIVEL DE CLASSIFICACAO
9266,SISTEMA DE RECONHECIMENTO OTICO
9267,SIMBOLOS MUSICAIS
9268,DIMENSIONAL VASCULAR RECONSTRUCTION
9269,DETECTION OF ARTERY BY HOUGH
9270,CIRCULAR PATTERN DETECTION BY HOUGH
9271,REFINEMENTS ADAPTIVE
9272,ALGORITMO LINEAR
9273,CURVAS POLIGONAIS
9274,ALGORITMO DE TRANSFORMACAO
9275,DECOMPOSICAO DO ESPACO
9276,ELEMENTOS FINITOS
9277,SIMULACAO DE SUPERFICIES
9278,ESPACO FLEXIVEL
9279,PLANEJAMENTO DE RADIOTERAPIA
9280,VISUALIZACAO TRIDIMENSIONAL
9281,SHAPE-BASED
9282,RECONHECIMENTO DE PADROES
9283,ANALISE DE IMAGENS
9284,DIAGNOSTICO AUTOMATICO DA FILARIOSE
9285,SEGMENTACAO AUTOMATICA
9286,IMAGENS DO CEREBRO
9287,TOMOGRAFIA COMPUTADORIZADA
9288,VISAO COMPUTACIONAL
9289,METODO AUTOMATICO DE REGISTRO
9290,RECONSTRUCAO 3D
9291,VISUALIZACAO DE IMAGENS
9292,DIGITAIZACAO
9293,RAIO-X
9294,MAMOGRAFIA
9295,VISUALIZACAO CIENTIFICA
9296,SIMULACOES DE SISTEMAS DE TEMPO REAL
9297,FERRAMENTA DE SOFTWARE
9298,SOLIDOS DIDATICO
9299,MODELAGEM SOLIDA
9300,ALGORITMOS DE MODELAGEM
9301,MODELAGEM POLYGONAL
9302,CONTORNOS BIDIMENSIONAIS
9303,ANIMAKER
9304,VISUALIZACAO DE ANIMACAO
9305,SINTESE PARALELA DE IMAGENS
9306,IMAGENS MULTIESPECTRAIS
9307,ALGORITMO ICM
9308,AMBIENTE SPRING
9309,ITERATED CONDITIONAL MODES
9310,METODO DE SALTYKOV
9311,CARACTERIZACAO DIGITAL
9312,ANALISADOR DE IMAGENS
9313,REGRAF
9314,DOCUMENTOS GRAFICOS
9315,DOCUMENTOS DIGITALIZADOS
9316,INTERACAO
9317,CANVAS
9318,COMPONENTE DE INTERFACE
9319,SISTEMA DE AQUISICAO TOPOGRAFICA
9320,SISTEMAS DE TELECOMUNICACOES
9321,FENOMENOS DE PROPAGACAO
9322,ANTI-ALIASING
9323,IMAGENS SINTATICAS
9324,SISTEMA DE JANELAS
9325,AREAS OBSCURECIDAS
9326,MAPEAMENTO TOPOGRAFICO
9327,INTERFEROMETRIA
9328,IMAGENS SAR DO ERS-1IMAGENS DE RADAR
9329,SISTEMAS ARTICULADOS
9330,CORPOS ARTICULADOS
9331,ANIMACAO COMPUTADORIZADA
9332,GERACAO DE MOVIMENTOS
9333,BIBLIOTECA VOGL
9334,GRAFICOS MOLECULARES
9335,METHOD OF SEGMENTATION
9336,METHOD OF DESCRIPTION
9337,METHOD OF CLASSIFICATION
9338,FACIAL PROFILES
9339,RADIOGRAFIA
9340,NEUTRONS
9341,MODELO ESTOCASTICO
9342,PROCESSO ESTOCASTICO
9343,PHIGS
9344,GL
9345,SISTEMAS GRAFICOS
9346,VISUALIZACAO INTERATIVA
9347,CAMPOS ELETROMAGNETICOS
9348,SISTEMA GRAFICO INTERATIVO
9349,ANIMACAO FACIAL
9350,ELECTRONIC PRINTING
9351,DIGITAL HALFTONING
9352,DITHERING ALGORITHMS
9353,SPACE FILLING CURVES
9354,ADAPTIVE CLUSTERING
9355,ALGORITMO HIBRIDO
9356,RADIOSIDADE
9357,SISTEMA RADIORAY
9358,IMAGENS REALISTICAS
9359,COLOR TRANSFORMATION
9360,IMAGEM REALISTA
9361,MODELOS DE COR
9362,INTER-BANDAS
9363,PROCESSAMENTO DE IMAGEM
9364,FUNCAO ESPALHAMENTO PONTUAL
9365,METODOS DE RECONSTRUCAO DE IMAGENS
9366,HIPERBOLIZACAO QUADRATICA
9367,HISTOGRAMA
9368,REALCE DE IMAGENS
9369,SEGMENTACAO BINARIA
9370,MODAS CONDICIONAIS INTERATIVAS
9371,IMPLICIT OBJECTS
9372,BOCKSTEIN CONSTRAINT
9373,METHOD TO FIT ALGEBRAIC CURVES
9374,MODELADORES SOLIDOS
9375,GENESYS
9376,COGNICAO
9377,PERCEPCAO 3D
9378,SUPERFICIES ISOPOTENCIAL
9379,SISTEMA PARTIC
9380,DADOS BIOMEDICOS
9381,VOXEL TECNIQUES
9382,SISTEMA KROROS
9383,HOLOGRAMAS
9384,IMAGENS REALISTAS
9385,SUPERFICIES TRIDIMENSIONAIS
9386,MICROMAGICS
9387,INPE
9388,AVALIACAO DA PRECISAO
9389,SISTEMAS INTERATIVOS
9390,DISPOSITIVOS INTERATIVOS
9391,CLASSIFICACAO INDEPENDENTE DE APLICACAO
9392,CAPTURA DE DADOS
9393,DESENHOS DE ENGENHARIA
9394,SOFTWARE DEVELOPMENT TECHNIQUES
9395,OBJECT ORIENTED MODEL
9396,GUAIA
9397,DESENVOLVIMENTO DE DISPOSITIVOS
9398,METODO BAYESIANO
9399,MAPAS DE ISOVALORES
9400,DIGITALIZACAO DE MAPAS
9401,MODELAGEM DE TERRENOS
9402,GERACAO DE CONTORNOS
9403,PONTOS NO PLANO
9404,DADOS GEOREFERENCIADOS
9405,KIKO
9406,REPRESENTACAO DO MOVIMENTO HUMANO
9407,TECNOLOGIA DE SOFTWARE
9408,ANIMACAO DE COMPUTADOR
9409,FERRAMENTA PARA ANIMACAO
9410,INTEGRACAO DE SISTEMAS
9411,DESCRICAO DE CENAS
9412,TOOKIMA
9413,ANIMACAO CINEMATICA
9414,IMAGEM DIGITAL
9415,PIXELWARE
9416,ALGORITMO PARALELO DE AFINAMENTO
9417,DESCRICAO ESTRUTURAL
9418,CARACTERISTICAS TOPOLOGICAS
9419,APRENDIZADO DE MAQUINA
9420,CARACTERES COM VARIACOES DE ESCALA
9421,CARACTERES COM VARIACOES DE ROTACAO
9422,CARACTERES COM VARIACOES DE TRANSLACAO
9423,SUBSUMPTION ARCHITECTURES
9424,MODELO DE CONTROLE
9425,METODO SALTYKOV
9426,MODELOS POLIGONAIS
9427,IMAGENS DIGITAIS
9428,SURFACE MODELING
9429,TEXTURE TECHNIQUES
9430,LIBTEX
9431,ESCALAS EM GRAFICOS
9432,DETERMINACAO AUTOMATICA
9433,ACHILLES
9434,MODO DE CAMINHAR DE DEFICIENTES FISICOS
9435,SISTEMA PROTOTIPO
9436,IMAGENS ANGIOGRAFICAS
9437,SISTEMA DE DIGITALIZACAO
9438,SISTEMA DE PROCESSAMENTO
9439,IMPRESSOES DIGITAIS
9440,CAGID
9441,ANALISE DE FOURIER
9442,AMBIENTE DE PROCESSAMENTO DE SINAIS E IMAGENS
9443,CLASSIFICACOES TEXTURAIS
9444,METODO DE DISTANCIA EUCLIDIANA
9445,REGISTRO ESPACIAL DE IMAGENS
9446,IMAGENS SOBREPOSTAS
9447,REGISTRO LOCAL
9448,REGISTRO GLOBAL
9449,IMAGEM CODIGO
9450,ALGORITMO PARA LOCALIZACAO
9451,MODELO BINARIO DE CORRESPONDENCIA
9452,IMAGENS MONOCROMATICAS
9453,TECNICA DE CODIFICACAO
9454,PROCESSO DE VETORIZACAO DE MAPAS
9455,X WINDOW
9456,SISTEMA INTEGRADO DE SUPERVISAO
9457,REDES DE TELECOMUNICACOES
9458,DOCUMENTOS HISTORICOS
9459,BANCO DE DADOS DE IMAGENS
9460,PROCESSO DE CONSERVACAO
9461,PROCESSO DE RESTAURACAO
9462,METODO Z-BUFFER
9463,ARQUITETURAS DE MATRIZ
9464,PROCESSADOR ARRAY
9465,ANIMACAO POR COMPUTADOR
9466,MODELAGEM FISICA
9467,SIMULACAO DO MOVIMENTO
9468,SISTEMAS DE INFORMACOES GEOGRAFICAS
9469,TRATAMENTO DE DADOS EM ESCALAS
9470,ANIMACOES TRIDIMENSIONAIS
9471,LINGUAGENS DE MODELAGEM
9472,UTILITARIOS PARA VISUALIZACAO
9473,DEFINICAO DE CENA
9474,CORPOS RIGIDOS
9475,CONTROLE DE MOVIMENTO
9476,NUCLEO PARA AMBIENTE GRAFICO
9477,MANIPULACAO DE IMAGENS
9478,RESSONANCIA MAGNETICA
9479,PROCESSADOR GRAFICO
9480,INTERPOL3D
9481,SUPERFICIES BEZIER
9482,SISTEMA DE ANIMACAO TRIDIMENSIONAL
9483,INTERPOLACAO DE FORMAS
9484,MODELACAO GEOMETRICA 3D
9485,EDICAO GRAFICA 2D
9486,APROXIMACAO E INTERPOLACAO SPLINE
9487,CGI-INESC
9488,VISTA GRAPHICS
9489,IRRIGRAPHOS
9490,SISTEMAS DE IRRIGACAO
9491,DESENHOS TOPOGRAFICOS
9492,ARQUITETURA HIDRAULICA
9493,SISTEMA DE SEGMENTACAO
9494,SISTEMA DE CLASSIFICACAO
9495,IMAGENS DE SATELITE
9496,ANALISE DE IMAGEM
9497,GEOPROCESSAMENTO
9498,SISTEMA ORIENTADO A OBJETOS
9499,PACOTE GRAFICO
9500,IMAGENS DE SATELITES METEOROLOGICOS
9501,SOBREPOSICAO DE IMAGENS
9502,ANALISE DA PROLIFERACAO DE IMAGENS
9503,RECONSTRUCTING THE IMAGE
9504,APLICACOES EM MEDICINA LEGAL
9505,EXTRACAO DE MEDIDAS
9506,IMAGENS DE OSSOS DO ESQUELETO HUMANO
9507,INTERFACE DO USUARIO
9508,MODELO DIGITAL DO TERRENO
9509,MDT
9510,ESTRUTURA OCTREE
9511,ESPACO EUCLIDIANO
9512,CRIACAO
9513,MANUTENCAO
9514,MODELAGEM DE OBJETOS
9515,SUPERFICIES PARAMETRICAS
9516,METODOS SIMPLICIAIS
9517,VARIEDADES DEFINIDAS IMPLICITAMENTE
9518,SUBDIVISAO ESPACIAL E CRITERIOSDE PODA DO ESPACO
9519,EDITOR INTELIGENTE
9520,EGI
9521,PROCESSADORES DE SINAIS DIGITAIS
9522,MAQUINA ESTRUTURADA
9523,FLYNN MIMD
9524,PROCESSADORES DSPS
9525,TRANSPUTER
9526,BENCHMARK CRUZ ABINGDON
9527,EDGE SOBEL DETECCAO DE HOUGH
9528,BIT MASKS
9529,PREFILTERING IMAGE
9530,AERO-TRANSPORTADO
9531,MODELO DE DOPPLER
9532,METODO DIFERENCIAL PARAMETRICO
9533,GERACAO DE IMAGENS
9534,COMPUTADOR E ARTE
9535,EXPRESSAO ARTISTICA
9536,BEZIER4D
9537,AMBIENTE PARA MODELAGEM
9538,SINTESE DE IMAGENS
9539,FOTO-REALISTICAS
9540,PROSIM
9541,PYRAMID-BASED DITHERING
9542,ICONUS
9543,SISTEMAS GERENCIADORES
9544,INTERPRETACAO GRAFICA
9545,SISTEMA GAELI
9546,REPRESENTACOES GRAFICAS
9547,GAMAT2
9548,GERADOR AUTOMATICO DE MALHAS PROGRAMA
9549,GERACAO AUTOMATICA
9550,SISTEMAS DE AUXILIO
9551,PECAS FORJADAS
9552,ESTACOES GRAFICAS
9553,ESTACAO PESSOAL GRAFICA
9554,LABORATORIO DE SISTEMAS INTEGRAVEIS
9555,CALIBRACAO DE PARAMETROS
9556,LOGICA NEBULOSA
9557,PROGRAMACAO LOGICA
9558,DIAGRAMAS UNIFILARES
9559,LINGUAGEM LOGICA
9560,PROLOG
9561,ROTINAS GRAFICAS
9562,SIMULADOR DE BAIXO CUSTO
9563,CONTROLADORES DE TRAFEGO AEREO
9564,SIMULACAO MOVIMENTOS EM MICROCOMPUTADORES
9565,SIMULADOR DE VOO
9566,LINGUAGEM PASCAL
9567,MOL3D
9568,SOFTWARE GRAFICO
9569,ESTRUTURAS MOLECULARES
9570,SISTEMA DE TRATAMENTO DE IMAGENS
9571,COORDENADAS LOGPOLARES
9572,VISION POR COMPUTADORA
9573,IMAGO
9574,PROCESSAMENTO DIGITAL DE IMAGENS
9575,DESENVOLVIMENTO DE SOFTWARES
9576,PUC-RIO
9577,TECGRAF
9578,ESTACAO DE TRABALHO
9579,EG-8801
9580,WINDOW SYSTEMS
9581,SISTEMA MULTITRANSPUTADOR
9582,PLACA GRAFICA
9583,AMPLO
9584,BASE DE DADOS
9585,MECANISMOS GRAFICOS
9586,SISTEMAS DIGITAIS
9587,CONVOLUCIONADOR DE IMAGENS
9588,ORIENTACAO DE SUPERFICIES
9589,ILUMINACAO NATURAL
9590,SUPERFICIES PLANAS
9591,INTERPRETACAO DE IMAGENS
9592,GRAFIM
9593,TRIANGULARIZACAO AUTOMATICA
9594,METODO PARA TRIANGULARIZACAO
9595,ARMAZENAMENTO DE MAPAS
9596,MODELO VETORIAL
9597,CARTOGRAFIA AUTOMATIZADA
9598,MAPAS POLIGONAIS
9599,CURVAS SPLINES
9600,SUPERFICIES SPLINES
9601,TECNICAS DE FILTRAGEM
9602,SUAVIZACAO DE CURVAS
9603,SUAVIZACAO DE SUPERFICIES
9604,INTERPOLACAO DE CURVAS
9605,INTERPOLACAO DE SUPERFICIES
9606,GRAU ARBITRARIO
9607,SPLINE CUBICO
9608,REDES ARTIFICIAIS
9609,NEURONIOS LINEARES
9610,CARACTERES DE ROTACAO
9611,ADALINE
9612,WIDROW-HOFF
9613,CONVERGENCIA
9614,MASCARAS BINARIAS
9615,OCR
9616,RECONHECIMENTO OPTICO DE CARACTERES
9617,SISTEMAS AUTOMATICOS
9618,CARACTERES IMPRESSOS
9619,RECONHECIMENTO AUTOMATICO
9620,TEXTOS IMPRESSOS
9621,ASCII
9622,CONVERSAO AUTOMATICA
9623,SUPERFICIES CURVAS
9624,LINHAS OCULTAS
9625,MODELOS TRIDIMENSIONAIS
9626,IMAGENS COLORIDAS
9627,OTIMIZACAO
9628,IMPRESSAO DE IMAGENS
9629,DISPOSITIVO MONOCROMATICO
9630,COMPUTER MODEL
9631,PINSCREEN SIMULATION
9632,PGC
9633,IMAGENS TRIDIMENSIONAIS
9634,LINHAS DE IMAGEM
9635,BLOCOS UNIDIMENSIONAIS LINEARES
9636,FLUXO OTICO
9637,METODO DE SEGMENTACAO
9638,CLASSIFICACAO AUTOMATICA
9639,OBJETOS EM MOVIMENTO
9640,PSEUDOCOR
9641,MELHORAMENTO
9642,USO DA COR
9643,ALGORITMOS DE COLORACAO
9644,CONVOLUCAO CUBICA
9645,DIZIMACAO
9646,CODIFICACAO DE PIRAMIDES
9647,TECNOLOGIA CMOS
9648,OPERADOR DE ROBERTS
9649,PARAMETROS INFLUENTES
9650,CALIBRACAO DE UMA CAMERA CCD
9651,CIRCUITOS PROCESSADORES ESPECIALIZADOS
9652,ESFORCO COMPUTACIONAL
9653,MINIMIZACAO
9654,SISTEMA DE VISAO BINARIA
9655,ROBOS INDUSTRIAIS
9656,SPTGI
9657,SISTEMA PROGRAMACIONAL PARA TERMINAIS GRAFICOS INTELIGENTES
9658,PN25
9659,PROCESSADOR DE ALTO DESEMPENHO
9660,PROCESSADOR NUMERICO
9661,PROCESSAMENTO GRAFICO
9662,MODULO DE AQUISICAO
9663,SISTEMA DE AQUISICAO DE IMAGENS
9664,DATANAV
9665,CONSOLE RADAR
9666,TERMINAL GRAFICO
9667,PROJETO SITAN
9668,MARINHA BRASILEIRA
9669,SISTEMAS DIGITALIZADORES
9670,SISTEMA DIGITALIZADOR DE IMAGEM
9671,SIMD SYSTEM
9672,GAPP
9673,ESTACOES DE TRABALHO
9674,SISTEMA PP
9675,TELEBRAS
9676,PROCESSADORES GRAFICOS
9677,TMS34010
9678,IMAGEM EM TOMOGRAFIA
9679,RMN
9680,CONTROLADOR DE VIDEO
9681,SOFTWARES DE APOIO
9682,PROCESSAMENTO PARALELO
9683,TRANSPUTADORES
9684,OCCAM
9685,METODOLOGIA
9686,DENSIFICACAO
9687,GRADE REGULAR RETANGULAR
9688,REPRESENTACAO DE ARCOS
9689,CURVAS DE BEZIER
9690,SUPERFICIES BICUBICAS
9691,DETERMINACAO DE CURVAS DE NIVEL
9692,TOPOGRAFIA
9693,ACTOR SYSTEMS
9694,METODO DIRETO DE FOURIER
9695,METODO ARRAY PROCESSOR
9696,ARRAY PROCESSORS
9697,AUTOMATIC CORONARY ARTERY
9698,AVALIACAO DA TOMOGRAFIA
9699,TOMOGRAFIA MIOCARDICA
9700,FOTON UNICO
9701,ENTROPIA
9702,MAPAS CARTOGRAFICOS
9703,SISTEMA PARA O PROCESSAMENTO DE LINEAMENTOS
9704,SISTEMA PARA ANALISE DE LINEAMENTOS
9705,FEICOES LINEARES GEOLOGICAS
9706,FRATURAS
9707,BANCO DE DADOS INTERATIVO
9708,OPTIMIZACAO DO TRAJECTO DE CORTE EM MAPAS
9709,CORTE EM MAPAS DE FORMAS IRREGULARES
9710,MODELOS ARMA
9711,PADROES GRAFICOS
9712,GRAPHICS KERNEL SYSTEM
9713,GKS-VM
9714,ESTACOES VIRTUAIS
9715,CONCEITOS
9716,INTERFACE PADRONIZADA
9717,EXTENSOES
9718,COMPUGRAFIA
9719,TERMINOLOGIA EM CIENCIA DA COMPUTACAO
9720,DEFINICOES
9721,VOCABULARIO
9722,PADRAO GRAFICO GKS
9723,NUCLEO GRAFICO
9724,APLICATIVO GRAFICO
9725,IMAGE DESCRIPTION
9726,SEQUENCE OF IMAGES
9727,METALOGRAFIA QUANTITATIVA
9728,FRACAO VOLUMETRICA
9729,DESCRICAO DE MICROESTRUTURAS
9730,ANALISE DE MICROESTRUTURAS
9731,QUANTIFICACAO DE MICROESTRUTURAS
9732,TRATAMENTO DIGITAL
9733,PUC-RJ
9734,NIVELES DE INTENSIDAD
9735,INTESID CONTINUA
9736,ALGORITMO PARA IMAGENES
9737,METODOS DE INTERPOLACAO
9738,SPLINES CUBICAS
9739,IMAGENS DIGITALIZADAS
9740,RECONSTRUCAO DE SINAIS DIGITAIS
9741,REDES POLIFASICAS
9742,MALHAS POLIFASICAS
9743,IMAGENS MICRO-OPTICAS
9744,FFTEX
9745,PROCESSAMENTO DIGITAL DE SINAIS
9746,RNM
9747,RETRISE
9748,CORTES SERIAIS
9749,TECNICAS DE MODELAGEM
9750,RECONSTRUCAO DE FORMAS 3D
9751,METODO RAY-TRACING
9752,SISTEMA DE CARTOGRAFIA
9753,CONSTRUCAO DE MAPAS
9754,POS2D
9755,PROGRAMA GRAFICO
9756,ANALISE DE ESTRUTURAS BI-DIMENSIONAIS
9757,ESTRUTURAS AXISSIMETRICAS
9758,METEOROLOGICAL CHARTS
9759,CADIN
9760,SISTEMA DE DESENHO ASSISTIDO POR COMPUTADOR
9761,INDUSTRIA DE CONFECCOES
9762,INDUSTRIAS TEXTEIS
9763,SED
9764,SISTEMA DE EDICAO DE DIAGRAMAS
9765,SINOTICOS
9766,FLUXOGRAMAS
9767,SIMBOLOS PICTORICOS
9768,PROJETO CADMAC
9769,PROJETO LOGICO
9770,SISTEMA DE PINTURA PINTOR
9771,INTERFACE ICONOGRAFICA
9772,SOFTWARE BASICO
9773,PRODUCAO DE DIAGRAMAS
9774,CMP
9775,CONSTRUCAO DE POLIEDROS
9776,CONSTRUCAO MANIPULACAO
9777,CONSTRUCAO E MANIPULACAO DE POLIEDROS
9778,EGIDE
9779,TRATAMENTO DE REDES
9780,RESOLUCAO ESPACIAL
9781,SATELITE BRASILEIRO
9782,DISCRIMINACAO DE TEXTURAS
9783,REPRESENTACAO SIMBOLICA
9784,DADOS VISUAIS
9785,ANALISE DINAMICA DE ESTRUTURAS
9786,ADIV-FR
9787,OBJETOS COM SIMETRIA AXIAL
9788,SISTEMA PARA RECONHECIMENTO DE FORMAS
9789,CONTORNOS DE OBJETOS
9790,PROGRAMA DE SIMULACAO
9791,DADOS DE PROJECAO
9792,CONSTRUCAO DE RISCADAS
9793,ABORDAGEM HEURISTICA
9794,ESTAMPAGEM
9795,ESTILISMO
9796,EDITORES GRAFICOS
9797,INDUSTRIA DA MODA
9798,GERADOR DE PADROES
9799,INDUSTRIA TEXTIL
9800,EDITOR DE CARACTERES
9801,EXIBICAO TRIDIMENSIONAL DE TEXTOS
9802,PROJETO SEE
9803,SISTEMA ESPECIALISTA EUCLIDIANO
9804,PROCESSO INTERATIVO
9805,FORMAS VISUAIS
9806,UNIVERSIDADE DE BRASILIA
9807,SITIM
9808,FACETAS CURVILINEAS
9809,RELATORIO DE PROJETO
9810,MODELOS DIGITAIS
9811,AREAS DE REFLORESTAMENTO
9812,INTERPOLACAO DE FUNCOES MATEMATICAS
9813,INTERPOLACAO POR FUNCOES PONDERADAS
9814,INTERPOLACAO POLINOMIAIS
9815,TRACADO VETORIAL DE CONICAS
9816,MAPAS DE CURVAS DE NIVEL
9817,METODO DE TRACADO
9818,MODELO DE DADOS GEO-RELACIONAL
9819,SISTEMA GEOGRAFICO DE INFORMACOES
9820,INFORMACOES CARTOGRAFICAS
9821,BANCO DE DADOS RELACIONAL
9822,REGULARIZACAO
9823,ENCADEAMENTO
9824,ISOPLETAS
9825,CURVAS DE CONTROLE
9826,CONVERSAO DE DADOS
9827,FORMATO VARREDURA
9828,FORMATO VETORIAL
9829,SISTEMA INTERATIVO
9830,MAPEAMENTO DE ISOLINHAS
9831,SIMTRI
9832,FUNCOES DE INTERPOLACAO
9833,PROGRAMA GERADOR DE MAPAS
9834,PMG
9835,MAPEAMENTO GEOLOGICO AUTOMATIZADO
9836,PETROBRAS
9837,OPERACOES COM VARIAVEIS
9838,LEITURA COM VARIAVEIS
9839,CONSTRUCAO DE MALHAS
9840,APRESENTACAO GRAFICA
9841,MODELOS GEOLOGICOS
9842,SISTEMA GRAFICO DE APOIO
9843,INTERPRETACAO GEOLOGICA
9844,EDICAO GRAFICA INTERATIVA
9845,ARQUITETURA GERAL
9846,GEOMAP
9847,STRIPPING CORRECTION OF SPOT IMAGES
9848,REDUCAO DE IMAGEM
9849,ESTUDO DE CASO
9850,SOLO URBANO
9851,MAPEAMENTO DE USO
9852,TRANSFORMACOES IHS
9853,FOTOINTERPRETACAO DE IMAGENS
9854,PREPROCESADOR DE IMAGENES DE ALTA EFICIENCIA
9855,PROCESAMIENTO DE IMAGENES
9856,RESTAURACAO DE RADIO-IMAGENS
9857,IMAGENS SOLARES
9858,OBSERVATORIO RADIOASTRONOMICO
9859,ITAPETINGA
9860,FILTRIX
9861,SOFTWARE PARA FILTRAGEM ESPACIAL DE IMAGENS
9862,PACOTE DE SOFTWARE MODULAR
9863,ALGORITMOS DE FILTRAGEM ESPACIAL
9864,SEGMETRIX
9865,TECNICAS DE SEGMENTACAO
9866,MODELOS AUTORREGRESSIVOS
9867,SARVI
9868,SISTEMA DE ARMAZENAMENTO
9869,SISTEMA DE RECUPERACAO
9870,IMAGENS DE AUTOMACAO DE ESCRITORIO
9871,BANCO DE IMAGENS
9872,PROGRAMAS DE ARMAZENAMENTO DE IMAGENS
9873,PROGRAMAS PARA RECUPERACAO DE IMAGENS
9874,ARQUITETURA DE COMPUTADOR
9875,LABORATORIO DE INSTRUMENTACAO ELETRONICA
9876,LIE
9877,IFQSC
9878,DESENVOLVIMENTO DE SISTEMAS
9879,ALGORITMOS PARA A SINTESE DE CENAS
9880,OBJETOS SINTETIZADOS
9881,ADQUIRIDOS OBJETOS
9882,OBJETOS TRIDIMENSIONAIS
9883,ANIMED
9884,SISTEMA EXTENSIVEL
9885,SPA
9886,: RASTREADOR DE RAIOS
9887,RAY TRACER
9888,TECNICAS DE PRODUCAO DE IMAGENS
9889,DIGITAL PICTURE (IMAGE)
9890,INDUSTRIA DE CORTICA
9891,CLASSIFICACAO AUTOMATIZADA
9892,ROBOTICA
9893,PROJETOS
9894,LNETI
9895,LABORATORIO NACIONAL DE ENGENHARIA E TECNOLOGIA INDUSTRIAL
9896,PORTUGAL
9897,MODELOS FRACTAIS
9898,SUPERFICIES NATURAIS
9899,SISTEMA RECONHECEDOR DE IMAGENS DE DIAGRAMAS ELETRICOS E ELETRONICOS
9900,SRIDE
9901,PADROES BI-DIMENSIONAIS
9902,METODOS DE RECONHECIMENTO
9903,SISTEMA GRAFICO DE RECONHECIMENTO SINTATICO
