Institute of Informatics,,,
Kohn Pedersen Fox Associates PC,Internacional,,
SENAI Innovation Institute for Integrated Solutions in Metalmechanics,,,
Volkweis Dermatologia,,,
Kyndryl Holdings,,,
Motora Technologies,,,
Samsung R&D Brazil,São Paulo,SP,Sudeste
"Hewlett Packard Enterprise, Brazil",São Paulo,SP,Sudeste
"Laboratório de Computação Aplicada, Instituto Tecnológico Vale (iTV), Brazil",Para,PA,Norte
Department of Computer Science,,,
Instituto de engenharia de sistemas e tecnologia da informação,,,
Graduate Program in Biomedical Engineering,,,
Graduate Program in Electrical and Computer Engineering,,,
"Department of Electrical Engineering, Brazil",,,
Clínica Otocenter,,,
AT&T Research,Internacional,,
"Res. in Artificial & Natural Intell., Brazil",,,
"IPA, Brazil",Rio Grande do Sul,RS,Sul
"Wernher von Braun Center, Brazil",São Paulo,SP,Sudeste
"Instituto de Informática, Brazil",Rio Grande do Sul,RS,Sul
"ARTIS/GRAVIR/IMAG-INRIA, Brazil",,,
"Department of Computer Science, ICAD, Inc., Brazil",Rio de Janeiro,RJ,Sudeste
"Department of Mechanical Engineering, ICAD, Inc., Brazil",Rio de Janeiro,RJ,Sudeste
"SDC Engenharia, Brazil",São Paulo,SP,Sudeste
Departamento de Informática do Colégio Objetivo,São Paulo,SP,Sudeste
Leonardo Electronic Almanac (LEA),,,
Ital-TBS,,,
CRS-TBS,,,
Département Electronique de Ecole Nationale Supérieure des Télécommunications,Internacional,,
European Centre for Medium-Range Weather Forecasts (ECMWF),Internacional,,
Equipe Images Numériques et FOrmes DIScrètes du Institut Albert Bonniot,Internacional,,
Laboratoire de L’Informatique du Parallélisme (ENS Lyon),Internacional,,
Laboratório Nacional de Computação Gráfica (LNCC),Rio de Janeiro,RJ,Sudeste
Fundação CTI/IA,São Paulo,SP,Sudeste
Centro Científico Rio da IBM Brasil,Rio de Janeiro,RJ,Sudeste
Department of Computing Mathematics (UWCC),,,
Embrapa Informática Agropecuária (CNPTIA),São Paulo,SP,Sudeste
Departamento de exploração Petrobrás- Petróleo Brasileiro S.A.,Rio de Janeiro,RJ,Sudeste
Laboratório Nacional de Computação Científica (LNCC),Rio de Janeiro,RJ,Sudeste
Departamento de Exploração (Depex) do PETROBRÁS-Petróleo Brasileiro S.A.,Rio de Janeiro,RJ,Sudeste
Núcleo de Monitoramento Ambiental (NMA) da Embrapa,Mato Grosso,MT,Centro-Oeste
Informática Médica do Hospital do Aparelho Locomotor Sarah Kubitscheck,Distrito Federal,DF,Centro-Oeste
IBM Brasil- Centro Científico Rio,Rio de Janeiro,RJ,Sudeste
Centro Científico Rio (CCRio) da IBM Brasil,Rio de Janeiro,RJ,Sudeste
Instituto Superior de Ciências do Trabalho e da Empresa (ISCTE),Internacional,,
Companhia Portuguesa Radio Marconi (CPRM),Internacional,,
Associação para o Desenvolvimento das Telecomunicações e Técnicas de Informática (ADETTI),Internacional,,
Centre d’ Imagerie Médicale Avancé (CIMA) de Université de Technologie de Compiègne (UTC),Internacional,,
Centro Nacional de Pesquisa e Desenvolvimento de Instrumentação Agropecuária (CNPDIA) da Embrapa,São Paulo,SP,Sudeste
Facultad de Ingeniería da Universidad de Mendonza,Internacional,,
Laboratório de CAD Inteligente (ICAD) da PETROBRÁS,Rio de Janeiro,RJ,Sudeste
PROMON Engenharia,São Paulo,SP,Sudeste
IBM Brasil – Centro Científico Rio,Rio de Janeiro,RJ,Sudeste
Fundação Centro Tecnológico para Informática (CTI),São Paulo,SP,Sudeste
Petróleo Brasileiro S.A. (PETROBRÁS),Rio de Janeiro,RJ,Sudeste
Equipamentos e Sistemas de Telecomunicações S.A. (EQUITEL),,,
Consórcio CTI do Banco do Brasil da Embrapa,Distrito Federal,DF,Centro-Oeste
PETROBRÁS,Rio de Janeiro,RJ,Sudeste
Instituto de Engenharia de Sistemas e Computadores (INESC-LISBOA),Internacional,,
Globo Computação Gráfica,Rio de Janeiro,RJ,Sudeste
Instituto de Tecnologia Eletro-Eletrônica (ITEEL),,,
DATANAV Engenharia LTDA,,,
Coordenadoria de Informática do Instituto do Coração (InCor),São Paulo,SP,Sudeste
Centro de Pesquisas e Desenvolvimento Leopoldo Américo Miguez de Mello CENPES/Petrobrás,Rio de Janeiro,RJ,Sudeste
Divisão de Processamento de Dados do Centro de Pesquisas de Energia Elétrica (CEPEL),Rio de Janeiro,RJ,Sudeste
SID Informática S/A,,,
Johnson e Johnson Baby Products Co.,Internacional,,
Divisão de Mecânica Estrutural do Departamento de Reatores do Instituto de Engenharia Nuclear (IEN),Rio de Janeiro,RJ,Sudeste
Laboratório Nacional de Engenharia e Tecnologia Industrial (LNETI),,,

****************************************************************
"Graduate Program in Computer Science, Pontifical Catholic University of Rio Grande do Sul",Rio Grande do Sul,RS,Sul,
"Graduate Program in Psychology, Pontifical Catholic University of Rio Grande do Sul",Rio Grande do Sul,RS,Sul,
"Graduate Program in Computer Science, Pontifical Catholic University of Rio Grande do Sul",Rio Grande do Sul,RS,Sul,
"School of Electrical and Computer Engineering, University of Campinas, Campinas, Brazil",São Paulo,SP,Sudeste,
"School of Electrical and Computer Engineering, University of Campinas, Campinas, Brazil",São Paulo,SP,Sudeste,
"School of Electrical and Computer Engineering, University of Campinas, Campinas, Brazil",São Paulo,SP,Sudeste,
Institute of Informatics,,,,
Institute of Informatics,,,,
Institute of Mathematics - Universidade Federal do Rio Grande do Sul,Rio Grande do Sul,RS,Sul
Institute of Informatics,,,,
"São Paulo State University (UNESP), Presidente Prudente, SP, Brazil",São Paulo,SP,Sudeste
"São Paulo State University (UNESP), Presidente Prudente, SP, Brazil",São Paulo,SP,Sudeste
"São Paulo State University (UNESP), Rio Claro, SP, Brazil",São Paulo,SP,Sudeste
Universidade Federal Fluminense,Rio de Janeiro,RJ,Sudeste
Universidade Federal Fluminense,Rio de Janeiro,RJ,Sudeste
Universidade Federal Fluminense,Rio de Janeiro,RJ,Sudeste
"University of Illinois, Chicago",Internacional,,
Universidade Federal Fluminense,Rio de Janeiro,RJ,Sudeste
Universidade Federal Fluminense,Rio de Janeiro,RJ,Sudeste
Massachusetts Institute of Technology,Internacional,,
New York University,Internacional,,
University of Illinois Chicago,Internacional,,
Universidade Federal de Pernambuco,Pernambuco,PE,Nordeste
New York University,Internacional,,
Kohn Pedersen Fox Associates PC,Internacional,,,S
Universidade Federal Fluminense,Rio de Janeiro,RJ,Sudeste
"CDTec - Federal University of Pelotas Pelotas, Rio Grande do Sul, Brazil",Rio Grande do Sul,RS,Sul
"Instituto Superior Técnico, University of Lisbon, Lisboa, Portugal",Internacional,,
"Instituto de Informatica, Federal University of Rio Grande do Sul, Porto Alegre, Brazil",Rio Grande do Sul,RS,Sul
"CDTec - Federal University of Pelotas Pelotas, Rio Grande do Sul, Brazil",Rio Grande do Sul,RS,Sul
"Universidade Federal do Pampa, Alegrete, Rio Grande do Sul, Brasil",Rio Grande do Sul,RS,Sul
"Universidade Federal do Pampa, Alegrete, Rio Grande do Sul, Brasil",Rio Grande do Sul,RS,Sul
"Universidade Federal do Pampa, Alegrete, Rio Grande do Sul, Brasil",Rio Grande do Sul,RS,Sul
"Universidade Federal do Pampa, Alegrete, Rio Grande do Sul, Brasil",Rio Grande do Sul,RS,Sul
"Universidade Federal do Pampa, Alegrete, Rio Grande do Sul, Brasil",Rio Grande do Sul,RS,Sul
"Depart. of Informatics, Federal University of Paraná, Curitiba, PR, Brazil",Paraná,PR,Sul
"University of Louisiana at Lafayette, USA",Internacional,,
"Depart. of Informatics, Federal University of Paraná, Curitiba, PR, Brazil",Paraná,PR,Sul
"unico - idTech, Brazil",São Paulo,SP,Sudeste
"unico - idTech, Brazil",São Paulo,SP,Sudeste
"Depart. of Informatics, Federal University of Paraná, Curitiba, PR, Brazil",Paraná,PR,Sul
"Department of Computer Science, Universidade Federal de Minas Gerais, Belo Horizonte, MG, Brazil",Minas Gerais,MG,Sudeste
"Department of Informatics, Universität Zürich, Zürich, ZH, Switzerland",Internacional,,
"Department of Computer Science, Universidade Federal de Minas Gerais, Belo Horizonte, MG, Brazil",Minas Gerais,MG,Sudeste
"Depart. of Informatics, Federal University of Paraná, Curitiba, PR, Brazil",Paraná,PR,Sul
"Federal Institute of Mato Grosso (IFMT), Pontes e Lacerda, Brazil",Mato Grosso,MT,Centro-Oeste
"Depart. of Informatics, Federal University of Paraná, Curitiba, PR, Brazil",Paraná,PR,Sul
"unico - idTech, Brazil",São Paulo,SP,Sudeste
"unico - idTech, Brazil",São Paulo,SP,Sudeste
"unico - idTech, Brazil",São Paulo,SP,Sudeste
"Depart. of Informatics, Federal University of Paraná, Curitiba, PR, Brazil",Paraná,PR,Sul
"Institute of Informatics, Federal University of Rio Grande do Sul",Rio Grande do Sul,RS,Sul
SENAI Innovation Institute for Integrated Solutions in Metalmechanics,,,,
"Institute of Informatics, Federal University of Rio Grande do Sul",Rio Grande do Sul,RS,Sul
SENAI Innovation Institute for Integrated Solutions in Metalmechanics,,,,
"Institute of Informatics, Federal University of Rio Grande do Sul",Rio Grande do Sul,RS,Sul
"Institute of Informatics, Federal University of Rio Grande do Sul",Rio Grande do Sul,RS,Sul
"Department of Computing, Visual Computing Lab, Universidade Federal Rural de Pernambuco (UFRPE), Brazil",Pernambuco,PE,Nordeste
"Department of Computing, Visual Computing Lab, Universidade Federal Rural de Pernambuco (UFRPE), Brazil",Pernambuco,PE,Nordeste
"Department of Computing, Visual Computing Lab, Universidade Federal Rural de Pernambuco (UFRPE), Brazil",Pernambuco,PE,Nordeste
"Department of Computing, Visual Computing Lab, Universidade Federal Rural de Pernambuco (UFRPE), Brazil",Pernambuco,PE,Nordeste
"Centro de Informatica - CIn, Universidade Federal de Pernambuco (UFPE), Brazil",Pernambuco,PE,Nordeste
"Center for Excellence in Social Technologies (NEES), Federal University of Alagoas, Brazil",Alagoas,AL,Nordeste
"Department of Computing, Visual Computing Lab, Universidade Federal Rural de Pernambuco (UFRPE), Brazil",Pernambuco,PE,Nordeste
"Center for Excellence in Social Technologies (NEES), Federal University of Alagoas, Brazil",Alagoas,AL,Nordeste
"Department of Computing, Visual Computing Lab, Universidade Federal Rural de Pernambuco (UFRPE), Brazil",Pernambuco,PE,Nordeste
"Department of Computer Science, Federal University of Juiz de Fora, Juiz de Fora, Brazil",Minas Gerais,MG,Sudeste
"Department of Computer Science, Federal University of Juiz de Fora, Juiz de Fora, Brazil",Minas Gerais,MG,Sudeste
"Department of Computer Science, Federal University of Juiz de Fora, Juiz de Fora, Brazil",Minas Gerais,MG,Sudeste
"ICOMP - Institute of Computing, Federal University of Amazonas, Manaus, Amazonas",Amazonas,AM,Norte
"ICOMP - Institute of Computing, Federal University of Amazonas, Manaus, Amazonas",Amazonas,AM,Norte
"ICOMP - Institute of Computing, Federal University of Amazonas, Manaus, Amazonas",Amazonas,AM,Norte
"University of São Paulo (USP), São Carlos - SP, Brazil",São Paulo,SP,Sudeste
"University of Campinas (UNICAMP), Campinas, SP, Brazil",São Paulo,SP,Sudeste
"University of São Paulo (USP), São Carlos - SP, Brazil",São Paulo,SP,Sudeste
"Computer Science Center (C3), Federal University of Rio Grande (FURG), Brazil",Rio Grande do Sul,RS,Sul
"Computer Science Center (C3), Federal University of Rio Grande (FURG), Brazil",Rio Grande do Sul,RS,Sul
"Computer Science Center (C3), Federal University of Rio Grande (FURG), Brazil",Rio Grande do Sul,RS,Sul
"Center for Social and Technological Sciences (PGEEC), Catholic University of Pelotas (UCPEL), Brazil",Rio Grande do Sul,RS,Sul
"Mathematics and Statistics Department, Federal University of Pelotas",Rio Grande do Sul,RS,Sul
"Institute of Informatics, Federal University of Rio Grande do Sul",Rio Grande do Sul,RS,Sul
"Federal University of Santa Maria, Santa Maria, Brazil",Rio Grande do Sul,RS,Sul
"Federal University of Santa Maria, Santa Maria, Brazil",Rio Grande do Sul,RS,Sul
"Federal University of Santa Maria, Santa Maria, Brazil",Rio Grande do Sul,RS,Sul
"Federal University of Santa Maria, Santa Maria, Brazil",Rio Grande do Sul,RS,Sul
"Institute of Geosciences and Exact Sciences, São Paulo State University, Rio Claro, Sao Paulo, Brazil",São Paulo,SP,Sudeste
"Institute of Geosciences and Exact Sciences, São Paulo State University, Rio Claro, Sao Paulo, Brazil",São Paulo,SP,Sudeste
"Institute of Geosciences and Exact Sciences, São Paulo State University, Rio Claro, Sao Paulo, Brazil",São Paulo,SP,Sudeste
"Institute of Geosciences and Exact Sciences, São Paulo State University, Rio Claro, Sao Paulo, Brazil",São Paulo,SP,Sudeste
"Departamento de Computação, Universidade Federal Rural de Pernambuco, Recife, PE, Brazil",Pernambuco,PE,Nordeste
"Voxar Labs-Centro de Informática, Universidade Federal de Pernambuco, Recife, PE, Brazil",Pernambuco,PE,Nordeste
"Faculty of Information Science and Electrical Engineering, Kyushu University, Fukuoka, Japan",Internacional,,
"NARA Institute of Science and Technology (NAIST), Nara, Japan",Internacional,,
"Voxar Labs-Centro de Informática, Universidade Federal de Pernambuco, Recife, PE, Brazil",Pernambuco,PE,Nordeste
"Center for Computational Science (C3), Federal University of Rio Grande (FURG), Rio Grande, Brazil",Rio Grande do Sul,RS,Sul
"Center for Computational Science (C3), Federal University of Rio Grande (FURG), Rio Grande, Brazil",Rio Grande do Sul,RS,Sul
"Center for Computational Science (C3), Federal University of Rio Grande (FURG), Rio Grande, Brazil",Rio Grande do Sul,RS,Sul
"Center for Computational Science-C3, Universidade Federal do Rio Grande - FURG, Rio Grande, Brazil",Rio Grande do Sul,RS,Sul
"Center for Computational Science-C3, Universidade Federal do Rio Grande - FURG, Rio Grande, Brazil",Rio Grande do Sul,RS,Sul
"Center for Computational Science-C3, Universidade Federal do Rio Grande - FURG, Rio Grande, Brazil",Rio Grande do Sul,RS,Sul
"Center for Computational Science-C3, Universidade Federal do Rio Grande - FURG, Rio Grande, Brazil",Rio Grande do Sul,RS,Sul
"Center for Computational Science-C3, Universidade Federal do Rio Grande - FURG, Rio Grande, Brazil",Rio Grande do Sul,RS,Sul
"Center for Computational Science-C3, Universidade Federal do Rio Grande - FURG, Rio Grande, Brazil",Rio Grande do Sul,RS,Sul
"Center for Computational Science-C3, Universidade Federal do Rio Grande - FURG, Rio Grande, Brazil",Rio Grande do Sul,RS,Sul
"Center for Computational Science-C3, Universidade Federal do Rio Grande - FURG, Rio Grande, Brazil",Rio Grande do Sul,RS,Sul
"Department of Computing, Universidade Federal Rural de Pernambuco, Recife, Brazil",Pernambuco,PE,Nordeste
"Department of Computing, Visual Computing Lab, Universidade Federal Rural de Pernambuco, Recife, Brazil",Pernambuco,PE,Nordeste
"Depart. of Informatics, Federal University of Paraná, Curitiba, PR, Brazil",Paraná,PR,Sul
"unico - idTech, Brazil",São Paulo,SP,Sudeste
"unico - idTech, Brazil",São Paulo,SP,Sudeste
"unico - idTech, Brazil",São Paulo,SP,Sudeste
"Depart. of Informatics, Federal University of Paraná, Curitiba, PR, Brazil",Paraná,PR,Sul
"Alegrete, Federal University of Pampa (UNIPAMPA), RS, Brazil",Rio Grande do Sul,RS,Sul
"Alegrete, Federal University of Pampa (UNIPAMPA), RS, Brazil",Rio Grande do Sul,RS,Sul
"Bagé, RS, Brazil",Rio Grande do Sul,RS,Sul
"Institute of Computing, University of Campinas (UNICAMP), Brazil",São Paulo,SP,Sudeste
"Department of Information Engineering and Computer Science, University of Trento (UniTN), Italy",Internacional,,
"Department of Computing, Federal University of são Carlos (UFSCar), Brazil",São Paulo,SP,Sudeste
"Computing Department, São Paulo State University (UNESP), Bauru, Brasil",São Paulo,SP,Sudeste
"Computing Department, São Paulo State University (UNESP), Bauru, Brasil",São Paulo,SP,Sudeste
"Computing Department, São Paulo State University (UNESP), Bauru, Brasil",São Paulo,SP,Sudeste
"Computing Department, São Paulo State University (UNESP), Bauru, Brasil",São Paulo,SP,Sudeste
"School of Electrical and Electronic Engineering, The University of Manchester, Manchester, United Kingdom",Internacional,,
"Universidade Federal Fluminense (UFF), Niterói, Brazil",Rio de Janeiro,RJ,Sudeste
"Universidade Federal Fluminense (UFF), Niterói, Brazil",Rio de Janeiro,RJ,Sudeste
"Universidade Federal Fluminense (UFF), Niterói, Brazil",Rio de Janeiro,RJ,Sudeste
"Universidade Federal Fluminense (UFF), Niterói, Brazil",Rio de Janeiro,RJ,Sudeste
"Universidade Federal Fluminense (UFF), Niterói, Brazil",Rio de Janeiro,RJ,Sudeste
"Inria Chile Research Center, Las Condes, Chile",Internacional,,
"School of Arts, Sciences and Humanities University of São Paulo, São Paulo, Brazil",São Paulo,SP,Sudeste
"School of Arts, Sciences and Humanities University of São Paulo, São Paulo, Brazil",São Paulo,SP,Sudeste
"School of Arts, Sciences and Humanities University of São Paulo, São Paulo, Brazil",São Paulo,SP,Sudeste
"Department of Computer Science, Universidade Federal de Minas Gerais, Brazil",Minas Gerais,MG,Sudeste
"Department of Computer Science, Universidade Federal de Minas Gerais, Brazil",Minas Gerais,MG,Sudeste
"Computing Science and Mathematics, University of Stirling, United Kingdom",Internacional,,
"Department of Computer Science, Universidade Federal de Minas Gerais, Brazil",Minas Gerais,MG,Sudeste
"Department of Computer Science, University of Sheffield, United Kingdom",Internacional,,
"Venturus - Innovation & Technology, Campinas, SP, Brazil",São Paulo,SP,Sudeste
"Venturus - Innovation & Technology, Campinas, SP, Brazil",São Paulo,SP,Sudeste
"Institute of Computing, University of Campinas, Campinas, SP, Brazil",São Paulo,SP,Sudeste
"Venturus - Innovation & Technology, Campinas, SP, Brazil",São Paulo,SP,Sudeste
"Venturus - Innovation & Technology, Campinas, SP, Brazil",São Paulo,SP,Sudeste
"Venturus - Innovation & Technology, Campinas, SP, Brazil",São Paulo,SP,Sudeste
"Compal - Electronics Inc., Taipei, Taiwan",Internacional,,
"Institute of Computing, University of Campinas, Campinas, SP, Brazil",São Paulo,SP,Sudeste
Federal University of ABC - UFABC - Brazil,São Paulo,SP,Sudeste
Federal University of ABC - UFABC - Brazil,São Paulo,SP,Sudeste
Cancer Institute of the State of São Paulo - ICESP - Brazil,São Paulo,SP,Sudeste
"Department of Informatics, Universidade Federal de Viçosa - UFV, Viçosa, Brazil",Minas Gerais,MG,Sudeste
"Department of Informatics, Universidade Federal de Viçosa - UFV, Viçosa, Brazil",Minas Gerais,MG,Sudeste
"Department of Production Engineering, Universidade Federal Fluminense - UFF, Petrópolis, Brazil",Rio de Janeiro,RJ,Sudeste
"Department of Informatics, Universidade Federal de Viçosa - UFV, Viçosa, Brazil",Minas Gerais,MG,Sudeste
"Department of Informatics, Universidade Federal de Viçosa - UFV, Viçosa, Brazil",Minas Gerais,MG,Sudeste
"Intelligent Vision Research Lab, Institute of Computing, University Federal of Bahia",Bahia,BA,Nordeste
"Department of Periodontics, Federal University of Bahia",Bahia,BA,Nordeste
"Intelligent Vision Research Lab, Institute of Computing, University Federal of Bahia",Bahia,BA,Nordeste
"Video Technology Research Group - ViTech, Graduate Program in Computing - PPGC, Federal University of Pelotas - UFPel, Pelotas, Brazil",Rio Grande do Sul,RS,Sul
"Video Technology Research Group - ViTech, Graduate Program in Computing - PPGC, Federal University of Pelotas - UFPel, Pelotas, Brazil",Rio Grande do Sul,RS,Sul
"Video Technology Research Group - ViTech, Graduate Program in Computing - PPGC, Federal University of Pelotas - UFPel, Pelotas, Brazil",Rio Grande do Sul,RS,Sul
"Video Technology Research Group - ViTech, Graduate Program in Computing - PPGC, Federal University of Pelotas - UFPel, Pelotas, Brazil",Rio Grande do Sul,RS,Sul
"Video Technology Research Group - ViTech, Graduate Program in Computing - PPGC, Federal University of Pelotas - UFPel, Pelotas, Brazil",Rio Grande do Sul,RS,Sul
"Department of Informatics, Federal University of Paraná, Curitiba, PR, Brazil",Paraná,PR,Sul
"Federal Institute of Paraná, Irati, Brazil",Paraná,PR,Sul
"Department of Informatics, Federal University of Paraná, Curitiba, PR, Brazil",Paraná,PR,Sul
"Department of Informatics, Universidade Federal de Viçosa - UFV, Viçosa, Brazil",Minas Gerais,MG,Sudeste
"Department of Informatics, Universidade Federal de Viçosa - UFV, Viçosa, Brazil",Minas Gerais,MG,Sudeste
"Department of Informatics, Universidade Federal de Viçosa - UFV, Viçosa, Brazil",Minas Gerais,MG,Sudeste
"Institute of Informatics, Federal University of Rio Grande do Sul",Rio Grande do Sul,RS,Sul
"Institute of Informatics, Federal University of Rio Grande do Sul",Rio Grande do Sul,RS,Sul
"University of São Paulo, São Carlos, São Paulo",São Paulo,SP,Sudeste
"University of São Paulo, São Carlos, São Paulo",São Paulo,SP,Sudeste
"Informatics Department, Federal University of Maranhão, São Luis, Maranhão",Maranhão,MA,Nordeste
"Informatics Department, Federal University of Maranhão, São Luis, Maranhão",Maranhão,MA,Nordeste
"Researcher at the IPT - Institute for Technological Research of the State of São Paulo, Brazil",São Paulo,SP,Sudeste
"University of São Paulo, Institute of Mathematics and Statistics, São Paulo, SP, Brazil",São Paulo,SP,Sudeste
"Instituto de Ciência e Tecnologia, São José dos Campos, SP, Brazil",São Paulo,SP,Sudeste
"University of São Paulo, Institute of Mathematics and Statistics, São Paulo, SP, Brazil",São Paulo,SP,Sudeste
"Graduate Program in Computer Science, Pontifical Catholic University of Rio Grande do Sul, Porto Alegre, RS, Brazil",Rio Grande do Sul,RS,Sul
"Graduate Program in Computer Science, Pontifical Catholic University of Rio Grande do Sul, Porto Alegre, RS, Brazil",Rio Grande do Sul,RS,Sul
"Graduate Program in Computer Science, Pontifical Catholic University of Rio Grande do Sul, Porto Alegre, RS, Brazil",Rio Grande do Sul,RS,Sul
"Graduate Program in Computer Science, Pontifical Catholic University of Rio Grande do Sul, Porto Alegre, RS, Brazil",Rio Grande do Sul,RS,Sul
"Graduate Program in Computer Science, Pontifical Catholic University of Rio Grande do Sul, Porto Alegre, RS, Brazil",Rio Grande do Sul,RS,Sul
"Graduate Program in Computer Science, Pontifical Catholic University of Rio Grande do Sul, Porto Alegre, RS, Brazil",Rio Grande do Sul,RS,Sul
"Graduate Program in Computer Science, Pontifical Catholic University of Rio Grande do Sul, Porto Alegre, RS, Brazil",Rio Grande do Sul,RS,Sul
"Computer Science Department (DCC), Image and Multimedia Data Science Laboratory (IMScience), Pontifical Catholic University of Minas Gerais (PUC Minas), Belo Horizonte, Brazil",Minas Gerais,MG,Sudeste
"Computer Science Department (DCC), Image and Multimedia Data Science Laboratory (IMScience), Pontifical Catholic University of Minas Gerais (PUC Minas), Belo Horizonte, Brazil",Minas Gerais,MG,Sudeste
"Laboratory of Image Data Science (LIDS), Institute of Computing (IC), University of Campinas (UNICAMP), Campinas, Brazil",São Paulo,SP,Sudeste
"Laboratory of Image Data Science (LIDS), Institute of Computing (IC), University of Campinas (UNICAMP), Campinas, Brazil",São Paulo,SP,Sudeste
"Laboratory of Image Data Science (LIDS), Institute of Computing (IC), University of Campinas (UNICAMP), Campinas, Brazil",São Paulo,SP,Sudeste
"Laboratory of Image Data Science (LIDS), Institute of Computing (IC), University of Campinas (UNICAMP), Campinas, Brazil",São Paulo,SP,Sudeste
"Computer Science Department (DCC), Image and Multimedia Data Science Laboratory (IMScience), Pontifical Catholic University of Minas Gerais (PUC Minas), Belo Horizonte, Brazil",Minas Gerais,MG,Sudeste
"Laboratory of Image Data Science (LIDS), Institute of Computing (IC), University of Campinas (UNICAMP), Campinas, Brazil",São Paulo,SP,Sudeste
"Computer Science Department (DCC), Image and Multimedia Data Science Laboratory (IMScience), Pontifical Catholic University of Minas Gerais (PUC Minas), Belo Horizonte, Brazil",Minas Gerais,MG,Sudeste
Unisinos,Rio Grande do Sul,RS,Sul
IMPA,Rio de Janeiro,RJ,Sudeste
PUC-Rio,Rio de Janeiro,RJ,Sudeste
U Coimbra,Internacional,,
PUC-Rio,Rio de Janeiro,RJ,Sudeste
IMPA,Rio de Janeiro,RJ,Sudeste
University of Illinois Chicago,Internacional,,
Universidade Federal Fluminense,Rio de Janeiro,RJ,Sudeste
Universidade Federal de Pernambuco,Pernambuco,PE,Nordeste
University of Illinois Chicago,Internacional,,
"School of Computer Science, Federal University of Uberlândia Av. João Naves de Ávila, 2121, Uberlândia, MG, Brazil",Minas Gerais,MG,Sudeste
"Federal University of Viçosa, Campus Rio Paranaíba,, MG, Brazil",Minas Gerais,MG,Sudeste
"School of Computer Science, Federal University of Uberlândia Av. João Naves de Ávila, 2121, Uberlândia, MG, Brazil",Minas Gerais,MG,Sudeste
"Federal University of Viçosa, Campus Rio Paranaíba,, MG, Brazil",Minas Gerais,MG,Sudeste
"School of Computer Science, Federal University of Uberlândia Av. João Naves de Ávila, 2121, Uberlândia, MG, Brazil",Minas Gerais,MG,Sudeste
"School of Computer Science, Federal University of Uberlândia Av. João Naves de Ávila, 2121, Uberlândia, MG, Brazil",Minas Gerais,MG,Sudeste
"Federal University of Mato Grosso (UFMT), Cuiabá, MT, Brazil",Mato Grosso,MT,Centro-Oeste
"Eletrobras-Furnas, Rio de Janeiro, RJ, Brazil",Rio de Janeiro,RJ,Sudeste
"Eletrobras-Furnas, Rio de Janeiro, RJ, Brazil",Rio de Janeiro,RJ,Sudeste
"Universidade Federal de Goiás (UFG), Goiânia, GO, Brazil",Goiás,GO,Centro-Oeste
"Universidade Estadual Paulista (UNESP), São José do Rio Preto, SP, Brazil",São Paulo,SP,Sudeste
"Eletrobras-Furnas, Rio de Janeiro, RJ, Brazil",Rio de Janeiro,RJ,Sudeste
"Institute of Science and Technology Universidade Federal de São Paulo, São José dos Campos, Brazil",São Paulo,SP,Sudeste
"Visiona Tecnologia Espacial S.A., São José dos Campos, Brazil",São Paulo,SP,Sudeste
"Institute of Science and Technology Universidade Federal de São Paulo, São José dos Campos, Brazil",São Paulo,SP,Sudeste
"Institute of Science and Technology Universidade Federal de São Paulo, São José dos Campos, Brazil",São Paulo,SP,Sudeste
"São José dos Campos, Instituto Nacional de Pesquisas Espaciais (INPE), SP, Brazil",São Paulo,SP,Sudeste
"São José dos Campos, Universidade Federal de São Paulo (UNIFESP), SP, Brazil",São Paulo,SP,Sudeste
"São José dos Campos, Universidade Federal de São Paulo (UNIFESP), SP, Brazil",São Paulo,SP,Sudeste
"São José dos Campos, Instituto Nacional de Pesquisas Espaciais (INPE), SP, Brazil",São Paulo,SP,Sudeste
"São José dos Campos, Instituto Nacional de Pesquisas Espaciais (INPE), SP, Brazil",São Paulo,SP,Sudeste
"Universidade Federal de São Carlos (UFSCar), Sorocaba, Brazil",São Paulo,SP,Sudeste
"Department of Computing, PPGIA, Universidade Federal Rural de Pernambuco, Recife, Brazil",Pernambuco,PE,Nordeste
"School of Computer Science, Australian Institute of Machine Learning University of Adelaide, Adelaide, Australia",Internacional,,
"Visual Computing Lab, Universidade Federal Rural de Pernambuco, Recife, Brazil",Pernambuco,PE,Nordeste
"Smart Sense Lab, Universidade Federal de Minas Gerais, Belo Horizonte",Minas Gerais,MG,Sudeste
"Smart Sense Lab, Universidade Federal de Minas Gerais, Belo Horizonte",Minas Gerais,MG,Sudeste
"Smart Sense Lab, Universidade Federal de Minas Gerais, Belo Horizonte",Minas Gerais,MG,Sudeste
"AI/HDL Lab, Samsung R&D Insitute Brazil, Campinas",São Paulo,SP,Sudeste
"Graduate Program in Computer Science, Pontifical Catholic University of Rio Grande do Sul",Rio Grande do Sul,RS,Sul
"Graduate Program in History, Pontifical Catholic University of Rio Grande do Sul",Rio Grande do Sul,RS,Sul
"Graduate Program in Computer Science, Pontifical Catholic University of Rio Grande do Sul",Rio Grande do Sul,RS,Sul
"Institute of Mathematics and Computer Sciences, University of São Paulo (ICMC-USP), São Carlos, Brazil",São Paulo,SP,Sudeste
"Institute of Mathematics and Computer Sciences, University of São Paulo (ICMC-USP), São Carlos, Brazil",São Paulo,SP,Sudeste
"Institute of Mathematics and Computer Sciences, University of São Paulo (ICMC-USP), São Carlos, Brazil",São Paulo,SP,Sudeste
"Institute of Computing, Federal University of Alagoas (UFAL), Maceio, Brazil",Alagoas,AL,Nordeste
"Institute of Mathematics and Computer Sciences, University of São Paulo (ICMC-USP), São Carlos, Brazil",São Paulo,SP,Sudeste
"Institute of Computing Federal University of Bahia, Brasil",Bahia,BA,Nordeste
"Institute of Computing Federal University of Bahia, Brasil",Bahia,BA,Nordeste
"Institute of Computing Federal University of Bahia, Brasil",Bahia,BA,Nordeste
"School of Mechanical Engineering, University of Campinas, Campinas, Brazil",São Paulo,SP,Sudeste
"School of Mechanical Engineering, University of Campinas, Campinas, Brazil",São Paulo,SP,Sudeste
"School of Mechanical Engineering, University of Campinas, Campinas, Brazil",São Paulo,SP,Sudeste
Universidade Federal de Minas Gerais,Minas Gerais,MG,Sudeste
Universidade Federal de Minas Gerais,Minas Gerais,MG,Sudeste
Universidade Federal de Minas Gerais,Minas Gerais,MG,Sudeste
Université Bourgogne Franche-Comté,Internacional,,
Universidade Federal de Minas Gerais,Minas Gerais,MG,Sudeste
"Electr. and Comp. Eng. Grad. Program Federal Univ. of Rio Grande do Norte, Natal, Brazil",Rio Grande do Norte,RN,Nordeste
"Mechatronic Eng. Grad. Program Federal Univ. of Rio Grande do Norte, Natal, Brazil",Rio Grande do Norte,RN,Nordeste
"Electr. and Comp. Eng. Grad. Program Federal Univ. of Rio Grande do Norte, Natal, Brazil",Rio Grande do Norte,RN,Nordeste
"Computing Science Department, Universidade Federal de Minas Gerais (UFMG), Brazil",Minas Gerais,MG,Sudeste
"Computing Science Department, Universidade Federal de Minas Gerais (UFMG), Brazil",Minas Gerais,MG,Sudeste
"Computing Science Department, Universidade Federal de Minas Gerais (UFMG), Brazil",Minas Gerais,MG,Sudeste
"Pontifical Catholic University of Minas Gerais, Belo Horizonte, Brazil",Minas Gerais,MG,Sudeste
"University of Campinas, Campinas, Brazil",São Paulo,SP,Sudeste
"University of Campinas, Campinas, Brazil",São Paulo,SP,Sudeste
"University of Campinas, Campinas, Brazil",São Paulo,SP,Sudeste
"Pontifical Catholic University of Minas Gerais, Belo Horizonte, Brazil",Minas Gerais,MG,Sudeste
"Department of Informatics and, Universidade Federal de Viçosa - UFV, Viçosa, Brazil",Minas Gerais,MG,Sudeste
"Department of Informatics and, Universidade Federal de Viçosa - UFV, Viçosa, Brazil",Minas Gerais,MG,Sudeste
"Department of Agronomy, Universidade Federal de Viçosa - UFV, Viçosa, Brazil",Minas Gerais,MG,Sudeste
"Department of Agronomy, Universidade Federal de Viçosa - UFV, Viçosa, Brazil",Minas Gerais,MG,Sudeste
"Department of Informatics and, Universidade Federal de Viçosa - UFV, Viçosa, Brazil",Minas Gerais,MG,Sudeste
"Programa de Pós-Graduação em Ciência da Computação (PPGCC), Instituto Federal de Educação, Ciência e Tecnologia do Ceará, Fortaleza, Brazil",Ceará,CE,Nordeste
"Programa de Pós-Graduação em Ciência da Computação (PPGCC), Instituto Federal de Educação, Ciência e Tecnologia do Ceará, Fortaleza, Brazil",Ceará,CE,Nordeste
"Programa de Pós-Graduação em Ciência da Computação (PPGCC), Instituto Federal de Educação, Ciência e Tecnologia do Ceará, Fortaleza, Brazil",Ceará,CE,Nordeste
"Center of Informatics, Federal University of Pernambuco, Recife, Brazil",Pernambuco,PE,Nordeste
"SiDi, Recife, Brazil",Pernambuco,PE,Nordeste
"SiDi, Recife, Brazil",Pernambuco,PE,Nordeste
"SiDi, Recife, Brazil",Pernambuco,PE,Nordeste
"Computing Visual Laboratory, School of Technology UNICAMP, University of Campinas, Limeira, R. Paschoal Marmo, Brazil",São Paulo,SP,Sudeste
"Vascular Imaging Laboratory, University of Calgary, Calgary, 2500 University Dr NW, Calgary",Internacional,,
"Department of Pediatrics, National Taiwan University Children’s Hospital, Taipei, Taiwan",Internacional,,
"Department of Pediatrics, National Taiwan University Hospital Hsinchu Branch, Taipei, Taiwan",Internacional,,
"Computing Visual Laboratory, School of Technology UNICAMP, University of Campinas, Limeira, R. Paschoal Marmo, Brazil",São Paulo,SP,Sudeste
"Radiology and Clinical Neurosciences, Hotchkiss Brain Institute, University of Calgary, Calgary, Alberta, Canada",Internacional,,
"Calgary Image Processing and Analysis Centre, Foothills Medical Centre, Calgary, Alberta, Canada",Internacional,,
"Radiology and Clinical Neurosciences, Hotchkiss Brain Institute, University of Calgary, Calgary, Alberta, Canada",Internacional,,
"Calgary Image Processing and Analysis Centre, Foothills Medical Centre, Calgary, Alberta, Canada",Internacional,,
"Biomedical Engineering Graduate Program, University of Calgary, Calgary, Alberta, Canada",Internacional,,
"Seaman Family MR Research Centre, Foothills Medical Centre, Calgary, Alberta, Canada",Internacional,,
"Radiology and Clinical Neurosciences, Hotchkiss Brain Institute, University of Calgary, Calgary, Alberta, Canada",Internacional,,
"Seaman Family MR Research Centre, Foothills Medical Centre, Calgary, Alberta, Canada",Internacional,,
"Radiology and Clinical Neurosciences, Hotchkiss Brain Institute, University of Calgary, Calgary, Alberta, Canada",Internacional,,
"Radiology and Clinical Neurosciences, Hotchkiss Brain Institute, University of Calgary, Calgary, Alberta, Canada",Internacional,,
"Seaman Family MR Research Centre, Foothills Medical Centre, Calgary, Alberta, Canada",Internacional,,
"Radiology and Clinical Neurosciences, Hotchkiss Brain Institute, University of Calgary, Calgary, Alberta, Canada",Internacional,,
"Radiology and Clinical Neurosciences, Hotchkiss Brain Institute, University of Calgary, Calgary, Alberta, Canada",Internacional,,
"Calgary Image Processing and Analysis Centre, Foothills Medical Centre, Calgary, Alberta, Canada",Internacional,,
"Biomedical Engineering Graduate Program, University of Calgary, Calgary, Alberta, Canada",Internacional,,
"Seaman Family MR Research Centre, Foothills Medical Centre, Calgary, Alberta, Canada",Internacional,,
"Universidade Federal do Maranhão, Campus Balsas, Balsas, Maranhão, Brazil",Maranhão,MA,Nordeste
"IvisionLab, Institute of Computing, Federal University of Bahia, Salvador, Bahia, Brazil",Bahia,BA,Nordeste
"IvisionLab, Institute of Computing, Federal University of Bahia, Salvador, Bahia, Brazil",Bahia,BA,Nordeste
"Department of Computing, São Paulo State University, Bauru-SP, Brazil",São Paulo,SP,Sudeste
"Institute for Technological Research, University of São Paulo, São Paulo-SP, Brazil",São Paulo,SP,Sudeste
"CMI Lab, School of Engineering and Informatics, University of Wolverhampton, Wolverhampton, England, United Kingdom",Internacional,,
"Institute for Technological Research, University of São Paulo, São Paulo-SP, Brazil",São Paulo,SP,Sudeste
"Institute for Technological Research, University of São Paulo, São Paulo-SP, Brazil",São Paulo,SP,Sudeste
"Institute for Technological Research, University of São Paulo, São Paulo-SP, Brazil",São Paulo,SP,Sudeste
"Department of Computing, São Paulo State University, Bauru-SP, Brazil",São Paulo,SP,Sudeste
"Department of Computing, Federal University of São Carlos - UFSCar São Carlos, São Paulo, Brazil",São Paulo,SP,Sudeste
"Department of Computing, São Paulo State University - UNESP Bauru, São Paulo, Brazil",São Paulo,SP,Sudeste
Institute of Informatics - UFRGS,Rio Grande do Sul,RS,Sul
Computer Science Center - FURG,Rio Grande do Sul,RS,Sul
Institute of Informatics - UFRGS,Rio Grande do Sul,RS,Sul
"School of Computer Science, Federal University of Uberlândia Av. Joã o Naves de ávila, 2121, Uberlândia, MG, Brazil",Minas Gerais,MG,Sudeste
ICMC-USP,São Paulo,SP,Sudeste
ICMC-USP,São Paulo,SP,Sudeste
"BMW Group, Munich, Germany",Internacional,,
"Univ. Bourgogne France-Comté, Besançon, France",Internacional,,
"BMW Group, Munich, Germany",Internacional,,
"BMW Group, Munich, Germany",Internacional,,
"BMW Group, Munich, Germany",Internacional,,
"BMW Group, Munich, Germany",Internacional,,
"University of Bayreuth, Bayreuth, Germany",Internacional,,
"Voxar Labs, CIn UFPE, Recife, Pernambuco",Pernambuco,PE,Nordeste
"Visual Computing Lab, DC, UFRPE Voxar Labs, CIn, UFPE, Recife, Pernambuco",Pernambuco,PE,Nordeste
"Visgraf, IMPA IMPA Rio de Janeiro, Rio de Janeiro",Rio de Janeiro,RJ,Sudeste
"Voxar Labs, CIn UFPE, Recife, Pernambuco",Pernambuco,PE,Nordeste
"Institute of Informatics, UFRGS",Rio Grande do Sul,RS,Sul
IMPA,Rio de Janeiro,RJ,Sudeste
Volkweis Dermatologia,,,,
"Institute of Informatics, UFRGS",Rio Grande do Sul,RS,Sul
"Instituto de Informática – UFRGS, Porto Alegre, Brazil",Rio Grande do Sul,RS,Sul
"Instituto de Informática – UFRGS, Porto Alegre, Brazil",Rio Grande do Sul,RS,Sul
IMPA,Rio de Janeiro,RJ,Sudeste
IMPA,Rio de Janeiro,RJ,Sudeste
PUC-Rio,Rio de Janeiro,RJ,Sudeste
U. Coimbra,Internacional,,
U. Coimbra,Internacional,,
IMPA,Rio de Janeiro,RJ,Sudeste
PUC-Rio,Rio de Janeiro,RJ,Sudeste
IMPA,Rio de Janeiro,RJ,Sudeste
"Institute of Computing, University of Campinas, Campinas, SP, Brazil",São Paulo,SP,Sudeste
"Institute of Computing, University of Campinas, Campinas, SP, Brazil",São Paulo,SP,Sudeste
"Institute of Computing, University of Campinas, Campinas, SP, Brazil",São Paulo,SP,Sudeste
"Institute of Computing, University of Campinas, Campinas, SP, Brazil",São Paulo,SP,Sudeste
"Institute of Computing, University of Campinas, Campinas, SP, Brazil",São Paulo,SP,Sudeste
"Department of Computing, Federal University of São Carlos - UFSCar, São Carlos, São Paulo, Brazil",São Paulo,SP,Sudeste
"Department of Computing, São Paulo State University - UNESP, Bauru, São Paulo, Brazil",São Paulo,SP,Sudeste
Universidade Federal do Espírito Santo (UFES),Espírito Santo,ES,Sudeste
Universidade Federal do Espírito Santo (UFES),Espírito Santo,ES,Sudeste
Universidade Federal do Espírito Santo (UFES),Espírito Santo,ES,Sudeste
Instituto Federal do Espírito Santo (IFES),Espírito Santo,ES,Sudeste
Instituto Federal do Espírito Santo (IFES),Espírito Santo,ES,Sudeste
ArcelorMittal Tubarão,Santa Catarina,SC,Sul
ArcelorMittal Tubarão,Santa Catarina,SC,Sul
Universidade Federal do Espírito Santo (UFES),Espírito Santo,ES,Sudeste
Universidade Federal do Espírito Santo (UFES),Espírito Santo,ES,Sudeste
Universidade Federal do Espírito Santo (UFES),Espírito Santo,ES,Sudeste
"Universidade Federal de Campina Grande Campina Grande, Paraíba, Brasil",Paraíba,PB,Nordeste
"Universidade Federal de Campina Grande Campina Grande, Paraíba, Brasil",Paraíba,PB,Nordeste
"Universidade Federal da Paraíba João Pessoa, Paraíba, Brasil",Paraíba,PB,Nordeste
"Department of Informatics, Federal University of Paraná, Curitiba, PR, Brazil",Paraná,PR,Sul
"unico - idTech, Brazil",São Paulo,SP,Sudeste
"unico - idTech, Brazil",São Paulo,SP,Sudeste
"unico - idTech, Brazil",São Paulo,SP,Sudeste
"Department of Informatics, Federal University of Paraná, Curitiba, PR, Brazil",Paraná,PR,Sul
"Center of Computational Sciences (C3), Federal University of Rio Grande (FURG), Brazil",Rio Grande do Sul,RS,Sul
"Center of Computational Sciences (C3), Federal University of Rio Grande (FURG), Brazil",Rio Grande do Sul,RS,Sul
"Center of Computational Sciences (C3), Federal University of Rio Grande (FURG), Brazil",Rio Grande do Sul,RS,Sul
"Center of Computational Sciences (C3), Federal University of Rio Grande (FURG), Brazil",Rio Grande do Sul,RS,Sul
"Center of Computational Sciences (C3), Federal University of Rio Grande (FURG), Brazil",Rio Grande do Sul,RS,Sul
"Department of Informatics, Federal University of Paraná, Curitiba, Brazil",Paraná,PR,Sul
"Department of Informatics, Federal University of Paraná, Curitiba, Brazil",Paraná,PR,Sul
"Brazilian Federal Police, National Institute of Criminalistics, Brasília, Brazil",Distrito Federal,DF,Centro-Oeste
"Instituto de Telecomunicações, University of Beira Interior, Covilhã, Portugal",Internacional,,
"Instituto de Telecomunicações, University of Beira Interior, Covilhã, Portugal",Internacional,,
"Department of Informatics, Federal University of Paraná, Curitiba, Brazil",Paraná,PR,Sul
"Institute of Computing (IC), Federal Fluminense University (UFF), Niterói, Brazil",Rio de Janeiro,RJ,Sudeste
"Department of Electrical and Electronics Engineering, University of Bío-Bío, Concepción, Chile",Internacional,,
"Departamento de Ciencias de la Ingeniería, University of Lagos, Osorno, Chile",Internacional,,
"Institute of Computing (IC), Federal Fluminense University (UFF), Niterói, Brazil",Rio de Janeiro,RJ,Sudeste
"Department of Informatics, Federal University of Paraná, Curitiba, Brazil",Paraná,PR,Sul
"Department of Informatics, Federal University of Paraná, Curitiba, Brazil",Paraná,PR,Sul
"Regional Superintendence at Bahia, Brazilian Federal Police, Salvador, Brazil",Bahia,BA,Nordeste
"Department of Computer Science, Federal University of Minas Gerais, Belo Horizonte, Brazil",Minas Gerais,MG,Sudeste
"Department of Informatics, Federal University of Paraná, Curitiba, Brazil",Paraná,PR,Sul
"Department of Informatics, Federal University of Paraná, Curitiba, Brazil",Paraná,PR,Sul
"Department of Informatics, Federal University of Paraná, Curitiba, Brazil",Paraná,PR,Sul
"Department of Informatics, Federal University of Paraná, Curitiba, Brazil",Paraná,PR,Sul
"Federal Institute of Paraná, Irati, Brazil",Paraná,PR,Sul
"Department of Computer Science, Federal University of Ouro Preto, Ouro Preto, Brazil",Minas Gerais,MG,Sudeste
"Department of Informatics, Federal University of Paraná, Curitiba, Brazil",Paraná,PR,Sul
"Computing Center, Federal University of Pernambuco, Recife, Brazil",Pernambuco,PE,Nordeste
"Computing Center, Federal University of Pernambuco, Recife, Brazil",Pernambuco,PE,Nordeste
"Computing Center, Federal University of Pernambuco, Recife, Brazil",Pernambuco,PE,Nordeste
"Computing Center, Federal University of Pernambuco, Recife, Brazil",Pernambuco,PE,Nordeste
"SiDi Recife, Brazil",Pernambuco,PE,Nordeste
"SiDi Recife, Brazil",Pernambuco,PE,Nordeste
"Institute of Science Mathematics and Computer Science, University of São Paulo, São Carlos, Brazil",São Paulo,SP,Sudeste
"Department of Informatic, Federal Institute of São Paulo, Catanduva, Brazil",São Paulo,SP,Sudeste
"Institute of Science Mathematics and Computer Science, University of São Paulo, São Carlos, Brazil",São Paulo,SP,Sudeste
"Department of Computer Science, University of Brasília, Brasília, Brazil",Distrito Federal,DF,Centro-Oeste
"Department of Computer Science, Brock University, St. Catharines, Canada",Internacional,,
"Institute of Science Mathematics and Computer Science, University of São Paulo, São Carlos, Brazil",São Paulo,SP,Sudeste
"Escola Politecnica de Pernambuco - Universidade de Pernambuco (UPE), Recife, Brazil",Pernambuco,PE,Nordeste
"Escola Politecnica de Pernambuco - Universidade de Pernambuco (UPE), Recife, Brazil",Pernambuco,PE,Nordeste
"Instituto Federal da Paraíba (IFPB), Cajazeiras, Brazil",Paraíba,PB,Nordeste
"Escola Politecnica de Pernambuco - Universidade de Pernambuco (UPE), Recife, Brazil",Pernambuco,PE,Nordeste
"Escola Politecnica de Pernambuco - Universidade de Pernambuco (UPE), Recife, Brazil",Pernambuco,PE,Nordeste
"Escola Politecnica de Pernambuco - Universidade de Pernambuco (UPE), Recife, Brazil",Pernambuco,PE,Nordeste
"Faculty of Computer Science, Federal University of Uberlandia, Minas Gerais, Brazil",Minas Gerais,MG,Sudeste
Federal Institute of Triângulo Mineiro (IFTM),Minas Gerais,MG,Sudeste
"Department of Computer Science and Statistics (DCCE), São Paulo State University (UNESP)",São Paulo,SP,Sudeste
"Science and Technology Institute, Federal University of São Paulo (UNIFESP)",São Paulo,SP,Sudeste
Federal Institute of Triângulo Mineiro (IFTM),Minas Gerais,MG,Sudeste
"Faculty of Computer Science, Federal University of Uberlandia, Minas Gerais, Brazil",Minas Gerais,MG,Sudeste
"Department of Histology and Morphology, Institute of Biomedical Science, Federal University of Uberlândia (UFU)",Minas Gerais,MG,Sudeste
"Department of Computer Science and Statistics (DCCE), São Paulo State University (UNESP)",São Paulo,SP,Sudeste
"Faculty of Computer Science, Federal University of Uberlandia, Minas Gerais, Brazil",Minas Gerais,MG,Sudeste
"Faculty of Computer Science (FACOM), Federal University of Uberlândia (UFU)",Minas Gerais,MG,Sudeste
"Department of Computer Science and Statistics (DCCE), São Paulo State University (UNESP)",São Paulo,SP,Sudeste
Federal Institute of Triângulo Mineiro (IFTM),Minas Gerais,MG,Sudeste
"Faculty of Computer Science (FACOM), Federal University of Uberlândia (UFU)",Minas Gerais,MG,Sudeste
"Science and Technology Institute, Federal University of São Paulo (UNIFESP)",São Paulo,SP,Sudeste
Federal Institute of Triângulo Mineiro (IFTM),Minas Gerais,MG,Sudeste
"Area of Oral Pathology, School of Dentistry, Federal University of Uberlândia (UFU)",Minas Gerais,MG,Sudeste
"Area of Oral Pathology, School of Dentistry, Federal University of Uberlândia (UFU)",Minas Gerais,MG,Sudeste
"Department of Histology and Morphology, Institute of Biomedical Science, Federal University of Uberlândia (UFU)",Minas Gerais,MG,Sudeste
"Department of Computer Science and Statistics (DCCE), São Paulo State University (UNESP)",São Paulo,SP,Sudeste
"Faculty of Computer Science (FACOM), Federal University of Uberlândia (UFU)",Minas Gerais,MG,Sudeste
"Graduate Program in Information Systems and Knowledge Management, FUMEC University, Belo Horizonte, Brazil",Minas Gerais,MG,Sudeste
"Graduate Program in Information Systems and Knowledge Management, FUMEC University, Belo Horizonte, Brazil",Minas Gerais,MG,Sudeste
"Graduate Program in Information Systems and Knowledge Management, FUMEC University, Belo Horizonte, Brazil",Minas Gerais,MG,Sudeste
"Graduate Program in Information Systems and Knowledge Management, FUMEC University, Belo Horizonte, Brazil",Minas Gerais,MG,Sudeste
"Graduate Program in Information Systems and Knowledge Management, FUMEC University, Belo Horizonte, Brazil",Minas Gerais,MG,Sudeste
"Graduate Program in Information Systems and Knowledge Management, FUMEC University, Belo Horizonte, Brazil",Minas Gerais,MG,Sudeste
"Centro de Informática - Universidade Federal de Pernambuco, Recife, Pernambuco, Brazil",Pernambuco,PE,Nordeste
"Centro de Informática - Universidade Federal de Pernambuco, Recife, Pernambuco, Brazil",Pernambuco,PE,Nordeste
"Centro de Informática - Universidade Federal de Pernambuco, Recife, Pernambuco, Brazil",Pernambuco,PE,Nordeste
"Centro de Informática - Universidade Federal de Pernambuco, Recife, Pernambuco, Brazil",Pernambuco,PE,Nordeste
"Centro de Informática - Universidade Federal de Pernambuco, Recife, Pernambuco, Brazil",Pernambuco,PE,Nordeste
"SiDi Av. Cais do Apolo, 222, 1º Andar, Recife, Pernambuco, Brazil",Pernambuco,PE,Nordeste
"SiDi Av. Cais do Apolo, 222, 1º Andar, Recife, Pernambuco, Brazil",Pernambuco,PE,Nordeste
"SiDi Av. Cais do Apolo, 222, 1º Andar, Recife, Pernambuco, Brazil",Pernambuco,PE,Nordeste
Universidade Federal do Espírito Santo,Espírito Santo,ES,Sudeste
Kyndryl Holdings,,,,
Motora Technologies,,,,
Universidade Federal do Espírito Santo,Espírito Santo,ES,Sudeste
Universidade Federal do Espírito Santo,Espírito Santo,ES,Sudeste
Universidade Federal do Espírito Santo,Espírito Santo,ES,Sudeste
"Institute of Mathematics and Statistics Universidade de São Paulo, São Paulo, Brazil",São Paulo,SP,Sudeste
"Institute of Mathematics and Statistics Universidade de São Paulo, São Paulo, Brazil",São Paulo,SP,Sudeste
"Department of Computer Science, Universidade Federal de Minas Gerais, Belo Horizonte, Brazil",Minas Gerais,MG,Sudeste
"Computing Science and Mathematics, University of Stirling, Stirling, Scotland, UK",Internacional,,
New York University,Internacional,,
Universidade de Sao Paulo,São Paulo,SP,Sudeste
New York University,Internacional,,
"Institute of Informatics, Federal University of Rio Grande do Sul, Porto Alegre, Brazil",Rio Grande do Sul,RS,Sul
"Institute of Informatics, Federal University of Rio Grande do Sul, Porto Alegre, Brazil",Rio Grande do Sul,RS,Sul
"Universidade Federal do ABC, Santo André, Brazil",São Paulo,SP,Sudeste
"Universidade Federal do ABC, Santo André, Brazil",São Paulo,SP,Sudeste
"Universidade Federal do ABC, Santo André, Brazil",São Paulo,SP,Sudeste
"Department of Informatics, Pontifícia Universidade Católica, Rio de Janeiro, Brazil",Rio de Janeiro,RJ,Sudeste
"Department of Informatics, Pontifícia Universidade Católica, Rio de Janeiro, Brazil",Rio de Janeiro,RJ,Sudeste
"Institute of Mathematics and Statistics Universidade de São Paulo, São Paulo, Brazil",São Paulo,SP,Sudeste
"Department of Computer Science, Universidade Federal de Minas Gerais, Belo Horizonte, Brazil",Minas Gerais,MG,Sudeste
"Computing Science and Mathematics, University of Stirling, Stirling, Scotland, UK",Internacional,,
"Computer Science Department, Universidade Federal de Minas Gerais, Belo Horizonte, Brazil",Minas Gerais,MG,Sudeste
"Colégio Técnico, Universidade Federal de Minas Gerais, Belo Horizonte, Brazil",Minas Gerais,MG,Sudeste
"Computer Science Department, Universidade Federal de Minas Gerais, Belo Horizonte, Brazil",Minas Gerais,MG,Sudeste
"ICMC – Universidade de São Paulo (USP), São Carlos, SP, Brazil",São Paulo,SP,Sudeste
"ICMC – Universidade de São Paulo (USP), São Carlos, SP, Brazil",São Paulo,SP,Sudeste
"ICMC – Universidade de São Paulo (USP), São Carlos, SP, Brazil",São Paulo,SP,Sudeste
"ICMC – Universidade de São Paulo (USP), São Carlos, SP, Brazil",São Paulo,SP,Sudeste
Pontifícia Universidade Católica do Rio de Janeiro - PUC-Rio,Rio de Janeiro,RJ,Sudeste
Pontifícia Universidade Católica do Rio de Janeiro - PUC-Rio,Rio de Janeiro,RJ,Sudeste
Pontifícia Universidade Católica do Rio de Janeiro - PUC-Rio,Rio de Janeiro,RJ,Sudeste
Pontifícia Universidade Católica do Rio de Janeiro - PUC-Rio,Rio de Janeiro,RJ,Sudeste
Instituto de Matemática Pura e Aplicada - IMPA,Rio de Janeiro,RJ,Sudeste
Instituto de Matemática Pura e Aplicada - IMPA,Rio de Janeiro,RJ,Sudeste
Instituto de Matemática Pura e Aplicada - IMPA,Rio de Janeiro,RJ,Sudeste
Instituto de Matemática Pura e Aplicada - IMPA,Rio de Janeiro,RJ,Sudeste
Instituto de Matemática Pura e Aplicada - IMPA,Rio de Janeiro,RJ,Sudeste
"Computer Science Department, Tecgraf/PUC-Rio Institute, Pontifical Catholic University, Rio de Janeiro, Brazil",Rio de Janeiro,RJ,Sudeste
"Computer Science Department, Tecgraf/PUC-Rio Institute, Pontifical Catholic University, Rio de Janeiro, Brazil",Rio de Janeiro,RJ,Sudeste
"CEFET/RJ - Centro Federal de Educação Tecnológica do Rio de Janeiro, Petrópolis, RJ",Rio de Janeiro,RJ,Sudeste
"Programa de Engenharia de Sistemas e Computação, COPPE - Universidade Federal do Rio de Janeiro, Rio de Janeiro, RJ",Rio de Janeiro,RJ,Sudeste
"Institute of Informatics, Federal University of Rio Grande do Sul",Rio Grande do Sul,RS,Sul
"Institute of Informatics, Federal University of Rio Grande do Sul",Rio Grande do Sul,RS,Sul
"Institute of Informatics, Federal University of Rio Grande do Sul",Rio Grande do Sul,RS,Sul
"Institute of Informatics, Federal University of Rio Grande do Sul",Rio Grande do Sul,RS,Sul
"Intelligent Vision Research Lab, Federal University of Bahia, Bahia, Brazil",Bahia,BA,Nordeste
"Intelligent Vision Research Lab, Federal University of Bahia, Bahia, Brazil",Bahia,BA,Nordeste
"Voxar Labs, Centro de Informática, Universidade Federal de Pernambuco",Pernambuco,PE,Nordeste
"Voxar Labs, Centro de Informática, Universidade Federal de Pernambuco",Pernambuco,PE,Nordeste
"Voxar Labs, Centro de Informática, Universidade Federal de Pernambuco",Pernambuco,PE,Nordeste
"Departamento de Computação, Universidade Federal Rural de Pernambuco",Pernambuco,PE,Nordeste
"Voxar Labs, Centro de Informática, Universidade Federal de Pernambuco",Pernambuco,PE,Nordeste
"Voxar Labs, Centro de Informática, Universidade Federal de Pernambuco",Pernambuco,PE,Nordeste
"Federal University of Rio Grande, Rio Grande, Brazil",Rio Grande do Sul,RS,Sul
"Federal University of Rio Grande, Rio Grande, Brazil",Rio Grande do Sul,RS,Sul
"Federal University of Rio Grande, Rio Grande, Brazil",Rio Grande do Sul,RS,Sul
"Smart Sense Laboratory, Department of Computer Science, Federal University of Minas Gerais (UFMG), Belo Horizonte, Minas Gerais, Brazil",Minas Gerais,MG,Sudeste
"Smart Sense Laboratory, Department of Computer Science, Federal University of Minas Gerais (UFMG), Belo Horizonte, Minas Gerais, Brazil",Minas Gerais,MG,Sudeste
"Department of Computer Science, Universidad Católica San Pablo, Arequipa, Perú",Internacional,,
"Department of Computer Science, Universidad Católica San Pablo, Arequipa, Perú",Internacional,,
"Institute for Biomedical Engineering, ETH Zurich, Zurich, Switzerland",Internacional,,
"Department of Computer Science, Universidade Federal de Minas, Gerais, Brazil",Minas Gerais,MG,Sudeste
"Department of Computer Science, Universidade Federal de Minas, Gerais, Brazil",Minas Gerais,MG,Sudeste
"Institute of Mathematics and Statistics, University of São Paulo, Brazil",São Paulo,SP,Sudeste
"Department of Computer Science, Universidade Federal de Minas, Gerais, Brazil",Minas Gerais,MG,Sudeste
"Department of Statistics and Informatics, Federal Rural University of Pernambuco (UFRPE), Recife, Brazil",Pernambuco,PE,Nordeste
"Department of Statistics and Informatics, Federal Rural University of Pernambuco (UFRPE), Recife, Brazil",Pernambuco,PE,Nordeste
"Department of Statistics and Informatics, Federal Rural University of Pernambuco (UFRPE), Recife, Brazil",Pernambuco,PE,Nordeste
"GIBIS - Department of Science and Technology, Universidade Federal de São Paulo, São José dos Campos, SP, Brazil",São Paulo,SP,Sudeste
"GIBIS - Department of Science and Technology, Universidade Federal de São Paulo, São José dos Campos, SP, Brazil",São Paulo,SP,Sudeste
"GIBIS - Department of Science and Technology, Universidade Federal de São Paulo, São José dos Campos, SP, Brazil",São Paulo,SP,Sudeste
"Instituto de Computação, Universidade Federal Fluminense, Niterói, RJ 24210-346",Rio de Janeiro,RJ,Sudeste
"Instituto de Computação, Universidade Federal Fluminense, Niterói, RJ 24210-346",Rio de Janeiro,RJ,Sudeste
"Instituto de Computação, Universidade Federal Fluminense, Niterói, RJ 24210-346",Rio de Janeiro,RJ,Sudeste
"Instituto de Matemática e Estatística, Universidade de São Paulo, São Paulo, Brazil",São Paulo,SP,Sudeste
"Instituto de Matemática e Estatística, Universidade de São Paulo, São Paulo, Brazil",São Paulo,SP,Sudeste
"Instituto de Matemática e Estatística, Universidade de São Paulo, São Paulo, Brazil",São Paulo,SP,Sudeste
"Hospital das Clínicas, Faculdade de Medicina, Universidade de São Paulo, São Paulo, Brazil",São Paulo,SP,Sudeste
"Hospital das Clínicas, Faculdade de Medicina, Universidade de São Paulo, São Paulo, Brazil",São Paulo,SP,Sudeste
"Sorbonne Université, CNRS, LIP6, F-75005 Paris, France",Internacional,,
"Instituto de Matemática e Estatística, Universidade de São Paulo, São Paulo, Brazil",São Paulo,SP,Sudeste
Universidade Federal do Agreste de Pernambuco,Pernambuco,PE,Nordeste
Universidade Federal do Agreste de Pernambuco,Pernambuco,PE,Nordeste
Universidade Federal de Pernambuco,Pernambuco,PE,Nordeste
Universidade Federal de Pernambuco,Pernambuco,PE,Nordeste
University of Antwerp,Internacional,,
"Department of Computer Science, Universidad Catolica San Pablo, Arequipa, Peru",Internacional,,
"School of Applied Mathematics, Getulio Vargas Foundation, Rio de Janeiro, Brazil",Rio de Janeiro,RJ,Sudeste
"IBM Research, Sao Paulo, Brazil",São Paulo,SP,Sudeste
"IBM Research, Sao Paulo, Brazil",São Paulo,SP,Sudeste
"ICMC, University of Sao Paulo, Sao Carlos, Brazil",São Paulo,SP,Sudeste
"Department of Computer Science, Universidad Catolica San Pablo, Arequipa, Peru",Internacional,,
"Institute of Informatics - UFRGS, Porto Alegre, Brazil",Rio Grande do Sul,RS,Sul
"Institute of Informatics - UFRGS, Porto Alegre, Brazil",Rio Grande do Sul,RS,Sul
"Computing Department, Federal University of São Carlos, São Carlos, SP, Brazil",São Paulo,SP,Sudeste
University of Brasília,Distrito Federal,DF,Centro-Oeste
University of Brasília,Distrito Federal,DF,Centro-Oeste
University of Brasília,Distrito Federal,DF,Centro-Oeste
University of Brasília,Distrito Federal,DF,Centro-Oeste
Samsung R&D Brazil,São Paulo,SP,Sudeste,S
University of Brasília,Distrito Federal,DF,Centro-Oeste
University of Brasília,Distrito Federal,DF,Centro-Oeste
University of Brasília,Distrito Federal,DF,Centro-Oeste
Samsung R&D Brazil,São Paulo,SP,Sudeste,S
Samsung R&D Brazil,São Paulo,SP,Sudeste,S
"Instituto de Ciência e Tecnologia, Universidade Federal de São Paulo - UNIFESP, São José dos Campos, SP, Brazil",São Paulo,SP,Sudeste
"Dept. of Statistics, Applied Mathematics and Computing, São Paulo State University - UNESP, Rio Claro, SP, Brazil",São Paulo,SP,Sudeste
"Instituto de Ciência e Tecnologia, Universidade Federal de São Paulo - UNIFESP, São José dos Campos, SP, Brazil",São Paulo,SP,Sudeste
"Dept. of Computing, São Paulo State University - UNESP, Bauru, SP, Brazil",São Paulo,SP,Sudeste
"Instituto de Ciência e Tecnologia, Universidade Federal de São Paulo - UNIFESP, São José dos Campos, SP, Brazil",São Paulo,SP,Sudeste
"Faculty of Computing, Federal University of Uberlandia, Uberlandia, MG, Brazil",Minas Gerais,MG,Sudeste
"Faculty of Computing, Federal University of Uberlandia, Uberlandia, MG, Brazil",Minas Gerais,MG,Sudeste
"Universidade Federal de Minas Gerais (UFMG), Belo Horizonte, Minas Gerais",Minas Gerais,MG,Sudeste
"Universidade Federal de Minas Gerais (UFMG), Belo Horizonte, Minas Gerais",Minas Gerais,MG,Sudeste
"Universidade Federal de Minas Gerais (UFMG), Belo Horizonte, Minas Gerais",Minas Gerais,MG,Sudeste
"Universidade Federal de Minas Gerais (UFMG), Belo Horizonte, Minas Gerais",Minas Gerais,MG,Sudeste
"Laboratory of Image Data Science, Institute of Computing, University of Campinas, Campinas, Brazil",São Paulo,SP,Sudeste
"Department of Information and Computing Sciences, Faculty of Science, Utrecht University, Utrecht, The Netherlands",Internacional,,
"Laboratory of Image Data Science, Institute of Computing, University of Campinas, Campinas, Brazil",São Paulo,SP,Sudeste
"Neuralmind AI, Institute of Mathematics and Statistics, University of São Paulo, Brazil",São Paulo,SP,Sudeste
"Institute of Mathematics and Statistics, University of São Paulo, Brazil",São Paulo,SP,Sudeste
"Faculty of Mathematics and Computer Science, University of Münster, Germany",Internacional,,
"ICMC — Universidade de São Paulo (USP), São Carlos, SP, Brazil",São Paulo,SP,Sudeste
"ICMC — Universidade de São Paulo (USP), São Carlos, SP, Brazil",São Paulo,SP,Sudeste
"ICMC — Universidade de São Paulo (USP), São Carlos, SP, Brazil",São Paulo,SP,Sudeste
"Voxar Labs, Centro de Informática, Universidade Federal de Pernambuco, Recife, Brazil",Pernambuco,PE,Nordeste
"Voxar Labs, Centro de Informática, Universidade Federal de Pernambuco, Recife, Brazil",Pernambuco,PE,Nordeste
"Voxar Labs, Centro de Informática, Universidade Federal de Pernambuco, Recife, Brazil",Pernambuco,PE,Nordeste
"Voxar Labs, Centro de Informática, Universidade Federal de Pernambuco, Recife, Brazil",Pernambuco,PE,Nordeste
"Departamento de Computação, Universidade Federal Rural de Pernambuco, Recife, Brazil",Pernambuco,PE,Nordeste
"Voxar Labs, Centro de Informática, Universidade Federal de Pernambuco, Recife, Brazil",Pernambuco,PE,Nordeste
"In Forma Software, Recife, Brazil",Pernambuco,PE,Nordeste
"In Forma Software, Recife, Brazil",Pernambuco,PE,Nordeste
"In Forma Software, Recife, Brazil",Pernambuco,PE,Nordeste
"Sistema de Transmissão Nordeste - STN, Recife, Brazil",Pernambuco,PE,Nordeste
"ICMC – Universidade de São Paulo, São Carlos-SP, Brazil",São Paulo,SP,Sudeste
"ICMC – Universidade de São Paulo, São Carlos-SP, Brazil",São Paulo,SP,Sudeste
"Universidade Federal do Rio Grande do Sul, Porto Alegre, RS, Brazil",Rio Grande do Sul,RS,Sul
"Universidade Federal do Rio Grande do Sul, Porto Alegre, RS, Brazil",Rio Grande do Sul,RS,Sul
"Department of Computer Science, Smart Sense Laboratory, Universidade Federal de Minas Gerais, Brazil",Minas Gerais,MG,Sudeste
"Department of Computer Science, Smart Sense Laboratory, Universidade Federal de Minas Gerais, Brazil",Minas Gerais,MG,Sudeste
"Department of Computer Science, Smart Sense Laboratory, Universidade Federal de Minas Gerais, Brazil",Minas Gerais,MG,Sudeste
"Academic Unity of Systems and Computing, Federal University of Campina Grande, Campina Grande, PB, Brazil",Paraíba,PB,Nordeste
"Academic Unity of Systems and Computing, Federal University of Campina Grande, Campina Grande, PB, Brazil",Paraíba,PB,Nordeste
"Academic Unity of Systems and Computing, Federal University of Campina Grande, Campina Grande, PB, Brazil",Paraíba,PB,Nordeste
"Academic Unity of Systems and Computing, Federal University of Campina Grande, Campina Grande, PB, Brazil",Paraíba,PB,Nordeste
"PUC-Rio - Pontifícia Universidade Católica do Rio de Janeiro, Brazil",Rio de Janeiro,RJ,Sudeste
"PUC-Rio - Pontifícia Universidade Católica do Rio de Janeiro, Brazil",Rio de Janeiro,RJ,Sudeste
"Institute of Systems and Robotics - University of Coimbra, Portugal",Internacional,,
"PUC-Rio - Pontifícia Universidade Católica do Rio de Janeiro, Brazil",Rio de Janeiro,RJ,Sudeste
"IMPA - Instituto Nacional de Matemática Pura e Aplicada, Brazil",Rio de Janeiro,RJ,Sudeste
"PUC-Rio - Pontifícia Universidade Católica do Rio de Janeiro, Brazil",Rio de Janeiro,RJ,Sudeste
"Universidad Catolica San Pablo, Arequipa, Peru",Internacional,,
"Universidad Nacional Tecnologica de Lima Sur, Lima, Peru",Internacional,,
"Universidad Catolica San Pablo, Arequipa, Peru",Internacional,,
"Indraprastha Institute of Information Technology Delhi, New Delhi, India",Internacional,,
"COER, Roorkee, India",Internacional,,
"UPES, Dehradun, India",Internacional,,
"Department of Computer Science, Universidade Federal de Minas Gerais, Belo Horizonte, Minas Gerais, 31270-901, Brazil",Minas Gerais,MG,Sudeste
"Department of Computer Science, Universidade Federal de Minas Gerais, Belo Horizonte, Minas Gerais, 31270-901, Brazil",Minas Gerais,MG,Sudeste
"IBM, Rua Tutoia, 1157, Sao Paulo, Brazil",São Paulo,SP,Sudeste
"Federal University of ABC, Santo André, Brazil",São Paulo,SP,Sudeste
"IBM Research, Rua Tutoia, 1157, Sao Paulo, Brazil",São Paulo,SP,Sudeste
"IBM Research, Rua Tutoia, 1157, Sao Paulo, Brazil",São Paulo,SP,Sudeste
"IBM Research, Rua Tutoia, 1157, Sao Paulo, Brazil",São Paulo,SP,Sudeste
"Department of Electrical Engineering, University of Passo Fundo (UPF), Rio Grande do Sul (RS), BR 285, Passo Fundo, 99052-900, Brazil",Rio Grande do Sul,RS,Sul
"School of Medicine, Yale University, New Haven, 06519, USA",Internacional,,
"Center for Computational Science - C3, Federal University of Rio Grande (FURG), Rio Grande - RS, Brazil",Rio Grande do Sul,RS,Sul
"Center for Computational Science - C3, Federal University of Rio Grande (FURG), Rio Grande - RS, Brazil",Rio Grande do Sul,RS,Sul
"Center for Computational Science - C3, Federal University of Rio Grande (FURG), Rio Grande - RS, Brazil",Rio Grande do Sul,RS,Sul
"Computing Department, Federal University of São Carlos, São Carlos, SP, Brazil",São Paulo,SP,Sudeste
"Department of Land Economy, University of Cambridge, Cambridge, United Kingdom",Internacional,,
"School of Business and Management, Queen Mary University of London, London, United Kingdom",Internacional,,
"Department of Electrical Engineering, Centro Universitàrio FEI, São Bernardo do Campo, Brazil",São Paulo,SP,Sudeste
"Centro Universitàrio UniDomBosco, Curitiba, Brazil",Paraná,PR,Sul
"Department of Electrical Engineering, Centro Universitàrio FEI, São Bernardo do Campo, Brazil",São Paulo,SP,Sudeste
"Instituto de Informàtica – UFRGS, Porto Alegre, RS, Brazil",Rio Grande do Sul,RS,Sul
"Instituto de Informàtica – UFRGS, Porto Alegre, RS, Brazil",Rio Grande do Sul,RS,Sul
"Centro de Ciências Computacionais, C3 Universidade Federal do Rio Grande, Rio Grande, RS, Brazil",Rio Grande do Sul,RS,Sul
"Centro de Ciências Computacionais, C3 Universidade Federal do Rio Grande, Rio Grande, RS, Brazil",Rio Grande do Sul,RS,Sul
"Centro de Ciências Computacionais, C3 Universidade Federal do Rio Grande, Rio Grande, RS, Brazil",Rio Grande do Sul,RS,Sul
"Centro de Ciências Computacionais, C3 Universidade Federal do Rio Grande, Rio Grande, RS, Brazil",Rio Grande do Sul,RS,Sul
"Centro de Ciências Computacionais, C3 Universidade Federal do Rio Grande, Rio Grande, RS, Brazil",Rio Grande do Sul,RS,Sul
"Centro de Ciências Computacionais, C3 Universidade Federal do Rio Grande, Rio Grande, RS, Brazil",Rio Grande do Sul,RS,Sul
"ImScience and IRISA, PUC Minas and Université de Rennes 1, Brazil and France",Minas Gerais,MG,Sudeste
"ImScience, PUC Minas, Belo Horizonte, Brazil",Minas Gerais,MG,Sudeste
"Computer Science Department, Universidade Federal de Minas Gerais, Belo Horizonte, Brazil",Minas Gerais,MG,Sudeste
"Linkmedia, IRISA, Université de Rennes 1, Rennes, France",Internacional,,
"Linkmedia, IRISA, Université de Rennes 1, Rennes, France",Internacional,,
"ImScience, PUC Minas, Belo Horizonte, Brazil",Minas Gerais,MG,Sudeste
"LIDS, Institute of Computing, University of Campinas, São Paulo, Brazil",São Paulo,SP,Sudeste
"LIGM, Université Gustave Eiffel, CNRS, ESIEE Paris, Marne-la-Vallé, France",Internacional,,
"LIGM, Université Gustave Eiffel, CNRS, ESIEE Paris, Marne-la-Vallé, France",Internacional,,
"IMScience, Pontifical Catholic University of Minas Gerais, Minas Gerais, Brazil",Minas Gerais,MG,Sudeste
"LIDS, Institute of Computing, University of Campinas, São Paulo, Brazil",São Paulo,SP,Sudeste
"Laboratory of Image and Multimedia Data Science, Pontifical Catholic University of Minas Gerais, Brazil, 31980–110",Minas Gerais,MG,Sudeste
"LIGM, Université Gustave Eiffel, CNRS, ESIEE Paris, F-77454 Marne-la-Vallée",Internacional,,
"ESIEE Paris, Université Gustave Eiffel",Internacional,,
"LIGM, Université Gustave Eiffel, CNRS, ESIEE Paris, F-77454 Marne-la-Vallée",Internacional,,
"LIGM, Université Gustave Eiffel, CNRS, ESIEE Paris, F-77454 Marne-la-Vallée",Internacional,,
"Laboratory of Image and Multimedia Data Science, Pontifical Catholic University of Minas Gerais, Brazil, 31980–110",Minas Gerais,MG,Sudeste
"Departamento de Ciência da Computação - CIC, Universidade de Brasilia (UnB)",Distrito Federal,DF,Centro-Oeste
"Departamento de Ciência da Computação - CIC, Universidade de Brasilia (UnB)",Distrito Federal,DF,Centro-Oeste
"Departamento de Ciência da Computação - CIC, Universidade de Brasilia (UnB)",Distrito Federal,DF,Centro-Oeste
"Departamento de Ciência da Computação - CIC, Universidade de Brasilia (UnB)",Distrito Federal,DF,Centro-Oeste
"Institute for Technological Research, University of São Paulo, São Paulo-SP, Brazil 05508-901",São Paulo,SP,Sudeste
"Institute for Technological Research, University of São Paulo, São Paulo-SP, Brazil 05508-901",São Paulo,SP,Sudeste
"Institute for Technological Research, University of São Paulo, São Paulo-SP, Brazil 05508-901",São Paulo,SP,Sudeste
"Institute for Technological Research, University of São Paulo, São Paulo-SP, Brazil 05508-901",São Paulo,SP,Sudeste
"Institute for Technological Research, University of São Paulo, São Paulo-SP, Brazil 05508-901",São Paulo,SP,Sudeste
"Institute for Technological Research, University of São Paulo, São Paulo-SP, Brazil 05508-901",São Paulo,SP,Sudeste
"Department of Computing, São Paulo State University, Bauru-SP, Brazil 17033-360",São Paulo,SP,Sudeste
"Departamento de Computação, Universidade Estadual Paulista (Unesp), Bauru, Brasil",São Paulo,SP,Sudeste
"Departamento de Computação, Universidade Estadual Paulista (Unesp), Bauru, Brasil",São Paulo,SP,Sudeste
"Departamento de Computação, Universidade Estadual Paulista (Unesp), Bauru, Brasil",São Paulo,SP,Sudeste
"Departamento de Estatística, Matemática Aplicada e Computacional, Universidade Estadual Paulista (Unesp), Rio Claro, Brasil",São Paulo,SP,Sudeste
"Instituto de Computação, Universidade Federal Fluminense (UFF), Niterói, Rio de Janeiro, Brazil – ZIP 24210–346",Rio de Janeiro,RJ,Sudeste
"Instituto de Computação, Universidade Federal Fluminense (UFF), Niterói, Rio de Janeiro, Brazil – ZIP 24210–346",Rio de Janeiro,RJ,Sudeste
"Instituto de Computação, Universidade Federal Fluminense (UFF), Niterói, Rio de Janeiro, Brazil – ZIP 24210–346",Rio de Janeiro,RJ,Sudeste
"University Center of FEI, São Bernardo do Campo SP, Brazil",São Paulo,SP,Sudeste
"University Center of FEI, São Bernardo do Campo SP, Brazil",São Paulo,SP,Sudeste
"University Center of FEI, São Bernardo do Campo SP, Brazil",São Paulo,SP,Sudeste
"University Center of FEI, São Bernardo do Campo SP, Brazil",São Paulo,SP,Sudeste
"University Center of FEI, São Bernardo do Campo SP, Brazil",São Paulo,SP,Sudeste
"Federal University of São Paulo, São Paulo SP, Brazil",São Paulo,SP,Sudeste
"Federal University of São Paulo, São Paulo SP, Brazil",São Paulo,SP,Sudeste
"Federal University of São Paulo, São Paulo SP, Brazil",São Paulo,SP,Sudeste
"University Center of FEI, São Bernardo do Campo SP, Brazil",São Paulo,SP,Sudeste
"Universidade Federal do Espírito Santo (UFES), Vitória, ES, Brazil",Espírito Santo,ES,Sudeste
"Universidade Federal do Espírito Santo (UFES), Vitória, ES, Brazil",Espírito Santo,ES,Sudeste
"Universidade Federal do Espírito Santo (UFES), Vitória, ES, Brazil",Espírito Santo,ES,Sudeste
"Universidade Federal do Espírito Santo (UFES), Vitória, ES, Brazil",Espírito Santo,ES,Sudeste
"CENPES/PDP/TE, Petrobras, Rio de Janeiro, RJ, Brazil",Rio de Janeiro,RJ,Sudeste
"Universidade Federal do Espírito Santo (UFES), Vitória, ES, Brazil",Espírito Santo,ES,Sudeste
"Universidade Federal Fluminense (UFF), Niterói, Brazil",Rio de Janeiro,RJ,Sudeste
"Universidade Federal Fluminense (UFF), Niterói, Brazil",Rio de Janeiro,RJ,Sudeste
"Universidade Federal Fluminense (UFF), Niterói, Brazil",Rio de Janeiro,RJ,Sudeste
"Inria Chile Research Center, Las Condes, Chile",Internacional,,
"Department of Statistics, Applied Math. and Computing (DEMAC), São Paulo State University (UNESP), Rio Claro, Brazil",São Paulo,SP,Sudeste
"Department of Statistics, Applied Math. and Computing (DEMAC), São Paulo State University (UNESP), Rio Claro, Brazil",São Paulo,SP,Sudeste
"Department of Statistics, Applied Math. and Computing (DEMAC), São Paulo State University (UNESP), Rio Claro, Brazil",São Paulo,SP,Sudeste
"Institute of Science and Technology, Federal University of São Paulo (UNIFESP), São José dos Campos, Brazil",São Paulo,SP,Sudeste
"Department of Statistics, Applied Math. and Computing (DEMAC), São Paulo State University (UNESP), Rio Claro, Brazil",São Paulo,SP,Sudeste
"Institute of Science and Technology Federal University of São Paulo, Brazil",São Paulo,SP,Sudeste
"Australian Institute for Machine Learning The University of Adelaide, Australia",Internacional,,
"Department of Computing, Federal Rural University, Pernambuco, Brazil",Pernambuco,PE,Nordeste
"School of Computer Science, Australian Institute for Machine Learning, University, Adelaide, Australia",Internacional,,
"Instituto de Informática - UFRGS, Porto Alegre, RS - Brazil",Rio Grande do Sul,RS,Sul
"Instituto de Informática - UFRGS, Porto Alegre, RS - Brazil",Rio Grande do Sul,RS,Sul
"Department of Computer Science, Federal University of Bahia (UFBA), Bahia, Brazil",Bahia,BA,Nordeste
"Department of Computer Science, Federal University of Bahia (UFBA), Bahia, Brazil",Bahia,BA,Nordeste
"Department of Computer Science, Federal University of Bahia (UFBA), Bahia, Brazil",Bahia,BA,Nordeste
"PUCRS, Porto Alegre, Brazil",Rio Grande do Sul,RS,Sul
"PUCRS, Porto Alegre, Brazil",Rio Grande do Sul,RS,Sul
"IMPA, Rio de Janeiro, Brazil",Rio de Janeiro,RJ,Sudeste
"Institute of Informatics - PPGC, Universidade Federal do Rio Grande do Sul - Brasil",Rio Grande do Sul,RS,Sul
"Institute of Informatics - PPGC, Universidade Federal do Rio Grande do Sul - Brasil",Rio Grande do Sul,RS,Sul
"Department of Computer Science, Federal University of Bahia, Salvador, BA, Brazil",Bahia,BA,Nordeste
"Department of Computer Science, Federal University of Bahia, Salvador, BA, Brazil",Bahia,BA,Nordeste
"Department of Computer Science, Federal University of Bahia, Salvador, BA, Brazil",Bahia,BA,Nordeste
"Escola Politécnica de Pernambuco, Universidade de Pernambuco, Recife, Brazil",Pernambuco,PE,Nordeste
"Escola Politécnica de Pernambuco, Universidade de Pernambuco, Recife, Brazil",Pernambuco,PE,Nordeste
"Pattern Recognition and Human Language Technology, Universitat Politècnica de València, València, Spain",Internacional,,
"Escola Politécnica de Pernambuco, Universidade de Pernambuco, Recife, Brazil",Pernambuco,PE,Nordeste
"Instituto de Ciência e Tecnologia, Universidade Federal de São Paulo – UNIFESP, São José dos Campos, SP, Brazil",São Paulo,SP,Sudeste
"Instituto de Ciência e Tecnologia, Universidade Federal de São Paulo – UNIFESP, São José dos Campos, SP, Brazil",São Paulo,SP,Sudeste
"Polytechnic School of Pernambuco - University of Pernambuco, Recife, Brazil",Pernambuco,PE,Nordeste
"Polytechnic School of Pernambuco - University of Pernambuco, Recife, Brazil",Pernambuco,PE,Nordeste
"Polytechnic School of Pernambuco - University of Pernambuco, Recife, Brazil",Pernambuco,PE,Nordeste
"Polytechnic School of Pernambuco - University of Pernambuco, Recife, Brazil",Pernambuco,PE,Nordeste
"Graduate Program in Electrical and Computer Engineering, Federal University of Technology - Paraná, Curitiba, Paraná",Paraná,PR,Sul
"Graduate Program in Electrical and Computer Engineering, Federal University of Technology - Paraná, Curitiba, Paraná",Paraná,PR,Sul
"UFRGS, Institute of Mathematics and Statistics, Porto, Alegre",Espírito Santo,ES,Sudeste
"UFRGS, Institute of Informatics, Porto, Alegre",Espírito Santo,ES,Sudeste
"UFRGS, Institute of Informatics, Porto, Alegre",Espírito Santo,ES,Sudeste
"UFRGS, Institute of Informatics, Porto, Alegre",Espírito Santo,ES,Sudeste
"Center for Computational Science, Federal University of Rio Grande, Rio Grande RS, Brazil",Rio Grande do Sul,RS,Sul
"Department of Computing, São Paulo State University, Bauru - SP, Brazil",São Paulo,SP,Sudeste
"Department of Computing, São Paulo State University, Bauru - SP, Brazil",São Paulo,SP,Sudeste
"Department of Computing, Federal University of São Carlos, São Carlos - SP, Brazil",São Paulo,SP,Sudeste
"Department of Computing, São Paulo State University, Bauru - SP, Brazil",São Paulo,SP,Sudeste
"Department of Computing, São Paulo State University, Bauru - SP, Brazil",São Paulo,SP,Sudeste
"Department of Computing, Sãao Paulo State University, Bauru, Brazil",São Paulo,SP,Sudeste
"Department of Computing, Sãao Paulo State University, Bauru, Brazil",São Paulo,SP,Sudeste
"Cenpes Petroleo Brasileiro S.A. - Petrobras, Rio de Janeiro - RJ, Brazil",Rio de Janeiro,RJ,Sudeste
"Department of Computing, Sãao Paulo State University, Bauru, Brazil",São Paulo,SP,Sudeste
"Institute of Computing, University of Campinas, Campinas, Brazil",São Paulo,SP,Sudeste
"Institute of Computing, University of Campinas, Campinas, Brazil",São Paulo,SP,Sudeste
"Institute of Computing, University of Campinas, Campinas, Brazil",São Paulo,SP,Sudeste
"Instituto de Informática – UFRGS, Porto Alegre, RS, Brazil",Rio Grande do Sul,RS,Sul
"Instituto de Informática – UFRGS, Porto Alegre, RS, Brazil",Rio Grande do Sul,RS,Sul
Institute of Informatics – Federal University of Rio Grande do Sul,Rio Grande do Sul,RS,Sul
Institute of Informatics – Federal University of Rio Grande do Sul,Rio Grande do Sul,RS,Sul
"FGV/EMAp, Rio de Janeiro, Brazil",Rio de Janeiro,RJ,Sudeste
"FGV/EMAp, Rio de Janeiro, Brazil",Rio de Janeiro,RJ,Sudeste
"FGV/EMAp, Rio de Janeiro, Brazil",Rio de Janeiro,RJ,Sudeste
Universidade de São Paulo,São Paulo,SP,Sudeste
Universidade de São Paulo,São Paulo,SP,Sudeste
Universidade de São Paulo,São Paulo,SP,Sudeste
Fundação Getulio Vargas,Rio Grande do Sul,RS,Sul
Universidade de São Paulo,São Paulo,SP,Sudeste
Universidade de São Paulo,São Paulo,SP,Sudeste
Universidade de São Paulo,São Paulo,SP,Sudeste
"Engineering and Thecnical Science Faculty, Universidad de Guántanamo, Guántanamo, Cuba",Internacional,,
"Universidade Federal Fluminense, Niterói, Brazil",Rio de Janeiro,RJ,Sudeste
"Universidade Federal Fluminense, Niterói, Brazil",Rio de Janeiro,RJ,Sudeste
"Universidad de Oriente, Santiago de Cuba, Cuba",Internacional,,
"Intelligent Vision Research Lab, Universidade Federal da Bahia, Salvador, Bahia",Bahia,BA,Nordeste
"Intelligent Vision Research Lab, Universidade Federal da Bahia, Salvador, Bahia",Bahia,BA,Nordeste
"Intelligent Vision Research Lab, Universidade Federal da Bahia, Salvador, Bahia",Bahia,BA,Nordeste
"Universidade Estadual do Sudoeste da Bahia, Jequié, Bahia",Bahia,BA,Nordeste
"MannLab Canada, 330 Dundas Street West, Toronto, Ontario",Internacional,,
"MannLab Canada, 330 Dundas Street West, Toronto, Ontario",Internacional,,
"MannLab Canada, 330 Dundas Street West, Toronto, Ontario",Internacional,,
"MannLab Canada, 330 Dundas Street West, Toronto, Ontario",Internacional,,
"MannLab Canada, 330 Dundas Street West, Toronto, Ontario",Internacional,,
"School of Technology, University of Campinas, Limeira, SP, Brazil",São Paulo,SP,Sudeste
"Departments of Radiology and Clinical Neurosciences, Calgary Image Processing and Analysis Centre, Hotchkiss Brain Institute, University of Calgary, Calgary, AB, Canada",Internacional,,
"Departments of Radiology and Clinical Neurosciences, Calgary Image Processing and Analysis Centre, Hotchkiss Brain Institute, University of Calgary, Calgary, AB, Canada",Internacional,,
"School of Technology, University of Campinas, Limeira, SP, Brazil",São Paulo,SP,Sudeste
"Center of Informatics, Federal University of Pernambuco, Recife, Pernambuco, Brazil",Pernambuco,PE,Nordeste
"Center of Informatics, Federal University of Pernambuco, Recife, Pernambuco, Brazil",Pernambuco,PE,Nordeste
"Department of Geology, Federal University of Pernambuco, Recife, Pernambuco, Brazil",Pernambuco,PE,Nordeste
"Department of Nuclear Energy, Federal University of Pernambuco, Recife, Pernambuco, Brazil",Pernambuco,PE,Nordeste
"Department of Nuclear Energy, Federal University of Pernambuco, Recife, Pernambuco, Brazil",Pernambuco,PE,Nordeste
"Institute of Mathematics and Computer Science (ICMC), University of Sao Paulo (USP), São Carlos, SP, Brazil",São Paulo,SP,Sudeste
"Institute of Mathematics and Computer Science (ICMC), University of Sao Paulo (USP), São Carlos, SP, Brazil",São Paulo,SP,Sudeste
"Institute of Informatics, Federal University of Rio Grande do Sul, Porto Alegre, Brazil",Rio Grande do Sul,RS,Sul
"Data Science Brigade, Porto Alegre, Brazil",Rio Grande do Sul,RS,Sul
"Institute of Informatics, Federal University of Rio Grande do Sul, Porto Alegre, Brazil",Rio Grande do Sul,RS,Sul
"Center of Computational Sciences, Federal University of Rio Grande, Rio Grande, Brazil",Rio Grande do Sul,RS,Sul
"Institute of Informatics, Federal University of Rio Grande do Sul, Porto Alegre, Brazil",Rio Grande do Sul,RS,Sul
"Institute of Informatics, Federal University of Rio Grande do Sul, Porto Alegre, Brazil",Rio Grande do Sul,RS,Sul
"Department of Informatics, Federal University of Parana, Brazil",Paraná,PR,Sul
"Department of Informatics, Federal University of Parana, Brazil",Paraná,PR,Sul
"Department of Informatics, Federal University of Parana, Brazil",Paraná,PR,Sul
"Informatics Institute, Federal University of Rio Grande do Sul, Porto Alegre, Brazil",Rio Grande do Sul,RS,Sul
"Institute of Informatics, Federal University of Rio Grande do Sul, Porto Alegre, Brazil",Rio Grande do Sul,RS,Sul
"Department of Computer Science, Universidad Católica San Pablo, Arequipa, Peru",Internacional,,
"Department of Computer Science, Universidad Católica San Pablo, Arequipa, Peru",Internacional,,
"Department of Computer Science, Universidad Católica San Pablo, Arequipa, Peru",Internacional,,
"Tecgraf Institute Pontifical Catholic University of Rio de Janeiro, Rio de Janeiro, Brazil",Rio de Janeiro,RJ,Sudeste
"Department of Computing, Universidade Federal Rural de Pernambuco, Recife, PE",Pernambuco,PE,Nordeste
"Department of Computing, Universidade Federal Rural de Pernambuco, Recife, PE",Pernambuco,PE,Nordeste
"Department of Computing, Universidade Federal Rural de Pernambuco, Recife, PE",Pernambuco,PE,Nordeste
"Escola Politécnica de Pernambuco, Universidade de Pernambuco, Recife, Brazil",Pernambuco,PE,Nordeste
"Escola Politécnica de Pernambuco, Universidade de Pernambuco, Recife, Brazil",Pernambuco,PE,Nordeste
"Escola Politécnica de Pernambuco, Universidade de Pernambuco, Recife, Brazil",Pernambuco,PE,Nordeste
"Department of Computer Science, Universidad Católica San Pablo, Arequipa, Perú",Internacional,,
"Department of Computer Science, Federal University of Ouro Preto, Ouro Preto, Brazil",Minas Gerais,MG,Sudeste
"Institute of Exact and Technological Sciences, Federal University of Viçosa (UFV), Rio Paranaíba/MG, Brazil",Minas Gerais,MG,Sudeste
"Faculty of Computing (FACOM), Federal University of Uberlândia (UFU), Uberlândia/MG, Brazil",Minas Gerais,MG,Sudeste
"Institute of Exact and Technological Sciences, Federal University of Viçosa (UFV), Rio Paranaíba/MG, Brazil",Minas Gerais,MG,Sudeste
"Faculty of Computing (FACOM), Federal University of Uberlândia (UFU), Uberlândia/MG, Brazil",Minas Gerais,MG,Sudeste
"Telecommunications Institute (IT), University of Aveiro, Aveiro, Portugal",Internacional,,
"Faculty of Computing (FACOM), Federal University of Uberlândia (UFU), Uberlândia/MG, Brazil",Minas Gerais,MG,Sudeste
"Institute of Science and Technology, Federal University of São Paulo, São José dos Campos, Brazil",São Paulo,SP,Sudeste
"Samsung R&D Institute, Campinas, Brazil",São Paulo,SP,Sudeste
"Institute of Science and Technology, Federal University of São Paulo, São José dos Campos, Brazil",São Paulo,SP,Sudeste
"Department of Systems and Computing Av, Aprígio Veloso 882, Universidade Federal de Campina Grande, Campina Grande-PB, Brazil",Paraíba,PB,Nordeste
"Department of Systems and Computing Av, Aprígio Veloso 882, Universidade Federal de Campina Grande, Campina Grande-PB, Brazil",Paraíba,PB,Nordeste
"Department of Systems and Computing Av, Aprígio Veloso 882, Universidade Federal de Campina Grande, Campina Grande-PB, Brazil",Paraíba,PB,Nordeste
"Department of Systems and Computing Av, Aprígio Veloso 882, Universidade Federal de Campina Grande, Campina Grande-PB, Brazil",Paraíba,PB,Nordeste
"Hewlett Packard Enterprise, Brazil",São Paulo,SP,Sudeste,S
"Computer Science Center - C3, Federal University of Rio Grande (FURG), Rio Grande, Brazil",Rio Grande do Sul,RS,Sul
"Computer Science Center - C3, Federal University of Rio Grande (FURG), Rio Grande, Brazil",Rio Grande do Sul,RS,Sul
"Computer Science Center - C3, Federal University of Rio Grande (FURG), Rio Grande, Brazil",Rio Grande do Sul,RS,Sul
"Computer Science Center - C3, Federal University of Rio Grande (FURG), Rio Grande, Brazil",Rio Grande do Sul,RS,Sul
"Computer Science Center - C3, Federal University of Rio Grande (FURG), Rio Grande, Brazil",Rio Grande do Sul,RS,Sul
"Computer Science Center - C3, Federal University of Rio Grande (FURG), Rio Grande, Brazil",Rio Grande do Sul,RS,Sul
"Computing Department, Federal University of São Carlos, São Carlos, SP, Brazil",São Paulo,SP,Sudeste
"Computing Department, Federal University of São Carlos, São Carlos, SP, Brazil",São Paulo,SP,Sudeste
"Universidade do Estado de Minas Gerais (UEMG), Divinópolis, Brazil",Minas Gerais,MG,Sudeste
"Universidade do Estado de Minas Gerais (UEMG), Divinópolis, Brazil",Minas Gerais,MG,Sudeste
"Universidade do Estado de Minas Gerais (UEMG), Divinópolis, Brazil",Minas Gerais,MG,Sudeste
"School of Computer Science, Federal University of Uberlandia Av. João Naves de Ávila, 2121, Uberlandia, MG, Brazil",Minas Gerais,MG,Sudeste
"Triangle Regional Unit, State Forest Institute, MG, Brazil",Minas Gerais,MG,Sudeste
"Triangle Regional Unit, State Forest Institute, MG, Brazil",Minas Gerais,MG,Sudeste
"School of Computer Science, Federal University of Uberlandia Av. João Naves de Ávila, 2121, Uberlandia, MG, Brazil",Minas Gerais,MG,Sudeste
"School of Computer Science, Federal University of Uberlandia Av. João Naves de Ávila, 2121, Uberlandia, MG, Brazil",Minas Gerais,MG,Sudeste
"School of Computer Science, Federal University of Uberlandia Av. João Naves de Ávila, 2121, Uberlandia, MG, Brazil",Minas Gerais,MG,Sudeste
"Institute of Computing, University of Campinas, Campinas, SP, Brazil",São Paulo,SP,Sudeste
"Institute of Computing, University of Campinas, Campinas, SP, Brazil",São Paulo,SP,Sudeste
"Institute of Computing, University of Campinas, Campinas, SP, Brazil",São Paulo,SP,Sudeste
"Institute of Computing, University of Campinas, Campinas, SP, Brazil",São Paulo,SP,Sudeste
"Institute of Computing, University of Campinas, Campinas, SP, Brazil",São Paulo,SP,Sudeste
"Department of ICT and Natural Sciences, Norwegian University of Science and Technology (NTNU), Alesund, Norway",Internacional,,
"PUC-Rio-Pontifícia Universidade Católica do Rio de Janeiro, Brazil",Rio de Janeiro,RJ,Sudeste
"PUC-Rio-Pontifícia Universidade Católica do Rio de Janeiro, Brazil",Rio de Janeiro,RJ,Sudeste
"PUC-Rio-Pontifícia Universidade Católica do Rio de Janeiro, Brazil",Rio de Janeiro,RJ,Sudeste
"IMPA-Instituto Nacional de Matemática Pura e Aplicada, Brazil",Rio de Janeiro,RJ,Sudeste
"PUC-Rio-Pontifícia Universidade Católica do Rio de Janeiro, Brazil",Rio de Janeiro,RJ,Sudeste
"Voxar Labs, Centro de Informàtica, Universidade Federal de Pernambuco, Campus Recife, Pernambuco, Brazil",Pernambuco,PE,Nordeste
"Voxar Labs, Centro de Informàtica, Universidade Federal de Pernambuco, Campus Recife, Pernambuco, Brazil",Pernambuco,PE,Nordeste
"Université de Montreal, Montréal, Quebec, Canada",Internacional,,
"Voxar Labs, Centro de Informàtica, Universidade Federal de Pernambuco, Campus Recife, Pernambuco, Brazil",Pernambuco,PE,Nordeste
"Curso Técnico em Informàtica para Internet, Instituto Federal de Pernambuco, Campus Belo Jardim, Pernambuco, Brazil",Pernambuco,PE,Nordeste
"Voxar Labs, Centro de Informàtica, Universidade Federal de Pernambuco, Campus Recife, Pernambuco, Brazil",Pernambuco,PE,Nordeste
"Voxar Labs, Centro de Informàtica, Universidade Federal de Pernambuco, Campus Recife, Pernambuco, Brazil",Pernambuco,PE,Nordeste
"Department of Mathematics and Computer Science, São Paulo State University, Presidente Prudente, São Paulo/Brazil",São Paulo,SP,Sudeste
"Department of Mathematics and Computer Science, São Paulo State University, Presidente Prudente, São Paulo/Brazil",São Paulo,SP,Sudeste
"Department of Computing, São Paulo State University, Bauru, Brazil",São Paulo,SP,Sudeste
"Department of Computing, São Paulo State University, Bauru, Brazil",São Paulo,SP,Sudeste
"Cenpes Petroleo Brasileiro S.A. - Petrobras, Rio de Janeiro, RJ, Brazil",Rio de Janeiro,RJ,Sudeste
"Department of Computing, São Paulo State University, Bauru, Brazil",São Paulo,SP,Sudeste
"Institute of Computing, University of Campinas, Campinas, SP, Brazil",São Paulo,SP,Sudeste
"Semantix Brasil, São Paulo, SP, Brazil",São Paulo,SP,Sudeste
"University of Campinas, Campinas, Brazil",São Paulo,SP,Sudeste
"Pontifical Catholic University of Minas Gerais, Belo Horizonte, Brazil",Minas Gerais,MG,Sudeste
"Institute of Computing, University of Campinas, Campinas, SP, Brazil",São Paulo,SP,Sudeste
"Department of Computer Science, Universidade Federal de Minas Gerais, Belo Horizonte, Brazil",Minas Gerais,MG,Sudeste
"INRIA, Valbonne, France",Internacional,,
"Department of Computer Science, Universidade Federal de Minas Gerais, Belo Horizonte, Brazil",Minas Gerais,MG,Sudeste
"Instituto de Ciência e Tecnologia, Universidade Federal de São Paulo - UNIFESP, São José dos Campos, SP, Brazil",São Paulo,SP,Sudeste
"Dept. of Information Engineering and Computer Science, University of Trento - UniTn, Trento, TN, Italy",Internacional,,
"Instituto de Ciência e Tecnologia, Universidade Federal de São Paulo - UNIFESP, São José dos Campos, SP, Brazil",São Paulo,SP,Sudeste
"Department of Computer Science, Universidad Católica San Pablo, Arequipa, Peru",Internacional,,
"Department of Computer Science, Universidad Católica San Pablo, Arequipa, Peru",Internacional,,
"Center for the Study of Violence, University of São Paulo, São Paulo, SP, Brazil",São Paulo,SP,Sudeste
"Univ. Grenoble Alpes, LIG, Grenoble, France",Internacional,,
"Univ. Grenoble Alpes, Science Po Grenoble, PACTE, Grenoble, France",Internacional,,
"Univ. Grenoble Alpes, LIG, Grenoble, France",Internacional,,
"Institute of Informatics Federal, University of Rio Grande do Sul, Porto Alegre, Brazil",Rio Grande do Sul,RS,Sul
"Computer Science Department, Campus Universitário Morro do Cruzeiro, Ouro Preto, MG, Brazil",Minas Gerais,MG,Sudeste
"Biology Department Federal, Campus Universitário Morro do Cruzeiro, Ouro Preto, MG, Brazil",Minas Gerais,MG,Sudeste
"Biology Department, Federal University of Ouro Preto, Ouro Preto, Brazil",Minas Gerais,MG,Sudeste
"Computer Science Department, Federal University of Ouro Preto, Ouro Preto, Brazil",Minas Gerais,MG,Sudeste
"Department of Applied Computing, Federal University of Santa Maria, Santa Maria, Brazil",Rio Grande do Sul,RS,Sul
"Department of Applied Computing, Federal University of Santa Maria, Santa Maria, Brazil",Rio Grande do Sul,RS,Sul
"Department of Applied Computing, Federal University of Santa Maria, Santa Maria, Brazil",Rio Grande do Sul,RS,Sul
"Department of Electrical Energy Processing, Federal University of Santa Maria, Santa Maria, Brazil",Rio Grande do Sul,RS,Sul
"Department of Computer Science, Universidad Catolica San Pablo, Arequipa, Peru",Internacional,,
"Institute of Computing, University of Campinas, Campinas, Brazil",São Paulo,SP,Sudeste
"Institute of Computing, University of Campinas, Campinas, Brazil",São Paulo,SP,Sudeste
"Institute for Biomedical Engineering, ETH Zurich, Zurich, Switzerland",Internacional,,
"Center for Cardiac Magnetic Resonance, Lausanne University Hospital, Lausanne, Switzerland",Internacional,,
"Rayne Institute School of Bioengineering and Imaging Sciences, King's College London, London, United Kingdom",Internacional,,
"Institute for Biomedical Engineering, ETH Zurich, Zurich, Switzerland",Internacional,,
"Department of Computer Science, Universidad Católica San Pablo, Arequipa, Perú",Internacional,,
"Computer Science Department, Centro Universitario FEI, Sao Bernardo do Campo, Brazil",São Paulo,SP,Sudeste
"Computer Science Department, Centro Universitario FEI, Sao Bernardo do Campo, Brazil",São Paulo,SP,Sudeste
"COMAC National Laboratory for Scientific Computing, Petrópolis, RJ, Brazil",Rio de Janeiro,RJ,Sudeste
"FMC, Federal University of Uberlandia, Uberlandia, Brazil",Minas Gerais,MG,Sudeste
"Federal University of Uberlandia, FMC, Uberlandia, Minas Gerais, Brazil",Minas Gerais,MG,Sudeste
"Federal University of Uberlandia, FMC, Uberlandia, Minas Gerais, Brazil",Minas Gerais,MG,Sudeste
"Department of Biomedical Engineering, National Institute of Technology Raipur, Raipur, India",Internacional,,
"Institute of Mathematics and Computer Science (ICMC), University of São Paulo (USP), São Carlos, SP, BR",São Paulo,SP,Sudeste
"Institute of Mathematics and Computer Science (ICMC), University of São Paulo (USP), São Carlos, SP, BR",São Paulo,SP,Sudeste
"Institute of Mathematics and Computer Science, University of Sao Paulo, Sao Carlos, Brazil",São Paulo,SP,Sudeste
"Institute of Mathematics and Computer Science, University of Sao Paulo, Sao Carlos, Brazil",São Paulo,SP,Sudeste
"Ribeirao Preto Medical School (FMRP), University of São Paulo (USP), Ribeirão Preto, SP, BR",São Paulo,SP,Sudeste
"Institute of Mathematics and Computer Science (ICMC), University of São Paulo (USP), São Carlos, SP, BR",São Paulo,SP,Sudeste
"Institute of Mathematics and Computer Science, University of Sao Paulo, Sao Carlos, Brazil",São Paulo,SP,Sudeste
"Department of Informatics, PUC-Rio, Rio de Janeiro, Brazil",Rio de Janeiro,RJ,Sudeste
"Department of Informatics, PUC-Rio, Rio de Janeiro, Brazil",Rio de Janeiro,RJ,Sudeste
"Department of Informatics, PUC-Rio, Rio de Janeiro, Brazil",Rio de Janeiro,RJ,Sudeste
"Department of Informatics, PUC-Rio, Rio de Janeiro, Brazil",Rio de Janeiro,RJ,Sudeste
"Computer Science Department, Pontifical Catholic University of Rio de Janeiro, Brazil",Rio de Janeiro,RJ,Sudeste
"Computer Science Department, Pontifical Catholic University of Rio de Janeiro, Brazil",Rio de Janeiro,RJ,Sudeste
"LIGM, Universite Paris-Est, Noisy-le-Grand, France",Internacional,,
"LIGM, Universite Paris-Est, Noisy-le-Grand, France",Internacional,,
"Université Paris-Est, CNRS, Noisy-le-Grand, France",Internacional,,
"Université Paris-Est, CNRS, Noisy-le-Grand, France",Internacional,,
"Université Paris-Est, CNRS, Noisy-le-Grand, France",Internacional,,
"Université Paris-Est, CNRS, Noisy-le-Grand, France",Internacional,,
"LIGM, Universite Paris-Est, Noisy-le-Grand, France",Internacional,,
"LIGM, Universite Paris-Est, Noisy-le-Grand, France",Internacional,,
"University of Campinas, Campinas, Brazil",São Paulo,SP,Sudeste
"University of Campinas, Campinas, SP, Brazil",São Paulo,SP,Sudeste
"Pontifical Catholic University of Minas Gerais, Belo Horizonte, Brazil",Minas Gerais,MG,Sudeste
"University of Campinas, Campinas, Brazil",São Paulo,SP,Sudeste
"Center for Mathematics, Computing and Cognition, Federal University of ABC, Santo Andre, Brazil",São Paulo,SP,Sudeste
"Federal University of ABC, Santo Andre, Brazil",São Paulo,SP,Sudeste
"Center for Mathematics, Computing and Cognition, Federal University of ABC, Santo Andre, Brazil",São Paulo,SP,Sudeste
"Department of Computer Science, Universidad Catolica San Pablo, Arequipa, Peru",Internacional,,
"Department of Computer Science, Universidad Catòlica San Pablo, Arequipa, Perú",Internacional,,
"Department of Computer Science, Federal University of Ouro Preto, Ouro Preto, Brazil",Minas Gerais,MG,Sudeste
"Computer Science Department, Pontifical Catholic University of Rio de Janeiro, Brazil",Rio de Janeiro,RJ,Sudeste
"Computer Science Department, Pontifical Catholic University of Rio de Janeiro, Brazil",Rio de Janeiro,RJ,Sudeste
"Computer Science Department, Pontifical Catholic University of Rio de Janeiro, Brazil",Rio de Janeiro,RJ,Sudeste
"Computer Science Department, Pontifical Catholic University of Rio de Janeiro, Brazil",Rio de Janeiro,RJ,Sudeste
"Federal University of Ceara, Fortaleza, CE, Brazil",Ceará,CE,Nordeste
"Federal University of Ceara, Fortaleza, CE, Brazil",Ceará,CE,Nordeste
"Federal University of Ceara, Fortaleza, Brazil",Ceará,CE,Nordeste
"Instituto de Telecomunicações & Faculdade de Ciências, Universidade do Porto, Portugal",Internacional,,
"Federal University of Para, Belem, Brazil",Pará,PA,Norte
"Federal University of Alagoas, Maceio, Brazil",Alagoas,AL,Nordeste
"Federal University of Alagoas (UFAL), Maceió, AL, Brazil",Alagoas,AL,Nordeste
"Federal University of Alagoas, Maceio, Brazil",Alagoas,AL,Nordeste
"Federal University of Alagoas (UFAL), Maceió, AL, Brazil",Alagoas,AL,Nordeste
"Federal University of Alagoas (UFAL), Maceió, AL, Brazil",Alagoas,AL,Nordeste
Uberlandia Federal University,Minas Gerais,MG,Sudeste
Sao Paulo University,São Paulo,SP,Sudeste
Uberlandia Federal University,Minas Gerais,MG,Sudeste
Universidade Federal de Minas Gerais,Minas Gerais,MG,Sudeste
Universidade Federal de Minas Gerais,Minas Gerais,MG,Sudeste
Universidade Federal de Minas Gerais,Minas Gerais,MG,Sudeste
"Laboratory of Vision, Robotics and Imaging, Federal University of Paraná, Curitiba, PR, Brazil",Paraná,PR,Sul
"Laboratory of Vision, Robotics and Imaging, Federal University of Paraná, Curitiba, PR, Brazil",Paraná,PR,Sul
"Laboratory of Vision, Robotics and Imaging, Federal University of Paraná, Curitiba, PR, Brazil",Paraná,PR,Sul
"Laboratory of Intelligent Systems Computation, Federal University of Ouro Preto, Ouro Preto, MG, Brazil",Minas Gerais,MG,Sudeste
"Laboratory of Vision, Robotics and Imaging, Federal University of Paraná, Curitiba, PR, Brazil",Paraná,PR,Sul
"Federal University of Campina Grande, Campina Grande, Brazil",Paraíba,PB,Nordeste
"Federal University of Campina Grande, Campina Grande, Brazil",Paraíba,PB,Nordeste
"Federal University of Campina Grande (UFCG), Campina Grande, PB, Brazil",Paraíba,PB,Nordeste
"Federal University of Campina Grande (UFCG), Campina Grande, PB, Brazil",Paraíba,PB,Nordeste
"Instituto de Matemática e Estatística, Universidade de São Paulo, São Paulo, Brazil",São Paulo,SP,Sudeste
"Instituto de Matemática e Estatística, Universidade de São Paulo, São Paulo, Brazil",São Paulo,SP,Sudeste
"Department of Computer Science, Universidade Federal de Minas Gerais, Brazil, Belo Horizonte, Minas Gerais",Minas Gerais,MG,Sudeste
"Department of Computer Science, Universidade Federal de Minas Gerais, Brazil, Belo Horizonte, Minas Gerais",Minas Gerais,MG,Sudeste
"Universidade Federal do Espírito Santo (UFES), Vitória, ES, Brazil",Espírito Santo,ES,Sudeste
"Universidade Federal do Espírito Santo (UFES), Vitória, ES, Brazil",Espírito Santo,ES,Sudeste
"Instituto Federal do Espírito Santo (IFES), Serra, ES, Brazil",Espírito Santo,ES,Sudeste
"Universidade Federal do Espírito Santo (UFES), Vitória, ES, Brazil",Espírito Santo,ES,Sudeste
"Universidade Federal do Espírito Santo (UFES), Vitória, ES, Brazil",Espírito Santo,ES,Sudeste
"Universidade Federal do Espírito Santo (UFES), Vitória, ES, Brazil",Espírito Santo,ES,Sudeste
"Instituto de Computacao, Universidade Federal Fluminense Niteroi, Rio de Janeiro, Brazil",Rio de Janeiro,RJ,Sudeste
"Instituto de Computação, Universidade Federal Fluminense Niterói, Rio de Janeiro, Brazil",Rio de Janeiro,RJ,Sudeste
"Instituto de Computação, Universidade Federal Fluminense Niterói, Rio de Janeiro, Brazil",Rio de Janeiro,RJ,Sudeste
"Institute of Mathematics and Statistics, University of São Paulo, São Paulo, Brazil",São Paulo,SP,Sudeste
"Institute of Mathematics and Statistics, University of São Paulo, São Paulo, Brazil",São Paulo,SP,Sudeste
"Institute of Mathematics and Statistics, University of São Paulo, São Paulo, Brazil",São Paulo,SP,Sudeste
"School of Arts, Sciences and Humanities, University of São Paulo, São Paulo, Brazil",São Paulo,SP,Sudeste
"Institute of Mathematics and Statistics, University of São Paulo, São Paulo, Brazil",São Paulo,SP,Sudeste
"Radiology and Clinical Neurosciences, University of Calgary, Canada",Internacional,,
"Seaman Family MR Research Centre, Foothills Medical Centre, Canada",Internacional,,
"Faculty of Life Sciences and Medicine, King's College, London, UK",Internacional,,
"Radiology and Clinical Neurosciences, University of Calgary, Canada",Internacional,,
"Seaman Family MR Research Centre, Foothills Medical Centre, Canada",Internacional,,
"Calgary Image Processing and Analysis Centre, Foothills Medical Centre, Canada",Internacional,,
"Division of Rheumatology, University of Campinas, Brazil",São Paulo,SP,Sudeste
"Medical Imaging and Computing Laboratory, University of Campinas, Campinas, Brazil",São Paulo,SP,Sudeste
"Division of Rheumatology, University of Campinas, Brazil",São Paulo,SP,Sudeste
"Medical Imaging and Computing Laboratory, University of Campinas, Brazil",São Paulo,SP,Sudeste
"Radiology and Clinical Neurosciences, University of Calgary, Canada",Internacional,,
"Seaman Family MR Research Centre, Foothills Medical Centre, Canada",Internacional,,
"Institute of Mathematical and Comp
uter Sciences, University of Sao Paulo, Sao Carlos, Brazil",São Paulo,SP,Sudeste
"Institute of Mathematical and Computer Sciences, University of Sao Paulo, Sao Carlos, Brazil",São Paulo,SP,Sudeste
"Universidade Federal de Minas Gerais (UFMG), Brazil",Minas Gerais,MG,Sudeste
"Universidade Federal de Minas Gerais (UFMG), Brazil",Minas Gerais,MG,Sudeste
"Universidade Federal de Minas Gerais (UFMG), Brazil",Minas Gerais,MG,Sudeste
"Radiology and Clinical Neuroscience, University of Calgary, Calgary, AB, Canada",Internacional,,
"Seaman Family MR Research Centre, Foothills Medical Centre, Calgary, AB, Canada",Internacional,,
"Radiology and Clinical Neuroscience, University of Calgary, Calgary, AB, Canada",Internacional,,
"Seaman Family MR Research Centre, Foothills Medical Centre, Calgary, AB, Canada",Internacional,,
"Department of Computer Science, Federal University of Ouro Preto, Ouro Preto, MG, Brazil",Minas Gerais,MG,Sudeste
"Department of Computer Science, National University of Trujillo, Trujillo, Peru",Internacional,,
"Department of Computer Science, Federal University of Ouro Preto, Ouro Preto, MG, Brazil",Minas Gerais,MG,Sudeste
"Departamento de Informática, Pontifícia Universidade Católica do Rio de Janeiro, Rio de Janeiro, Brazil",Rio de Janeiro,RJ,Sudeste
"Departamento de Informática, Pontifícia Universidade Católica do Rio de Janeiro, Rio de Janeiro, Brazil",Rio de Janeiro,RJ,Sudeste
"Departamento de Informática, Pontifícia Universidade Católica do Rio de Janeiro, Rio de Janeiro, Brazil",Rio de Janeiro,RJ,Sudeste
"Departamento de Informática, Pontifícia Universidade Católica do Rio de Janeiro, Rio de Janeiro, Brazil",Rio de Janeiro,RJ,Sudeste
"Computer Science Department and Tecgraf Institute, Pontifical Catholic University of Rio de Janeiro - PUC-Rio, Rio de Janeiro, Brasil",Rio de Janeiro,RJ,Sudeste
"Computer Science Department and Tecgraf Institute, Pontifical Catholic University of Rio de Janeiro - PUC-Rio, Rio de Janeiro, Brasil",Rio de Janeiro,RJ,Sudeste
"Computer Science Department and Tecgraf Institute, Pontifical Catholic University of Rio de Janeiro - PUC-Rio, Rio de Janeiro, Brasil",Rio de Janeiro,RJ,Sudeste
"FGV EMAp, Rio de Janeiro, Brazil",Rio de Janeiro,RJ,Sudeste
"IMPA, Rio de Janeiro, Brazil",Rio de Janeiro,RJ,Sudeste
"IMPA, Rio de Janeiro, Brazil",Rio de Janeiro,RJ,Sudeste
"Dept. of Comput., Sao Paulo State Univ., Bauru, Brazil",São Paulo,SP,Sudeste
"Department of Computing, São Paulo State University UNESP, Bauru, SP, Brazil",São Paulo,SP,Sudeste
"Federal University of Amazonas - UFAM, Institute of Computing - IComp",Amazonas,AM,Norte
"Universidade Federal do Amazonas, Manaus, AM, BR",Amazonas,AM,Norte
"Institute of Science and Technology, Universidade Federal de São Paulo (UNIFESP), São José dos Campos, Brazil",São Paulo,SP,Sudeste
"Federal Institute of São Paulo, Campinas, Brazil",São Paulo,SP,Sudeste
"University of Campinas, Campinas, Brazil",São Paulo,SP,Sudeste
"Luiz de Queiroz College of Agriculture, University of Sao Paulo, Piracicaba, Brazil",São Paulo,SP,Sudeste
"Institute of Science and Technology, Universidade Federal de São Paulo (UNIFESP), São José dos Campos, Brazil",São Paulo,SP,Sudeste
"Instituto de Ciência e Tecnologia, Unversidade Federal de São Paulo, São José dos Campos",São Paulo,SP,Sudeste
"Universidade Federal de Sao Paulo, Sao Paulo, SÃ£o Paulo, BR",São Paulo,SP,Sudeste
"Instituto de Ciência e Tecnologia, Unversidade Federal de São Paulo, São José dos Campos",São Paulo,SP,Sudeste
"Dept. of Comput. Sci., Fed. Inst. of Bahia, Salvador, Brazil",Bahia,BA,Nordeste
"Universidade Federal da Bahia, Salvador, BA, BR",Bahia,BA,Nordeste
"Dept. of Comput. Sci., Fed. Inst. of Bahia, Salvador, Brazil",Bahia,BA,Nordeste
"Computaçáo Brasil, Salvador, BA, Brazil",Bahia,BA,Nordeste
"Department of Computer Science, Londrina State University (UEL), Londrina, PR, Brazil",Paraná,PR,Sul
"Department of Computer Science, Londrina State University (UEL), Londrina, PR, Brazil",Paraná,PR,Sul
"Universidade Federal do Rio Grande, Rio Grande, RS, BR",Rio Grande do Sul,RS,Sul
"Universidade Federal do Rio Grande, Rio Grande, RS, BR",Rio Grande do Sul,RS,Sul
"Federal University of Rio Grande, Center for Computational Science - C3 Rio, Grande, Brazil",Rio Grande do Sul,RS,Sul
"Intelligent Robotics and Automation Group - NAUTEC, Universidade Federal do Rio Grande - FURG, Rio Grande, Brazil",Rio Grande do Sul,RS,Sul
"Intelligent Robotics and Automation Group - NAUTEC, Universidade Federal do Rio Grande - FURG, Rio Grande, Brazil",Rio Grande do Sul,RS,Sul
"Universidade Federal do Rio Grande, Rio Grande, RS, BR",Rio Grande do Sul,RS,Sul
"Intelligent Robotics and Automation Group - NAUTEC, Universidade Federal do Rio Grande - FURG, Rio Grande, Brazil",Rio Grande do Sul,RS,Sul
Universidade Federal do Espírito Santo (UFES),Espírito Santo,ES,Sudeste
Universidade Federal do Espírito Santo (UFES),Espírito Santo,ES,Sudeste
Universidade Federal do Espírito Santo (UFES),Espírito Santo,ES,Sudeste
Universidade Federal do Espírito Santo (UFES),Espírito Santo,ES,Sudeste
Universidade Federal do Espírito Santo (UFES),Espírito Santo,ES,Sudeste
Universidade Federal do Espírito Santo (UFES),Espírito Santo,ES,Sudeste
"Universidade Federal de Ouro Preto, Ouro Preto, MG, BR",Minas Gerais,MG,Sudeste
"Universidade Federal de Ouro Preto, Ouro Preto, MG, BR",Minas Gerais,MG,Sudeste
"Universidade Federal de Minas Gerais, Belo Horizonte, MG, BR",Minas Gerais,MG,Sudeste
"Universidade Federal de Minas Gerais, Belo Horizonte, MG, BR",Minas Gerais,MG,Sudeste
"Universidade Federal de Minas Gerais, Belo Horizonte, MG, BR",Minas Gerais,MG,Sudeste
"Universidade Federal de Minas Gerais, Belo Horizonte, MG, BR",Minas Gerais,MG,Sudeste
"Adv. Technol., Samsung Res. Inst., Campinas, Brazil",São Paulo,SP,Sudeste
"Department of Computer Science, Universidade Federal de Minas, Gerais, Brazil",Minas Gerais,MG,Sudeste
"Department of Computer Science, Universidade Federal de Minas, Gerais, Brazil",Minas Gerais,MG,Sudeste
"Department of Computer Science, Universidade Federal de Minas, Gerais, Brazil",Minas Gerais,MG,Sudeste
"Laboratory of Vision, Robotics and Imaging, Universidade Federal do Paraná, Brazil",Paraná,PR,Sul
"Laboratory of Vision, Robotics and Imaging, Universidade Federal do Paraná, Brazil",Paraná,PR,Sul
"Department of Computer Science, Universidade Federal de Minas, Gerais, Brazil",Minas Gerais,MG,Sudeste
"Informatics Institute, Federal University of Rio Grande do Sul, Porto Alegre, Brazil",Rio Grande do Sul,RS,Sul
"Informatics Institute, Federal University of Rio Grande do Sul, Porto Alegre, Brazil",Rio Grande do Sul,RS,Sul
"Voxar Labs - Centro de Informática, Universidade Federal de Pernambuco, Recife, Brazil",Pernambuco,PE,Nordeste
"Voxar Labs - Centro de Informática, Universidade Federal de Pernambuco, Recife, Brazil",Pernambuco,PE,Nordeste
"Voxar Labs - Centro de Informática, Universidade Federal de Pernambuco, Recife, Brazil",Pernambuco,PE,Nordeste
"Universidade Federal Rural de Pernambuco, Recife, PE, BR",Pernambuco,PE,Nordeste
"Projeto de P&D CIn/Samsung, Universidade Federal de Pernambuco, Recife, Brazil",Pernambuco,PE,Nordeste
"Centro de Informática, Universidade Federal de Pernambuco, Recife, Brazil",Pernambuco,PE,Nordeste
"Universidade Federal de Pernambuco, Recife, PE, BR",Pernambuco,PE,Nordeste
"Desenvolvimento para a Informática, Samsung Instituto de, Campinas, Brazil",São Paulo,SP,Sudeste
"Universidade Federal da Bahia, Salvador, BA, BR",Bahia,BA,Nordeste
"Federal University of Alagoas - UFAL, Arapiraca, AL, Brazil",Alagoas,AL,Nordeste
"University of Groningen, Groningen, The Netherlands",Internacional,,
"ICMC - USP, São Carlos, SP, Brazil",São Paulo,SP,Sudeste
"Universidad Católica San Pablo, Arequipa, Peru",Internacional,,
"Universidad Católica San Pablo, Arequipa, Peru",Internacional,,
"University of Washington, Seattle, WA, USA",Internacional,,
"Fundação Getulio Vargas, Rio De Janeiro, Brazil",Rio de Janeiro,RJ,Sudeste
"Graduate Program in Computer Science, Federal Univ. of Rio Grande do Su1, Porto Alegre, RS, Brazil",Rio Grande do Sul,RS,Sul
"Institute of Informatics, Federal Univ. of Rio Grande do Su1, Porto Alegre, RS, Brazil",Rio Grande do Sul,RS,Sul
"Institute of Informatics, Federal Univ. of Rio Grande do Su1, Porto Alegre, RS, Brazil",Rio Grande do Sul,RS,Sul
"Johann Bernoulli Institute, University of Groningen, the Netherlands",Internacional,,
"Johann Bernoulli Institute, University of Groningen, the Netherlands",Internacional,,
"Johann Bernoulli Institute, University of Groningen, the Netherlands",Internacional,,
"Universidade Federal de Sao Carlos, Sao Carlos, SP, BR",São Paulo,SP,Sudeste
"Klinikum Augsburg III, Medizinische Klinik, Augsburg, Germany",Internacional,,
"Klinikum Augsburg III, Medizinische Klinik, Augsburg, Germany",Internacional,,
"Klinikum Augsburg III, Medizinische Klinik, Augsburg, Germany",Internacional,,
"Department of Computing, São Paulo State University, Bauru, Brazil",São Paulo,SP,Sudeste
"Regensburg Medical Image Computing, Ostbayerische Technische Hochschule Regensburg, Regensburg, Germany",Internacional,,
"Regensburg Medical Image Computing, Ostbayerische Technische Hochschule Regensburg, Regensburg, Germany",Internacional,,
"Department of Computer Science, Federal Institute of Southeast of Minas Gerais, Rio Pomba, MG, Brazil",Minas Gerais,MG,Sudeste
"Department of Computer Science, Federal Institute of Southeast of Minas Gerais, Rio Pomba, MG, Brazil",Minas Gerais,MG,Sudeste
"Radiology and Clinical Neuroscience, University of Calgary, Calgary, Canada",Internacional,,
"Radiology and Clinical Neuroscience, University of Calgary, Calgary, Canada",Internacional,,
"Radiology and Clinical Neuroscience, University of Calgary, Calgary, Canada",Internacional,,
"Institute of Mathematical and Computer Sciences (ICMC), University of São Paulo (USP), São Carlos, SP, Brazil",São Paulo,SP,Sudeste
"Institute of Mathematical and Computer Sciences (ICMC), University of São Paulo (USP), São Carlos, SP, Brazil",São Paulo,SP,Sudeste
"Instituto de Informática-UFRGS, Porto Alegre, RS, Brazil",Rio Grande do Sul,RS,Sul
"Instituto de Informática-UFRGS, Porto Alegre, RS, Brazil",Rio Grande do Sul,RS,Sul
"Department of Computer Science, Universidade Federal de Minas Gerais, Minas Gerais",Minas Gerais,MG,Sudeste
"Department of Computer Science, Universidade Federal de Minas Gerais, Minas Gerais",Minas Gerais,MG,Sudeste
"Departement of Geometrical Computing, Universiteit Utrecht, Utrecht, CC, The Netherlands",Internacional,,
"Departement of Geometrical Computing, Universiteit Utrecht, Utrecht, CC, The Netherlands",Internacional,,
"Departamento de Expressso Grafica, Universidade Federal de Santa Catarina, Florianopolis, Brazil",Santa Catarina,SC,Sul
"Departamento de Expressso Grafica, Universidade Federal de Santa Catarina, Florianopolis, Brazil",Santa Catarina,SC,Sul
"Departamento de Expressso Grafica, Universidade Federal de Santa Catarina, Florianopolis, Brazil",Santa Catarina,SC,Sul
"Instituto de Informática - UFRGS, Porto Alegre, RS, Brazil",Rio Grande do Sul,RS,Sul
"Instituto de Informática - UFRGS, Porto Alegre, RS, Brazil",Rio Grande do Sul,RS,Sul
"Tecgraf Institute and Computer Science Department, Pontifical Catholic University of Rio de Janeiro PUC-Rio, Rio de Janeiro, Brazil",Rio de Janeiro,RJ,Sudeste
"Tecgraf Institute and Computer Science Department, Pontifical Catholic University of Rio de Janeiro PUC-Rio, Rio de Janeiro, Brazil",Rio de Janeiro,RJ,Sudeste
"Tecgraf Institute and Computer Science Department, Pontifical Catholic University of Rio de Janeiro PUC-Rio, Rio de Janeiro, Brazil",Rio de Janeiro,RJ,Sudeste
"Centro de Cálculo, Universidad de la República, Montevideo-Uruguay",Internacional,,
"Centro de Cálculo, Universidad de la República, Montevideo-Uruguay",Internacional,,
"Universidade Federal de Ouro Preto, Ouro Preto, Minas Gerais, Brazil",Minas Gerais,MG,Sudeste
"Department of Computer Science, Universidade Federal de Minas Gerais, Brazil",Minas Gerais,MG,Sudeste
"Department of Computer Science, Universidade Federal de Minas Gerais, Brazil",Minas Gerais,MG,Sudeste
"Universidade Federal de Ouro Preto, Ouro Preto, Minas Gerais, Brazil",Minas Gerais,MG,Sudeste
"UFSCar - Federal University of São Carlos. Rod., São Carlos, (SP), Brazil",São Paulo,SP,Sudeste
"UNESP - São Paulo State University, Bauru, (SP), Brazil",São Paulo,SP,Sudeste
"UNESP - São Paulo State University, Bauru, (SP), Brazil",São Paulo,SP,Sudeste
"Vsoft Tecnologia, João Pessoa, Paraiba, Brazil",Paraíba,PB,Nordeste
"Vsoft Tecnologia, João Pessoa, Paraiba, Brazil",Paraíba,PB,Nordeste
"Vsoft Tecnologia, João Pessoa, Paraiba, Brazil",Paraíba,PB,Nordeste
"Universidade Federal de Campina Grande, Campina Grande, PB, BR",Paraíba,PB,Nordeste
"Universidade Federal de Campina Grande, Campina Grande, PB, BR",Paraíba,PB,Nordeste
"Universidade Federal da Paraiba Centro de Ciencias da Saude, Joao Pessoa, PB, BR",Paraíba,PB,Nordeste
"Vsoft Tecnologia João Pessoa-PB, Brazil",Paraíba,PB,Nordeste
"Vsoft Tecnologia João Pessoa-PB, Brazil",Paraíba,PB,Nordeste
"Vsoft Tecnologia João Pessoa-PB, Brazil",Paraíba,PB,Nordeste
"Federal University of Campina Grande Campina Grande-PB, Brazil",Paraíba,PB,Nordeste
"Federal University of Campina Grande Campina Grande-PB, Brazil",Paraíba,PB,Nordeste
"Federal University of Paraiba João Pessoa-PB, Brazil",Paraíba,PB,Nordeste
"Federal University of Paraná (UFPR), Curitiba, PR, Brazil",Paraná,PR,Sul
"Federal University of Paraná (UFPR), Curitiba, PR, Brazil",Paraná,PR,Sul
"Federal University of Paraná (UFPR), Curitiba, PR, Brazil",Paraná,PR,Sul
"Federal University of Paraná (UFPR), Curitiba, PR, Brazil",Paraná,PR,Sul
"Federal University of Paraná (UFPR), Curitiba, PR, Brazil",Paraná,PR,Sul
"Pontifical Catholic University of Paraná (PUCPR), Curitiba, PR, Brazil",Paraná,PR,Sul
"Federal University of Paraná (UFPR), Curitiba, PR, Brazil",Paraná,PR,Sul
"Department of Informatics, Federal University of Paraná (UFPR), Curitiba, PR, Brazil",Paraná,PR,Sul
"Computing Department, Federal University of Ouro Preto (UFOP), Ouro Preto, MG, Brazil",Minas Gerais,MG,Sudeste
"Department of Informatics, Federal University of Paraná (UFPR), Curitiba, PR, Brazil",Paraná,PR,Sul
"Postgraduate Program in Informatics, Pontifical Catholic University of Paraná (PUCPR), Curitiba, PR, Brazil",Paraná,PR,Sul
"Department of Informatics, Federal University of Paraná (UFPR), Curitiba, PR, Brazil",Paraná,PR,Sul
"Department of Informatics, Federal University of Paraná (UFPR), Curitiba, PR, Brazil",Paraná,PR,Sul
"School of Arts, Sciences and Humanities of the University São Paulo, São Paulo, Brazil",São Paulo,SP,Sudeste
"School of Arts, Sciences and Humanities of the University São Paulo, São Paulo, Brazil",São Paulo,SP,Sudeste
"Escola Politecnica of the University of São Paulo, São Paulo, Brazil",São Paulo,SP,Sudeste
"Department of Computing, Federal Institute of São Paulo, Votuporanga, SP, Brazil",São Paulo,SP,Sudeste
"Department of Computer Sciences, Federal University of São Carlos, São Carlos, SP, Brazil",São Paulo,SP,Sudeste
"Voxar Labs - Centro de Informática, Universidade Federal de Pernambuco, Recife, Brazil",Pernambuco,PE,Nordeste
"Voxar Labs - Centro de Informática, Universidade Federal de Pernambuco, Recife, Brazil",Pernambuco,PE,Nordeste
"Universidade Federal Rural de Pernambuco, Recife, PE, BR",Pernambuco,PE,Nordeste
"Voxar Labs - Centro de Informática, Universidade Federal de Pernambuco, Recife, Brazil",Pernambuco,PE,Nordeste
"Projeto de P&D CIn/Samsung, Universidade Federal de Pernambuco, Recife, Brazil",Pernambuco,PE,Nordeste
"Universidade Federal de Pernambuco, Recife, PE, BR",Pernambuco,PE,Nordeste
"Centro de Informática, Universidade Federal de Pernambuco, Recife, Brazil",Pernambuco,PE,Nordeste
"Samsung Instituto de Desenvolvimento para a Informática, Campinas, Brazil",São Paulo,SP,Sudeste
"Federal University of Technology, Paraná",Paraná,PR,Sul
University of São Paulo,São Paulo,SP,Sudeste
"Electrical Engineering Department, University of São Paulo, São Paulo, Brazil",São Paulo,SP,Sudeste
"School of Arts, Sciences and Humanities, University of São Paulo, São Paulo, Brazil",São Paulo,SP,Sudeste
"Cardiology and Pulmonary Division of Heart Institute, University of São Paulo, São Paulo, Brazil",São Paulo,SP,Sudeste
"School of Arts, Sciences and Humanities, University of São Paulo, São Paulo, Brazil",São Paulo,SP,Sudeste
"Departamento de Informtica, Pontifícia Universidade Católica do Rio de Janeiro, Rio de Janeiro, Brazil",Rio de Janeiro,RJ,Sudeste
"Departamento de Informtica, Pontifícia Universidade Católica do Rio de Janeiro, Rio de Janeiro, Brazil",Rio de Janeiro,RJ,Sudeste
"ICMC - Universidade de São Paulo, São Paulo, Brasil",São Paulo,SP,Sudeste
"ICMC - Universidade de São Paulo, São Paulo, Brasil",São Paulo,SP,Sudeste
"Departamento de Matemática, Universidade Federal do Espírito Santo, Espírito Santo, Brasil",Espírito Santo,ES,Sudeste
"New York University, New York, NY, US",Internacional,,
"Institue of Mathematics and Statistics, University of São Paulo",São Paulo,SP,Sudeste
"Institue of Mathematics and Statistics, University of São Paulo",São Paulo,SP,Sudeste
"Johann Bernoulli Institute, University of Groningen",Internacional,,
"Instituto de Ciências Matemáticas e de Computação, University of São Paulo, São Carlos, SP, Brazil",São Paulo,SP,Sudeste
"Instituto de Ciências Matemáticas e de Computação, University of São Paulo, São Carlos, SP, Brazil",São Paulo,SP,Sudeste
"Department of Computer Science and Statistics (DCCE), São Paulo State University (UNESP), São Paulo, Brazil",São Paulo,SP,Sudeste
"Department of Computer Science and Statistics (DCCE), São Paulo State University (UNESP), São Paulo, Brazil",São Paulo,SP,Sudeste
"Universidade Federal de Uberlandia, Uberlandia, MG, BR",Minas Gerais,MG,Sudeste
"Center of Mathematics, Computing and Cognition, Federal University of ABC, Santo André, Uberlândia, Brazil",Minas Gerais,MG,Sudeste
"Federal Institute of Triangulo Mineiro (IFTM), Ituiutaba, Minas Gerais, Brazil",Minas Gerais,MG,Sudeste
"Faculty of Computation (FACOM), Federal University of Uberlândia (UFU), Uberlândia, Minas Gerais, Brazil",Minas Gerais,MG,Sudeste
"ICMC, University of São Paulo, São Carlos, Brazil",São Paulo,SP,Sudeste
"ICMC, University of São Paulo, São Carlos, Brazil",São Paulo,SP,Sudeste
"ICMC, University of São Paulo, São Carlos, Brazil",São Paulo,SP,Sudeste
"ICMC, University of São Paulo, São Carlos, Brazil",São Paulo,SP,Sudeste
"Institute of Computing, University of Campinas, Campinas, Brazil",São Paulo,SP,Sudeste
"Institute of Computing, University of Campinas, Campinas, Brazil",São Paulo,SP,Sudeste
"Institute of Mathematical and Computer Sciences, University of São Paulo, São Carlos, Brazil",São Paulo,SP,Sudeste
"Institute of Computing, University of Campinas, Campinas, Brazil",São Paulo,SP,Sudeste
"Institute of Computing University of Campinas, Campinas, Brazil",São Paulo,SP,Sudeste
"Department of Mathematics and Computing Science, University of Groningen, Groningen, the Netherlands",Internacional,,
"Institute of Computing University of Campinas, Campinas, Brazil",São Paulo,SP,Sudeste
"Intelligent Vision Research Lab, Federal University of Bahia",Bahia,BA,Nordeste
"Intelligent Vision Research Lab, Federal University of Bahia",Bahia,BA,Nordeste
"Intelligent Vision Research Lab, Federal University of Bahia",Bahia,BA,Nordeste
Southeast State University of Bahia,Bahia,BA,Nordeste
"Intelligent Vision Research Lab, Federal University of Bahia",Bahia,BA,Nordeste
"Institute of Computing, University of Campinas, Campinas, SP, Brazil",São Paulo,SP,Sudeste
"Institute of Computing, University of Campinas, Campinas, SP, Brazil",São Paulo,SP,Sudeste
"Dept. of Electronics and Telecommunication Engineering, Jadavpur University, Kolkata, India",Internacional,,
"Laboratory of Image Data Science, University of Campinas",São Paulo,SP,Sudeste
"Laboratory of Image Data Science, University of Campinas",São Paulo,SP,Sudeste
"Universidade de Sao Paulo, Sao Paulo, SÃ£o Paulo, BR",São Paulo,SP,Sudeste
"Universidade de Sao Paulo, Sao Paulo, SÃ£o Paulo, BR",São Paulo,SP,Sudeste
"Universidade de Sao Paulo, Sao Paulo, SÃ£o Paulo, BR",São Paulo,SP,Sudeste
"Federal University of Technology, Parana, Brazil",Paraná,PR,Sul
"Amanda Canestraro and Rafael Wagner, Institutos Lactec, Brazil",Paraná,PR,Sul
"Amanda Canestraro and Rafael Wagner, Institutos Lactec, Brazil",Paraná,PR,Sul
"Inst. Lactec, Curitiba, Brazil",Paraná,PR,Sul
"Inst. Lactec, Curitiba, Brazil",Paraná,PR,Sul
"Companhia Paranaense de, Energia, Brazil",Paraná,PR,Sul
"Universidade de Sao Paulo, Sao Paulo, SÃ£o Paulo, BR",São Paulo,SP,Sudeste
"Universidade de Sao Paulo, Sao Paulo, SÃ£o Paulo, BR",São Paulo,SP,Sudeste
"Universidade de Sao Paulo, Sao Paulo, SÃ£o Paulo, BR",São Paulo,SP,Sudeste
"Instituto de Ciência e Tecnologia, Universidade Federal de São Paulo - UNIFESP, São José dos Campos, SP, Brazil",São Paulo,SP,Sudeste
"Advanced Technologies SAMSUNG Research Institute, Campinas, SP, Brazil",São Paulo,SP,Sudeste
"Instituto de Ciência e Tecnologia, Universidade Federal de São Paulo - UNIFESP, São José dos Campos, SP, Brazil",São Paulo,SP,Sudeste
"Brazilian Federal Police, Belo Horizonte, Minas Gerais, Brazil",Minas Gerais,MG,Sudeste
"CPqD - Image and Speech Processing Management, Campinas, São Paulo, Brazil",São Paulo,SP,Sudeste
"Department of Computer Science, Universidade Federal de Minas Gerais, Brazil",Minas Gerais,MG,Sudeste
"GIBIS - Instituto de Ciência e Tecnologia Universidade Federal de São Paulo, São José dos Campos, SP, Brazil",São Paulo,SP,Sudeste
"GIBIS - Instituto de Ciência e Tecnologia Universidade Federal de São Paulo, São José dos Campos, SP, Brazil",São Paulo,SP,Sudeste
"GIBIS - Instituto de Ciência e Tecnologia Universidade Federal de São Paulo, São José dos Campos, SP, Brazil",São Paulo,SP,Sudeste
"Information Sciences Institute (ISI), University of Southern California (USC), Marina del Rey, CA, USA",Internacional,,
"Information Sciences Institute (ISI), University of Southern California (USC), Marina del Rey, CA, USA",Internacional,,
"The Open University of Israel, Raanana, Israel",Internacional,,
"Information Sciences Institute (ISI), University of Southern California (USC), Marina del Rey, CA, USA",Internacional,,
"University of Beira Interior, IT: Instituto de Telecomunicações, Covilhã, Portugal",Internacional,,
"Tomiworld®, Viseu, Portugal",Internacional,,
"PGMICRO Universidade Federal do Rio Grande do Sul, Brasil",Rio Grande do Sul,RS,Sul
"PGMICRO Universidade Federal do Rio Grande do Sul, Brasil",Rio Grande do Sul,RS,Sul
"PGMICRO Universidade Federal do Rio Grande do Sul, Brasil",Rio Grande do Sul,RS,Sul
"PGMICRO Universidade Federal do Rio Grande do Sul, Brasil",Rio Grande do Sul,RS,Sul
"PGMICRO Universidade Federal do Rio Grande do Sul, Brasil",Rio Grande do Sul,RS,Sul
"University of São Paulo, Institute of Mathematics and Statistics, São Paulo, SP, Brazil",São Paulo,SP,Sudeste
"Universidade Federal de São Paulo, Instituto de Ciência e Tecnologia, São José dos Campos, SP, Brazil",São Paulo,SP,Sudeste
"University of Campinas, Institute of Computing, Campinas, SP, Brazil",São Paulo,SP,Sudeste
"University of São Paulo, Institute of Mathematics and Statistics, São Paulo, SP, Brazil",São Paulo,SP,Sudeste
Federal University of Technology-Paraná,Paraná,PR,Sul
University of São Paulo,São Paulo,SP,Sudeste
"FACOM-UFMS, Campo Grande",Mato Grosso do Sul,MS,Centro-Oeste
"ICMC-USP, São Carlos",São Paulo,SP,Sudeste
"ICMC-USP, São Carlos",São Paulo,SP,Sudeste
"FACOM-UFMS, Campo Grande",Mato Grosso do Sul,MS,Centro-Oeste
"Departamento de Informática, Pontifícia U niversidade Católica do Rio de Janeiro, Rio de Janeiro, RJ, Brasil",Rio de Janeiro,RJ,Sudeste
"Pontifícia U niversidade Católica do Rio de Janeiro, Instituto Tecgraf, Rio de Janeiro, RJ, Brasil",Rio de Janeiro,RJ,Sudeste
"Departamento de Informática, Pontifícia Universidade Católica do Rio de Janeiro, Rio de Janeiro, RJ, Brasil",Rio de Janeiro,RJ,Sudeste
"Universidad Catolica San Pablo, Arequipa, PE",Pernambuco,PE,Nordeste
"Universidad Catolica San Pablo, Arequipa, PE",Pernambuco,PE,Nordeste
"Department of Computer Science, Smart Surveillance Interest Group, Universidade Federal de Minas Gerais, Belo Horizonte, Brazil",Minas Gerais,MG,Sudeste
"Department of Computer Science, Smart Surveillance Interest Group, Universidade Federal de Minas Gerais, Belo Horizonte, MG, BR",Minas Gerais,MG,Sudeste
"Department of Computer Science, Smart Surveillance Interest Group, Universidade Federal de Minas Gerais, Belo Horizonte, Brazil",Minas Gerais,MG,Sudeste
"Department of Computer Science, Smart Surveillance Interest Group, Universidade Federal de Minas Gerais, Belo Horizonte, MG, BR",Minas Gerais,MG,Sudeste
"Informatics Institute, Universidade Federal do Rio Grande do Sul, Porto Alegre, RS, BR",Rio Grande do Sul,RS,Sul
"Informatics Institute, Federal University of Rio Grande do Sul, Porto Alegre, Brazil",Rio Grande do Sul,RS,Sul
"Department of Computing, Federal University of São Carlos, São Carlos, Brazil",São Paulo,SP,Sudeste
"Department of Computing, São Paulo State University, Bauru, Brazil",São Paulo,SP,Sudeste
"CTI Renato Archer, Campinas, SP, Brazil",São Paulo,SP,Sudeste
"CTI Renato Archer, Campinas, SP, Brazil",São Paulo,SP,Sudeste
"Federal Institute of São Paulo (IFSP), Campinas, SP, Brazil",São Paulo,SP,Sudeste
"Institute of Mathematics and Statistics, Universidade de Sao Paulo, Sao Paulo, SÃ£o Paulo, BR",São Paulo,SP,Sudeste
"Institute of Mathematics and Statistics, University of São Paulo, São Paulo, SP, Brazil",São Paulo,SP,Sudeste
"Federal University of Technology-Parana, Curitiba, Brazil",Paraná,PR,Sul
"Federal University of Technology-Parana, Curitiba, Brazil",Paraná,PR,Sul
"Federal University of Technology-Parana, Curitiba, Brazil",Paraná,PR,Sul
"Sciences and Humanities, University of Sao Paulo, Sao Paulo, Brazil",São Paulo,SP,Sudeste
"Sciences and Humanities, University of Sao Paulo, Sao Paulo, Brazil",São Paulo,SP,Sudeste
"Sciences and Humanities, University of Sao Paulo, Sao Paulo, Brazil",São Paulo,SP,Sudeste
"Virtual University Institute, Federal University of Ceara, Fortaleza, Brazil",Ceará,CE,Nordeste
"Department of Computing, Federal University of Ceará, Fortaleza, Brazil",Ceará,CE,Nordeste
"Department of Computing, Federal University of Ceará, Fortaleza, Brazil",Ceará,CE,Nordeste
"Department of Computing, Federal University of Ceara, Fortaleza, Brazil",Ceará,CE,Nordeste
"Federal University of Ceará, Fortaleza, Brazil",Ceará,CE,Nordeste
"Federal University of Ceará, Fortaleza, Brazil",Ceará,CE,Nordeste
"Federal University of Ceará, Fortaleza, Brazil",Ceará,CE,Nordeste
"Universidade de Sao Paulo, Sao Paulo, São Paulo, BR",São Paulo,SP,Sudeste
"ICMC, Universidade de São Paulo, São Paulo, Brasil",São Paulo,SP,Sudeste
"Tandon School of Engineering, New York University, New York, USA",Internacional,,
"ICMC, Universidade de São Paulo, São Paulo, Brasil",São Paulo,SP,Sudeste
"Tandon School of Engineering, New York University, New York, USA",Internacional,,
"Departamento de Matemática, Universidade Federal do Espirito Santo, Espirito Santo, Brasil",Espírito Santo,ES,Sudeste
"Universidade de Sao Paulo, Sao Paulo, São Paulo, BR",São Paulo,SP,Sudeste
"Department of Computing, Federal University of São Carlos, São Carlos, Brazil",São Paulo,SP,Sudeste
"Department of Computing,, Federal University of Sao Carlos, Sao Carlos, SP, Brazil",São Paulo,SP,Sudeste
"Department of Computing, Sao Paulo State University, Bauru, Brazil",São Paulo,SP,Sudeste
"Computer Science Department, Federal University of Ouro Preto (UFOP), Ouro Preto, Minas Gerais, Brazil",Minas Gerais,MG,Sudeste
"Computer Science Department, Federal University of Ouro Preto (UFOP), Ouro Preto, Minas Gerais, Brazil",Minas Gerais,MG,Sudeste
"Computer Science Department, Federal University of Ouro Preto (UFOP), Ouro Preto, Minas Gerais, Brazil",Minas Gerais,MG,Sudeste
"Institute of Computing, University of Campinas, Campinas, SP, Brazil",São Paulo,SP,Sudeste
"Institute of Computing, University of Campinas, Campinas, SP, Brazil",São Paulo,SP,Sudeste
"Graduate Program in Informatics, Pontifical Catholic University of Minas Gerais (PUC Minas)",Minas Gerais,MG,Sudeste
"Comput. Sci. Dept., Pontificia Universidade Catolica de Minas Gerais, Belo Horizonte, MG, BR",Minas Gerais,MG,Sudeste
"Graduate Program in Informatics, Pontifical Catholic University of Minas Gerais (PUC Minas)",Minas Gerais,MG,Sudeste
"UNESP - Sao Paulo State Univ., Bauru, Brazil",São Paulo,SP,Sudeste
"Universidade Federal de Sao Carlos, Sao Carlos, SP, BR",São Paulo,SP,Sudeste
"UNESP-São Paulo State University, Bauru, São Paulo, Brazil",São Paulo,SP,Sudeste
"Department of Computing, UFSCar-Federal University of São Carlos, São Carlos, Brazil",São Paulo,SP,Sudeste
"Department of Computing, UFSCar-Federal University of São Carlos, São Carlos, Brazil",São Paulo,SP,Sudeste
"UNESP-São Paulo State University, Medical School, Botucatu, Brazil",São Paulo,SP,Sudeste
"Fakultät Informatik/Mathematik, Ostbayerische Tech. Hochschule, Regensburg, Germany",Internacional,,
"UNESP-São Paulo State University, School of Sciences, Bauru, Brazil",São Paulo,SP,Sudeste
"Instituto de Ciências Exatas e Tecnológicas, Universidade Federal de Viçosa-UFV, Rio Paranaiba, MG, Brasil",Minas Gerais,MG,Sudeste
"Instituto de Ciências Exatas e Tecnológicas, Universidade Federal de Viçosa-UFV, Rio Paranaiba, MG, Brasil",Minas Gerais,MG,Sudeste
"Instituto de Ciências Exatas e Tecnológicas, Universidade Federal de Viçosa-UFV, Rio Paranaiba, MG, Brasil",Minas Gerais,MG,Sudeste
"Laboratório de Computação Aplicada, Instituto Tecnológico Vale (iTV), Brazil",Pará,PA,Norte,S
"Laboratório de Computação Aplicada, Instituto Tecnológico Vale (iTV), Brazil",Pará,PA,Norte,S
"Laboratório de Computação Aplicada, Instituto Tecnológico Vale (iTV), Brazil",Pará,PA,Norte,S
"Laboratório de Computação Aplicada, Instituto Tecnológico Vale (iTV), Brazil",Pará,PA,Norte,S
"Laboratorio de Computacao Aplicada, Instituto Tecnologico Vale (ITV), Brazil",Pará,PA,Norte,S
"Instituto de Ciências Biológicas, Universidade Federal do Pará (UFPA), Brazil",Pará,PA,Norte
"Immersive Interaction Group (IIG), École poly technique fédérale de Lausanne (EPFL), Switzerland",Internacional,,
"Artanim Foundation, Switzerland",Internacional,,
"Immersive Interaction Group (IIG), École poly technique fédérale de Lausanne (EPFL), Switzerland",Internacional,,
"Department of Electrical Engineering, FEI, Sao Paulo, Brazil",São Paulo,SP,Sudeste
"Dept. of Electr. Eng., FEI, Sao Paulo, Brazil",São Paulo,SP,Sudeste
"Department of Electrical Engineering, FEI, Sao Paulo, Brazil",São Paulo,SP,Sudeste
"Department of Computer Science, LNCC, Rio de Janeiro, Brazil",Rio de Janeiro,RJ,Sudeste
"Department of Electrical Engineering, FEI, Sao Paulo, Brazil",São Paulo,SP,Sudeste
"Italo Rodrigues Braga Fed. Univ. of Ceare, Sobral, Brazil",Ceará,CE,Nordeste
"Italo Rodrigues Braga Fed. Univ. of Ceare, Sobral, Brazil",Ceará,CE,Nordeste
"GeoPoll, Denver, CO, USA",Internacional,,
"Fed. Univ. of Ceare, Sobral, Brazil",Ceará,CE,Nordeste
Institute of Computing University of Campinas (Unicamp),São Paulo,SP,Sudeste
Institute of Computing University of Campinas (Unicamp),São Paulo,SP,Sudeste
Institute of Computing University of Campinas (Unicamp),São Paulo,SP,Sudeste
"Smart Surveillance Interest Group, Universidade Federal de Minas Gerais, Belo Horizonte, Brazil",Minas Gerais,MG,Sudeste
"Smart Surveillance Interest Group, Universidade Federal de Minas Gerais, Belo Horizonte, Brazil",Minas Gerais,MG,Sudeste
"Smart Surveillance Interest Group, Universidade Federal de Minas Gerais, Belo Horizonte, Brazil",Minas Gerais,MG,Sudeste
"Smart Surveillance Interest Group, Universidade Federal de Minas Gerais, Belo Horizonte, Brazil",Minas Gerais,MG,Sudeste
"Inst. of Comput., Univ. of Campinas (UNICAMP), Campinas, Brazil",São Paulo,SP,Sudeste
"Inst. of Comput., Univ. of Campinas (UNICAMP), Campinas, Brazil",São Paulo,SP,Sudeste
"Graduate Studies on Computer Science, Pontifical Catholic University of Rio Grande do Sul, Porto Alegre, RS, Brazil",Rio Grande do Sul,RS,Sul
"Graduate Studies on Computer Science, Pontifical Catholic University of Rio Grande do Sul, Porto Alegre, RS, Brazil",Rio Grande do Sul,RS,Sul
"Grad. Studies on Comput. Sci., Pontificia Universidade Catolica do Rio Grande do Sul, Porto Alegre, RS, BR",Rio Grande do Sul,RS,Sul
"Graduate Studies on Psychology, Pontifical Catholic University of Rio Grande do Sul, Porto Alegre, RS, Brazil",Rio Grande do Sul,RS,Sul
"Grad. Studies on Psychol., Pontificia Universidade Catolica do Rio Grande do Sul, Porto Alegre, RS, BR",Rio Grande do Sul,RS,Sul
"Departamento de Computação, Universidade Federal de Sergipe",Sergipe,SE,Nordeste
"Universidade Federal de Sergipe, Sao Cristovao, SE, BR",Sergipe,SE,Nordeste
"Departamento de Computação, Universidade Federal de Sergipe",Sergipe,SE,Nordeste
"Federal University of Bahia, Salvador, Bahia, Brazil",Bahia,BA,Nordeste
"Federal University of Bahia, Salvador, Bahia, Brazil",Bahia,BA,Nordeste
"Institute of Informatics, Universidade Federal do Rio Grande do Sul, Brazil",Rio Grande do Sul,RS,Sul
"Institute of Informatics, Universidade Federal do Rio Grande do Sul, Brazil",Rio Grande do Sul,RS,Sul
"Postgraduate Program in Computer Science (PPGI), Federal University of Santa Maria (UFSM)",Rio Grande do Sul,RS,Sul
"Universidade Federal de Santa Maria, Santa Maria, RS, BR",Rio Grande do Sul,RS,Sul
"Postgraduate Program in Computer Science (PPGI), Federal University of Santa Maria (UFSM)",Rio Grande do Sul,RS,Sul
"Universidade Federal de Santa Maria, Santa Maria, RS, BR",Rio Grande do Sul,RS,Sul
"Universidade Federal de Santa Maria, Santa Maria, RS, BR",Rio Grande do Sul,RS,Sul
"Department of Computer Science, Universidade Federal de Minas Gerais, Brazil",Minas Gerais,MG,Sudeste
"Department of Computer Science, Universidade Federal de Minas Gerais, Brazil",Minas Gerais,MG,Sudeste
"Department of Informatics, Federal University of Paraná, Brazil",Paraná,PR,Sul
"Department of Computer Science, Universidade Federal de Minas Gerais, Brazil",Minas Gerais,MG,Sudeste
"Department of Computer Engineering, Universidade Federal de Santa Catarina, Ararangua, SC, Brazil",Santa Catarina,SC,Sul
"Department of Computer Engineering, Universidade Federal de Santa Catarina, Ararangua, SC, Brazil",Santa Catarina,SC,Sul
"Geosystems Research Institute, Mississippi State University, Starkville, MS, USA",Mato Grosso do Sul,MS,Centro-Oeste
"Geosystems Research Institute, Mississippi State University, Starkville, MS, USA",Mato Grosso do Sul,MS,Centro-Oeste
"Geosystems Research Institute, Mississippi State University, Starkville, MS, USA",Mato Grosso do Sul,MS,Centro-Oeste
"Geosystems Research Institute, Mississippi State University, Starkville, MS, USA",Mato Grosso do Sul,MS,Centro-Oeste
"Facultad Politecnica, Universidad Nacional de Asuncion, Asuncion, Gran AsunciÃ³n, PY",Internacional,,
"Facultad Politecnica, Universidad Nacional de Asuncion, Asuncion, Gran AsunciÃ³n, PY",Internacional,,
"Facultad Politecnica, Universidad Nacional de Asuncion, Asuncion, Gran AsunciÃ³n, PY",Internacional,,
"Universidade Federal do Espfírito Santo, Instituto Federal do Espírito, Santo",Espírito Santo,ES,Sudeste
"Universidade Federal do Espfírito Santo, Instituto Federal do Espírito, Santo",Espírito Santo,ES,Sudeste
"Universidade Federal do Espfírito Santo, Instituto Federal do Espírito, Santo",Espírito Santo,ES,Sudeste
"IBM Research, Rio de Janeiro, Brazil",Rio de Janeiro,RJ,Sudeste
"\, IBM Research, São Paulo, Brazil",São Paulo,SP,Sudeste
"IBM Research, Rio de Janeiro, Brazil",Rio de Janeiro,RJ,Sudeste
"IME-USP, São Paulo, Brazil",São Paulo,SP,Sudeste
"IBM Research, Rio de Janeiro, Brazil",Rio de Janeiro,RJ,Sudeste
University of Campinas (UNICAMP),São Paulo,SP,Sudeste
Federal University of Campina Grande (UFCG),Paraíba,PB,Nordeste
University of Campinas (UNICAMP),São Paulo,SP,Sudeste
University of Campinas (UNICAMP),São Paulo,SP,Sudeste
"Department of Computing, Federal University of São Carlos, São Paulo",São Paulo,SP,Sudeste
"Department of Computing, Federal University of São Carlos, São Paulo",São Paulo,SP,Sudeste
"Ostbayerische Technische Hochschule, Regensburg, Germany",Internacional,,
"Department of Computing, São Paulo State University, São Paulo",São Paulo,SP,Sudeste
"School of Electrical and Computer Engineering, University of Campinas, Campinas, Sao Paulo",São Paulo,SP,Sudeste
"School of Electrical and Computer Engineering, University of Campinas, Campinas, Sao Paulo",São Paulo,SP,Sudeste
"Institute of Computing, University of Campinas (UNICAMP), Campinas, SP, Brazil",São Paulo,SP,Sudeste
"Eldorado Research Institute, SP, Brazil",São Paulo,SP,Sudeste
"Institute of Computing, University of Campinas (UNICAMP), Campinas, SP, Brazil",São Paulo,SP,Sudeste
Department of Computer Science,,,,
"Department of Electrical Engineering, University of Brasília, Brazil",Distrito Federal,DF,Centro-Oeste
Instituto de engenharia de sistemas e tecnologia da informação,,,,
"Instituto de matemática e computação, Universidade Federal de Itajubá-UNIFEI",Minas Gerais,MG,Sudeste
Instituto de engenharia de sistemas e tecnologia da informação,,,,
"Computer Science Institute, Medialab, Universidade Federal Fluminense, Niteroi, Rio de Janeiro, BR",Rio de Janeiro,RJ,Sudeste
"Medialab, Univ. Fed. Fluminense, Rio de Janeiro, Brazil",Rio de Janeiro,RJ,Sudeste
"Engineering School, LMDC, Universidade Federal Fluminense, Rio de Janeiro, Brazil",Rio de Janeiro,RJ,Sudeste
"Engineering School, LMDC, Universidade Federal Fluminense, Niteroi, Rio de Janeiro, BR",Rio de Janeiro,RJ,Sudeste
"Engineering School, LMDC, Universidade Federal Fluminense, Rio de Janeiro, Brazil",Rio de Janeiro,RJ,Sudeste
"Computer Science Institute, Medialab, Universidade Federal Fluminense, Niteroi, Rio de Janeiro, BR",Rio de Janeiro,RJ,Sudeste
"Universidade Estadual Paulista Julio de Mesquita Filho, Sao Paulo, SP, BR",São Paulo,SP,Sudeste
"Universidade Estadual Paulista-UNESP, Presidente Prudente, SP, Brazil",São Paulo,SP,Sudeste
"Universidade Estadual Paulista-UNESP, Presidente Prudente, SP, Brazil",São Paulo,SP,Sudeste
"Universidade de Sao Paulo, Sao Paulo, SÃ£o Paulo, BR",São Paulo,SP,Sudeste
"Instituto de Matemática e Estatística, Universidade de São Paulo",São Paulo,SP,Sudeste
"Department of Computer Science, Federal University of Piauí-Teresina, Brazil",Piauí,PI,Nordeste
"Department of Computer Science, Federal University of Piauí-Teresina, Brazil",Piauí,PI,Nordeste
"Department of Computer Science, Federal University of Piauí-Teresina, Brazil",Piauí,PI,Nordeste
"Department of Computer Science, Federal University of Piaui, Teresina, Brazil",Piauí,PI,Nordeste
"Department of Computer Science, Federal University of Piauí-Teresina, Brazil",Piauí,PI,Nordeste
"Department of Computer Science, Federal University of Piauí-Teresina, Brazil",Piauí,PI,Nordeste
"Institute of Informatics, Universidade Federal do Rio Grande do Sul, Porto Alegre, RS, Brazil",Rio Grande do Sul,RS,Sul
"Institute of Informatics, Federal University of Rio Grande do Sul",Rio Grande do Sul,RS,Sul
"Pontifical Catholic University of Rio de Janeiro, Brazil",Rio de Janeiro,RJ,Sudeste
"Pontificia Universidade Catolica do Rio de Janeiro, Rio de Janeiro, RJ, BR",Rio de Janeiro,RJ,Sudeste
"Rio de Janeiro State University, Brazil",Rio de Janeiro,RJ,Sudeste
"Pontificia Universidade Catolica do Rio de Janeiro, Rio de Janeiro, RJ, Brazil",Rio de Janeiro,RJ,Sudeste
"Pontifical Catholic University of Rio de Janeiro, Brazil",Rio de Janeiro,RJ,Sudeste
National Institute for Space Research,São Paulo,SP,Sudeste
"Department of Computing, Federal University of São Carlos, São Carlos, SP, Brazil",São Paulo,SP,Sudeste
"Department of Computing, Federal University of São Carlos, São Carlos, SP, Brazil",São Paulo,SP,Sudeste
"Institute of Computing University of Campinas, Campinas, SP, Brazil",São Paulo,SP,Sudeste
"Institute of Computing University of Campinas, Campinas, SP, Brazil",São Paulo,SP,Sudeste
"Department of Computing, São Paulo State University, Bauru, SP, Brazil",São Paulo,SP,Sudeste
"Department of Computing, São Paulo State University, Bauru, SP, Brazil",São Paulo,SP,Sudeste
"Laboratório de Computação e Sistemas Neurais, Universidade Federal do Espírito Santo, Vitória, Espírito Santo",Espírito Santo,ES,Sudeste
"Laboratório de Computação e Sistemas Neurais, Universidade Federal do Espírito Santo, Vitória, Espírito Santo",Espírito Santo,ES,Sudeste
"Lab. de Comput. e Sist, Universidade Federal do Espirito Santo, Vitoria, ES, BR",Espírito Santo,ES,Sudeste
"Universidade Federal do Espirito Santo, Brazil",Espírito Santo,ES,Sudeste
"Universidade Federal do Espirito Santo, Brazil",Espírito Santo,ES,Sudeste
"Universidade Federal do Espirito Santo, Brazil",Espírito Santo,ES,Sudeste
"Smart Surveillance Interest Group, Universidade Federal de Minas Gerais, Minas Gerais, Brazil",Minas Gerais,MG,Sudeste
"Universidade Federal de Minas Gerais, Belo Horizonte, MG, BR",Minas Gerais,MG,Sudeste
"Electr. Eng. Dept., Pontifical Catholic Univ. of Rio de Janeiro, Rio de Janeiro, RJ, BR",Rio de Janeiro,RJ,Sudeste
"Electrical Engineering Department, Pontifical Catholic University of Rio de Janeiro, Rio de Janeiro, Brazil",Rio de Janeiro,RJ,Sudeste
"Informatics and Computer Science Department, State University of Rio de Janeiro, Rio de Janeiro, Brazil",Rio de Janeiro,RJ,Sudeste
"Electrical Engineering Department, Pontifical Catholic University of Rio de Janeiro, Rio de Janeiro, Brazil",Rio de Janeiro,RJ,Sudeste
"Informatics and Computer Science Department, State University of Rio de Janeiro, Rio de Janeiro, Brazil",Rio de Janeiro,RJ,Sudeste
"Federal University of Amazonas, Manaus, Amazonas, Brazil",Amazonas,AM,Norte
"Federal University of Amazonas, Manaus, Amazonas, Brazil",Amazonas,AM,Norte
"Universidade Federal do Amazonas, Manaus, AM, BR",Amazonas,AM,Norte
"Universidade Federal do Rio Grande, Rio Grande, RS, BR",Rio Grande do Sul,RS,Sul
"Intelligent Robotics and Automation Group-NAUTEC, Center of Computational Sciences-C3 Universidade Federal do Rio Grande-FURG, Rio Grande, Brazil",Rio Grande do Sul,RS,Sul
"Intelligent Robotics and Automation Group-NAUTEC, Center of Computational Sciences-C3 Universidade Federal do Rio Grande-FURG, Rio Grande, Brazil",Rio Grande do Sul,RS,Sul
"Intelligent Robotics and Automation Group-NAUTEC, Center of Computational Sciences-C3 Universidade Federal do Rio Grande-FURG, Rio Grande, Brazil",Rio Grande do Sul,RS,Sul
"Faculty of Electrical and Computer Engineering, Medical Image Computing Lab University of Campinas, Campinas, SP, Brazil",São Paulo,SP,Sudeste
"Faculty of Electrical and Computer Engineering, Medical Image Computing Lab University of Campinas, Campinas, SP, Brazil",São Paulo,SP,Sudeste
"Faculty of Electrical and Computer Engineering, Medical Image Computing Lab University of Campinas, Campinas, SP, Brazil",São Paulo,SP,Sudeste
"Department of Radiology and Clinical Neuroscience, Hotchkiss Brain Institute University of Calgary, Calgary, AB, Canada",Internacional,,
"Department of Radiology and Clinical Neuroscience, Hotchkiss Brain Institute University of Calgary, Calgary, AB, Canada",Internacional,,
"Department of Computer Science, University of São Paulo (USP), São Paulo, Brazil",São Paulo,SP,Sudeste
"Department of Exact Science, State University of Feira de Santana (UEFS), Feira de Santana, Brazil",Bahia,BA,Nordeste
"Department of Computer Science, University of São Paulo (USP), São Paulo, Brazil",São Paulo,SP,Sudeste
"Universidade Federal do ABC, Santo Andre, SP, BR",São Paulo,SP,Sudeste
"Departamento de Computação, Universidade Federal Fluminense, Brazil",Rio de Janeiro,RJ,Sudeste
"Universidade Federal do ABC, Brazil",São Paulo,SP,Sudeste
"Inst. de Inf., Universidade Federal do Rio Grande do Sul, Porto Alegre, RS, BR",Rio Grande do Sul,RS,Sul
"Inst. de Inf., Univ. Fed. do Rio Grande do Sul, Brazil",Rio Grande do Sul,RS,Sul
"CDTec - Universidade Federal de Pelotas, Brazil",Rio Grande do Sul,RS,Sul
"Inst. de Inf., Univ. Fed. do Rio Grande do Sul, Brazil",Rio Grande do Sul,RS,Sul
"Departamento da Telemática, Ciência e Tecnologia do Ceará, Fortaleza, Brasil",Ceará,CE,Nordeste
"Departamento da Telemática, Ciência e Tecnologia do Ceará, Fortaleza, Brasil",Ceará,CE,Nordeste
"Institute of Informatics, Federal University of Rio Grande do Sul UFRGS, Porto Alegre, Brazil",Rio Grande do Sul,RS,Sul
"Universidade da Beira Interior, Covilha, Castelo Branco, PT",Espírito Santo,ES,Sudeste
"Lab. Exp. de Hepatologia e Gastroenterologia, Porto Alegre, Brazil",Rio Grande do Sul,RS,Sul
"Institute of Informatics, Federal University of Rio Grande do Sul UFRGS, Porto Alegre, Brazil",Rio Grande do Sul,RS,Sul
"Dept. de Cienc. da Comput., Universidade Federal de Minas Gerais, Belo Horizonte, MG, BR",Minas Gerais,MG,Sudeste
"Dept. de Cienc. da Comput., Universidade Federal de Minas Gerais, Belo Horizonte, MG, BR",Minas Gerais,MG,Sudeste
"Centro de Inf., Universidade Federal da Paraiba, Joao Pessoa, PB, BR",Paraíba,PB,Nordeste
"Centro de Inf., Universidade Federal da Paraiba, Joao Pessoa, PB, BR",Paraíba,PB,Nordeste
"Centro de Inf., Universidade Federal da Paraíba, João Pessoa, Brazil",Paraíba,PB,Nordeste
"Department of Computer Science and Engineering, Faculty of Applied Sciences University of West Bohemia, Plzen, Czech Republic",Internacional,,
"Department of Computer Science and Engineering, Faculty of Applied Sciences University of West Bohemia, Plzen, Czech Republic",Internacional,,
"Department of Computer Science and Engineering, Faculty of Applied Sciences University of West Bohemia, Plzen, Czech Republic",Internacional,,
"Dept. of Computer Engineering, TOBB University of Economics and Technology, Sogutozu, Ankara, Turkey",Internacional,,
"Dept. of Computer Science, Haverford College, Haverford, PA, USA",Pará,PA,Norte
"Dept. of Computer Science, Bryn Mawr College, Bryn Mawr, PA, USA",Pará,PA,Norte
"Dept. de Estatistica e Inf., Universidade Federal Rural de Pernambuco, Recife, PE, BR",Pernambuco,PE,Nordeste
"Centro de Inf., Universidade Federal de Pernambuco (UFPE), Recife, Brazil",Pernambuco,PE,Nordeste
"UFRGS, Institute of Informatics, Porto Alegre, Brazil",Rio Grande do Sul,RS,Sul
"UFRGS, Institute of Informatics, Porto Alegre, Brazil",Rio Grande do Sul,RS,Sul
"CORS, Porto Alegre, Brazil",Rio Grande do Sul,RS,Sul
"Samsung Research Institute, Campinas, Brazil",São Paulo,SP,Sudeste
"Samsung Research Institute, Campinas, Brazil",São Paulo,SP,Sudeste
"Samsung Research Institute, Campinas, Brazil",São Paulo,SP,Sudeste
"Institute of Informatics, Federal University of Rio Grande do Sul",Rio Grande do Sul,RS,Sul
"Institute of Informatics, Federal University of Rio Grande do Sul",Rio Grande do Sul,RS,Sul
"Mathematics and Statistics Department, Federal University of Pelotas",Rio Grande do Sul,RS,Sul
Federal University of Campina Grande (UFCG),Paraíba,PB,Nordeste
Federal University of Campina Grande (UFCG),Paraíba,PB,Nordeste
Federal University of Campina Grande (UFCG),Paraíba,PB,Nordeste
"Fed. Univ. of Campina Grande, Brazil",Paraíba,PB,Nordeste
"Fed. Univ. of Campina Grande, Brazil",Paraíba,PB,Nordeste
"Fed. Univ. of Campina Grande, Brazil",Paraíba,PB,Nordeste
"Pontificia Universidade Catolica do Rio de Janeiro, Rio de Janeiro, RJ, BR",Rio de Janeiro,RJ,Sudeste
"Pontifical Catholic University of Rio de Janeiro, Brazil",Rio de Janeiro,RJ,Sudeste
"Rio de Janeiro State University, Brazil",Rio de Janeiro,RJ,Sudeste
"Pontificia Universidade Catolica do Rio de Janeiro, Rio de Janeiro, RJ, BR",Rio de Janeiro,RJ,Sudeste
"Pontifical Catholic University of Rio de Janeiro, Brazil",Rio de Janeiro,RJ,Sudeste
"Universidade Federal do Pampa, Bage, RS, BR",Rio Grande do Sul,RS,Sul
"Universidade Federal do Pampa (UNIPAMPA), Alegrete, Rio Grande do Sul, Brasil",Rio Grande do Sul,RS,Sul
"Departamento de Computacao Aplicada-DCOM, Universidade Federal de Santa Maria (UFSM), Santa Maria, Brasil",Rio Grande do Sul,RS,Sul
"Instituto de Matemática e Estatística-IME, Universidade de São Paulo-USP, São Paulo, SP, Brasil",São Paulo,SP,Sudeste
"Fac. Gama, Univ. de Brasilia, Brasilia, DF, BR",Distrito Federal,DF,Centro-Oeste
"Speech and Signal Processing-CVSSP, University of Surrey, Guildford, UK",Internacional,,
"Instituto de Matemática e Estatística-IME, Universidade de São Paulo-USP, São Paulo, SP, Brasil",São Paulo,SP,Sudeste
"Laboratory of Computer Applications for HealthCare, University of Sâo Paulo, São Paulo, Brazil",São Paulo,SP,Sudeste
"Laboratory of Computer Applications for HealthCare, University of Sâo Paulo, São Paulo, Brazil",São Paulo,SP,Sudeste
"Laboratory of Computer Applications for HealthCare, University of Sâo Paulo, São Paulo, Brazil",São Paulo,SP,Sudeste
"Laboratory of Computer Applications for HealthCare, University of Sâo Paulo, São Paulo, Brazil",São Paulo,SP,Sudeste
"Universidade Estadual de Campinas, Campinas, SP, BR",São Paulo,SP,Sudeste
"Institute of Computing, University of Campinas (UNICAMP) Campinas, Brazil",São Paulo,SP,Sudeste
"Department of Computer Science and Statistics (DCCE), São Paulo State University (UNESP), São José do Rio Preto, Brazil",São Paulo,SP,Sudeste
"Department of Computer Science and Statistics (DCCE), São Paulo State University (UNESP), São José do Rio Preto, Brazil",São Paulo,SP,Sudeste
"Department of Computer Science and Statistics (DCCE), São Paulo State University (UNESP), São José do Rio Preto, Brazil",São Paulo,SP,Sudeste
"Department of Computer Science and Statistics (DCCE), São Paulo State University (UNESP), São José do Rio Preto, Brazil",São Paulo,SP,Sudeste
"Fed. Univ. of Uberlandia, Uberlandia, MG, BR",Minas Gerais,MG,Sudeste
"Dept. of Comput. Sci. & Stat., Sao Paulo State Univ., Uberlândia, Brazil",São Paulo,SP,Sudeste
"Computer Science Department, Federal University of Ceará (UFC), Fortaleza, Brazil",Ceará,CE,Nordeste
"Computer Science Department, Federal University of Ceará (UFC), Fortaleza, Brazil",Ceará,CE,Nordeste
"Computer Science Department, Federal University of Ceará (UFC), Fortaleza, Brazil",Ceará,CE,Nordeste
"Computer Science and Engineering Department, NYU-Poly, New York City, US",Internacional,,
"Computer Science and Engineering Department, NYU-Poly, New York City, US",Internacional,,
"Computer Science Dept., UFSCar, S. Carlos, SP, Brazil",São Paulo,SP,Sudeste
"Computer Science Dept., UFSCar, S. Carlos, SP, Brazil",São Paulo,SP,Sudeste
"Computer Science Dept., UFSCar & FACCAMP, SP, Brazil",São Paulo,SP,Sudeste
"Computer Sciences Department, Federal University of São Carlos (UFSCAR), São Carlos, SP, Brazil",São Paulo,SP,Sudeste
"Federal Institute of São Paulo, SP, Brazil",São Paulo,SP,Sudeste
"Fed. Inst. of Sao Paulo - Campus Boituva, Brazil",São Paulo,SP,Sudeste
"Comput. Sci. Dept., Fed. Univ. of Sao Carlos, Sao Carlos, SP, BR",São Paulo,SP,Sudeste
"Computer Sciences Department, Federal University of São Carlos (UFSCAR), São Carlos, SP, Brazil",São Paulo,SP,Sudeste
"Vsoft thechnologies, João Pessoa, PB, Brasil",Paraíba,PB,Nordeste
"Vsoft thechnologies, João Pessoa, PB, Brasil",Paraíba,PB,Nordeste
"Vsoft thechnologies, João Pessoa, PB, Brasil",Paraíba,PB,Nordeste
"Centro de Informática-CI, Universidade Federal de Campina Grande-UFCG, Campina Grande, PB, Brasil",Paraíba,PB,Nordeste
"VSoft Tecnologia, João Pessoa, PB, Brasil",Paraíba,PB,Nordeste
"VSoft Tecnologia, João Pessoa, PB, Brasil",Paraíba,PB,Nordeste
"VSoft Tecnologia, João Pessoa, PB, Brasil",Paraíba,PB,Nordeste
"VSoft Tecnologia, João Pessoa, PB, Brasil",Paraíba,PB,Nordeste
"Centro de Informática, CI Universidade Federal de Campina Grande-UFCG, Campina Grande, PB, Brasil",Paraíba,PB,Nordeste
"Informatics Center-CI, Federal University of Paraíba-UFPB, João Pessoa, Brazil",Paraíba,PB,Nordeste
"Informatics Center-CI, Federal University of Paraíba-UFPB, João Pessoa, Brazil",Paraíba,PB,Nordeste
"VSoft Tecnologia, João Pessoa, PB, Brasil",Paraíba,PB,Nordeste
"VSoft Tecnologia, João Pessoa, PB, Brasil",Paraíba,PB,Nordeste
"VSoft Tecnologia, João Pessoa, PB, Brasil",Paraíba,PB,Nordeste
"Comput. Sci. Dept., Pontificia Universidade Catolica de Minas Gerais, Belo Horizonte, MG, BR",Minas Gerais,MG,Sudeste
"Comput. Sci. Dept., Audio-Visual Inf. Process. Lab. (VIPLAB), Pontificia Universidade Catolica de Minas Gerais, Belo Horizonte, MG, BR",Minas Gerais,MG,Sudeste
"School of Computing, National College of Ireland, Dublin, Ireland",Internacional,,
"Comput. Sci. Dept, Audio-Visual Inf. Process. Lab. (VIPLAB), Pontificia Universidade Catolica de Minas Gerais, Belo Horizonte, MG, BR",Minas Gerais,MG,Sudeste
"Computer Science Department–ICEI–PUC Minas, Audio-Visual Information Proc. Lab. (VIPLAB)",Minas Gerais,MG,Sudeste
"Universidade Federal de Minas Gerais, Belo Horizonte, MG, BR",Minas Gerais,MG,Sudeste
"Comput. Sci. Dept., Fed. Univ. of Minas Gerais, Belo Horizonte, Brazil",Minas Gerais,MG,Sudeste
Audio-Visual Information Proc. Lab. (VIPLAB)Computer Science Department – ICEI – PUC Minas,Minas Gerais,MG,Sudeste
"Université Paris-Est, Laboratoire d'Informatique Gaspard-Monge UMR 8049, Noisy-le-Grand, France",Internacional,,
"Université Paris-Est, Laboratoire d'Informatique Gaspard-Monge UMR 8049, Noisy-le-Grand, France",Internacional,,
"Université Paris-Est, Laboratoire d'Informatique Gaspard-Monge UMR 8049, Noisy-le-Grand, France",Internacional,,
"Computer Science Department, Audio-Visual Information Proc. Lab. (VIPLAB)",Minas Gerais,MG,Sudeste
"Dept. of Computer Science, Pontifical Catholic University of Rio Grande do Sul, Brazil",Rio Grande do Sul,RS,Sul
"Dept. of Computer Science, Pontifical Catholic University of Rio Grande do Sul, Brazil",Rio Grande do Sul,RS,Sul
"Dept. of Computer Science, Pontifical Catholic University of Rio Grande do Sul, Brazil",Rio Grande do Sul,RS,Sul
"Department of Computer Science (DECOM), Federal University of Ouro Preto, Ouro Preto, MG, Brazil",Minas Gerais,MG,Sudeste
"Department of Computer Science (DECOM), Federal University of Ouro Preto, Ouro Preto, MG, Brazil",Minas Gerais,MG,Sudeste
"Grad. Program in Electr. & Comput. Eng., Fed. Univ. of Technol.-Parana, Curitiba, Brazil",Paraná,PR,Sul
Graduate Program in Biomedical Engineering,,,,
Graduate Program in Electrical and Computer Engineering,,,,
Graduate Program in Electrical and Computer Engineering,,,,
"Institute of Mathematics and Computer Sciences - ICMC/USP, São Carlos, SP, Brazil",São Paulo,SP,Sudeste
"Universidade Federal de Rondonia, Porto Velho, RO, BR",Rondônia,RO,Norte
"Institute of Mathematics and Computer Sciences - ICMC/USP, São Carlos, SP, Brazil",São Paulo,SP,Sudeste
"Instituto Federal do Amazonas (IFAM), Manaus, Brazil",Amazonas,AM,Norte
"Instituto Federal de Educacao Ciencia e Tecnologia do Norte de Minas Gerais, Montes Claros, MG, BR",Minas Gerais,MG,Sudeste
"Instituto Federal de Educacao Ciencia e Tecnologia do Amazonas, Manaus, AM, BR",Amazonas,AM,Norte
"Instituto de Computação (IComp), Universidade Federal do Amazonas (UFAM), Manaus, Brazil",Amazonas,AM,Norte
"Instituto de Computação (IComp), Universidade Federal do Amazonas (UFAM), Manaus, Brazil",Amazonas,AM,Norte
"Instituto de Ciências Matemáticas e de Computação (ICMC), Universidade de São Paulo (USP), São Carlos, SP, Brazil",São Paulo,SP,Sudeste
"Instituto de Ciências Matemáticas e de Computação (ICMC), Universidade de São Paulo (USP), São Carlos, SP, Brazil",São Paulo,SP,Sudeste
"Inst. de Cienc. Mat. e de Comput. (ICMC), Universidade de Sao Paulo, Sao Paulo, SÃ£o Paulo, BR",São Paulo,SP,Sudeste
"Instituto de Ciências Matemáticas e de Computação (ICMC), Universidade de São Paulo (USP), São Carlos, SP, Brazil",São Paulo,SP,Sudeste
"Inst. de Cienc. Mat. e de Comput. (ICMC), Universidade de Sao Paulo, Sao Paulo, SÃ£o Paulo, BR",São Paulo,SP,Sudeste
"Department of Statistic, Applied Math. and Computing, Universidade Estadual Paulista (UNESP), Rio Claro, Brazil",São Paulo,SP,Sudeste
"Dept. of Stat., Universidade Estadual Paulista Julio de Mesquita Filho, Sao Paulo, SP, BR",São Paulo,SP,Sudeste
"Institute of Science and Technology, Federal University of São Paulo-UNIFESP, São José dos Campos, SP, Brazil",São Paulo,SP,Sudeste
"Advanced Technologies, SAMSUNG Research Institute, Campinas, SP, Brazil",São Paulo,SP,Sudeste
"Institute of Science and Technology, Federal University of São Paulo-UNIFESP, São José dos Campos, SP, Brazil",São Paulo,SP,Sudeste
"Pontificia Universidade Catolica de Minas Gerais, Belo Horizonte, MG, BR",Minas Gerais,MG,Sudeste
Audio-Visual Information Proc. Lab. (VIPLAB)Computer Science Department – ICEI – PUC Minas,Minas Gerais,MG,Sudeste
"UPEMLV, ESIEE Paris, ENPC, CNRS, Laboratoire d'Informatique Gaspard-Monge UMR 8049, Noisy-le-Grand, France",Internacional,,
"UPEMLV, ESIEE Paris, ENPC, CNRS, Laboratoire d'Informatique Gaspard-Monge UMR 8049, Noisy-le-Grand, France",Internacional,,
"UPEMLV, ESIEE Paris, ENPC, CNRS, Laboratoire d'Informatique Gaspard-Monge UMR 8049, Noisy-le-Grand, France",Internacional,,
"Campinas, University of Campinas, SP, Brazil",São Paulo,SP,Sudeste
"Campinas, University of Campinas, SP, Brazil",São Paulo,SP,Sudeste
"Campinas, University of Campinas, SP, Brazil",São Paulo,SP,Sudeste
"Universidade Federal de Sao Carlos, Sao Carlos, SP, BR",São Paulo,SP,Sudeste
Embrapa Instrumentação,São Paulo,SP,Sudeste
Universidade Federal de São Carlos,São Paulo,SP,Sudeste
Universidade Federal de São Carlos,São Paulo,SP,Sudeste
Embrapa Instrumentação,São Paulo,SP,Sudeste
Universidade Federal de São Carlos,São Paulo,SP,Sudeste
Universidade Estadual Paulista,Pernambuco,PE,Nordeste
Universidade Federal de São Carlos,São Paulo,SP,Sudeste
"Department of Computer Science, University of São Paulo (USP), São Paulo, SP, Brazil",São Paulo,SP,Sudeste
"Department of Computer Science, University of São Paulo (USP), São Paulo, SP, Brazil",São Paulo,SP,Sudeste
"ICMC-USP, São Carlos, Brazil",São Paulo,SP,Sudeste
"FACOM-UFMS, Campo Grande, Brazil",Mato Grosso do Sul,MS,Centro-Oeste
"ICMC-USP, São Carlos, Brazil",São Paulo,SP,Sudeste
"Department of Computing, Universidade Federal do Ceara, Fortaleza, CE, BR",Ceará,CE,Nordeste
"Department of Computing, Federal University of Ceará, Fortaleza, Brazil",Ceará,CE,Nordeste
"Department of Computing, Federal University of Ceará, Fortaleza, Brazil",Ceará,CE,Nordeste
"School of Electrical and Computer Engineering - FEEC, University of Campinas, Brazil",São Paulo,SP,Sudeste
"Federal Institute of Education Science and Technology of South of Minas Gerais - IFSULDEMINAS, Pouso Alegre, Brazil",Minas Gerais,MG,Sudeste
"Universidade Estadual de Campinas, Campinas, SP, BR",São Paulo,SP,Sudeste
"School of Electrical and Computer Engineering - FEEC, University of Campinas, Brazil",São Paulo,SP,Sudeste
"Center for Information Technology Renato Archer - CTI, Campinas, Brazil",São Paulo,SP,Sudeste
"Center for Information Technology Renato Archer - CTI, Campinas, Brazil",São Paulo,SP,Sudeste
"Inst. of Comput., Universidade Estadual de Campinas, Campinas, SP, BR",São Paulo,SP,Sudeste
"Institute of Computing, University of Campinas, UNICAMP, Campinas, SP, Brazil",São Paulo,SP,Sudeste
"Dept. of Electr. Eng., Universidade de Brasilia, Brasilia, DF, BR",Distrito Federal,DF,Centro-Oeste
"Dept. of Electrical Engineering, University of Brasilia, Brasilia, DF, Brazil",Distrito Federal,DF,Centro-Oeste
"Dept. of Comput. Sci., Universidade de Brasilia, Brasilia, DF, BR",Distrito Federal,DF,Centro-Oeste
"Dept. of Electrical Engineering, University of Brasilia, Brasilia, DF, Brazil",Distrito Federal,DF,Centro-Oeste
"Department of Computing, São Paulo State University-UNESP, Bauru, SP, Brazil",São Paulo,SP,Sudeste
"Department of Computing, São Paulo State University-UNESP, Bauru, SP, Brazil",São Paulo,SP,Sudeste
"São José dos Campos, Federal University of São Paulo-UNIFESP, SP, Brazil",São Paulo,SP,Sudeste
"Department of Computing, Federal University of São Carlos, São Carlos, SP, Brazil",São Paulo,SP,Sudeste
"Medical School of Botucatu, São Paulo State University, Botucatu, SP, Brazil",São Paulo,SP,Sudeste
"Fakultät Informatik/Mathematik, Ostbayerische Tech. Hochschule, Regensburg, Germany",Internacional,,
"Department of Computing, São Paulo State University, Bauru, SP, Brazil",São Paulo,SP,Sudeste
"Department of Computing, São Paulo State University, Bauru, SP, Brazil",São Paulo,SP,Sudeste
"Comput. Sci. Dept., Universidade Federal de Sergipe, Sao Cristovao, SE, BR",Sergipe,SE,Nordeste
"Computer Science Department, Federal University of Sergipe, Sergipe, Brasil",Sergipe,SE,Nordeste
"Comput. Sci. Dept., Universidade Federal de Sergipe, Sao Cristovao, SE, BR",Sergipe,SE,Nordeste
"National Laboratory for Scientific Computing-LNCC, Petrópolis, Brazil",Rio de Janeiro,RJ,Sudeste
"National Laboratory for Scientific Computing-LNCC, Petrópolis, Brazil",Rio de Janeiro,RJ,Sudeste
"Department of Electrical Engineering, Brazil",,,,
"Departamento de Computação, Universidade Federal do Ceará, Fortaleza, Ceará",Ceará,CE,Nordeste
"Dept. de Comput., Universidade Federal do Ceara, Fortaleza, CE, BR",Ceará,CE,Nordeste
"Dept. de Comput., Universidade Federal do Ceara, Fortaleza, CE, BR",Ceará,CE,Nordeste
"Departamento de Computacao, Universidade Federal do Ceará, Fortaleza, Ceará",Ceará,CE,Nordeste
"Departamento de Computação, Universidade Federal do Ceará, Fortaleza, Ceará",Ceará,CE,Nordeste
"Department of Computer Science, Londrina State University (UEL), Londrina, PR, Brazil",Paraná,PR,Sul
"Department of Computer Science, Londrina State University (UEL), Londrina, PR, Brazil",Paraná,PR,Sul
"Sciences Institute of Mathematics and Computers (ICMC), University of São Paulo (USP), Sao Carlos, SP, Brazil",São Paulo,SP,Sudeste
"Computer Science Department, Universidade Federal de Minas Gerais (UFMG), Brazil",Minas Gerais,MG,Sudeste
"Computer Science Department, Universidade Federal de Minas Gerais (UFMG), Brazil",Minas Gerais,MG,Sudeste
"Computer Science Department, Universidade Federal de Minas Gerais (UFMG), Brazil",Minas Gerais,MG,Sudeste
"Computer Science Department, Universidade Federal de Minas Gerais (UFMG), Brazil",Minas Gerais,MG,Sudeste
"Computer Science Department, Universidade Federal de Minas Gerais (UFMG), Brazil",Minas Gerais,MG,Sudeste
"University of São Paulo, São Paulo, Brazil",São Paulo,SP,Sudeste
"University of São Paulo, São Paulo, Brazil",São Paulo,SP,Sudeste
"University of São Paulo, São Paulo, Brazil",São Paulo,SP,Sudeste
"University of Rouen-INSA, Rouen, France",Internacional,,
"Institute of Computing (IC), Federal University of Alagoas (UFAL), Maceió, Alagoas, Brazil",Alagoas,AL,Nordeste
"Institute of Computing (IC), Federal University of Alagoas (UFAL), Maceió, Alagoas, Brazil",Alagoas,AL,Nordeste
"Institute of Computing (IC), Federal University of Alagoas (UFAL), Maceió, Alagoas, Brazil",Alagoas,AL,Nordeste
"Ribeirao Preto Medical School (FMRP), University of Sao Paulo (USP), Ribeirão Preto, São Paulo, Brazil",São Paulo,SP,Sudeste
"Department of Computing, Federal University of São Carlos, São Carlos, SP, Brazil",São Paulo,SP,Sudeste
"Institute of Geology, University of Campinas, Campinas, SP, Brazil",São Paulo,SP,Sudeste
"Institute of Geology, University of Campinas, Campinas, SP, Brazil",São Paulo,SP,Sudeste
"Institute of Computing, University of Campinas, Campinas, SP, Brazil",São Paulo,SP,Sudeste
"Department of Computing, São Paulo State University, Bauru, SP, Brazil",São Paulo,SP,Sudeste
"Institute of Computing, University of Campinas",São Paulo,SP,Sudeste
"Department of Computer Science, Federal University of Minas Gerais",Minas Gerais,MG,Sudeste
"Institute of Computing, University of Campinas, Campinas, SP",São Paulo,SP,Sudeste
"Department of Computer Science, Universidade Federal de Minas Gerais (UFMG), MG, Brazil",Minas Gerais,MG,Sudeste
"Department of Computer Science, Universidade Federal de Minas Gerais (UFMG), MG, Brazil",Minas Gerais,MG,Sudeste
"Dept. of Comput. Sci., Universidade Federal de Minas Gerais, Belo Horizonte, MG, BR",Minas Gerais,MG,Sudeste
"Sch. of Elec. & Comput. Eng., Universidade Estadual de Campinas, Campinas, SP, BR",São Paulo,SP,Sudeste
"Sch. of Med. Sci., Universidade Estadual de Campinas, Campinas, SP, BR",São Paulo,SP,Sudeste
"Sch. of Elec. and Computer Engineering, University of Campinas, Campinas, Brazil",São Paulo,SP,Sudeste
"Fac. de Cienc. e Tecnol., Univ. Estadual Paulista, Prudente, SP, Brazil",São Paulo,SP,Sudeste
"Fac. de Cienc. e Tecnol., Univ. Estadual Paulista, Prudente, SP, Brazil",São Paulo,SP,Sudeste
"Fac. de Cienc. e Tecnol., Univ. Estadual Paulista, Prudente, SP, Brazil",São Paulo,SP,Sudeste
"Fac. de Cienc. e Tecnol., Universidade Estadual Paulista Julio de Mesquita Filho, Sao Paulo, SP, BR",São Paulo,SP,Sudeste
"Departamento de Computação, Universidade Federal de Sergipe, São Cristóvão, SE, Brazil",Sergipe,SE,Nordeste
"Dept. de Comput., Universidade Federal de Sergipe, Sao Cristovao, SE, BR",Sergipe,SE,Nordeste
"Departamento de Computação, Universidade Federal de Sergipe, São Cristóvão, SE, Brazil",Sergipe,SE,Nordeste
"ICMC, USP, São Carlos",São Paulo,SP,Sudeste
"NYU, School of Engineering, New York",Internacional,,
"FACOM, UFMS, Campo Grande",Mato Grosso do Sul,MS,Centro-Oeste
"ICMC, USP, São Carlos",São Paulo,SP,Sudeste
"ICMC, USP, São Carlos",São Paulo,SP,Sudeste
"Federal University of Bahia (UFBA) iVision Lab, Salvador, Brazil",Bahia,BA,Nordeste
"Federal University of Bahia (UFBA) iVision Lab, Salvador, Brazil",Bahia,BA,Nordeste
"Instituto de Informática, UFRGS",Rio Grande do Sul,RS,Sul
"Instituto de Informática, UFRGS",Rio Grande do Sul,RS,Sul
"Instituto de Informática, UFRGS",Rio Grande do Sul,RS,Sul
"Instituto de Informtica (INF), Federal University of Rio Grande do Sul (UFRGS), Porto Alegre, Brazil",Rio Grande do Sul,RS,Sul
"Instituto de Informtica (INF), Federal University of Rio Grande do Sul (UFRGS), Porto Alegre, Brazil",Rio Grande do Sul,RS,Sul
"Centro de Desenvolvimento Tecnolgico (CDTec), Federal University of Pelotas (UFPel), Pelotas, Brazil",Rio Grande do Sul,RS,Sul
"Department of Computer Science, PUC-Rio, Brazil",Rio de Janeiro,RJ,Sudeste
"Department of Computer Science, PUC-Rio, Brazil",Rio de Janeiro,RJ,Sudeste
"IMPA-Instituto Nacional de Matemática Pura e Aplicada, Rio de Janeiro, Brazil",Rio de Janeiro,RJ,Sudeste
"School of Engineering, Brown University, Providence, USA",Internacional,,
"School of Engineering, Brown University, Providence, USA",Internacional,,
"Departamento de Engenharia de Sistemas Eletronicos, Universidade de São Paulo, São Paulo, Brazil",São Paulo,SP,Sudeste
"Departamento de Engenharia de Sistemas Eletronicos, Universidade de São Paulo, São Paulo, Brazil",São Paulo,SP,Sudeste
"Computer Science Department, Federal University of Minas Gerais, Belo Horizonte, MG, Brazil",Minas Gerais,MG,Sudeste
"Institute of Computing, University of Campinas, Campinas, SP, Brazil",São Paulo,SP,Sudeste
"Computer Science Department, Federal University of Minas Gerais, Belo Horizonte, MG, Brazil",Minas Gerais,MG,Sudeste
"Computer Science Department, Federal University of Minas Gerais, Belo Horizonte, MG, Brazil",Minas Gerais,MG,Sudeste
"Computer Science Department, Federal University of Minas Gerais, Belo Horizonte, MG, Brazil",Minas Gerais,MG,Sudeste
"Instituto de Engenharia de Sistemas e Tecnologias da informação, Universidade Federal de Itajubá - UNIFEI",Minas Gerais,MG,Sudeste
"Instituto de Matemática e Computação, Universidade Federal de Itajubá - UNIFEI",Minas Gerais,MG,Sudeste
"Instituto de Engenharia de Sistemas e Tecnologias da informação, Universidade Federal de Itajubá - UNIFEI",Minas Gerais,MG,Sudeste
"Department of Computer Science, University of Brasília, Brazil",Distrito Federal,DF,Centro-Oeste
"Department of Electrical Engineering, University of Brasília, Brazil",Distrito Federal,DF,Centro-Oeste
"Department of Computer Science, University of Brasília, Brazil",Distrito Federal,DF,Centro-Oeste
"Department of Exact and Technological Sciences, Universidade Estadual de, Santa Cruz, Bahia, Brazil",Bahia,BA,Nordeste
"Institute of Mathematics and Statistics, University of São Paulo, São Paulo, Brazil",São Paulo,SP,Sudeste
"Institute of Mathematics and Statistics, University of São Paulo, São Paulo, Brazil",São Paulo,SP,Sudeste
"Department of Computer Science, Federal University of Minas Gerais, Belo Horizonte, Brazil",Minas Gerais,MG,Sudeste
"Department of Computer Science, Federal University of Minas Gerais, Belo Horizonte, Brazil",Minas Gerais,MG,Sudeste
"Universidade Federal de Minas Gerais, Belo Horizonte, MG, BR",Minas Gerais,MG,Sudeste
"Department of Computer Science, Federal University of Ouro Preto, Ouro Preto, Brazil",Minas Gerais,MG,Sudeste
"Instituto de Ciências Matemáticas e de Computação (ICMC), University of São Paulo (USP), São Carlos, Brazil",São Paulo,SP,Sudeste
"Universidade Federal do Tocantins (UFT), Palmas-To, Brazil",Tocantins,TO,Norte
"Instituto de Ciências Matemáticas e de Computação (ICMC), University of São Paulo (USP), São Carlos, Brazil",São Paulo,SP,Sudeste
"Instituto de Ciências Matemáticas e de Computação (ICMC), University of São Paulo (USP), São Carlos, Brazil",São Paulo,SP,Sudeste
"Dept. of Comput. Sci., Univ. of California, Davis, USA",Internacional,,
"Department of Computer Science, University of California, Davis, Davis, CA, USA",Internacional,,
"Departamento de Botânica, Federal University of São Carlos, São Carlos, SP, Brazil",São Paulo,SP,Sudeste
"Departamento de Botânica, Federal University of São Carlos, São Carlos, SP, Brazil",São Paulo,SP,Sudeste
"Instituto de Ciências Matemáticas e de Computação, University of São Paulo, São Carlos, SP, Brazil",São Paulo,SP,Sudeste
"Institute of Mathematics and Computer Science, University of Sao Paulo, Sao Carlos, Brazil",São Paulo,SP,Sudeste
"Institute of Mathematics and Computer Science, University of Sao Paulo, Sao Carlos, Brazil",São Paulo,SP,Sudeste
"Institute of Mathematics and Computer Science, University of Sao Paulo, Sao Carlos, Brazil",São Paulo,SP,Sudeste
"Institute of Mathematics and Computer Science, University of Sao Paulo, Sao Carlos, Brazil",São Paulo,SP,Sudeste
"Inst. Fed. do Espirito Santo, Serra, Brazil",Espírito Santo,ES,Sudeste
"Institute of Computing, University of Campinas, Brazil",São Paulo,SP,Sudeste
"Institute of Computing, University of Campinas, Brazil",São Paulo,SP,Sudeste
"Institute of Mathematics and Statistics, São Paulo, Brazil",São Paulo,SP,Sudeste
"Oceanographic Institute, University of São Paulo, São Paulo, Brazil",São Paulo,SP,Sudeste
"Institute of Mathematics and Statistics, São Paulo, Brazil",São Paulo,SP,Sudeste
"DCC, UFMG, Belo Horizonte, Brazil",Minas Gerais,MG,Sudeste
"DCC, UFMG, Belo Horizonte, Brazil",Minas Gerais,MG,Sudeste
"VIPLAB, PUC Minas, Belo Horizonte, Brazil",Minas Gerais,MG,Sudeste
"VIPLAB, PUC Minas, Belo Horizonte, Brazil",Minas Gerais,MG,Sudeste
"LIP6, Sorbonne Universités, Paris, France",Internacional,,
"Universidade Federal de Minas Gerais, Belo Horizonte, MG, BR",Minas Gerais,MG,Sudeste
"Computer Science Department, Universidade Federal de Minas Gerais, Belo Horizonte, Brazil",Minas Gerais,MG,Sudeste
"Department of Computing, Centro Federal de Educação Tecnológica de Minas Gerais, Belo Horizonte, MG, Brazil",Minas Gerais,MG,Sudeste
"Department of Computing, Centro Federal de Educação Tecnológica de Minas Gerais, Belo Horizonte, MG, Brazil",Minas Gerais,MG,Sudeste
"Department of Computing, Centro Federal de Educação Tecnológica de Minas Gerais, Belo Horizonte, MG, Brazil",Minas Gerais,MG,Sudeste
"DTECH, Universidade Federal de Sao Joao del-Rei, Sao Joao del-Rei, MG, BR",Minas Gerais,MG,Sudeste
"Advanced Technology group, Samsung Research Institute Brazil, Campinas, Brazil",São Paulo,SP,Sudeste
"Advanced Technology group, Samsung Research Institute Brazil, Campinas, Brazil",São Paulo,SP,Sudeste
"Federal University of Espírito Santo, Brazil",Espírito Santo,ES,Sudeste
"Federal University of Espírito Santo, Brazil",Espírito Santo,ES,Sudeste
"Universidade Federal do Espirito Santo, Vitoria, ES, BR",Espírito Santo,ES,Sudeste
"Federal University of Espírito Santo, Brazil",Espírito Santo,ES,Sudeste
"Computing Department, UFQP, Ouro Preto, MG, Brazil",Minas Gerais,MG,Sudeste
"Computing Department, UFQP, Ouro Preto, MG, Brazil",Minas Gerais,MG,Sudeste
"Computing Department, UFQP, Ouro Preto, MG, Brazil",Minas Gerais,MG,Sudeste
"Computing Department, UFQP, Ouro Preto, MG, Brazil",Minas Gerais,MG,Sudeste
"Institute of Computing, University of Campinas - UNICAMP, Campinas, SP, Brazil",São Paulo,SP,Sudeste
"Institute of Computing, University of Campinas - UNICAMP, Campinas, SP, Brazil",São Paulo,SP,Sudeste
"Inst. de Cienc. Mat. e de Comput., Universidade de Sao Paulo, Sao Paulo, SÃ£o Paulo, BR",São Paulo,SP,Sudeste
"Instituto de Ciências Matemáticas e de Computação, Universidade de São Paulo, São Carlos, Brazil",São Paulo,SP,Sudeste
"Instituto de Ciências Matemáticas e de Computação, Universidade de São Paulo, São Carlos, Brazil",São Paulo,SP,Sudeste
"Instituto de Ciências Matemáticas e de Computação, Universidade de São Paulo, São Carlos, Brazil",São Paulo,SP,Sudeste
"Instituto de Ciências Matemáticas e de Computação, Universidade de São Paulo, São Carlos, Brazil",São Paulo,SP,Sudeste
"Instituto de Ciências Matemáticas e de Computação, Universidade de São Paulo, São Carlos, Brazil",São Paulo,SP,Sudeste
"Department of Computer Science (DECOM), Federal University of Ouro Preto, Ouro Preto, MG, BR",Minas Gerais,MG,Sudeste
"Department of Computer Science (DECOM), Federal University of Ouro Preto, Ouro Preto, MG, BR",Minas Gerais,MG,Sudeste
"Center for Exact and Technological Sciences, UNIVATES, Lajeado, Brazil",Rio Grande do Sul,RS,Sul
"Institute of Informatics, UFRGS, Porto Alegre, Brazil",Rio Grande do Sul,RS,Sul
"Computer Science Department, Universidade Federal de Minas Gerais, Belo Horizonte, MG, Brazil",Minas Gerais,MG,Sudeste
"Computer Science Department, Universidade Federal de Minas Gerais, Belo Horizonte, MG, Brazil",Minas Gerais,MG,Sudeste
"Computer Science Department, Universidade Federal de Minas Gerais, Belo Horizonte, MG, Brazil",Minas Gerais,MG,Sudeste
"Instituto de Informática - UFRGS, Porto Alegre, Brazil",Rio Grande do Sul,RS,Sul
"Instituto de Informática - UFRGS, Porto Alegre, Brazil",Rio Grande do Sul,RS,Sul
"Instituto de Informática - UFRGS, Porto Alegre, Brazil",Rio Grande do Sul,RS,Sul
"Federal University of Bahia (UFBA), Salvador, Brazil",Bahia,BA,Nordeste
"Federal University of Bahia (UFBA), Salvador, Brazil",Bahia,BA,Nordeste
"School of Electrical and Computer Engineering - FEEC, State University of Campinas, Campinas, Brazil",São Paulo,SP,Sudeste
"School of Electrical and Computer Engineering - FEEC, State University of Campinas, Campinas, Brazil",São Paulo,SP,Sudeste
"Departamento de Computação, Universidade Federal do Piauí, Teresina, Piauí, Brasil",Piauí,PI,Nordeste
"Departamento de Computação, Universidade Federal do Piauí, Teresina, Piauí, Brasil",Piauí,PI,Nordeste
Clínica Otocenter,,,,
"Instituto de Informática, UFRGS, Brazil",Rio Grande do Sul,RS,Sul
"Instituto de Informática, UFRGS, Brazil",Rio Grande do Sul,RS,Sul
"University of Groningen, Netherlands",Internacional,,
"New York University, United States",Internacional,,
"Instituto de Informática, UFRGS, Brazil",Rio Grande do Sul,RS,Sul
"Modelo Inc., San Francisco, USA",Internacional,,
"FACOM-UFMS, Campo Grande, Brazil",Mato Grosso do Sul,MS,Centro-Oeste
"ICMC-USP, São Carlos, Brazil",São Paulo,SP,Sudeste
"University of Calgary, Calgary, Canada",Internacional,,
"University of Calgary, Calgary, Canada",Internacional,,
"University of Calgary, Calgary, Canada",Internacional,,
"ICMC-USP, São Carlos",São Paulo,SP,Sudeste
"ICMC-USP, São Carlos",São Paulo,SP,Sudeste
"FACOM - UPMS, Campo Grande",Mato Grosso do Sul,MS,Centro-Oeste
"ICMC-USP, São Carlos",São Paulo,SP,Sudeste
"ICMC-USP, São Carlos",São Paulo,SP,Sudeste
"Institute of Informatics, UFRGS - Federal University of Rio Grande do Sul, Porto Alegre, Brazil",Rio Grande do Sul,RS,Sul
"Institute of Informatics, UFRGS - Federal University of Rio Grande do Sul, Porto Alegre, Brazil",Rio Grande do Sul,RS,Sul
"Department of Exact Sciences (DEXA), State University of Feira de Santana, Feira de Santana, Bahia, Brazil",Bahia,BA,Nordeste
"Institute of Arts And Design (IAD), Federal University of Juiz de Fora, Juiz de Fora, Minas Gerais, Brazil",Minas Gerais,MG,Sudeste
"Department of Exact Sciences (DEXA), State University of Feira de Santana, Feira de Santana, Bahia, Brazil",Bahia,BA,Nordeste
"Department of Exact Sciences (DEXA), State University of Feira de Santana, Feira de Santana, Bahia, Brazil",Bahia,BA,Nordeste
"Federal University of Espirito Santo, Brazil",Espírito Santo,ES,Sudeste
"Federal University of Espirito Santo, Brazil",Espírito Santo,ES,Sudeste
"Federal University of Espirito Santo, Brazil",Espírito Santo,ES,Sudeste
"Instituto de Computação, Universidade Federal Fluminense (UFF), Niterói, RJ, Brazil",Rio de Janeiro,RJ,Sudeste
"Instituto de Computação, Universidade Federal Fluminense (UFF), Niterói, RJ, Brazil",Rio de Janeiro,RJ,Sudeste
"Instituto de Computação, Universidade Federal Fluminense (UFF), Niterói, RJ, Brazil",Rio de Janeiro,RJ,Sudeste
"Instituto de Computação, Universidade Federal Fluminense (UFF), Niterói, RJ, Brazil",Rio de Janeiro,RJ,Sudeste
"Instituto de Computação, Universidade Federal Fluminense (UFF), Niterói, RJ, Brazil",Rio de Janeiro,RJ,Sudeste
"Department of Computer Science, Universidade Federal de Minas Gerais, Belo Horizonte, Brazil",Minas Gerais,MG,Sudeste
"Department of Computer Science, Universidade Federal de Minas Gerais, Belo Horizonte, Brazil",Minas Gerais,MG,Sudeste
"Dept. of Comput. Sci., Univ. Fed. de Minas Gerais, Belo Horizonte, Brazil",Minas Gerais,MG,Sudeste
"Federal University of Para, Vale Institute of Technology, Belem, Brazil",Pará,PA,Norte
"Vale Institute of Technology, Belem, Brazil",Pará,PA,Norte
"Math Institute, Federal University of Bahia (UFBA), Salvador, Brazil",Bahia,BA,Nordeste
"Department of Technology, State University of Feira de Santana (UEFS), Feira de Santana, Brazil",Bahia,BA,Nordeste
"Department of Technology, State University of Feira de Santana (UEFS), Feira de Santana, Brazil",Bahia,BA,Nordeste
"Department of Statistics, Applied Mathematics and Computing, State University of São Paulo, Rio Claro, SP, Brazil",São Paulo,SP,Sudeste
"Department of Statistics, Applied Mathematics and Computing, State University of São Paulo, Rio Claro, SP, Brazil",São Paulo,SP,Sudeste
"Faculdade Campo Limpo Paulista, Graduate Program in Computer Science, SP, Brazil",São Paulo,SP,Sudeste
"Department of Computing, Federal University of São Carlos, São Carlos, SP, Brazil",São Paulo,SP,Sudeste
"Department of Statistics, State University of São Paulo (UNESP), Rio Claro, Brazil",São Paulo,SP,Sudeste
"Recod Lab, University of Campinas (UNICAMP), Brazil",São Paulo,SP,Sudeste
"Pontificia Universidade Catolica do Rio Grande do Sul, Porto Alegre, RS, BR",Rio Grande do Sul,RS,Sul
"PUCRS, Faculdade de Informática, Porto Alegre, Brazil",Rio Grande do Sul,RS,Sul
"Dept. of Computer Science, University of São Paulo (USP), São Paulo, SP, Brazil",São Paulo,SP,Sudeste
"Dept. of Electronics and Telecommunication Engineering, Jadavpur University, Kolkata, India",Internacional,,
"Dept. of Information Systems, University of Campinas, SP, Brazil",São Paulo,SP,Sudeste
"Dept. of Inf. Syst., Univ. of Campinas, Brazil",São Paulo,SP,Sudeste
"Department of Computer Science, Universidade Federal de Sao Carlos, Sao Carlos, SP, BR",São Paulo,SP,Sudeste
"Department of Computer Science, Federal University of São Carlos São, Carlos, SP, Brazil",São Paulo,SP,Sudeste
"Dept. of Physiol. & Biophys., Universidade Federal de Minas Gerais, Belo Horizonte, MG, BR",Minas Gerais,MG,Sudeste
"University College London, London, London, GB",Internacional,,
"UFMG, Belo Horizonte, Brazil",Minas Gerais,MG,Sudeste
"Washington Univ. in St. Louis, St. Louis, MO, USA",Internacional,,
"Univ. of Waterloo, Waterloo, ON, Canada",Internacional,,
"University of Bern, Switzerland",Internacional,,
"University of Bern, Switzerland",Internacional,,
"Inselspital, Switzerland",Internacional,,
"Inselspital, Switzerland",Internacional,,
"Universidade Federal do Espirito Santo, Vitoria, ES, BR",Espírito Santo,ES,Sudeste
"Universidade Federal do Espirito Santo, Vitoria, ES, BR",Espírito Santo,ES,Sudeste
"Dept. of Appl. Comput. (DCOM), Universidade Federal de Santa Maria, Santa Maria, RS, BR",Rio Grande do Sul,RS,Sul
"Department of Applied Computing (DCOM), Federal University of Santa Maria, Santa Maria, Brazil",Rio Grande do Sul,RS,Sul
"Department of Computer Science, University Of Calgary, Canada",Internacional,,
"Department of Computer Science, University Of Calgary, Canada",Internacional,,
"Department of Computer Science, University Of Calgary, Canada",Internacional,,
"IMPA, Instituto Nacional de Matemática Pura e Aplicada, Brazil",Rio de Janeiro,RJ,Sudeste
"IMPA Inst. Nac. de Mat. Pura e Aplic., Brazil",Rio de Janeiro,RJ,Sudeste
"Instituto de Ciências Matemáticas e de Computação, University of São Paulo, São Carlos, Brazil",São Paulo,SP,Sudeste
"Instituto de Ciências Matemáticas e de Computação, University of São Paulo, São Carlos, Brazil",São Paulo,SP,Sudeste
"Instituto de Ciências Matemáticas e de Computação, University of São Paulo, São Carlos, Brazil",São Paulo,SP,Sudeste
"Universidade de Sao Paulo, Sao Paulo, SÃ£o Paulo, BR",São Paulo,SP,Sudeste
"Instituto de Informática, Universidade Federal do Rio Grande do Sul, Porto Alegre, Brazil",Rio Grande do Sul,RS,Sul
"Instituto de Informática, Universidade Federal do Rio Grande do Sul, Porto Alegre, Brazil",Rio Grande do Sul,RS,Sul
"Dept. of Comput. Eng. & Ind. Autom., Universidade Estadual de Campinas, Campinas, SP, BR",São Paulo,SP,Sudeste
"Dept. of Computer Engineering and Industrial Automation, University of Campinas, SP, Brazil",São Paulo,SP,Sudeste
"Dept. of Computer Engineering and Industrial Automation, University of Campinas, SP, Brazil",São Paulo,SP,Sudeste
"Department of Neurology, University of Campinas, SP, Brazil",São Paulo,SP,Sudeste
"Department of Neurology, University of Campinas, SP, Brazil",São Paulo,SP,Sudeste
"Department of Neurology, University of Campinas, SP, Brazil",São Paulo,SP,Sudeste
"UFRGS, Instituto de Informática, Porto Alegre, Brazil",Rio Grande do Sul,RS,Sul
"UFRGS, Instituto de Informática, Porto Alegre, Brazil",Rio Grande do Sul,RS,Sul
"Computer Science Department, Federal University of Ouro Preto, Ouro Preto, MG, Brazil",Minas Gerais,MG,Sudeste
"Computer Science Department, Universidade Federal de Ouro Preto, Ouro Preto, MG, BR",Minas Gerais,MG,Sudeste
"Universidade de Sao Paulo, Sao Paulo, SÃ£o Paulo, BR",São Paulo,SP,Sudeste
"ICMC, USP, São Carlos",São Paulo,SP,Sudeste
"Dept. of Mathematics, UFES, Vitória",Espírito Santo,ES,Sudeste
"FACOM, UFMS, Campo Grande",Mato Grosso do Sul,MS,Centro-Oeste
"ICMC, USP, São Carlos",São Paulo,SP,Sudeste
"Department of Theoretical and Applied Sciences, University of Insubria, Varese, Italy",Internacional,,
"Department of Theoretical and Applied Sciences, University of Insubria, Varese, Italy",Internacional,,
"Department of Theoretical and Applied Sciences, University of Insubria, Varese, Italy",Internacional,,
"TU Braunschweig, Braunschweig, Germany",Internacional,,
"TU Braunschweig, Braunschweig, Germany",Internacional,,
"TU Braunschweig, Braunschweig, Germany",Internacional,,
"COPPE, Laboratório de Computação Gráfica (LCG)",Rio de Janeiro,RJ,Sudeste
"COPPE, Laboratório de Computação Gráfica (LCG)",Rio de Janeiro,RJ,Sudeste
"COPPE, Laboratório de Computação Gráfica (LCG)",Rio de Janeiro,RJ,Sudeste
"Department of Electronics and Computer Engineering, Hanyang University, Seoul, Korea",Internacional,,
"Department of Electronics and Computer Engineering, Hanyang University, Seoul, Korea",Internacional,,
"Department of Embedded Systems Engineering, Incheon National University, Incheon, Korea",Internacional,,
"Universidade Federal de Santa Maria, Santa Maria, RS, BR",Rio Grande do Sul,RS,Sul
"Universidade Federal de Santa Maria, Santa Maria, Brazil",Rio Grande do Sul,RS,Sul
"Universidade Federal de Santa Maria, Santa Maria, Brazil",Rio Grande do Sul,RS,Sul
"Universidade Federal da Fronteira Sul, Chapecó, Brazil",Santa Catarina,SC,Sul
"FACOM - UFMS, Campo Grande, MS, Brazil",Mato Grosso do Sul,MS,Centro-Oeste
"Institute of Computing, University of Campinas, Campinas, SP, Brazil",São Paulo,SP,Sudeste
"FACOM - UFMS, Campo Grande, MS, Brazil",Mato Grosso do Sul,MS,Centro-Oeste
"Departamento de Computação, Universidade Federal do Piauí, Teresina, PI, Brasil",Piauí,PI,Nordeste
"Departamento de Computação, Universidade Federal do Piauí, Teresina, PI, Brasil",Piauí,PI,Nordeste
"Departamento de Computação, Universidade Federal do Piauí, Teresina, PI, Brasil",Piauí,PI,Nordeste
"Dept. de Comput., Universidade Federal do Piaui, Teresina, PiauÃ­, BR",Piauí,PI,Nordeste
"University of Western São Paulo - (UNOESTE), Presidente Prudente, Brazil",São Paulo,SP,Sudeste
"University of the Andes, Santiago, Chile",Internacional,,
"São Paulo State University - (UNESP), Bauru, Brazil",São Paulo,SP,Sudeste
"Department of Mathematics, PUC-Rio, Rio de Janeiro, Brazil",Rio de Janeiro,RJ,Sudeste
"LIX, École Polytechnique, Paris, France",Internacional,,
"UFAL, Institute of Mathematics, Maceió, Brazil",Alagoas,AL,Nordeste
"UFAL, Institute of Mathematics, Maceió, Brazil",Alagoas,AL,Nordeste
"LIX, École Polytechnique, Paris, France",Internacional,,
"Department of Mathematics, PUC-Rio, Rio de Janeiro, Brazil",Rio de Janeiro,RJ,Sudeste
"Departamento de Sistemas de Informação, Universidade Federal do Piauí – UFPI, Picos, Brasil",Piauí,PI,Nordeste
"Departamento de Computação, Universidade Federal do Piauí – UFPI, Teresina, Brasil",Piauí,PI,Nordeste
"Departamento de Computação, Universidade Federal do Piauí – UFPI, Teresina, Brasil",Piauí,PI,Nordeste
"Department of Computer Science, Federal University of Bahia (UFBA), Bahia, Brazil",Bahia,BA,Nordeste
"Department of Computer Science, Universidade Federal da Bahia, Salvador, BA, BR",Bahia,BA,Nordeste
"Dept. de Cienc. da Comput., Univ. Fed. de Minas Gerais, Brazil",Minas Gerais,MG,Sudeste
"Instituto de Ciências Exatas e Informática, Pontifícia Universidade Católica de Minas Gerais, Belo Horizonte, Brazil",Minas Gerais,MG,Sudeste
"Departamento de Ciência da Computação, Universidade Federal de Minas Gerais, Belo Horizonte, Brazil",Minas Gerais,MG,Sudeste
"Dept. de Cienc. da Comput., Univ. Fed. de Minas Gerais, Brazil",Minas Gerais,MG,Sudeste
"Polytechnic School of Engineering, New York University",Internacional,,
"Polytechnic School of Engineering, New York University",Internacional,,
"Polytechnic School of Engineering, New York University",Internacional,,
"UFRGS, Instituto de Informática",Rio Grande do Sul,RS,Sul
AT&T Research,Internacional,,,S
"Institute of Computing, University of Campinas, Campinas, Brazil",São Paulo,SP,Sudeste
"Department of Computer Engineering, Federal Technological University of Parana, Cornelio Procopio, Brazil",Paraná,PR,Sul
"Institute of Computing, University of Campinas, Campinas, Brazil",São Paulo,SP,Sudeste
"Institute of Computing, University of Campinas, Campinas, Brazil",São Paulo,SP,Sudeste
"Inst. of Comput., Universidade Estadual de Campinas, Campinas, SP, BR",São Paulo,SP,Sudeste
"Dept. of Comput. Sci., Universidade Federal de Minas Gerais, Belo Horizonte, MG, BR",Minas Gerais,MG,Sudeste
"Department of Systems and Computer Networks, Wroclaw University of Technology, Wroclaw, Poland",Internacional,,
"Department of Systems and Computer Networks, Wroclaw University of Technology, Wroclaw, Poland",Internacional,,
"Department of Computer Science, Universidade Federal de Minas Gerais, Belo Horizonte, MG, BR",Minas Gerais,MG,Sudeste
"Department of Computer Science, Universidade Federal de Minas Gerais, Belo Horizonte, Brazil",Minas Gerais,MG,Sudeste
"Department of Computer Science, Campus Universitário Darcy Ribeiro, Brasília, DF, Brazil",Distrito Federal,DF,Centro-Oeste
"Department of Computer Science, Campus Universitário Darcy Ribeiro, Brasília, DF, Brazil",Distrito Federal,DF,Centro-Oeste
"Department of Electrical Engineering, Campus Universitário Darcy Ribeiro, Brasília, DF, Brazil",Distrito Federal,DF,Centro-Oeste
"Department of Computer Science, University of Brasília (UnB), Brasília, Brazil",Distrito Federal,DF,Centro-Oeste
"Department of Electrical Engineering, University of Brasília (UnB), Brasília, Brazil",Distrito Federal,DF,Centro-Oeste
"Department of Computer Science, University of Brasília (UnB), Brasilia, DF, BR",Distrito Federal,DF,Centro-Oeste
"UFRGS, Federal University of Rio Grande do Sul, Porto Alegre, RS, Brazil",Rio Grande do Sul,RS,Sul
"UFRGS, Federal University of Rio Grande do Sul, Porto Alegre, RS, Brazil",Rio Grande do Sul,RS,Sul
"Inria, CNRS, Univ. Grenoble Alpes, Grenoble, France",Internacional,,
"Dept. de Mat. Aplic. e Estaistica, Universidade de Sao Paulo, Sao Paulo, SÃ£o Paulo, BR",São Paulo,SP,Sudeste
"Departamento de Matemática Aplicada e Estatística, Universidade de São Paulo",São Paulo,SP,Sudeste
"Departamento de Matemática Aplicada e Estatística, Universidade de São Paulo",São Paulo,SP,Sudeste
"Department of Computer Engineering and Automation, Federal University of Rio Grande do Norte, Natal, Brazil",Rio Grande do Norte,RN,Nordeste
"Department of Computer Engineering and Automation, Federal University of Rio Grande do Norte, Natal, Brazil",Rio Grande do Norte,RN,Nordeste
"Department of Computing, Universidade Federal do Ceara, Fortaleza, CE, BR",Ceará,CE,Nordeste
"Department of Computing, Federal University of Ceará, Fortaleza, CE, Brazil",Ceará,CE,Nordeste
"Department of Computing, Universidade Federal do Ceara, Fortaleza, CE, BR",Ceará,CE,Nordeste
"Department of Computing, Universidade Federal do Ceara, Fortaleza, CE, BR",Ceará,CE,Nordeste
"Department of Computing, Federal University of Ceará, Fortaleza, CE, Brazil",Ceará,CE,Nordeste
"Dept. of Stat., Appl. Math. & Comput., State Univ. of Sao Paulo (UNESP), Brazil",São Paulo,SP,Sudeste
"Recod Lab - Institute of Computing, University of Campinas (UNICAMP), Campinas, SP, Brazil",São Paulo,SP,Sudeste
"Department of Exact Sciences, University of Feira de Santana (UEFS), Feira de Santana, BA, Brazil",Bahia,BA,Nordeste
"Recod Lab. - Inst. of Comput., Universidade Estadual de Campinas, Campinas, SP, BR",São Paulo,SP,Sudeste
"Department of Electrical Engineering, FEI, São Paulo, Brazil",São Paulo,SP,Sudeste
"Department of Electrical Engineering, FEI, São Paulo, Brazil",São Paulo,SP,Sudeste
"Res. in Artificial & Natural Intell., Brazil",,,,
"Department of Medical Informatics, FMUSP, São Paulo, Brazil",São Paulo,SP,Sudeste
"Department of Computing, UFSCar - Federal University of São Carlos, São Carlos, SP, Brazil",São Paulo,SP,Sudeste
"Department of Computing, UNEMAT - Univ State of Mato Grosso, Alto Araguaia, MT, Brazil",Mato Grosso,MT,Centro-Oeste
"Institute of Computing, University of Campinas, Campinas, SP, Brazil",São Paulo,SP,Sudeste
"Department of Computing, UNESP - Univ Estadual Paulista, Bauru, SP, Brazil",São Paulo,SP,Sudeste
"Department of Computing, UNESP - Univ Estadual Paulista, Bauru, SP, Brazil",São Paulo,SP,Sudeste
"COPPE/UFRJ, Computer Graphics Lab",Rio de Janeiro,RJ,Sudeste
"COPPE/UFRJ, Computer Graphics Lab",Rio de Janeiro,RJ,Sudeste
"COPPE/UFRJ, Computer Graphics Lab",Rio de Janeiro,RJ,Sudeste
"Department of Periodontology, School of Dentistry",Internacional,,
"Department of Periodontology, School of Dentistry",Internacional,,
"Department of Medicine, Harvard Medical School, Boston, MA, US",Maranhão,MA,Nordeste
"Department of Informatics, Federal University of Parana, Brazil",Paraná,PR,Sul
"Department of Medicine, Harvard Medical School, Boston, MA, US",Maranhão,MA,Nordeste
"Dept. of Med., Med. Sch., Center for Biomed. Eng., Harvard Medical School, Boston, MA, US",Maranhão,MA,Nordeste
"INCoD - National Brazilian Institute for Digital Convergence, Federal University of Santa Catarina, Brazil",Santa Catarina,SC,Sul
"Dept. of Inf., Universidade Federal do Parana, Curitiba, PR, BR",Paraná,PR,Sul
"Department of Medicine, Harvard Medical School, Boston, MA, US",Maranhão,MA,Nordeste
"Harvard-MIT Health Sciences and Technology Division, Massachusetts Institute of Technology, Cambridge, MA, US",Maranhão,MA,Nordeste
"Centro de Informtica, Federal University of Pernambuco - UFPE, Brazil",Pernambuco,PE,Nordeste
"Centro de Informtica, Fed. Univ. of Pernambuco - UFPE, Recife, Brazil",Pernambuco,PE,Nordeste
"Universidade Federal Rural de Pernambuco, Recife, PE, BR",Pernambuco,PE,Nordeste
"Departament of Physics, University of Antwerp, Antwerp, Belgium",Internacional,,
"Centro de Inf., Universidade Federal de Pernambuco, Recife, PE, BR",Pernambuco,PE,Nordeste
"Centro de Informática, Universidade Federal de Pernambuco, Recife, Brasil",Pernambuco,PE,Nordeste
"Departament of Physics, University of Antwerp, Antwerp, Belgium",Internacional,,
"Universidade Estadual de Campinas, Campinas, SP, BR",São Paulo,SP,Sudeste
"Institute of Computing (IC), University of Campinas (UNICAMP), Campinas, SP, Brazil",São Paulo,SP,Sudeste
"Institute of Computing (IC), University of Campinas (UNICAMP), Campinas, SP, Brazil",São Paulo,SP,Sudeste
"Comput. Dept. (DECOM), Universidade Federal de Ouro Preto, Ouro Preto, MG, BR",Minas Gerais,MG,Sudeste
"Dept. of Comput. Sci., Universidade de Sao Paulo, Sao Paulo, SÃ£o Paulo, BR",São Paulo,SP,Sudeste
"Department of Computer Science, University of São Paulo (USP), São Paulo, SP, Brazil",São Paulo,SP,Sudeste
"Inst. of Math. & Stat., Universidade de Sao Paulo, Sao Paulo, SÃ£o Paulo, BR",São Paulo,SP,Sudeste
"Inst. of Math. & Stat., Universidade de Sao Paulo, Sao Paulo, SÃ£o Paulo, BR",São Paulo,SP,Sudeste
"Inst. of Math. & Stat, Universidade de Sao Paulo, Sao Paulo, SÃ£o Paulo, BR",São Paulo,SP,Sudeste
"Institute of Mathematics and Statistics, University of São Paulo, São Paulo, Brazil",São Paulo,SP,Sudeste
"Dept. de Cirurgia, Universidade Federal de Sao Paulo, Sao Paulo, SÃ£o Paulo, BR",São Paulo,SP,Sudeste
"Dept. de Cirurgia, Universidade Federal de Sao Paulo, Sao Paulo, SÃ£o Paulo, BR",São Paulo,SP,Sudeste
"Dept. de Cirurgia, Universidade Federal de Sao Paulo, Sao Paulo, SÃ£o Paulo, BR",São Paulo,SP,Sudeste
"University of Campinas, RECOD Lab - DCA/FEEC/UNICAMP, Campinas, SP, Brazil",São Paulo,SP,Sudeste
"University of Campinas, RECOD Lab - DCA/FEEC/UNICAMP, Campinas, SP, Brazil",São Paulo,SP,Sudeste
"University of Campinas, RECOD Lab - DCA/FEEC/UNICAMP, Campinas, SP, Brazil",São Paulo,SP,Sudeste
"University of Campinas, RECOD Lab - DCA/FEEC/UNICAMP, Campinas, SP, Brazil",São Paulo,SP,Sudeste
"Department of Computer Science, Universidade Federal de Minas Gerais, Belo Horizonte, Brazil",Minas Gerais,MG,Sudeste
"Department of Computer Science, Universidade Federal de Minas Gerais, Belo Horizonte, MG, BR",Minas Gerais,MG,Sudeste
"Department of Computer Science, Universidade Federal de Minas Gerais, Belo Horizonte, Brazil",Minas Gerais,MG,Sudeste
"Comput. Sci. Dept., Pontifical Catholic Univ. of Rio de Janeiro - PUC-Rio, Rio de Janeiro, Brazil",Rio de Janeiro,RJ,Sudeste
"Comput. Sci. Dept., Pontifical Catholic Univ. of Rio de Janeiro - PUC-Rio, Rio de Janeiro, Brazil",Rio de Janeiro,RJ,Sudeste
"Visualization Research Center, University of Stuttgart, Germany",Internacional,,
"Visualization Research Center, University of Stuttgart, Germany",Internacional,,
"Visualization Research Center, University of Stuttgart, Germany",Internacional,,
"Department of Electrical, Rensselaer Polytechnic Institute, Troy, NY, USA",Internacional,,
"Department of Electrical, Rensselaer Polytechnic Institute, Troy, NY, USA",Internacional,,
"Institute of Computing, University of Campinas (UNICAMP), Campinas, São Paulo, Brazil",São Paulo,SP,Sudeste
"Institute of Computing, University of Campinas (UNICAMP), Campinas, São Paulo, Brazil",São Paulo,SP,Sudeste
"Dept. of Computer Science and Engineering, University of South Florida (USF), Tampa, FL, USA",Internacional,,
"Institute of Computing, University of Campinas (UNICAMP), Campinas, São Paulo, Brazil",São Paulo,SP,Sudeste
"School of Engineering, Brown University",Internacional,,
"Institute of Mathematic Sciences and Computing, ICMC-USP",São Paulo,SP,Sudeste
"Institute of Computing, IC-UNICAMP",São Paulo,SP,Sudeste
"Department of Computing, Universidade Federal do Ceará, Fortaleza, CE, Brazil",Ceará,CE,Nordeste
"Department of Computing, Universidade Federal do Ceará, Fortaleza, CE, Brazil",Ceará,CE,Nordeste
"Department of Computing, Universidade Federal do Ceará, Fortaleza, CE, Brazil",Ceará,CE,Nordeste
"Computer Science Department, Pontifícia Universidade Católica do Rio Grande do Sul, RS, Brazil",Rio Grande do Sul,RS,Sul
"Huddle Group S.A., Argentina",Internacional,,
"Programa de Engenharia de Sistemas e Computação, COPPE / Universidade Federal do Rio de Janeiro, Rio de Janeiro, Brazil",Rio de Janeiro,RJ,Sudeste
"Programa de Engenharia de Sistemas e Computação, COPPE / Universidade Federal do Rio de Janeiro, Rio de Janeiro, Brazil",Rio de Janeiro,RJ,Sudeste
"Programa de Engenharia de Sistemas e Computação, COPPE / Universidade Federal do Rio de Janeiro, Rio de Janeiro, Brazil",Rio de Janeiro,RJ,Sudeste
"COPPE, Federal University of Rio de Janeiro",Rio de Janeiro,RJ,Sudeste
"COPPE, Federal University of Rio de Janeiro",Rio de Janeiro,RJ,Sudeste
"COPPE, Federal University of Rio de Janeiro",Rio de Janeiro,RJ,Sudeste
"Institute of Informatics, Federal University of Rio Grande do Sul",Rio Grande do Sul,RS,Sul
"Universidade Federal de Juiz de Fora ICE/DCC, Juiz de Fora, Brazil",Minas Gerais,MG,Sudeste
"Universidade Federal de Minas Gerais ICEx/DCC, Belo Horizonte, Brazil",Minas Gerais,MG,Sudeste
"Universidade Federal de Juiz de Fora ICE/DCC, Juiz de Fora, Brazil",Minas Gerais,MG,Sudeste
"Universidade Federal de Juiz de Fora ICE/DCC, Juiz de Fora, Brazil",Minas Gerais,MG,Sudeste
"Departamento de Informática, Pontifícia Universidade Católica do Rio de Janeiro, Rio de Janeiro, RJ, Brazil",Rio de Janeiro,RJ,Sudeste
"Departamento de Informática, Pontifícia Universidade Católica do Rio de Janeiro, Rio de Janeiro, RJ, Brazil",Rio de Janeiro,RJ,Sudeste
"Departamento de Informática, Pontifícia Universidade Católica do Rio de Janeiro, Rio de Janeiro, RJ, Brazil",Rio de Janeiro,RJ,Sudeste
"Departamento de Engenharia Elétrica, Pontifícia Universidade Católica do Rio de Janeiro, Rio de Janeiro, RJ, Brazil",Rio de Janeiro,RJ,Sudeste
"Institute of Informatics-Federal, University of Rio Grande do Sul",Rio Grande do Sul,RS,Sul
"FACOM — UFMS, Campo Grande",Mato Grosso do Sul,MS,Centro-Oeste
"ICMC — USP, São Carlos",São Paulo,SP,Sudeste
"ICMC — USP, São Carlos",São Paulo,SP,Sudeste
"ICMC — USP, São Carlos",São Paulo,SP,Sudeste
"ICMC — USP, São Carlos",São Paulo,SP,Sudeste
"ICMC — USP, São Carlos",São Paulo,SP,Sudeste
"UFRGS, Brazil",Rio Grande do Sul,RS,Sul
"UFRGS, Brazil",Rio Grande do Sul,RS,Sul
"UFFS, Brazil",Santa Catarina,SC,Sul
"IPA, Brazil",Rio Grande do Sul,RS,Sul,S
"NYU-Poly, USA",Internacional,,
"Instituto de Ciências Matemáticas e de Computação, Universidade de São Paulo, São Carlos/SP, Brazil",São Paulo,SP,Sudeste
"Instituto de Ciências Matemáticas e de Computação, Universidade de São Paulo, São Carlos/SP, Brazil",São Paulo,SP,Sudeste
"Instituto de Ciências Matemáticas e de Computação, Universidade de São Paulo, São Carlos/SP, Brazil",São Paulo,SP,Sudeste
"LNCC, National Laboratory for Scientific Computing, Petropolis, Brazil",Rio de Janeiro,RJ,Sudeste
"LNCC, National Laboratory for Scientific Computing, Petropolis, Brazil",Rio de Janeiro,RJ,Sudeste
"Department of Electrical Engineering, FEI, São Bernardo do Campo, Brazil",São Paulo,SP,Sudeste
"LIGM ESIEE - UPEMLV - CNRS, Université Paris-Est",Internacional,,
"LIGM ESIEE - UPEMLV - CNRS, Université Paris-Est",Internacional,,
"LIGM ESIEE - UPEMLV - CNRS, Université Paris-Est",Internacional,,
"Computer Science Department – ICEI – PUC Minas, Audio-Visual Information Proc. Lab. (VIPLAB)",Minas Gerais,MG,Sudeste
"Departamento de Ciência da Computação, Universidade Federal de Minas Gerais, Belo Horizonte, Brazil",Minas Gerais,MG,Sudeste
"Departamento de Ciência da Computação, Universidade Federal de Minas Gerais, Belo Horizonte, Brazil",Minas Gerais,MG,Sudeste
"Universidade Federal de Minas Gerais, Belo Horizonte, MG, BR",Minas Gerais,MG,Sudeste
"Departamento de Ciência da Computação, Universidade Federal de Juiz de Fora, Juiz de Fora, Brazil",Minas Gerais,MG,Sudeste
"Dept. of Comput., Sao Paulo State Univ., Bauru, Brazil",São Paulo,SP,Sudeste
"Department of Computing, São Paulo State University, Bauru, Brazil",São Paulo,SP,Sudeste
"Institute of Computing, University of Campinas, Campinas, Brazil",São Paulo,SP,Sudeste
"Institute of Computing, University of Campinas, Campinas, Brazil",São Paulo,SP,Sudeste
"Institute of Computing, Federal University of Mato Grosso do Sul, Campo Grande, Brazil",Mato Grosso do Sul,MS,Centro-Oeste
"Department of Statistics, Applied Mathematics and Computing, State University of São Paulo (UNESP), Rio Claro, Brazil",São Paulo,SP,Sudeste
"Recod Lab - Institute of Computing, University of Campinas (UNICAMP), Campinas, Brazil",São Paulo,SP,Sudeste
"Universidade de Sao Paulo, Sao Paulo, SÃ£o Paulo, BR",São Paulo,SP,Sudeste
"Department of Computer Science, University of São Paulo, São Paulo, Brazil",São Paulo,SP,Sudeste
"Department of Computer Science, University of São Paulo, São Paulo, Brazil",São Paulo,SP,Sudeste
"Department of Computer Science, University of São Paulo, São Paulo, Brazil",São Paulo,SP,Sudeste
"ATVS - Biometric Recognition Group, Universidad Autonoma de Madrid (UAM), Madrid, Spain",Internacional,,
"ATVS - Biometric Recognition Group, Universidad Autonoma de Madrid (UAM), Madrid, Spain",Internacional,,
"ATVS - Biometric Recognition Group, Universidad Autonoma de Madrid (UAM), Madrid, Spain",Internacional,,
"ATVS - Biometric Recognition Group, Universidad Autonoma de Madrid (UAM), Madrid, Spain",Internacional,,
"Center for Electrical Engineering and Informatics (CEEI), Federal University of Campina Grande (UFCG), Paraíba, Brazil",Paraíba,PB,Nordeste
"Center for Electrical Engineering and Informatics (CEEI), Federal University of Campina Grande (UFCG), Paraíba, Brazil",Paraíba,PB,Nordeste
"Instituto de Ciê e Technologia, Universidede federale de São Paulo, Sao Jose do do Campos, Brazil",São Paulo,SP,Sudeste
"Institute of Mathematics and Statistics, Universidede of São Paulo, Sao Paulo, Brazil",São Paulo,SP,Sudeste
"Instituto de Ciê e Technologia, Universidede federale de São Paulo, Sao Jose do do Campos, Brazil",São Paulo,SP,Sudeste
"School of Medical Science, University of Campinas, Campinas, Brazil",São Paulo,SP,Sudeste
"Institute of Computing, University of Campinas, Campinas, Brazil",São Paulo,SP,Sudeste
"Graduate Program in Electrical Engineering, Pontifical Catholic University of Minas Gerais, Belo Horizonte, Brazil",Minas Gerais,MG,Sudeste
"Graduate Program in Electrical Engineering, Pontifical Catholic University of Minas Gerais, Belo Horizonte, Brazil",Minas Gerais,MG,Sudeste
"Graduate Program in Electrical Engineering, Pontifical Catholic University of Minas Gerais, Belo Horizonte, Brazil",Minas Gerais,MG,Sudeste
"Graduate Program in Electrical Engineering, Pontifical Catholic University of Minas Gerais, Belo Horizonte, Brazil",Minas Gerais,MG,Sudeste
"Graduate Program in Electrical Engineering, Pontifical Catholic University of Minas Gerais, Belo Horizonte, Brazil",Minas Gerais,MG,Sudeste
"Graduate Program in Electrical Engineering, Pontifical Catholic University of Minas Gerais, Belo Horizonte, Brazil",Minas Gerais,MG,Sudeste
"Computer Department, Federal University of São Carlos, Sao Carlos, Brazil",São Paulo,SP,Sudeste
"Computer Department, Federal University of São Carlos, Sao Carlos, Brazil",São Paulo,SP,Sudeste
"Computer Department, Federal University of São Carlos, Sao Carlos, Brazil",São Paulo,SP,Sudeste
"Mathematics and Computer Science Institute, University of Sao Paulo, Sao Carlos, Brazil",São Paulo,SP,Sudeste
"Mathematics and Computer Science Institute, University of Sao Paulo, Sao Carlos, Brazil",São Paulo,SP,Sudeste
"Mathematics and Computer Science Institute, University of Sao Paulo, Sao Carlos, Brazil",São Paulo,SP,Sudeste
"Mathematics and Computer Science Institute, University of Sao Paulo, Sao Carlos, Brazil",São Paulo,SP,Sudeste
"USP, ICMC, Sao Carlos, Brazil",São Paulo,SP,Sudeste
"USP, ICMC, Sao Carlos, Brazil",São Paulo,SP,Sudeste
"Department of Mathematics, PUC-Rio, Rio de Janeiro, Brazil",Rio de Janeiro,RJ,Sudeste
"Department of Mathematics, PUC-Rio, Rio de Janeiro, Brazil",Rio de Janeiro,RJ,Sudeste
"UFMS, FACOM, Campo Grande, Brazil",Mato Grosso do Sul,MS,Centro-Oeste
"USP, ICMC, Sao Carlos, Brazil",São Paulo,SP,Sudeste
"USP, ICMC, Sao Carlos, Brazil",São Paulo,SP,Sudeste
"USP, ICMC, Sao Carlos, Brazil",São Paulo,SP,Sudeste
"Department of Computer Science, University of São Paulo, USP, Sao Carlos, Brazil",São Paulo,SP,Sudeste
"Department of Computer Science, University of São Paulo, USP, Sao Carlos, Brazil",São Paulo,SP,Sudeste
"Department of Computer Science, University of São Paulo, USP, Sao Carlos, Brazil",São Paulo,SP,Sudeste
"Departamento de Ciência da Computação, Universidade Federal de minas Gerais, Belo Horizonte, Brazil",Minas Gerais,MG,Sudeste
"Departamento de Ciência da Computação, Universidade Federal de minas Gerais, Belo Horizonte, Brazil",Minas Gerais,MG,Sudeste
"Departamento de Ciência da Computação, Universidade Federal de minas Gerais, Belo Horizonte, Brazil",Minas Gerais,MG,Sudeste
"Departamento de Ciência da Computação, Universidade Federal de minas Gerais, Belo Horizonte, Brazil",Minas Gerais,MG,Sudeste
"Departamento de Ciência da Computação, Universidade Federal de minas Gerais, Belo Horizonte, Brazil",Minas Gerais,MG,Sudeste
"Departamento de Ciência da Computação, Universidade Federal de minas Gerais, Belo Horizonte, Brazil",Minas Gerais,MG,Sudeste
"Department of Mathematics, Federal University of Pernambuco, Recife, Brazil",Pernambuco,PE,Nordeste
"Department of Electronics and Systems, Federal University of Pernambuco, Recife, Brazil",Pernambuco,PE,Nordeste
"Institute of Computing, University of Campinas (UNICAMP), Campinas, SP, Brazil",São Paulo,SP,Sudeste
"Division of Engineering, Brown University, Providence, RI, USA",Internacional,,
"Institute of Computing, University of Campinas (UNICAMP), Campinas, SP, Brazil",São Paulo,SP,Sudeste
"Universidade Estadual de Campinas, Campinas, SP, BR",São Paulo,SP,Sudeste
"Dept. of Mathematics and Computer Science, Skidmore College, Saratoga Springs, NY, USA",Internacional,,
"Securics Inc. University of Colorado, Colorado Springs, CO, USA",Internacional,,
"Institute of Computing, University of Campinas (UNICAMP) Campinas, São Paulo, Brazil",São Paulo,SP,Sudeste
"Programme of Post-graduation in Mechatronics, Intelligent Vision Research Laboratory, UFBA, Brazil",Bahia,BA,Nordeste
"Programme of Post-graduation in Mechatronics, Intelligent Vision Research Laboratory, UFBA, Brazil",Bahia,BA,Nordeste
"Programme of Post-graduation in Mechatronics, Intelligent Vision Research Laboratory, UFBA, Brazil",Bahia,BA,Nordeste
"Department of Electrical Engineering, University of São Paulo, São Paulo, Brazil",São Paulo,SP,Sudeste
"Universidade de Sao Paulo, Sao Paulo, SÃ£o Paulo, BR",São Paulo,SP,Sudeste
"Department of Electrical Engineering, University of São Paulo, São Paulo, Brazil",São Paulo,SP,Sudeste
"Department of Electrical Engineering, University of São Paulo, São Paulo, Brazil",São Paulo,SP,Sudeste
"ãICMC, USP, Sao Carlos, Brazil",São Paulo,SP,Sudeste
"ICMC, USP, São Carlos",São Paulo,SP,Sudeste
"Universidade de Sao Paulo, Sao Paulo, SÃ£o Paulo, BR",São Paulo,SP,Sudeste
"IMPA, Rio de Janeiro",Rio de Janeiro,RJ,Sudeste
"IC, Unicamp, Campinas, Brazil",São Paulo,SP,Sudeste
"Department of Computer Science, Universidade Federal do Rio de Janeiro, Rio de Janeiro, Brazil",Rio de Janeiro,RJ,Sudeste
"COPPE Sistemas, Universidade Federal do Rio de Janeiro, Rio de Janeiro, Brazil",Rio de Janeiro,RJ,Sudeste
"COPPE Sistemas, Universidade Federal do Rio de Janeiro, Rio de Janeiro, Brazil",Rio de Janeiro,RJ,Sudeste
"COPPE Sistemas, Universidade Federal do Rio de Janeiro, Rio de Janeiro, Brazil",Rio de Janeiro,RJ,Sudeste
"LIX, Ecole Polytechnique, Palaiseau, France",Internacional,,
"Projet Geometrica, INRIA, Sophia-Antipolis, France",Internacional,,
"Georgia Institute of Technology, USA",Internacional,,
"UFRGS, Brazil",Rio Grande do Sul,RS,Sul
"UFRGS, Brazil",Rio Grande do Sul,RS,Sul
"University of Utah, USA",Internacional,,
"UFRGS, Brazil",Rio Grande do Sul,RS,Sul
"ICMC, USP, Sao Carlos, Brazil",São Paulo,SP,Sudeste
"Poly-NYU, USA",Internacional,,
"Programa de Engenharia de Sistemas e Computação, COPPE, Universidade Federal do Rio de Janeiro, Rio de Janeiro, Brazil",Rio de Janeiro,RJ,Sudeste
"Programa de Engenharia de Sistemas e Computação, COPPE, Universidade Federal do Rio de Janeiro, Rio de Janeiro, Brazil",Rio de Janeiro,RJ,Sudeste
"Programa de Engenharia de Sistemas e Computação, COPPE, Universidade Federal do Rio de Janeiro, Rio de Janeiro, Brazil",Rio de Janeiro,RJ,Sudeste
"UFRGS, Brazil",Rio Grande do Sul,RS,Sul
"UFRGS, Brazil",Rio Grande do Sul,RS,Sul
"UFFS, Brazil",Santa Catarina,SC,Sul
"NVIDIA, USA",Internacional,,
"Computer Science Department, Pontifical Catholic University of Rio de Janeiro, Tecgraf/PUC-Rio, Brazil",Rio de Janeiro,RJ,Sudeste
"Computer Science Department, Pontifical Catholic University of Rio de Janeiro, Tecgraf/PUC-Rio, Brazil",Rio de Janeiro,RJ,Sudeste
"University of Bergen, Norway",Internacional,,
"Christian Michelsen Research, Bergen, Norway",Internacional,,
"University of Bergen, Norway",Internacional,,
"Christian Michelsen Research, Bergen, Norway",Internacional,,
"University of Bergen, Norway",Internacional,,
"Universidade Federal de Pernambuco, Recife, PE, BR",Pernambuco,PE,Nordeste
"Institute of Informatics, Universidade Federal do Rio Grande do Sul, Brazil",Rio Grande do Sul,RS,Sul
"Institute of Informatics, Universidade Federal do Rio Grande do Sul, Brazil",Rio Grande do Sul,RS,Sul
"Institute of Computing-IC, University of Campinas-UNICAMP, Campinas, Sao Paulo, Brazil",São Paulo,SP,Sudeste
"Institute of Computing-IC, University of Campinas-UNICAMP, Campinas, Sao Paulo, Brazil",São Paulo,SP,Sudeste
"Institute of Computing-IC, University of Campinas-UNICAMP, Campinas, Sao Paulo, Brazil",São Paulo,SP,Sudeste
"Institute of Computing-IC, University of Campinas-UNICAMP, Campinas, Sao Paulo, Brazil",São Paulo,SP,Sudeste
"Department of Computing Engineering and Automation, UFRN, Natal, Brazil",Rio Grande do Norte,RN,Nordeste
"Department of Computing Engineering and Automation, UFRN, Natal, Brazil",Rio Grande do Norte,RN,Nordeste
"Department of Informatics and Applied Mathematics, UFRN, Natal, Brazil",Rio Grande do Norte,RN,Nordeste
"Department of Computing Engineering and Automation, UFRN, Natal, Brazil",Rio Grande do Norte,RN,Nordeste
"Computer Science Department, PUC-Rio, Rio de Janeiro, Brazil",Rio de Janeiro,RJ,Sudeste
"Tecgraf, Computer Science Department, PUC-Rio, Rio de Janeiro, Brazil",Rio de Janeiro,RJ,Sudeste
"DECOM / CEUNES, UFES, Sao Mateus, Brazil",Espírito Santo,ES,Sudeste
"Nara Institute of Science and Technology, Nara, Japan",Internacional,,
"IMPA, Rio de Janeiro, Brazil",Rio de Janeiro,RJ,Sudeste
"UFAL, Maceió, Brazil",Alagoas,AL,Nordeste
"IMPA, Rio de Janeiro, Brazil",Rio de Janeiro,RJ,Sudeste
"Federal University of Juiz de Fora, Brazil",Minas Gerais,MG,Sudeste
"COPPE, Federal University of Rio de Janeiro, Brazil",Rio de Janeiro,RJ,Sudeste
"COPPE, Federal University of Rio de Janeiro, Brazil",Rio de Janeiro,RJ,Sudeste
"COPPE, Federal University of Rio de Janeiro, Brazil",Rio de Janeiro,RJ,Sudeste
"Institute of Computing, University of Campinas, Campinas, Sao Paulo, Brazil",São Paulo,SP,Sudeste
"Institute of Computing, University of Campinas, Campinas, Sao Paulo, Brazil",São Paulo,SP,Sudeste
"Department of Computer Science, Universidade Federal de Minas Gerais, Belo Horizonte, Brazil",Minas Gerais,MG,Sudeste
"Institute of Computing, University of Campinas, Campinas, Sao Paulo, Brazil",São Paulo,SP,Sudeste
"Institute of Computing, University of Campinas, Campinas, Brazil",São Paulo,SP,Sudeste
"Centre of Research of Complex Systems, Charles Sturt University, Albury, Australia",Internacional,,
"Institute of Computing, University of Campinas, Campinas, Brazil",São Paulo,SP,Sudeste
"Institute of Computing, University of Campinas, Campinas, Brazil",São Paulo,SP,Sudeste
"Institute of Mathematics and Statistics, University of São Paulo (USP), Sao Paulo, Brazil",São Paulo,SP,Sudeste
"Institute of Mathematics and Statistics, University of São Paulo (USP), Sao Paulo, Brazil",São Paulo,SP,Sudeste
"Department of Computer and Systems Engineering, Ain Shams University, Cairo, Egypt",Internacional,,
"Department of Computer Science and Engineering, American University in Cairo, New Cairo, Egypt",Internacional,,
"Department of Computer and Systems Engineering, Ain Shams University, Cairo, Egypt",Internacional,,
"RECOD Laboratory Institute of Computing, University of Campinas, Campinas, Sao Paulo, Brazil",São Paulo,SP,Sudeste
"RECOD Laboratory Institute of Computing, University of Campinas, Campinas, Sao Paulo, Brazil",São Paulo,SP,Sudeste
"RECOD Laboratory Institute of Computing, University of Campinas, Campinas, Sao Paulo, Brazil",São Paulo,SP,Sudeste
"RECOD Laboratory Institute of Computing, University of Campinas, Campinas, Sao Paulo, Brazil",São Paulo,SP,Sudeste
"DCA, UNICAMP, Campinas, Brazil",São Paulo,SP,Sudeste
"DCA, UNICAMP, Campinas, Brazil",São Paulo,SP,Sudeste
"DCA, UNICAMP, Campinas, Brazil",São Paulo,SP,Sudeste
"Mathematics, UFAL, Brazil",Alagoas,AL,Nordeste
"Mathematics, UFAL, Brazil",Alagoas,AL,Nordeste
"Mathematics, UFAL, Brazil",Alagoas,AL,Nordeste
"Mathematics, PUC-Rio, Brazil",Rio de Janeiro,RJ,Sudeste
"Computer Science, UFMG, Brazil",Minas Gerais,MG,Sudeste
"Computer Science, UFMG, Brazil",Minas Gerais,MG,Sudeste
"Institute of Computing, University of Campinas, Campinas, Sao Paulo, Brazil",São Paulo,SP,Sudeste
"Institute of Computing, University of Campinas, Campinas, Sao Paulo, Brazil",São Paulo,SP,Sudeste
"Institute of Computing, University of Campinas, Campinas, Sao Paulo, Brazil",São Paulo,SP,Sudeste
"Instituto de Computaçãao, UFAL, Brazil",Alagoas,AL,Nordeste
"Instituto de Informática, UFRGS, Brazil",Rio Grande do Sul,RS,Sul
"Department of Computing, São Paulo State University, Bauru, Brazil",São Paulo,SP,Sudeste
"Department of Computing, São Paulo State University, Bauru, Brazil",São Paulo,SP,Sudeste
"Department of Computing, São Paulo State University, Bauru, Brazil",São Paulo,SP,Sudeste
"Department of Computing, São Paulo State University, Bauru, Brazil",São Paulo,SP,Sudeste
"Department of Computing, São Paulo State University, Bauru, Brazil",São Paulo,SP,Sudeste
"National Physical Laboratory, London, UK",Internacional,,
"DCC/ICE, Universidade Federal de Juiz de Fora, Juiz de Fora, Brazil",Minas Gerais,MG,Sudeste
"DCC/ICE, Universidade Federal de Juiz de Fora, Juiz de Fora, Brazil",Minas Gerais,MG,Sudeste
"DCC/ICE, Universidade Federal de Juiz de Fora, Juiz de Fora, Brazil",Minas Gerais,MG,Sudeste
"DCC/ICE, Universidade Federal de Juiz de Fora, Juiz de Fora, Brazil",Minas Gerais,MG,Sudeste
"Nice Sophia Antipolis University, Nice, France",Internacional,,
"ETIS, ENSEA, Cergy, France",Internacional,,
"ICMC, USP, Brazil",São Paulo,SP,Sudeste
"Wernher von Braun Center, Brazil",São Paulo,SP,Sudeste,S
"IFSC, USP, Brazil",São Paulo,SP,Sudeste
"Toshiba Semiconductor, Inc., Japan",Internacional,,
"Toshiba Semiconductor, Inc., Japan",Internacional,,
"Department of Computer Science, University of Brasília (UnB), Brasília, Brazil",Distrito Federal,DF,Centro-Oeste
"Department of Computer Science, University of Brasília (UnB), Brasília, Brazil",Distrito Federal,DF,Centro-Oeste
"Department of Computer Science, University of Brasília (UnB), Brasília, Brazil",Distrito Federal,DF,Centro-Oeste
"Universidade de Brasilia, Brasilia, DF, BR",Distrito Federal,DF,Centro-Oeste
"Department of Computing and Mathematics, Faculty of Philosophy, Sciences and Languages of Ribeirão Preto, USP, Brazil",São Paulo,SP,Sudeste
"Department of Computer Science, Institute of Mathematics and Statistics, USP, Brazil",São Paulo,SP,Sudeste
"Department of Pathology, Faculty of Medicine of Ribeirão Preto, USP, Brazil",São Paulo,SP,Sudeste
"Department of Computing and Mathematics, Faculty of Philosophy, Sciences and Languages of Ribeirão Preto, USP, Brazil",São Paulo,SP,Sudeste
"Department of Computing, São Paulo State University, Bauru, Brazil",São Paulo,SP,Sudeste
"Department of Computing, São Paulo State University, Bauru, Brazil",São Paulo,SP,Sudeste
"Department of Computing, São Paulo State University, Bauru, Brazil",São Paulo,SP,Sudeste
"Department of Computing, São Paulo State University, Bauru, Brazil",São Paulo,SP,Sudeste
"Institute of Computing, University of Campinas, Campinas, Sao Paulo, Brazil",São Paulo,SP,Sudeste
"Institute of Computing, University of Campinas, Campinas, Sao Paulo, Brazil",São Paulo,SP,Sudeste
"FACOM - Institute of Computing, Federal University of Mato Grosso do Sul - UFMS, Campo Grande, Brazil",Mato Grosso do Sul,MS,Centro-Oeste
"Inst. of Comput., Fed. Univ. of Mato Grosso do Sul, Campo Grande, Brazil",Mato Grosso do Sul,MS,Centro-Oeste
"Centro Universitário Franciscano, UNIFRA, Santa Maria, Rio Grande do Sul, Brazil",Rio Grande do Sul,RS,Sul
"Computer Science Department, University of York, York, UK",Internacional,,
"Laboratório de Computaçao Gráfica (LCG) - COPPE - UFRJ, Brazil",Rio de Janeiro,RJ,Sudeste
"Laboratório de Computaçao Gráfica (LCG) - COPPE - UFRJ, Brazil",Rio de Janeiro,RJ,Sudeste
"Laboratório de Computaçao Gráfica (LCG) - COPPE - UFRJ, Brazil",Rio de Janeiro,RJ,Sudeste
"Department of Mathematics, PUC-Rio, Rio de Janeiro, Brazil",Rio de Janeiro,RJ,Sudeste
"Department of Computer Science, UFPE, Pernambuco, Brazil",Pernambuco,PE,Nordeste
"Department of Computer Science, PUC-Rio, Rio de Janeiro, Brazil",Rio de Janeiro,RJ,Sudeste
"Department of Computer Science, UFPE, Pernambuco, Brazil",Pernambuco,PE,Nordeste
"Institute of Mathematics, UFBA, Salvador, Brazil",Bahia,BA,Nordeste
"Institute of Mathematics, UFAL, Maceio, Brazil",Alagoas,AL,Nordeste
"Departamento de computação, CRAb, UFC, Fortaleza, Brazil",Ceará,CE,Nordeste
"Departamento de computação, CRAb, UFC, Fortaleza, Brazil",Ceará,CE,Nordeste
"Departamento de computação, CRAb, UFC, Fortaleza, Brazil",Ceará,CE,Nordeste
"Zuse Institute Berlin, Berlin, Germany",Internacional,,
"Zuse Institute Berlin, Berlin, Germany",Internacional,,
"Zuse Institute Berlin, Berlin, Germany",Internacional,,
"Institute of Computer Science, Jagiellonian University, Krakow, Poland",Internacional,,
"Institute of Informatics, Federal University of Rio Grande do Sul, Porto Alegre, Brazil",Rio Grande do Sul,RS,Sul
"Institute of Informatics, Federal University of Rio Grande do Sul, Porto Alegre, Brazil",Rio Grande do Sul,RS,Sul
"Institute of Computing, Unicamp, State University of Campinas-UNICAMP, Campinas, Sao Paulo, Brazil",São Paulo,SP,Sudeste
"Institute of Computing, Unicamp, State University of Campinas-UNICAMP, Campinas, Sao Paulo, Brazil",São Paulo,SP,Sudeste
"Graduate Programme in Computer Science, Virtual Human Laboratory, Pontifícia Universidade Católica do Rio Grande do Sul, Porto Alegre, Brazil",Rio Grande do Sul,RS,Sul
"Graduate Programme in Computer Science, Virtual Human Laboratory, Pontifícia Universidade Católica do Rio Grande do Sul, Porto Alegre, Brazil",Rio Grande do Sul,RS,Sul
"Departamento de Matemática, ICIMAF, Havana, Cuba",Internacional,,
"Departamento de Matemática, ICIMAF, Havana, Cuba",Internacional,,
"Departamento de Matemática, ICIMAF, Havana, Cuba",Internacional,,
"Visgraf Laboratory, IMPA, Rio de Janeiro, Brazil",Rio de Janeiro,RJ,Sudeste
"Instituto de Matemática, UFAL, Maceio, Brazil",Alagoas,AL,Nordeste
"INRIA, Grenoble University, France",Internacional,,
"IMPA, Brazil",Rio de Janeiro,RJ,Sudeste
"INRIA, Grenoble University, France",Internacional,,
"LIRIS, CNRS, University of Lyon I, France",Internacional,,
"INRIA, Grenoble University, France",Internacional,,
"IMPA-Instituto Nacional de Matemática Pura e Aplicada, Rio de Janeiro, Brazil",Rio de Janeiro,RJ,Sudeste
"IMPA-Instituto Nacional de Matemática Pura e Aplicada, Rio de Janeiro, Brazil",Rio de Janeiro,RJ,Sudeste
"ICMC, USP, Brazil",São Paulo,SP,Sudeste
ICMC–USP,São Paulo,SP,Sudeste
"IMPA, Brazil",Rio de Janeiro,RJ,Sudeste
IMPA,Rio de Janeiro,RJ,Sudeste
"University of Calgary, Canada",Internacional,,
"PPGC-Instituto de Informática, UFRGS, Porto Alegre, Brazil",Rio Grande do Sul,RS,Sul
"PPGC-Instituto de Informática, UFRGS, Porto Alegre, Brazil",Rio Grande do Sul,RS,Sul
"PPGC-Instituto de Informática, UFRGS, Porto Alegre, Brazil",Rio Grande do Sul,RS,Sul
"Tecgraf/PUC-Rio-Computer Science Department, Pontifical Catholic University of Rio de Janeiro, Brazil",Rio de Janeiro,RJ,Sudeste
"Tecgraf/PUC-Rio-Computer Science Department, Pontifical Catholic University of Rio de Janeiro, Brazil",Rio de Janeiro,RJ,Sudeste
"Tecgraf/PUC-Rio-Computer Science Department, Pontifical Catholic University of Rio de Janeiro, Brazil",Rio de Janeiro,RJ,Sudeste
"Tecgraf/PUC-Rio-Computer Science Department, Pontifical Catholic University of Rio de Janeiro, Brazil",Rio de Janeiro,RJ,Sudeste
"Tecgraf/PUC-Rio-Computer Science Department, Pontifical Catholic University of Rio de Janeiro, Brazil",Rio de Janeiro,RJ,Sudeste
"School of Electrical and Computer Engineering, University of Campinas, Campinas, Brazil",São Paulo,SP,Sudeste
"School of Electrical and Computer Engineering, University of Campinas, Campinas, Brazil",São Paulo,SP,Sudeste
"Institute of Computing Unicamp, Campinas, Brazil",São Paulo,SP,Sudeste
"Universidade Estadual de Campinas, Campinas, SP, BR",São Paulo,SP,Sudeste
"Universidade Estadual de Campinas, Campinas, SP, BR",São Paulo,SP,Sudeste
"School of Business Administration University of Miami, Miami, USA",Internacional,,
"ICMC/SME, Universidade de Sáo Paulo, Sao Carlos, Sao Paulo, Brazil",São Paulo,SP,Sudeste
"ICMC/SME, Universidade de Sáo Paulo, Sao Carlos, Sao Paulo, Brazil",São Paulo,SP,Sudeste
"ICMC/SME, Universidade de Sáo Paulo, Sao Carlos, Sao Paulo, Brazil",São Paulo,SP,Sudeste
"ICMC/SME, Universidade de Sáo Paulo, Sao Carlos, Sao Paulo, Brazil",São Paulo,SP,Sudeste
"ICMC/SME, Universidade de Sáo Paulo, Sao Carlos, Sao Paulo, Brazil",São Paulo,SP,Sudeste
"ICMC/SME, Universidade de Sáo Paulo, Sao Carlos, Sao Paulo, Brazil",São Paulo,SP,Sudeste
"Tecgraf/PUC-Rio-Computer Science Department, Pontifical Catholic University of Rio de Janeiro, Brazil",Rio de Janeiro,RJ,Sudeste
"Tecgraf/PUC-Rio-Computer Science Department, Pontifical Catholic University of Rio de Janeiro, Brazil",Rio de Janeiro,RJ,Sudeste
"Departamento de Engineering de Teleinformática, Universidade Federal do Cearà, Fortaleza, Ceara, Brazil",Ceará,CE,Nordeste
"Departamento de Engineering de Teleinformática, Universidade Federal do Cearà, Fortaleza, Ceara, Brazil",Ceará,CE,Nordeste
"Ciência e Tecnologia, Institute Fed. de Educação, Maracana, Ceara, Brazil",Ceará,CE,Nordeste
"Math and Visualization Groups, Lawrence Berkeley National Laboratory, Berkeley, CA, USA",Internacional,,
"PUC-RS/FACIN, Brazil",Rio Grande do Sul,RS,Sul
"Institute of Informatics, UFRGS, Brazil",Rio Grande do Sul,RS,Sul
"UNIPAMPA, Alegrete, Brazil",Rio Grande do Sul,RS,Sul
"Computer Science and Engineering, University of South Florida, Tampa, FL, USA",Internacional,,
"Computer Science and Engineering, University of South Florida, Tampa, FL, USA",Internacional,,
"Instituto de Matemática e Estatística, Universidade de Sáo Paulo, Sao Paulo, Brazil",São Paulo,SP,Sudeste
"Instituto de Matemática e Estatística, Universidade de Sáo Paulo, Sao Paulo, Brazil",São Paulo,SP,Sudeste
"Institute of Computing University of Campinas (UNICAMP), Campinas, SP, Brazil",São Paulo,SP,Sudeste
"Department of Computer Science Federal Univ. of Minas Gerais (UFMG), Belo Horizonte, MG, Brazil",Minas Gerais,MG,Sudeste
"Department of Computing, Unesp University Estadual Paulista, Bauru, Sao Paulo, Brazil",São Paulo,SP,Sudeste
"Department of Computing, Unesp University Estadual Paulista, Bauru, Sao Paulo, Brazil",São Paulo,SP,Sudeste
"Department of Computing, Unesp University Estadual Paulista, Bauru, Sao Paulo, Brazil",São Paulo,SP,Sudeste
"Institute of Computing, State University of Campinas-UNICAMP, Campinas, Sao Paulo, Brazil",São Paulo,SP,Sudeste
"Institute of Computing University of Campinas, Campinas, SP, Brazil",São Paulo,SP,Sudeste
"Institute of Computing University of Campinas, Campinas, SP, Brazil",São Paulo,SP,Sudeste
"Institute of Informatics, Federal University of Rio Grande do Sul, Porto Alegre, Rio Grande do Sul, Brazil",Rio Grande do Sul,RS,Sul
"Technological Development Center, Federal University of Pelotas, Pelotas, Rio Grande do Sul, Brazil",Rio Grande do Sul,RS,Sul
"Technological Development Center, Federal University of Pelotas, Pelotas, Rio Grande do Sul, Brazil",Rio Grande do Sul,RS,Sul
"Technological Development Center, Federal University of Pelotas, Pelotas, Rio Grande do Sul, Brazil",Rio Grande do Sul,RS,Sul
"Technological Development Center, Federal University of Pelotas, Pelotas, Rio Grande do Sul, Brazil",Rio Grande do Sul,RS,Sul
"Center of Informatics, Federal University of Pernambuco (UFPE), Recife, Brazil",Pernambuco,PE,Nordeste
"University of Pernambuco (UPE), Brazil",Pernambuco,PE,Nordeste
"Center of Informatics, Federal University of Pernambuco (UFPE), Recife, Brazil",Pernambuco,PE,Nordeste
"Department of Medical Informatics, RWTH Aachen University, Aachen, Germany",Internacional,,
"Department of Medical Informatics, RWTH Aachen University, Aachen, Germany",Internacional,,
"Department of Computer Science Universidade Federal de Minas Gerais, Belo Horizonte, MG, Brazil",Minas Gerais,MG,Sudeste
"Department of Computer Science Universidade Federal de Minas Gerais, Belo Horizonte, MG, Brazil",Minas Gerais,MG,Sudeste
"Grupo de Pesquisa em Realidade Virtual e Multimídia Universidade Federal de Pernambuco, UFPE, Recife, Pernambuco, Brazil",Pernambuco,PE,Nordeste
"Institutode Informática Universidade Federal de Goiás, UFG, Goiânia, Goiás, Brazil",Goiás,GO,Centro-Oeste
"Instituto de Pesquisas e Ensaios em Voo (IPEV), São José dos Campos, SP, Brazil",São Paulo,SP,Sudeste
"Universidade Federal de Itajubá (UNIFEI), Itajubá, MG, Brazil",Minas Gerais,MG,Sudeste
"Universidade Federal de Itajubá (UNIFEI), Itajubá, MG, Brazil",Minas Gerais,MG,Sudeste
"School of Computer Cience, San Pablo Catholic University, Arequipa, Peru",Internacional,,
"ICMC/SME, Universidade de Sáo Paulo, Sao Carlos, Sao Paulo, Brazil",São Paulo,SP,Sudeste
"SCI Institute, University of Utah, Salt Lake, USA",Internacional,,
"Departamento de Computao, Universidade Federal de Sao Carlos, Sao Carlos, Sao Paulo, Brazil",São Paulo,SP,Sudeste
"Departamento de Computao, Universidade Federal de Sao Carlos, Sao Carlos, Sao Paulo, Brazil",São Paulo,SP,Sudeste
"Department of Computer Science, University of Brasília (UnB), Brasília, Brazil",Distrito Federal,DF,Centro-Oeste
"Department of Computer Science, University of Brasília (UnB), Brasília, Brazil",Distrito Federal,DF,Centro-Oeste
"Departamento de Computação, Universidade Federal de São Carlos, Sao Carlos, Sao Paulo, Brazil",São Paulo,SP,Sudeste
"Departamento de Computação, Universidade Federal de São Carlos, Sao Carlos, Sao Paulo, Brazil",São Paulo,SP,Sudeste
"Instituto de Ciências Matemáticas e de Computação, USP, Brazil",São Paulo,SP,Sudeste
"Instituto de Ciências Matemáticas e de Computação, USP, Brazil",São Paulo,SP,Sudeste
"Instituto de Ciências Matemáticas e de Computação, USP, Brazil",São Paulo,SP,Sudeste
"School of Electrical and Computer Engineering, State University of Campinas-UNICAMP, Campinas, Sao Paulo, Brazil",São Paulo,SP,Sudeste
"School of Electrical and Computer Engineering, State University of Campinas-UNICAMP, Campinas, Sao Paulo, Brazil",São Paulo,SP,Sudeste
"Department of Medicine, Rheumatology Unit, State University of Campinas-UNICAMP, Campinas, Sao Paulo, Brazil",São Paulo,SP,Sudeste
"School of Electrical and Computer Engineering, State University of Campinas-UNICAMP, Campinas, Sao Paulo, Brazil",São Paulo,SP,Sudeste
"Department of Computer Science, Institute of Mathematics and Statistics, University of Säo Paulo, Sao Paulo, Brazil",São Paulo,SP,Sudeste
"Department of Computer Science, Institute of Mathematics and Statistics, University of Säo Paulo, Sao Paulo, Brazil",São Paulo,SP,Sudeste
"Department of Computer Science, IME, University of São Paulo, Sao Paulo, Sao Paulo, Brazil",São Paulo,SP,Sudeste
"Information Systems Department, LIV-Institute of Computing, Unicamp, Campinas, Sao Paulo, Brazil",São Paulo,SP,Sudeste
"Departamento de Computação Universidade Federal de Ouro Preto, Ouro Preto, Brazil",Minas Gerais,MG,Sudeste
"Graduate Program on Electrical Engineering, Federal University of Espirito Santo, Vitoria, Brazil",Espírito Santo,ES,Sudeste
"Graduate Program on Electrical Engineering, Federal University of Espirito Santo, Vitoria, Brazil",Espírito Santo,ES,Sudeste
"Graduate Program on Electrical Engineering, Federal University of Espirito Santo, Vitoria, Brazil",Espírito Santo,ES,Sudeste
"Graduate Program on Electrical Engineering, Federal University of Espirito Santo, Vitoria, Brazil",Espírito Santo,ES,Sudeste
"Department of Computer Sciences, Institute of Mathematics and Computer Science (ICMC), University of São Paulo, Sao Carlos, Sao Paulo, Brazil",São Paulo,SP,Sudeste
"Department of Computer Sciences, Institute of Mathematics and Computer Science (ICMC), University of São Paulo, Sao Carlos, Sao Paulo, Brazil",São Paulo,SP,Sudeste
"Department of Computer Sciences, Institute of Mathematics and Computer Science (ICMC), University of São Paulo, Sao Carlos, Sao Paulo, Brazil",São Paulo,SP,Sudeste
"Institute of Mathematics and Statistics, IME, Department of Computer Science, University of Sao Paulo, Sao Paulo, Brazil",São Paulo,SP,Sudeste
"Institute of Mathematics and Statistics, IME, Department of Computer Science, University of Sao Paulo, Sao Paulo, Brazil",São Paulo,SP,Sudeste
"Departamento de Engenharia Elétrica, Centro Tecnológico, Universidade Federal do Espìrito Santo, Vitoria, Brazil",Espírito Santo,ES,Sudeste
"Departamento de Engenharia Elétrica, Centro Tecnológico, Universidade Federal do Espìrito Santo, Vitoria, Brazil",Espírito Santo,ES,Sudeste
"Departamento de Informática, Centro Tecnológico, Universidade Federal do Espìrito Santo, Vitoria, Brazil",Espírito Santo,ES,Sudeste
"Department of Computer Science, University of Espírito Santo, Vitoria, Espirito Santo, Brazil",Espírito Santo,ES,Sudeste
"Robotics Research Lab, Department of Computer Science, University of Kaiserslautern, Kaiserslautern, Germany",Internacional,,
"Department of Computer Sciences, Institute of Mathematics and Computer Science (ICMC), University of São Paulo, Sao Carlos, Sao Paulo, Brazil",São Paulo,SP,Sudeste
"Department of Computer Sciences, Institute of Mathematics and Computer Science (ICMC), University of São Paulo, Sao Carlos, Sao Paulo, Brazil",São Paulo,SP,Sudeste
"Department of Computer Sciences, Institute of Mathematics and Computer Science (ICMC), University of São Paulo, Sao Carlos, Sao Paulo, Brazil",São Paulo,SP,Sudeste
"Depart. of Exact and Tech. Sciences - Universidade Estadual de Santa Cruz (UESC), Ilhéus, BA, Brazil",Bahia,BA,Nordeste
"Depart. of Computer Science - Universidade Federal de Minas Gerais (UFMG), Belo Horizonte, MG, Brazil",Minas Gerais,MG,Sudeste
"Depart. of Computer Science - Universidade Federal de Minas Gerais (UFMG), Belo Horizonte, MG, Brazil",Minas Gerais,MG,Sudeste
"Institute of Computation - Universidade Estadual de Campinas (UNICAMP), Campinas, SP, Brazil",São Paulo,SP,Sudeste
"Depart. of Computer Science - Universidade Federal de Minas Gerais (UFMG), Belo Horizonte, MG, Brazil",Minas Gerais,MG,Sudeste
"Depart. of Computer Science - Universidade Federal de Minas Gerais (UFMG), Belo Horizonte, MG, Brazil",Minas Gerais,MG,Sudeste
"RECOD Lab - Institute of Computing - IC, University of Campinas - UNICAMP, Campinas, Brazil",São Paulo,SP,Sudeste
"RECOD Lab - Institute of Computing - IC, University of Campinas - UNICAMP, Campinas, Brazil",São Paulo,SP,Sudeste
"Instituto de Informática-INF, Universidade Federal do Rio Grande do Sul, Porto Alegre, Brazil",Rio Grande do Sul,RS,Sul
"Instituto de Informática-INF, Universidade Federal do Rio Grande do Sul, Porto Alegre, Brazil",Rio Grande do Sul,RS,Sul
"Instituto de Informática-INF, Universidade Federal do Rio Grande do Sul, Porto Alegre, Brazil",Rio Grande do Sul,RS,Sul
"Virtual Human Laboratory, Graduate Programme in Computer Science, Pontifícia Universidade Católica do Rio Grande do Sul, Porto Alegre, Brazil",Rio Grande do Sul,RS,Sul
"Virtual Human Laboratory, Graduate Programme in Computer Science, Pontifícia Universidade Católica do Rio Grande do Sul, Porto Alegre, Brazil",Rio Grande do Sul,RS,Sul
"Virtual Human Laboratory, Graduate Programme in Computer Science, Pontifícia Universidade Católica do Rio Grande do Sul, Porto Alegre, Brazil",Rio Grande do Sul,RS,Sul
"Pontifïcia Universidade Católica do Rio Grande do Sul - PUCRS, Virtual Human Laboratory, Porto Alegre, Brazil",Rio Grande do Sul,RS,Sul
"Pontifïcia Universidade Católica do Rio Grande do Sul - PUCRS, Virtual Human Laboratory, Porto Alegre, Brazil",Rio Grande do Sul,RS,Sul
"Pontifïcia Universidade Católica do Rio Grande do Sul - PUCRS, Virtual Human Laboratory, Porto Alegre, Brazil",Rio Grande do Sul,RS,Sul
"Pontifïcia Universidade Católica do Rio Grande do Sul - PUCRS, Virtual Human Laboratory, Porto Alegre, Brazil",Rio Grande do Sul,RS,Sul
"Pontifïcia Universidade Católica do Rio Grande do Sul - PUCRS, Virtual Human Laboratory, Porto Alegre, Brazil",Rio Grande do Sul,RS,Sul
"Pontifïcia Universidade Católica do Rio Grande do Sul - PUCRS, Virtual Human Laboratory, Porto Alegre, Brazil",Rio Grande do Sul,RS,Sul
"Instituto de Ciências Matemáticas e de Computação (ICMC), University of São Paulo, Sao Paulo, Brazil",São Paulo,SP,Sudeste
"Instituto de Ciências Matemáticas e de Computação (ICMC), University of São Paulo, Sao Paulo, Brazil",São Paulo,SP,Sudeste
"Instituto de Ciências Matemáticas e de Computação (ICMC), University of São Paulo, Sao Paulo, Brazil",São Paulo,SP,Sudeste
"Instituto de Ciências Matemáticas e de Computação (ICMC), University of São Paulo, Sao Paulo, Brazil",São Paulo,SP,Sudeste
"Instituto de Ciências Matemáticas e de Computação (ICMC), University of São Paulo, Sao Paulo, Brazil",São Paulo,SP,Sudeste
"Computer Engineering & Automatic Control Department, Universitat Poliltècnica de Catalunya, Barcelona, Spain",Internacional,,
"Computer Engineering & Automatic Control Department, Universitat Poliltècnica de Catalunya, Barcelona, Spain",Internacional,,
"Departamento de Informática, Universidade Federal do Paraná, Curitiba, Brazil",Paraná,PR,Sul
"Fundación Centro Diagnóstico Nuclear, Buenos Aires, Argentina",Internacional,,
"Fundación Escuela de Medicina Nuclear, Mendoza, Argentina",Internacional,,
"Grupo Fósica Estadóstica, Centro Atómico Bariloche, Bariloche, Argentina",Internacional,,
"Instituto de Ciências Matemáticas e de Computação (ICMC), Universidade de Sáo Paulo, Sao Paulo, Brazil",São Paulo,SP,Sudeste
"Departamento de Computação (DC), Universidade Federal de São Carlos, Sao Paulo, Brazil",São Paulo,SP,Sudeste
"Department of Computer Science and Engineering, Michigan State University, East Lansing, USA",Internacional,,
"Department of Computer Science and Engineering, Michigan State University, East Lansing, USA",Internacional,,
"Department of Automation, Tsinghua University, Beijing, China",Internacional,,
"Universidade do Vale do Rio dos Sinos (UNISINOS), Sao Leopoldo, Brazil",Rio Grande do Sul,RS,Sul
"Universidade do Vale do Rio dos Sinos (UNISINOS), Sao Leopoldo, Brazil",Rio Grande do Sul,RS,Sul
"PPGC, Universidade Federal do Rio Grande do Sul, Porto Alegre, Brazil",Rio Grande do Sul,RS,Sul
"Federal University of Ceara, Fortaleza-CE, Brazil",Ceará,CE,Nordeste
"Federal University of Ceara, Fortaleza-CE, Brazil",Ceará,CE,Nordeste
"Federal University of Ceara, Fortaleza-CE, Brazil",Ceará,CE,Nordeste
"ICMC-USp, São, Carlos, Sp, Brazil",São Paulo,SP,Sudeste
Instituto de Informática - UFRGS,Rio Grande do Sul,RS,Sul
Instituto de Informática - UFRGS,Rio Grande do Sul,RS,Sul
"ICMC-USp, São, Carlos, Sp, Brazil",São Paulo,SP,Sudeste
"ICMC USP, Sao Carlos, Brazil",São Paulo,SP,Sudeste
"DIMAp-UFRN, Natal, Brazil",Rio Grande do Norte,RN,Nordeste
"SCI-Utah, Salt Lake, USA",Internacional,,
"SCI-Utah, Salt Lake, USA",Internacional,,
"ICMC USP, Sao Carlos, Brazil",São Paulo,SP,Sudeste
"Departament of Mathematics, PUC-Rio, Rio de Janeiro, Brazil",Rio de Janeiro,RJ,Sudeste
"Departament of Mathematics, PUC-Rio, Rio de Janeiro, Brazil",Rio de Janeiro,RJ,Sudeste
"Departament of Mathematics, PUC-Rio, Rio de Janeiro, Brazil",Rio de Janeiro,RJ,Sudeste
"Departament of Mathematics, PUC-Rio, Rio de Janeiro, Brazil",Rio de Janeiro,RJ,Sudeste
"Department of Mathematics, PUC-Rio, Matmidia Lab, Rio de Janeiro, Brazil",Rio de Janeiro,RJ,Sudeste
"Institute of Mathematics, UFAL, Maceió, Brazil",Alagoas,AL,Nordeste
"Department of Mathematics, PUC-Rio, Matmidia Lab, Rio de Janeiro, Brazil",Rio de Janeiro,RJ,Sudeste
"Department of Mathematics, PUC-Rio, Matmidia Lab, Rio de Janeiro, Brazil",Rio de Janeiro,RJ,Sudeste
"Department of Mathematics, PUC-Rio, Matmidia Lab, Rio de Janeiro, Brazil",Rio de Janeiro,RJ,Sudeste
"Department of Mathematics, PUC-Rio, Matmidia Lab, Rio de Janeiro, Brazil",Rio de Janeiro,RJ,Sudeste
"Department of Mathematics, PUC-Rio, Matmidia Lab, Rio de Janeiro, Brazil",Rio de Janeiro,RJ,Sudeste
"Department of Mathematics, PUC-Rio, Matmidia Lab, Rio de Janeiro, Brazil",Rio de Janeiro,RJ,Sudeste
"Department of Mathematics, PUC-Rio, Matmidia Lab, Rio de Janeiro, Brazil",Rio de Janeiro,RJ,Sudeste
"Department of Mathematics, PUC-Rio, Matmidia Lab, Rio de Janeiro, Brazil",Rio de Janeiro,RJ,Sudeste
"Department of Mathematics, PUC-Rio, Matmidia Lab, Rio de Janeiro, Brazil",Rio de Janeiro,RJ,Sudeste
"Department of Mathematics, PUC-Rio, Matmidia Lab, Rio de Janeiro, Brazil",Rio de Janeiro,RJ,Sudeste
"Institute of Mathematics, UFBA, Salvador, Brazil",Bahia,BA,Nordeste
"Institute of Mathematics, UFAL, Maceió, Brazil",Alagoas,AL,Nordeste
"Institute of Mathematics, UFAL, Maceió, Brazil",Alagoas,AL,Nordeste
"IMPA – Instituto Nacional de Matemática Pura e Aplicada, Rio de Janeiro, Brazil",Rio de Janeiro,RJ,Sudeste
"Instituto de Informática, UFRGS, Brazil",Rio Grande do Sul,RS,Sul
"Instituto de Informática, UFRGS, Brazil",Rio Grande do Sul,RS,Sul
"Instituto de Informática, UFRGS, Brazil",Rio Grande do Sul,RS,Sul
"Instituto de Informática, UFRGS, Brazil",Rio Grande do Sul,RS,Sul
"NVIDIA Corporation, USA",Internacional,,
"Instituto de Informtica, UFRGS, Brazil",Rio Grande do Sul,RS,Sul
Instituto de Informtica - UFRGS,Rio Grande do Sul,RS,Sul
"LAPIX - Laboratory for Image Processing and Computer Graphics, Federal University of Santa Catarina, Florianópolis, Brazil",Santa Catarina,SC,Sul
"LAPIX - Laboratory for Image Processing and Computer Graphics, Federal University of Santa Catarina, Florianópolis, Brazil",Santa Catarina,SC,Sul
"LAPIX - Laboratory for Image Processing and Computer Graphics, Federal University of Santa Catarina, Florianópolis, Brazil",Santa Catarina,SC,Sul
"Tecgraf/PUC-Rio-Computer Science Department, Pontifical Catholic University, Rio de Janeiro, Brazil",Rio de Janeiro,RJ,Sudeste
"Tecgraf/PUC-Rio-Computer Science Department, Pontifical Catholic University, Rio de Janeiro, Brazil",Rio de Janeiro,RJ,Sudeste
"Department of Informatics, State University of Maringá-UEM, Maringá, Brazil",Paraná,PR,Sul
"Institute of Computing, State University of Campinas-UNICAMP, Sao Paulo, Brazil",São Paulo,SP,Sudeste
"Institute of Computing, State University of Campinas-UNICAMP, Sao Paulo, Brazil",São Paulo,SP,Sudeste
"Departamento de Ciência da Computação, Universidade Federal de Minas Gerais (UFMG), Belo Horizonte, MG, Brazil",Minas Gerais,MG,Sudeste
"Facultad Politécnica, Universidad Nacional de Asunción, San Lorenzo, Paraguay",Internacional,,
"Facultad Politécnica, Universidad Nacional de Asunción, San Lorenzo, Paraguay",Internacional,,
"Programa de Pós-Graduação em Informática, Pontifícia Universidade Católica do Paraná, Curitiba, Parana, Brazil",Paraná,PR,Sul
"Programa de Pós-Graduação em Informática, Pontifícia Universidade Católica do Paraná, Curitiba, Parana, Brazil",Paraná,PR,Sul
"Department of Computer Science IME-USp, University of São Paulo, São Paulo, Brazil",São Paulo,SP,Sudeste
"Department of Computer Science IME-USp, University of São Paulo, São Paulo, Brazil",São Paulo,SP,Sudeste
"Institute of Computing, State University of Campinas-UNICAMP, Campinas, Brazil",São Paulo,SP,Sudeste
"Department of Computer Science, State University of São Paulo, Bauru, Brazil",São Paulo,SP,Sudeste
"Department of Science and Technology, Federal University of Säo Carlos, Sao Jose dos Campos, Brazil",São Paulo,SP,Sudeste
"Departamento de Sistemas e Computação, Universidade Federal de Campina Grande, Campina Grande, PB, Brazil",Paraíba,PB,Nordeste
"Departamento de Sistemas e Computação, Universidade Federal de Campina Grande, Campina Grande, PB, Brazil",Paraíba,PB,Nordeste
"Department of Computer Science, Federal University of Lavras, Lavras, MG, Brasil",Minas Gerais,MG,Sudeste
"Department of Exact Science, Federal University of Lavras, Lavras, MG, Brasil",Minas Gerais,MG,Sudeste
"Department of Enginnering, Federal University of Lavras, Lavras, MG, Brasil",Minas Gerais,MG,Sudeste
"Graduate and Research Division, Jos do Rosrio Vellano University",Minas Gerais,MG,Sudeste
"Department of Enginnering, Federal University of Lavras, Lavras, MG, Brasil",Minas Gerais,MG,Sudeste
"Department of Enginnering, Federal University of Lavras, Lavras, MG, Brasil",Minas Gerais,MG,Sudeste
"Núcleo de Estudo e Pesquisa em Computação, Fund. Centro de Análise Pesq. e Inov. Tecnológica (FUCAPI), Manaus, AM, Brazil",Amazonas,AM,Norte
"Departamento de Ciência da Computação, Universidade Federal de Minas Gerais (UFMG), Belo Horizonte, MG, Brazil",Minas Gerais,MG,Sudeste
"Departamento de Ciência da Computação, Universidade Federal de Minas Gerais (UFMG), Belo Horizonte, MG, Brazil",Minas Gerais,MG,Sudeste
"Departamento de Ciência da Computação, Universidade Federal de Minas Gerais (UFMG), Belo Horizonte, MG, Brazil",Minas Gerais,MG,Sudeste
"Department of Computer Science, Federal University of Minas Gerais, Belo Horizonte, MG, Brazil",Minas Gerais,MG,Sudeste
"Federal University of Ouro Preto, Ouro Preto, MG, Brazil",Minas Gerais,MG,Sudeste
"University of Campinas, Campinas, Sp, Brazil",São Paulo,SP,Sudeste
"Department of Computer Science, Federal University of Minas Gerais, Belo Horizonte, MG, Brazil",Minas Gerais,MG,Sudeste
"Centro de Informática/UFPE, Recife, Brazil",Pernambuco,PE,Nordeste
"Instituto de Informática-UFRGS, Porto Alegre, Brazil",Rio Grande do Sul,RS,Sul
"Instituto de Informática, UFRGS, Brazil",Rio Grande do Sul,RS,Sul
"Instituto de Informática, UFRGS, Brazil",Rio Grande do Sul,RS,Sul
"Departamento de Ciências da Computação, Universidade Federal de Minas Gerais, Belo Horizonte, Brazil",Minas Gerais,MG,Sudeste
"Departamento de Ciências Exatas, Universidade Estadual de Montes Claros, Montes Claros, Brazil",Minas Gerais,MG,Sudeste
"Departamento de Ciências da Computação, Universidade Federal de Minas Gerais, Belo Horizonte, Brazil",Minas Gerais,MG,Sudeste
"Departamento de Ciências da Computação, Universidade Federal de Minas Gerais, Belo Horizonte, Brazil",Minas Gerais,MG,Sudeste
"Departamento de Ciências da Computação, Universidade Federal de Minas Gerais, Belo Horizonte, Brazil",Minas Gerais,MG,Sudeste
"Computer Graphics Laboratory-COPPE, UFRJ, Rio de Janeiro, Brazil",Rio de Janeiro,RJ,Sudeste
"Computer Graphics Laboratory-COPPE, UFRJ, Rio de Janeiro, Brazil",Rio de Janeiro,RJ,Sudeste
"Computer Graphics Laboratory-COPPE, UFRJ, Rio de Janeiro, Brazil",Rio de Janeiro,RJ,Sudeste
"National Laboratory for Scientific Computing, Rio de Janeiro, Brazil",Rio de Janeiro,RJ,Sudeste
"Departamento de Ciencia da Computação, Universidade Federal de Minas Gerais, Belo Horizonte, Brazil",Minas Gerais,MG,Sudeste
"Departamento de Ciência da Computação, Universidade Federal de Minas Gerais, Belo Horizonte, Brazil",Minas Gerais,MG,Sudeste
"IME-Universidade de São Paulo, Brazil",São Paulo,SP,Sudeste
"IME-Universidade de São Paulo, Brazil",São Paulo,SP,Sudeste
"IME-Universidade de São Paulo, Brazil",São Paulo,SP,Sudeste
"Instituto Nacional de Matemática Pura e Aplicada, Brazil",Rio de Janeiro,RJ,Sudeste
"Center of Computational Science, Federal University of Rio Grande, Rio Grande, Rio Grande do Sul, Brazil",Rio Grande do Sul,RS,Sul
"Center of Computational Science, Federal University of Rio Grande, Rio Grande, Rio Grande do Sul, Brazil",Rio Grande do Sul,RS,Sul
"Center of Computational Science, Federal University of Rio Grande, Rio Grande, Rio Grande do Sul, Brazil",Rio Grande do Sul,RS,Sul
"Center of Computational Science, Federal University of Rio Grande, Rio Grande, Rio Grande do Sul, Brazil",Rio Grande do Sul,RS,Sul
"Institute of Computing-University of Campinas, Sao Paulo, Brazil",São Paulo,SP,Sudeste
"Institute of Computing-University of Campinas, Sao Paulo, Brazil",São Paulo,SP,Sudeste
"Institute of Computing-University of Campinas, Sao Paulo, Brazil",São Paulo,SP,Sudeste
"Departamento de Informática, Universidade Estadual de Maringá, Maringa, Brazil",Paraná,PR,Sul
"Departamento de Informática, Universidade Estadual de Maringá, Maringa, Brazil",Paraná,PR,Sul
"Departamento de Informática, Universidade Estadual de Maringá, Maringa, Brazil",Paraná,PR,Sul
"Departamento de Cartografia, Faculdade de Ciência e Tecnologia-FCT, Brazil",Goiás,GO,Centro-Oeste
"Departamento de Cartografia, Faculdade de Ciência e Tecnologia-FCT, Brazil",Goiás,GO,Centro-Oeste
"Department of Computing, Federal University of Ceará, Fortaleza, Ceara, Brazil",Ceará,CE,Nordeste
"Department of Computing, Federal University of Ceará, Fortaleza, Ceara, Brazil",Ceará,CE,Nordeste
"Department of Computing, Federal University of Ceará, Fortaleza, Ceara, Brazil",Ceará,CE,Nordeste
"Department of Computing, Federal University of Ceará, Fortaleza, Ceara, Brazil",Ceará,CE,Nordeste
"Information Systems Department, Unicamp, Campinas, SP, Brazil",São Paulo,SP,Sudeste
"Information Systems Department, Unicamp, Campinas, SP, Brazil",São Paulo,SP,Sudeste
"Information Systems Department, Unicamp, Campinas, SP, Brazil",São Paulo,SP,Sudeste
"Faculty of Technology - FT, University of Campinas - UNICAMP, Limeira, Sp, Brazil",São Paulo,SP,Sudeste
"Department of Computer Science - IME, University of São Paulo - USP, São Paulo, SP, Brazil",São Paulo,SP,Sudeste
"Instituto de Física Gleb Wataghin, State University of Campinas-UNICAMP, Sao Paulo, Brazil",São Paulo,SP,Sudeste
"Instituto de Física Gleb Wataghin, State University of Campinas-UNICAMP, Sao Paulo, Brazil",São Paulo,SP,Sudeste
"Instituto de Física Gleb Wataghin, State University of Campinas-UNICAMP, Sao Paulo, Brazil",São Paulo,SP,Sudeste
"Universidade Federal do ABC, Santo André-SP, Brazil",São Paulo,SP,Sudeste
"Universidade Federal do ABC, Santo André-SP, Brazil",São Paulo,SP,Sudeste
"LAPIX - Laboratory for Image Processing and Computer Graphics, Federal University of Santa Catarina, Florianópolis, Brazil",Santa Catarina,SC,Sul
"LAPIX - Laboratory for Image Processing and Computer Graphics, Federal University of Santa Catarina, Florianópolis, Brazil",Santa Catarina,SC,Sul
"Hochschule RheinMain, Wiesbaden, Germany",Internacional,,
"LAPIX - Laboratory for Image Processing and Computer Graphics, Federal University of Santa Catarina, Florianópolis, Brazil",Santa Catarina,SC,Sul
"LAPIX - Laboratory for Image Processing and Computer Graphics, Federal University of Santa Catarina, Florianópolis, Brazil",Santa Catarina,SC,Sul
"LAPIX - Laboratory for Image Processing and Computer Graphics, Federal University of Santa Catarina, Florianópolis, Brazil",Santa Catarina,SC,Sul
"Departament of Informatics and Statistics, UFPI, Teresina, PI, Brazil",Piauí,PI,Nordeste
"Departament of Informatics and Statistics, UFPI, Teresina, PI, Brazil",Piauí,PI,Nordeste
"Exact Sciences Dept, UFMS, Corumbá, Brazil",Mato Grosso do Sul,MS,Centro-Oeste
"Biotechnology Dept, UCDB, Campo Grande, Brazil",Mato Grosso do Sul,MS,Centro-Oeste
"Engineering Dept, UCDB, Campo Grande, Brazil",Mato Grosso do Sul,MS,Centro-Oeste
"EMBRAPA Pecuária Sudeste, São Carlos, Brazil",São Paulo,SP,Sudeste
"Department of Computer Science Institute of Mathematics and Statistics, University of São Paulo, Brazil",São Paulo,SP,Sudeste
"Department of Computer Science Institute of Mathematics and Statistics, University of São Paulo, Brazil",São Paulo,SP,Sudeste
"Department of Automation and Systems Engineering (DAS), Federal University of Santa Catarina, Florianopolis, Brazil",Santa Catarina,SC,Sul
"Department of Automation and Systems Engineering (DAS), Federal University of Santa Catarina, Florianopolis, Brazil",Santa Catarina,SC,Sul
"Department of Automation and Systems Engineering (DAS), Federal University of Santa Catarina, Florianopolis, Brazil",Santa Catarina,SC,Sul
"Department of Automation and Systems Engineering (DAS), Federal University of Santa Catarina, Florianopolis, Brazil",Santa Catarina,SC,Sul
"Universidade Federal do Rio Grande do Sul, Porto Alegre, RS, Brasil",Rio Grande do Sul,RS,Sul
"Vision and Graphics Laboratory, Instituto Nacional de Mathemática Pura e Aplicada, Rio de Janeiro, Rio de Janeiro, Brazil",Rio de Janeiro,RJ,Sudeste
"Centro de Matemática Computação e Cognição, Universidade Federal do ABC, Sao Paulo, Brazil",São Paulo,SP,Sudeste
"Vision and Graphics Laboratory, Instituto Nacional de Mathemática Pura e Aplicada, Rio de Janeiro, Rio de Janeiro, Brazil",Rio de Janeiro,RJ,Sudeste
"Matmídia Laboratory Department of Mathematics, PUC-Rio, Rio de Janeiro, Brazil",Rio de Janeiro,RJ,Sudeste
"Matmídia Laboratory Department of Mathematics, PUC-Rio, Rio de Janeiro, Brazil",Rio de Janeiro,RJ,Sudeste
"Matmídia Laboratory Department of Mathematics, PUC-Rio, Rio de Janeiro, Brazil",Rio de Janeiro,RJ,Sudeste
"Matmídia Laboratory Department of Mathematics, PUC-Rio, Rio de Janeiro, Brazil",Rio de Janeiro,RJ,Sudeste
"Matmídia Laboratory Department of Mathematics, PUC-Rio, Rio de Janeiro, Brazil",Rio de Janeiro,RJ,Sudeste
"Institut de Mathématiques, INSA, Toulouse, France",Internacional,,
"Instituto de Informática, UFRGS, Brazil",Rio Grande do Sul,RS,Sul
"Instituto de Informática, UFRGS, Brazil",Rio Grande do Sul,RS,Sul
"Instituto de Informática, UFRGS, Brazil",Rio Grande do Sul,RS,Sul
"Visgraf Laboratory, IMPA-Instituto de Matematica Pura e Aplicada, Rio de Janeiro, Brazil",Rio de Janeiro,RJ,Sudeste
"Visgraf Laboratory, IMPA-Instituto de Matematica Pura e Aplicada, Rio de Janeiro, Brazil",Rio de Janeiro,RJ,Sudeste
"Centro de Informática/UFPE, Brazil",Pernambuco,PE,Nordeste
"Centro de Informática/UFPE, Brazil",Pernambuco,PE,Nordeste
"Department of Mathematics, Matmídia Laboratory, Rio de Janeiro, Brazil",Rio de Janeiro,RJ,Sudeste
"Department of Mathematics, Matmídia Laboratory, Rio de Janeiro, Brazil",Rio de Janeiro,RJ,Sudeste
"Department of Mathematics, Matmídia Laboratory, Rio de Janeiro, Brazil",Rio de Janeiro,RJ,Sudeste
"Visgraf Laboratory, IMPA-Instituto de Matematica Pura e Aplicada, Rio de Janeiro, Brazil",Rio de Janeiro,RJ,Sudeste
"Institute of Informatics, UFRGS, Porto Alegre, Brazil",Rio Grande do Sul,RS,Sul
"Department of Computer Science, University of Calgary, Calgary, Canada",Internacional,,
"IMPA-Instituto de Matematica Pura e Aplicada, Rio de Janeiro, Brazil",Rio de Janeiro,RJ,Sudeste
"Institute of Informatics, UFRGS, Porto Alegre, Brazil",Rio Grande do Sul,RS,Sul
"Instituto de Informática, Universidade Federal do Rio Grande do Sul, Porto Alegre, Brazil",Rio Grande do Sul,RS,Sul
"Instituto de Informática, Universidade Federal do Rio Grande do Sul, Porto Alegre, Brazil",Rio Grande do Sul,RS,Sul
"Department of Computer Science and UMIACS, University of Maryland, College Park, USA",Internacional,,
"Instituto de Informática, Brazil",Rio Grande do Sul,RS,Sul,S
"Instituto de Informática, Brazil",Rio Grande do Sul,RS,Sul,S
"Instituto de Informática, Brazil",Rio Grande do Sul,RS,Sul,S
"Quebec University in Montreal, Montreal, Canada",Internacional,,
"Freie Universität, Berlin, Germany",Internacional,,
"Freie Universität, Berlin, Germany",Internacional,,
"Federal University of Ceará, Fortaleza, Ceara, Brazil",Ceará,CE,Nordeste
"Federal University of Ceará, Fortaleza, Ceara, Brazil",Ceará,CE,Nordeste
"Federal University of Ceará, Fortaleza, Ceara, Brazil",Ceará,CE,Nordeste
"Matmídia Laboratory Department of Mathematics, PUC-Rio, Rio de Janeiro, Brazil",Rio de Janeiro,RJ,Sudeste
"Matmídia Laboratory Department of Mathematics, PUC-Rio, Rio de Janeiro, Brazil",Rio de Janeiro,RJ,Sudeste
"Matmídia Laboratory Department of Mathematics, PUC-Rio, Rio de Janeiro, Brazil",Rio de Janeiro,RJ,Sudeste
"Matmídia Laboratory Department of Mathematics, PUC-Rio, Rio de Janeiro, Brazil",Rio de Janeiro,RJ,Sudeste
"Matmídia Laboratory Department of Mathematics, PUC-Rio, Rio de Janeiro, Brazil",Rio de Janeiro,RJ,Sudeste
"Matmídia Laboratory Department of Mathematics, PUC-Rio, Rio de Janeiro, Brazil",Rio de Janeiro,RJ,Sudeste
"Matmídia Laboratory Department of Mathematics, PUC-Rio, Rio de Janeiro, Brazil",Rio de Janeiro,RJ,Sudeste
"Matmídia Laboratory-Department of Mathematics, PUC-Rio, Rio de Janeiro, Brazil",Rio de Janeiro,RJ,Sudeste
"Matmídia Laboratory-Department of Mathematics, PUC-Rio, Rio de Janeiro, Brazil",Rio de Janeiro,RJ,Sudeste
"Matmídia Laboratory-Department of Mathematics, PUC-Rio, Rio de Janeiro, Brazil",Rio de Janeiro,RJ,Sudeste
"Matmídia Laboratory-Department of Mathematics, PUC-Rio, Rio de Janeiro, Brazil",Rio de Janeiro,RJ,Sudeste
"Matmídia Laboratory-Department of Mathematics, PUC-Rio, Rio de Janeiro, Brazil",Rio de Janeiro,RJ,Sudeste
"Matmídia Laboratory-Department of Mathematics, PUC-Rio, Rio de Janeiro, Brazil",Rio de Janeiro,RJ,Sudeste
"Matmídia Laboratory-Department of Mathematics, PUC-Rio, Rio de Janeiro, Brazil",Rio de Janeiro,RJ,Sudeste
"Matmídia Laboratory-Department of Mathematics, PUC-Rio, Rio de Janeiro, Brazil",Rio de Janeiro,RJ,Sudeste
"Departamento de Ciência da Computação-ICE, Universidade Federal de Juiz de Fora, Juiz de Fora-MG, Brazil",Minas Gerais,MG,Sudeste
"Departamento de Ciência da Computação-ICE, Universidade Federal de Juiz de Fora, Juiz de Fora-MG, Brazil",Minas Gerais,MG,Sudeste
"Departamento de Ciência da Computação-ICE, Universidade Federal de Juiz de Fora, Juiz de Fora-MG, Brazil",Minas Gerais,MG,Sudeste
"Departamento de Ciência da Computação-ICE, Universidade Federal de Juiz de Fora, Juiz de Fora-MG, Brazil",Minas Gerais,MG,Sudeste
"Departamento de Ciência da Computação-ICE, Universidade Federal de Juiz de Fora, Juiz de Fora-MG, Brazil",Minas Gerais,MG,Sudeste
"School of Electrical and Computer Engineering, State University of Campinas-UNICAMP, Sao Paulo, Brazil",São Paulo,SP,Sudeste
"Department of Medicine, Rheumatology Unit, State University of Campinas-UNICAMP, Sao Paulo, Brazil",São Paulo,SP,Sudeste
"School of Electrical and Computer Engineering, State University of Campinas-UNICAMP, Sao Paulo, Brazil",São Paulo,SP,Sudeste
"Department of Computer Engineering and Industrial Automation - DCA, University of Campinas - UNICAMP Campinas, São Paulo, Brazil",São Paulo,SP,Sudeste
"Department of Computer Science Institute of Mathematics and Statistics, University of São Paulo, Sao Paulo, Brazil",São Paulo,SP,Sudeste
"Department of Computer Science Institute of Mathematics and Statistics, University of São Paulo, Sao Paulo, Brazil",São Paulo,SP,Sudeste
"Institute of Mathematics and Statistic, University of Sao Paulo, Sao Paulo, Brazil",São Paulo,SP,Sudeste
"Institute of Mathematics and Statistic, University of Sao Paulo, Sao Paulo, Brazil",São Paulo,SP,Sudeste
"Instituto de Física de São Carlos, Universidade de Sáo Paulo, Sao Paulo, Brazil",São Paulo,SP,Sudeste
"Instituto de Física de São Carlos, Universidade de Sáo Paulo, Sao Paulo, Brazil",São Paulo,SP,Sudeste
"Departmento de Computação, Universidade Federal de São Carlos, Sao Paulo, Brazil",São Paulo,SP,Sudeste
"Department of Computer Science and Statistics, São Paulo State University, São José do Rio Preto, SP, Brazil",São Paulo,SP,Sudeste
"Department of Computer Science and Statistics, São Paulo State University, São José do Rio Preto, SP, Brazil",São Paulo,SP,Sudeste
"São José dos Campos, Instituto Nacional de Pesquisas Espaciais - INPE, SP, Brasil",São Paulo,SP,Sudeste
"São José dos Campos, Instituto Nacional de Pesquisas Espaciais - INPE, SP, Brasil",São Paulo,SP,Sudeste
"Instituto de Estudos Avançados, Sao Paulo, Brazil",São Paulo,SP,Sudeste
"São José dos Campos, Instituto de Estudos Avançados - IEAv, SP, Brasil",São Paulo,SP,Sudeste
"Departamento de Engenharia Elétrica, USP - Universidade de São Paulo, São Carlos, SP, Brasil",São Paulo,SP,Sudeste
"Departamento de Engenharia Elétrica, USP - Universidade de São Paulo, São Carlos, SP, Brasil",São Paulo,SP,Sudeste
"Departamento de Engenharia Elétrica, USP - Universidade de São Paulo, São Carlos, SP, Brasil",São Paulo,SP,Sudeste
"Department of Automatics and Electronics, Universidad Autonoma de Occidente, Cali, Colombia",Internacional,,
"Department of Automatics and Electronics, Universidad Autonoma de Occidente, Cali, Colombia",Internacional,,
"Department of Automatics and Electronics, Universidad Autonoma de Occidente, Cali, Colombia",Internacional,,
"Computer Science Departament, UFMG, Belo Horizonte (MG), Brazil",Minas Gerais,MG,Sudeste
"Computer Science Departament, UFMG, Belo Horizonte (MG), Brazil",Minas Gerais,MG,Sudeste
"Computer Science Departament, UFMG, Belo Horizonte (MG), Brazil",Minas Gerais,MG,Sudeste
"Computer Science Department, UFOP, Ouro Preto (MG), Brazil",Minas Gerais,MG,Sudeste
"School of Engineering at São Carlos, University of São Paulo (USP), Brazil",São Paulo,SP,Sudeste
"Sch. of Eng. at Sao Carlos, Univ. of Sao Paulo (USP), Sarajevo, Brazil",São Paulo,SP,Sudeste
"Graduate Program on Electrical Engineering, Federal University of Espirito Santo, Vitoria, Brazil",Espírito Santo,ES,Sudeste
"Graduate Program on Electrical Engineering, Federal University of Espirito Santo, Vitoria, Brazil",Espírito Santo,ES,Sudeste
"Department of Electrical Engineering, FEI Company, Sao Paulo, Brazil",São Paulo,SP,Sudeste
"Department of Electrical Engineering, FEI Company, Sao Paulo, Brazil",São Paulo,SP,Sudeste
"Department of Computer Science, LNCC, Rio de Janeiro, Brazil",Rio de Janeiro,RJ,Sudeste
"Department of Electrical Engineering, USP-Universidade de São Paulo, Sao Paulo, Brazil",São Paulo,SP,Sudeste
"Center of Mathematics Computation and Cognition, UFABC, Sao Paulo, Brazil",São Paulo,SP,Sudeste
"Department of Computing, Imperial College London, London, UK",Internacional,,
"Computer Science Department, Federal University of Minas Gerais — UFMG, Belo Horizonte, MG, Brazil",Minas Gerais,MG,Sudeste
"Exact and Technological Sciences Department, State University of Santa Cruz-UESC, Ilhéus, BA, Brazil",Bahia,BA,Nordeste
"Computer Science Department, Federal University of Minas Gerais — UFMG, Belo Horizonte, MG, Brazil",Minas Gerais,MG,Sudeste
"Computer Science Department, Federal University of Minas Gerais — UFMG, Belo Horizonte, MG, Brazil",Minas Gerais,MG,Sudeste
"Computer Science Department, Federal University of Minas Gerais — UFMG, Belo Horizonte, MG, Brazil",Minas Gerais,MG,Sudeste
"Computer Science Department, Federal University of Minas Gerais — UFMG, Belo Horizonte, MG, Brazil",Minas Gerais,MG,Sudeste
"Preparatory School of Air Cadets — EPCAR, Barbacena, MG, Brazil",Minas Gerais,MG,Sudeste
"Computer Science Department, Federal University of Minas Gerais — UFMG, Belo Horizonte, MG, Brazil",Minas Gerais,MG,Sudeste
"Sáo Bernardo do Campo, Artificial Intelligence Group, Centro Universitário da FEI, Sao Paulo, Brazil",São Paulo,SP,Sudeste
"Computer Science Department, National Laboratory for Scientific Computing, Rio de Janeiro, Brazil",Rio de Janeiro,RJ,Sudeste
"School of Electrical and Computer Engineering, State University of Campinas, Sao Paulo, Brazil",São Paulo,SP,Sudeste
"School of Electrical and Computer Engineering, State University of Campinas, Sao Paulo, Brazil",São Paulo,SP,Sudeste
"Post-graduation Program in Electrical Engineering and Industrial Informatics, Federal University of Technology of Paraná (UTFPR), Curitiba, Parana, Brazil",Paraná,PR,Sul
"Post-graduation Program in Electrical Engineering and Industrial Informatics, Federal University of Technology of Paraná (UTFPR), Curitiba, Parana, Brazil",Paraná,PR,Sul
"Post-graduation Program in Electrical Engineering and Industrial Informatics, Federal University of Technology of Paraná (UTFPR), Curitiba, Parana, Brazil",Paraná,PR,Sul
"Post-graduation Program in Electrical Engineering and Industrial Informatics, Federal University of Technology of Paraná (UTFPR), Curitiba, Parana, Brazil",Paraná,PR,Sul
"Graduate Program on Electrical Engineering, Federal University of Espirito Santo, Vitoria, Brazil",Espírito Santo,ES,Sudeste
"Graduate Program on Electrical Engineering, Federal University of Espirito Santo, Vitoria, Brazil",Espírito Santo,ES,Sudeste
"Graduate Program on Electrical Engineering, Federal University of Espirito Santo, Vitoria, Brazil",Espírito Santo,ES,Sudeste
"Inst. de Comput., Univ. Fed. Fluminense - UFF, Niteroi, Brazil",Rio de Janeiro,RJ,Sudeste
"Instituto de Computação, Universidade Federal Fluminense - UFF, Niterói, Brasil",Rio de Janeiro,RJ,Sudeste
"Departamento de Ciencias de la Computacion, Universidad Rey Juan Carlos, Madrid, Spain",Internacional,,
"Institute of Computing, University of Campinas (UNICAMP), Campinas SP, Brazil",São Paulo,SP,Sudeste
"Institute of Computing, University of Campinas (UNICAMP), Campinas SP, Brazil",São Paulo,SP,Sudeste
"Institute of Computing, University of Campinas (UNICAMP), Campinas SP, Brazil",São Paulo,SP,Sudeste
"Institute of Computing, University of Campinas (UNICAMP), Campinas SP, Brazil",São Paulo,SP,Sudeste
"Institute of Computing, University of Campinas (UNICAMP), Campinas SP, Brazil",São Paulo,SP,Sudeste
"Institute of Computing, University of Campinas (UNICAMP), Campinas SP, Brazil",São Paulo,SP,Sudeste
"Institute of Computing, University of Campinas (UNICAMP), Campinas SP, Brazil",São Paulo,SP,Sudeste
"Institute of Computing, University of Campinas (UNICAMP), Campinas SP, Brazil",São Paulo,SP,Sudeste
"Computer Science Department, Federal University of Minas Gerais – UFMG, Belo Horizonte, MG, Brazil",Minas Gerais,MG,Sudeste
"Computer Science Department, Federal University of Minas Gerais – UFMG, Belo Horizonte, MG, Brazil",Minas Gerais,MG,Sudeste
"Exact and Technological Sciences Department, State University of Santa Cruz – UESC, Ilhéus, BA, Brazil",Bahia,BA,Nordeste
"Computer Science Department, Federal University of Minas Gerais – UFMG, Belo Horizonte, MG, Brazil",Minas Gerais,MG,Sudeste
"Department of Electrical and Computer Engineering, Boston University, Boston, MA, USA",Maranhão,MA,Nordeste
"Department of Electrical and Computer Engineering, Boston University, Boston, MA, USA",Maranhão,MA,Nordeste
"PPGI DI UFPB, Brazil",Paraíba,PB,Nordeste
"PPGEM DEM UFPB, Brazil",Paraíba,PB,Nordeste
"PPGEM DEM UFPB, PPGI DI UFPB, Brazil",Paraíba,PB,Nordeste
"Department of Electrical and Computer Engineering, Boston University, Boston, MA, USA",Maranhão,MA,Nordeste
"Department of Electrical and Computer Engineering, Boston University, Boston, MA, USA",Maranhão,MA,Nordeste
"Department of Electrical and Computer Engineering, Boston University, Boston, MA, USA",Maranhão,MA,Nordeste
"Fundação Centro de Análise, Pesquisa e Inovação Tecnológica(FUCAPI), Manaus, AM, Brazil",Amazonas,AM,Norte
"Universidade Federal de Minas Gerais (UFMG), Belo Horizonte, MG, Brazil",Minas Gerais,MG,Sudeste
"Computer Science Department, Federal University of Minas Gerais - UFMG - Belo Horizonte, Belo Horizonte, Brazil",Minas Gerais,MG,Sudeste
"Exact and Technological Sciences Department, State University of Santa Cruz - UESC - Ilhéus, Ilhéus, Brazil",Bahia,BA,Nordeste
"Computer Science Department, Federal University of Minas Gerais - UFMG - Belo Horizonte, Belo Horizonte, Brazil",Minas Gerais,MG,Sudeste
"Computer Science Department, Federal University of Minas Gerais - UFMG - Belo Horizonte, Belo Horizonte, Brazil",Minas Gerais,MG,Sudeste
"Computer Science Department, Federal University of Minas Gerais - UFMG - Belo Horizonte, Belo Horizonte, Brazil",Minas Gerais,MG,Sudeste
"University of Maryland, College Park, MD, USA",Internacional,,
"University of Maryland, College Park, MD, USA",Internacional,,
"Departmento de Ciência da Computação, Universidade Federal de Minas Gerais, Belo Horizonte, Brazil",Minas Gerais,MG,Sudeste
"Departmento de Ciência da Computação, Universidade Federal de Minas Gerais, Belo Horizonte, Brazil",Minas Gerais,MG,Sudeste
"Departmento de Ciência da Computação, Universidade Federal de Minas Gerais, Belo Horizonte, Brazil",Minas Gerais,MG,Sudeste
"Institute of Computing, State University of Campinas-UNICAMP, Sao Paulo, Brazil",São Paulo,SP,Sudeste
"Institute of Computing, State University of Campinas-UNICAMP, Sao Paulo, Brazil",São Paulo,SP,Sudeste
"Institute of Computing, State University of Campinas-UNICAMP, Sao Paulo, Brazil",São Paulo,SP,Sudeste
"Institute of Computing, State University of Campinas-UNICAMP, Sao Paulo, Brazil",São Paulo,SP,Sudeste
"Computer Science Department, Federal University of Minas Gerais, Belo Horizonte, Minas Gerais, Brazil",Minas Gerais,MG,Sudeste
"Exact and Technological Sciences Department, State University of Santa Cruz Rodovia Ilhéus-Itabuna, Ilheus, Bahia, Brazil",Bahia,BA,Nordeste
"Computer Science Department, Federal University of Minas Gerais, Belo Horizonte, Minas Gerais, Brazil",Minas Gerais,MG,Sudeste
"Informatics Department, Pontifical Catholic University of Minas Gerais, Contagem, Minas Gerais, Brazil",Minas Gerais,MG,Sudeste
"Computer Science Department, Federal University of Minas Gerais, Belo Horizonte, Minas Gerais, Brazil",Minas Gerais,MG,Sudeste
"Instituto de Matemática e Estatística, Departamento de Ciência da Computaç ão, Universidade de Sáo Paulo, Sao Paulo, Brazil",São Paulo,SP,Sudeste
"Instituto de Matemática e Estatística, Departamento de Ciência da Computaç ão, Universidade de Sáo Paulo, Sao Paulo, Brazil",São Paulo,SP,Sudeste
"Catholic University of Rio de Janeiro, Brazil",Rio de Janeiro,RJ,Sudeste
"Catholic University of Rio de Janeiro, Brazil",Rio de Janeiro,RJ,Sudeste
"National Institute of Space Research (INPE), Brazil",São Paulo,SP,Sudeste
"Catholic University of Rio de Janeiro, Brazil",Rio de Janeiro,RJ,Sudeste
"Leibnitz University Hannover IPI, Germany",Internacional,,
"National Institute of Space Research (INPE), Brazil",São Paulo,SP,Sudeste
"Mestrado em Modelagem Matemática e Computacional, Centro Federal de Educação Tecnológica de Minas Gerais, Belo Horizonte, Minas Gerais, Brazil",Minas Gerais,MG,Sudeste
"Mestrado em Modelagem Matemática e Computacional, Centro Federal de Educação Tecnológica de Minas Gerais, Belo Horizonte, Minas Gerais, Brazil",Minas Gerais,MG,Sudeste
"Depart. de Ciência da Computação, Universidade Federal de Minas Gerais, Brazil",Minas Gerais,MG,Sudeste
"Depart. de Engenharia Elétrica, Universidade Federal de Minas Gerais, Brazil",Minas Gerais,MG,Sudeste
"Institute of Mathematics and Statistics - University of São Paulo, Rua do Matão, São Paulo, Brazil",São Paulo,SP,Sudeste
"Institute of Mathematics and Statistics - University of São Paulo, Rua do Matão, São Paulo, Brazil",São Paulo,SP,Sudeste
"Institute of Mathematics and Statistics - University of São Paulo, Rua do Matão, São Paulo, Brazil",São Paulo,SP,Sudeste
"Universidade de Sao Paulo, Sao Paulo, SÃ£o Paulo, BR",São Paulo,SP,Sudeste
"Institute of Mathematics and Statistics, University of São Paulo, Sao Paulo, Brazil",São Paulo,SP,Sudeste
"Institute of Mathematics and Statistics, University of São Paulo, Sao Paulo, Brazil",São Paulo,SP,Sudeste
"Departamento de Computación, Facultad de Ciencias Exactas y Naturales, UBA, Buenos Aires, Argentina",Minas Gerais,MG,Sudeste
"Departamento de Computación, Facultad de Ciencias Exactas y Naturales, UBA, Buenos Aires, Argentina",Minas Gerais,MG,Sudeste
"Departamento de Computación, Facultad de Ciencias Exactas y Naturales, UBA, Buenos Aires, Argentina",Minas Gerais,MG,Sudeste
"Departamento de Computación, Facultad de Ciencias Exactas y Naturales, UBA, Buenos Aires, Argentina",Minas Gerais,MG,Sudeste
"Departamento de Computación, Facultad de Ciencias Exactas y Naturales, UBA, Buenos Aires, Argentina",Minas Gerais,MG,Sudeste
"Department of Computer Science, University of São Paulo, Brazil",São Paulo,SP,Sudeste
"Faculty of Engineering and Technologies, Catholic, University of Uruguay, Uruguay",Internacional,,
"Dept. of Comput. Sci., Univ. of Sao Paulo, Sao Paulo",São Paulo,SP,Sudeste
"Multimedia and Vision Research Group, Queen''s Mary, University of London, London, UK",Internacional,,
"Multimedia and Vision Research Group, Queen''s Mary, University of London, London, UK",Internacional,,
"Digital Signal Processing Research Laboratory, Federal University of Santa Catarina, Florianopolis, Santa Catarina, Brazil",Santa Catarina,SC,Sul
"Center of Informatics, AiLeader Technologies, Federal University of Pernambuco (UFPE), Recife, Pernambuco, Brazil",Pernambuco,PE,Nordeste
"Center of Informatics, AiLeader Technologies, Federal University of Pernambuco (UFPE), Recife, Pernambuco, Brazil",Pernambuco,PE,Nordeste
"Department of Informatics, State University of Maringá - UEM, Maringá, PR, BRAZIL",Paraná,PR,Sul
"School of Electrical and Computing Engineering, State University of Campinas-UNICAMP, Sao Paulo, Brazil",São Paulo,SP,Sudeste
"Department of Informatics, State University of Maringá - UEM, Maringá, PR, BRAZIL",Paraná,PR,Sul
"Computer Science Department, Federal University of Minas Gerais, Belo Horizonte, Minas Gerais, Brazil",Minas Gerais,MG,Sudeste
"Computer Science Department, Federal University of Minas Gerais, Belo Horizonte, Minas Gerais, Brazil",Minas Gerais,MG,Sudeste
"Computer Science Department, Federal University of Minas Gerais, Belo Horizonte, Minas Gerais, Brazil",Minas Gerais,MG,Sudeste
"Laboratoire d'Informatique de Paris 6, Université Pierre et Marie Curie, Paris, France",Internacional,,
"University Health Network, Toronto, ONT, Canada",Internacional,,
"University of Toronto, Toronto, ONT, Canada",Internacional,,
"Department of Medicine, Division of Medical Oncology, Toronto, ONT, Canada",Internacional,,
"Imaging Research, Sunnybrook Health Sciences Centre, Toronto, ONT, Canada",Internacional,,
"Imaging Res., Sunnybrook Health Sci. Centre, Toronto, ON",Internacional,,
"LIV-Institute of Computing, State University of Campinas-UNICAMP, Sao Paulo, Brazil",São Paulo,SP,Sudeste
"LIV-Institute of Computing, State University of Campinas-UNICAMP, Sao Paulo, Brazil",São Paulo,SP,Sudeste
"LIV-Institute of Computing, State University of Campinas-UNICAMP, Sao Paulo, Brazil",São Paulo,SP,Sudeste
"Facultad de Ciencias Exactas, Universidad de Buenos Aires, Argentina",Internacional,,
"Escuela de Medicina Nuclear, Mendoza, Argentina",Internacional,,
"Grupo de Física Estadística, Centro Atómico Bariloche, Argentina",Internacional,,
"Department of Health Science and Technology, University of Aalborg, Aalborg, Denmark",Internacional,,
"Department of Health Science and Technology, University of Aalborg, Aalborg, Denmark",Internacional,,
"School of Electrical and Computer Engineering, State University of Campinas, Brazil",São Paulo,SP,Sudeste
"School of Electrical and Computer Engineering, State University of Campinas, Brazil",São Paulo,SP,Sudeste
"Institute of Computing, University of Campinas - UNICAMP, Campinas, SP, Brazil",São Paulo,SP,Sudeste
"Institute of Computing, University of Campinas - UNICAMP, Campinas, SP, Brazil",São Paulo,SP,Sudeste
"Institute of Computing, University of Campinas - UNICAMP, Campinas, SP, Brazil",São Paulo,SP,Sudeste
"Inst. of Comput., Univ. of Campinas-UNICAMP, Campinas",São Paulo,SP,Sudeste
"Institute of Computing, University of Campinas - UNICAMP, Campinas, SP, Brazil",São Paulo,SP,Sudeste
"Department of Electrical Engineering, Federal University of Santa Catarina, Florianopolis, Brazil",Santa Catarina,SC,Sul
"Department of Electrical Engineering, Federal University of Santa Catarina, Florianopolis, Brazil",Santa Catarina,SC,Sul
"Department of Electrical Engineering, Federal University of Santa Catarina, Florianopolis, Brazil",Santa Catarina,SC,Sul
"Institute of Computing, Fluminense Federal University (UFF), Niteroi, Rio de Janeiro, Brazil",Rio de Janeiro,RJ,Sudeste
"Institute of Computing, State University of Campinas, Sao Paulo, Brazil",São Paulo,SP,Sudeste
"Institute of Computing, State University of Campinas, Sao Paulo, Brazil",São Paulo,SP,Sudeste
"Institute of Computing, State University of Campinas-UNICAMP, Sao Paulo, Brazil",São Paulo,SP,Sudeste
"Institute of Computing, State University of Campinas-UNICAMP, Sao Paulo, Brazil",São Paulo,SP,Sudeste
"School of Electrical and Computer Engineering, State University of Campinas-UNICAMP, Sao Paulo, Brazil",São Paulo,SP,Sudeste
"School of Electrical and Computer Engineering, State University of Campinas-UNICAMP, Sao Paulo, Brazil",São Paulo,SP,Sudeste
"Departamento de Ciência da Computação, Universidade do Estado de Santa Catarina, Brazil",Santa Catarina,SC,Sul
"Faculdade de Eng. Elétrica e de Computação, Universidade Estadual de Campinas, Brazil",São Paulo,SP,Sudeste
"Department of Computer Science, Federal University of Lavras, Lavras, Minas Gerais, Brazil",Minas Gerais,MG,Sudeste
"Department of Mathematics, PUC Rio de Janeiro, Brazil",Rio de Janeiro,RJ,Sudeste
"Department of Mathematics, PUC Rio de Janeiro, Brazil",Rio de Janeiro,RJ,Sudeste
"Laboratório Matmídia Departamento de Matemática, Pontifícia Universidade Católica do Rio de Janeiro, Brazil",Rio de Janeiro,RJ,Sudeste
"Laboratório Matmídia Departamento de Matemática, Pontifícia Universidade Católica do Rio de Janeiro, Brazil",Rio de Janeiro,RJ,Sudeste
"Laboratório Matmídia Departamento de Matemática, Pontifícia Universidade Católica do Rio de Janeiro, Brazil",Rio de Janeiro,RJ,Sudeste
"Departamento de Engenharia Elétrica, Pontifícia Universidade Católica do Rio de Janeiro, Brazil",Rio de Janeiro,RJ,Sudeste
"Laboratório Matmídia Departamento de Matemática, Pontifícia Universidade Católica do Rio de Janeiro, Brazil",Rio de Janeiro,RJ,Sudeste
"Laboratório Matmídia Departamento de Matemática, Pontifícia Universidade Católica do Rio de Janeiro, Brazil",Rio de Janeiro,RJ,Sudeste
"Laboratório Matmídia Departamento de Matemática, Pontifícia Universidade Católica do Rio de Janeiro, Brazil",Rio de Janeiro,RJ,Sudeste
"Department of Computer Science, Hong Kong University of Science and Technology, Kowloon, Hong Kong, China",Internacional,,
"Department of Computer Science, University of Maryland, College Park, MD, USA",Internacional,,
"Department of Computer Science and Institute for Advanced Computer Studies, University of Maryland, College Park, MD, USA",Internacional,,
"Computer Science Course, State University of Mato Grosso do Sul, Dourados, MS, Brazil",Mato Grosso do Sul,MS,Centro-Oeste
"School of Electrical and Computer Engineering - DCA, University of Campinas - UNICAMP, Campinas, SP, Brazil",São Paulo,SP,Sudeste
"INESC-ID, Lisbon, Portugal",Internacional,,
"University of Calgary, Canada",Internacional,,
"University of Victoria, Canada",Internacional,,
"University of Calgary, Canada",Internacional,,
"UFPE, Centro de Informática, Brazil",Pernambuco,PE,Nordeste
"UFPE, Centro de Informática, Brazil",Pernambuco,PE,Nordeste
"Deep Computing Visualization Center, Universidade Federal de Minas Gerais, Belo Horizonte, Brazil",Minas Gerais,MG,Sudeste
"Deep Computing Visualization Center, Universidade Federal de Minas Gerais, Belo Horizonte, Brazil",Minas Gerais,MG,Sudeste
"Deep Computing Visualization Center, Universidade Federal de Minas Gerais, Belo Horizonte, Brazil",Minas Gerais,MG,Sudeste
"Federal University of Rio de Janeiro-COPPE/PESC, Brazil",Rio de Janeiro,RJ,Sudeste
"Federal University of Rio de Janeiro-COPPE/PESC, Brazil",Rio de Janeiro,RJ,Sudeste
"Federal University of Rio de Janeiro-COPPE/PESC, Brazil",Rio de Janeiro,RJ,Sudeste
"Instituto de Ciências Matemáticas e de Computacão, Universidade de Sáo Paulo, Sao Paulo, Brazil",São Paulo,SP,Sudeste
"Instituto de Ciências Matemáticas e de Computacão, Universidade de Sáo Paulo, Sao Paulo, Brazil",São Paulo,SP,Sudeste
"Instituto de Ciências Matemáticas e de Computacão, Universidade de Sáo Paulo, Sao Paulo, Brazil",São Paulo,SP,Sudeste
"Instituto de Ciências Matemáticas e de Computacão, Universidade de Sáo Paulo, Sao Paulo, Brazil",São Paulo,SP,Sudeste
"Instituto de Ciências Matemáticas e de Computacão, Universidade de Sáo Paulo, Sao Paulo, Brazil",São Paulo,SP,Sudeste
"Instituto de Ciências Matemáticas e de Computacão, Universidade de Sáo Paulo, Sao Paulo, Brazil",São Paulo,SP,Sudeste
"Instituto de Ciências Matemáticas e de Computacão, Universidade de Sáo Paulo, Sao Paulo, Brazil",São Paulo,SP,Sudeste
"Universidade Federal do Rio de Janeiro, Brazil",Rio de Janeiro,RJ,Sudeste
"Universidade Federal do Rio de Janeiro, Brazil",Rio de Janeiro,RJ,Sudeste
"Universidade Federal do Rio de Janeiro, Brazil",Rio de Janeiro,RJ,Sudeste
"Universidade de Sao Paulo, Sao Paulo, SÃ£o Paulo, BR",São Paulo,SP,Sudeste
"School of Engineering of São Carlos, São Paulo University, São Carlos, SP, Brazil",São Paulo,SP,Sudeste
"IME - Universidade de São Paulo, Brazil",São Paulo,SP,Sudeste
"Instituto Nacional de Matemática Pura e Aplicada, Brazil",Rio de Janeiro,RJ,Sudeste
"Instituto Nacional de Matemática Pura e Aplicada, Brazil",Rio de Janeiro,RJ,Sudeste
IME - Universidade de São Paulo,São Paulo,SP,Sudeste
"Max-Planck-Institut f??r Informatik, Saarbr??cken, Germany",Internacional,,
"Max-Planck-Institut f??r Informatik, Saarbr??cken, Germany",Internacional,,
"Max-Planck-Institut f??r Informatik, Saarbr??cken, Germany",Internacional,,
"Max-Planck-Institut f??r Informatik, Saarbr??cken, Germany",Internacional,,
"TU Braunschweig, Computer Graphics Lab, Braunschweig, Germany",Internacional,,
"Departamento de Informática e Matemática Aplicada, UFRN, Natal, Rio Grande do Norte, Brazil",Rio Grande do Norte,RN,Nordeste
"Departamento de Informática e Matemática Aplicada, UFRN, Natal, Rio Grande do Norte, Brazil",Rio Grande do Norte,RN,Nordeste
"School of Electrical and Computer Engineering Campinas, State University of Campinas, Sao Paulo, Brazil",São Paulo,SP,Sudeste
"School of Electrical and Computer Engineering Campinas, State University of Campinas, Sao Paulo, Brazil",São Paulo,SP,Sudeste
"Instituto de Ciências Matemáticas e de Computação, Universidade de Sáo Paulo, Sao Paulo, Brazil",São Paulo,SP,Sudeste
"Instituto de Ciências Matemáticas e de Computação, Universidade de Sáo Paulo, Sao Paulo, Brazil",São Paulo,SP,Sudeste
"Instituto de Ciências Matemáticas e de Computação, Universidade de Sáo Paulo, Sao Paulo, Brazil",São Paulo,SP,Sudeste
"Grupo de Processamento de Informação Multimídia (PIGS), Universidade Federal de Santa Maria, Santa Maria, Rio Grande do Sul, Brazil",Rio Grande do Sul,RS,Sul
"Grupo de Processamento de Informação Multimídia (PIGS), Universidade Federal de Santa Maria, Santa Maria, Rio Grande do Sul, Brazil",Rio Grande do Sul,RS,Sul
"School of Electrical and Computer Engineering, State University of Campinas, Sao Paulo, Brazil",São Paulo,SP,Sudeste
"School of Electrical and Computer Engineering, State University of Campinas, Sao Paulo, Brazil",São Paulo,SP,Sudeste
"School of Electrical and Computer Engineering, State University of Campinas, Sao Paulo, Brazil",São Paulo,SP,Sudeste
"Department of Computer Science, Institute of Mathematics and Statistics, University of Sáo Paulo, Sáo Paulo, Brazil",São Paulo,SP,Sudeste
"Department of Computer Science, Institute of Mathematics and Statistics, University of Sáo Paulo, Sáo Paulo, Brazil",São Paulo,SP,Sudeste
"Department of Computer Science, Institute of Mathematics and Statistics, University of Sáo Paulo, Sáo Paulo, Brazil",São Paulo,SP,Sudeste
"School of Electrical and Computer Engineering, State University of Campinas, Sao Paulo, Brazil",São Paulo,SP,Sudeste
"School of Electrical and Computer Engineering, State University of Campinas, Sao Paulo, Brazil",São Paulo,SP,Sudeste
"Estrada Dona Castorina, Instituto Nacional de Mathemática Pura e Aplicada, Rio de Janeiro, Rio de Janeiro, Brazil",Rio de Janeiro,RJ,Sudeste
"Estrada Dona Castorina, Instituto Nacional de Mathemática Pura e Aplicada, Rio de Janeiro, Rio de Janeiro, Brazil",Rio de Janeiro,RJ,Sudeste
"Estrada Dona Castorina, Instituto Nacional de Mathemática Pura e Aplicada, Rio de Janeiro, Rio de Janeiro, Brazil",Rio de Janeiro,RJ,Sudeste
"Tecgraf ??? PUC-Rio, Rio de Janeiro ??? RJ, Brasil",Rio de Janeiro,RJ,Sudeste
"School of Software, Tsinghua University, China",Internacional,,
"INRIA ??? ALICE, Villers-l??s-Nancy, France",Internacional,,
"Institute of Computing, Campinas State University of Campinas, Campinas, Brazil",São Paulo,SP,Sudeste
"Institute of Computing, Campinas State University of Campinas, Campinas, Brazil",São Paulo,SP,Sudeste
"State University of Campinas, Brazil",São Paulo,SP,Sudeste
"Universidade de Sáo Paulo, Brazil",São Paulo,SP,Sudeste
"Universidade de Sáo Paulo, Brazil",São Paulo,SP,Sudeste
"Universidade de Sáo Paulo, Brazil",São Paulo,SP,Sudeste
"Universität Stuttgart, Germany",Internacional,,
"Universidade de Sáo Paulo, Brazil",São Paulo,SP,Sudeste
"Universität Stuttgart, Germany",Internacional,,
"Universidade de Sáo Paulo, Brazil",São Paulo,SP,Sudeste
"Escola Politécnica, Universidade de Sáo Paulo, Brazil",São Paulo,SP,Sudeste
"LPDS/EEL, Universidade Federal de Santa Catarina, Brazil",Santa Catarina,SC,Sul
"Dept. Engenharia El??trica, Universidade de Bras??lia, Bras??lia, Brazil",Distrito Federal,DF,Centro-Oeste
"Institute of Computing, State University of Campinas, Campinas, Sao Paulo, Brazil",São Paulo,SP,Sudeste
"Computer Engineering Department, San Pablo Catholic University, Vallecito, Arequipa, Peru",Internacional,,
"Institute of Computing, State University of Campinas, Campinas, Sao Paulo, Brazil",São Paulo,SP,Sudeste
"Institute of Computing, State University of Campinas, Campinas, Sao Paulo, Brazil",São Paulo,SP,Sudeste
"Pontif??cia Universidade Cat??lica de Minas Gerais (PUC Minas), Belo Horizonte ??? MG, Brazil",Minas Gerais,MG,Sudeste
"Pontif??cia Universidade Cat??lica de Minas Gerais (PUC Minas), Belo Horizonte ??? MG, Brazil",Minas Gerais,MG,Sudeste
"Pontif??cia Universidade Cat??lica de Minas Gerais (PUC Minas), Belo Horizonte ??? MG, Brazil",Minas Gerais,MG,Sudeste
"TecGraf, Computer Science Department, PUC-Rio, Brazil",Rio de Janeiro,RJ,Sudeste
"TecGraf, Computer Science Department, PUC-Rio, Brazil",Rio de Janeiro,RJ,Sudeste
"COPPE-Systems Engineering Program, Federal University of Rio de Janeiro, Brazil",Rio de Janeiro,RJ,Sudeste
"COPPE-Systems Engineering Program, Federal University of Rio de Janeiro, Brazil",Rio de Janeiro,RJ,Sudeste
"Department of Systems Engineering, State University of Rio de Janeiro, Brazil",Rio de Janeiro,RJ,Sudeste
"COPPE-Systems Engineering Program, Federal University of Rio de Janeiro, Brazil",Rio de Janeiro,RJ,Sudeste
"COPPE-Systems Engineering Program, Federal University of Rio de Janeiro, Brazil",Rio de Janeiro,RJ,Sudeste
"Integrated Systems Laboratory (LSI)-Electronic Systems Engineering Department, Polytechnic School, University of Sao Paulo, Sao Paulo, Brazil",São Paulo,SP,Sudeste
"Integrated Systems Laboratory (LSI)-Electronic Systems Engineering Department, Polytechnic School, University of Sao Paulo, Sao Paulo, Brazil",São Paulo,SP,Sudeste
"Integrated Systems Laboratory (LSI)-Electronic Systems Engineering Department, Polytechnic School, University of Sao Paulo, Sao Paulo, Brazil",São Paulo,SP,Sudeste
"Scientific Computing and Imaging Institute, University of Utah, USA",Internacional,,
"Scientific Computing and Imaging Institute, University of Utah, USA",Internacional,,
"Scientific Computing and Imaging Institute, University of Utah, USA",Internacional,,
"Scientific Computing and Imaging Institute, University of Utah, USA",Internacional,,
"Scientific Computing and Imaging Institute, University of Utah, USA",Internacional,,
"Research Group in Engineering and Computing, Dom Bosco Catholic University, Campo Grande, MS, Brazil",Mato Grosso do Sul,MS,Centro-Oeste
"Research Group in Engineering and Computing, Dom Bosco Catholic University, Campo Grande, MS, Brazil",Mato Grosso do Sul,MS,Centro-Oeste
"Research Group in Engineering and Computing, Dom Bosco Catholic University, Campo Grande, MS, Brazil",Mato Grosso do Sul,MS,Centro-Oeste
"Research Group in Engineering and Computing, Dom Bosco Catholic University, Campo Grande, MS, Brazil",Mato Grosso do Sul,MS,Centro-Oeste
"Research Group in Engineering and Computing, Dom Bosco Catholic University, Campo Grande, MS, Brazil",Mato Grosso do Sul,MS,Centro-Oeste
"R&;D Department, TecSinapse – Tecnologia da Informaç ão Ltda, São Paulo, SP, Brazil",São Paulo,SP,Sudeste
"Department of Computer Science, Institute of Mathematics and Statistics-USP, Sao Paulo, Brazil",São Paulo,SP,Sudeste
"Department of Computer Science, Institute of Mathematics and Statistics-USP, Sao Paulo, Brazil",São Paulo,SP,Sudeste
"Department TSI, GET-ENST, CNRS-UMR 5141 LTCI, Paris, France",Internacional,,
"Departamento de Sistemas e Computação, Universidade Federal de Campina Grande, Campina Grande, PB, Brazil",Paraíba,PB,Nordeste
"Departamento de Sistemas e Computação, Universidade Federal de Campina Grande, Campina Grande, PB, Brazil",Paraíba,PB,Nordeste
"Departamento de Sistemas e Computação, Universidade Federal de Campina Grande, Campina Grande, PB, Brazil",Paraíba,PB,Nordeste
"Departamento de Engenharia Elétrica, Universidade Federal de Campina Grande, Campina Grande, PB, Brazil",Paraíba,PB,Nordeste
"Departamento de Engenharia Elétrica, Universidade Federal de Campina Grande, Campina Grande, PB, Brazil",Paraíba,PB,Nordeste
"Departamento de Engenharia Elétrica, Universidade Federal de Campina Grande, Campina Grande, PB, Brazil",Paraíba,PB,Nordeste
"Departamento de Computaȱȧo, Universidade Federal do Cearȥ (UFC), Fortaleza, CE, Brasil",Ceará,CE,Nordeste
"Departamento de Computaȱȧo, Universidade Federal do Cearȥ (UFC), Fortaleza, CE, Brasil",Ceará,CE,Nordeste
"Depto de Engenharia de Teleinformȥtica, Universidade Federal do Cearȥ (UFC), Fortaleza, CE, Brasil",Ceará,CE,Nordeste
"Division of Engineering, Brown University, Providence, RI, USA",Internacional,,
"Division of Engineering, Brown University, Providence, RI, USA",Internacional,,
"Division of Engineering, Brown University, Providence, RI, USA",Internacional,,
"Departamento de Ciência da Computação, Universidade Federal de Minas Gerais, Belo Horizonte, Minas Gerais, Brazil",Minas Gerais,MG,Sudeste
"Departamento de Ciência da Computação, Universidade Federal de Minas Gerais, Belo Horizonte, Minas Gerais, Brazil",Minas Gerais,MG,Sudeste
"Departamento de Ciência da Computação, Universidade Federal de Minas Gerais, Belo Horizonte, Minas Gerais, Brazil",Minas Gerais,MG,Sudeste
"Departamento de Informática, Centro Federal de Educação Tecnológica, Manaus, Amazonas, Brazil",Amazonas,AM,Norte
"Institute of Computing, Federal Fluminense University, Niteroi, Rio de Janeiro, Brazil",Rio de Janeiro,RJ,Sudeste
"Institute of Computing, State University of Campinas, Sao Paulo, Brazil",São Paulo,SP,Sudeste
"Institute of Computing, State University of Campinas, Sao Paulo, Brazil",São Paulo,SP,Sudeste
"Instituto de Inform??tica, Universidade Federal do Rio Grande do Sul, Porto Alegre, RS, Brasil",Rio Grande do Sul,RS,Sul
"Instituto de Inform??tica, Universidade Federal do Rio Grande do Sul, Porto Alegre, RS, Brasil",Rio Grande do Sul,RS,Sul
"Computer Department-UFSCar, Federal University of São Carlos, Sao Paulo, Brazil",São Paulo,SP,Sudeste
"Computer Department-UFSCar, Federal University of São Carlos, Sao Paulo, Brazil",São Paulo,SP,Sudeste
"Computer Department-UFSCar, Federal University of São Carlos, Sao Paulo, Brazil",São Paulo,SP,Sudeste
"Embrapa Instrumentação Agropecuária, São Carlos, SP, Brazil",São Paulo,SP,Sudeste
"Engenharia Elétrica, EESC-USP, São Carlos, SP, Brazil",São Paulo,SP,Sudeste
"Embrapa Instrumentação Agropecuária, São Carlos, SP, Brazil",São Paulo,SP,Sudeste
"Departamento de Engenharia Elétrica, EESC-USP, São Carlos, SP, Brazil",São Paulo,SP,Sudeste
"Instituto de Ciências Matemáticas e de Computação, Universidade de Sao Paulo, Sao Paulo, Brazil",São Paulo,SP,Sudeste
"Instituto de Ciências Matemáticas e de Computação, Universidade de Sao Paulo, Sao Paulo, Brazil",São Paulo,SP,Sudeste
"Facultad de Ciencias Exactas y Naturales Departamento de Computación, Ciudad Universitaria, Universidad de Buenos Aires, Buenos Aires, Argentina",Internacional,,
"Facultad de Ciencias Exactas y Naturales Departamento de Computación, Ciudad Universitaria, Universidad de Buenos Aires, Buenos Aires, Argentina",Internacional,,
"Facultad de Ciencias Exactas y Naturales Departamento de Computación, Ciudad Universitaria, Universidad de Buenos Aires, Buenos Aires, Argentina",Internacional,,
"Facultad de Ciencias Exactas y Naturales Departamento de Computación, Ciudad Universitaria, Universidad de Buenos Aires, Buenos Aires, Argentina",Internacional,,
"Departamento de ComputaU00E7;ão, Universidade Federal de São Carlos, Sao Paulo, Brazil",São Paulo,SP,Sudeste
"Departamento de ComputaU00E7;ão, Universidade Federal de São Carlos, Sao Paulo, Brazil",São Paulo,SP,Sudeste
"Departamento de Engenharia Química, Universidade Federal de São Carlos, Sao Paulo, Brazil",São Paulo,SP,Sudeste
"Medical Information Technology, Carinthia University of Applied Sciences, Klagenfurt, Austria",Internacional,,
"Departamento de Computação, UNESP, Sao Paulo, Brazil",São Paulo,SP,Sudeste
"Telecommunications Engineering Department, Universidade Federal Fluminense, Niter??i, RJ, Brazil",Rio de Janeiro,RJ,Sudeste
"Radiology Division, LABS-Rede D'Or, Rio de Janeiro, RJ",Rio de Janeiro,RJ,Sudeste
"Radiology Department, UFF, Niteroi, Rio de Janeiro, Brazil",Rio de Janeiro,RJ,Sudeste
"Radiology Department, Faculdade de Medicina, UFF, Niter??i, RJ",Rio de Janeiro,RJ,Sudeste
"Telecommunications Engineering Department, Universidade Federal Fluminense, Niter??i, RJ, Brazil",Rio de Janeiro,RJ,Sudeste
"Instituto de Computação, UNICAMP, Universidade Estadual de Campinas, Sao Paulo, Brazil",São Paulo,SP,Sudeste
"Instituto de Computação, UNICAMP, Universidade Estadual de Campinas, Sao Paulo, Brazil",São Paulo,SP,Sudeste
"Instituto de Computação, UNICAMP, Universidade Estadual de Campinas, Sao Paulo, Brazil",São Paulo,SP,Sudeste
"Collaborative Medical Image Analysis Group, University of Nottingham, UK",Internacional,,
"Collaborative Medical Image Analysis Group, University of Nottingham, UK",Internacional,,
"CMIAG Group School of Computer Science, University of Nottingham, Nottingham, UK",Internacional,,
"Medical Image Processing Group Department of Radiology, University of Pennsylvania, Philadelphia, PA, USA",Pará,PA,Norte
"CMIAG Group School of Computer Science, University of Nottingham, Nottingham, UK",Internacional,,
"Universidade Federal do Rio Grande do Sul, Lab. de processamento de sinais e imagens, Brazil",Rio Grande do Sul,RS,Sul
"Universidade Federal do Rio Grande do Sul, Lab. de processamento de sinais e imagens, Brazil",Rio Grande do Sul,RS,Sul
"Department of Biomedical Engineering, Link??pings Universitet, Sweden",Internacional,,
"Communication and Rem. Sen. laboratory, Universit?? Catholique de Louvain, Belgium",Internacional,,
"Computational Imaging Lab, Pompeu Fabra University, Barcelona, Spain",Internacional,,
"Department of Physics and Mathematics, Faculty of Philosophy, Sciences and Letter of Ribeirão Preto, University of Säo Paulo, Brazil",São Paulo,SP,Sudeste
"Department of Physics and Mathematics, Faculty of Philosophy, Sciences and Letter of Ribeirão Preto, University of Säo Paulo, Brazil",São Paulo,SP,Sudeste
"Department of Physics and Mathematics, Faculty of Philosophy, Sciences and Letter of Ribeirão Preto, University of Säo Paulo, Brazil",São Paulo,SP,Sudeste
"Department of Physics and Mathematics, Faculty of Philosophy, Sciences and Letter of Ribeirão Preto, University of Säo Paulo, Brazil",São Paulo,SP,Sudeste
"University of California, Santa Barbara, USA",Internacional,,
"University of California, Santa Barbara, USA",Internacional,,
"Mitsubishi Electric Research Laboratories, Inc., USA",Internacional,,
"Departamento de Informatica, Ciencia da Computacao-IME-UERJ, Brazil",Rio de Janeiro,RJ,Sudeste
"IMPA-Instituto Nacional de Matemática Pura e Aplicada, Brazil",Rio de Janeiro,RJ,Sudeste
"IMPA-Instituto Nacional de Matemática Pura e Aplicada, Brazil",Rio de Janeiro,RJ,Sudeste
"IMPA-Instituto Nacional de Matemática Pura e Aplicada, Brazil",Rio de Janeiro,RJ,Sudeste
"Department of Mathematics, PUC-Rio, Brazil",Rio de Janeiro,RJ,Sudeste
"Department of Mathematics, PUC-Rio, Brazil",Rio de Janeiro,RJ,Sudeste
"Université Claude Bernard, Lyon, France",Internacional,,
"University of São Paulo, Brazil",São Paulo,SP,Sudeste
"University of Stuttgart, Germany",Internacional,,
"University of São Paulo, Brazil",São Paulo,SP,Sudeste
"University of São Paulo, Brazil",São Paulo,SP,Sudeste
"University of São Paulo, Brazil",São Paulo,SP,Sudeste
"University of Stuttgart, Germany",Internacional,,
"LIV, Institute of Computing, Campinas, SP, Brazil",São Paulo,SP,Sudeste
"LIV, Institute of Computing, Campinas, SP, Brazil",São Paulo,SP,Sudeste
"DECOM, UNICAMP, Campinas, SP, Brazil",São Paulo,SP,Sudeste
"LIV, Institute of Computing, Campinas, SP, Brazil",São Paulo,SP,Sudeste
"Visgraf/IMPA, Rio de Janeiro, Brazil",Rio de Janeiro,RJ,Sudeste
"DCC-ICE-UFJF, Cidade Universitária, Juiz de Fora, Minas Gerais, Brazil",Minas Gerais,MG,Sudeste
"IME-UERJ, Rio de Janeiro, Brazil",Rio de Janeiro,RJ,Sudeste
"Visgraf/IMPA, Brazil",Rio de Janeiro,RJ,Sudeste
"Visgraf/IMPA, Brazil",Rio de Janeiro,RJ,Sudeste
"School of Electrical and Computer Engineering, State University of Campinas, Sao Paulo, Brazil",São Paulo,SP,Sudeste
"School of Electrical and Computer Engineering, State University of Campinas, Sao Paulo, Brazil",São Paulo,SP,Sudeste
"Instituto de Ciencias Matematicas e de Computacao - USP, Sao Carlos, SP, Brazil",São Paulo,SP,Sudeste
"Instituto de Ciencias Matematicas e de Computacao - USP, Sao Carlos, SP, Brazil",São Paulo,SP,Sudeste
"Universidade de Sao Paulo, Sao Paulo, SÃ£o Paulo, BR",São Paulo,SP,Sudeste
"Instituto de Ciencias Matematicas e de Computacao - USP, Sao Carlos, SP, Brazil",São Paulo,SP,Sudeste
"Instituto de Ciencias Matematicas e de Computacao - USP, Sao Carlos, SP, Brazil",São Paulo,SP,Sudeste
"Pontifícia Universidade Católica do Rio de Janeiro, France",Rio de Janeiro,RJ,Sudeste
"ARTIS/GRAVIR/IMAG-INRIA, France",Internacional,,
"IMPA-Instituto de Matemática Pura e Aplicada, Brazil",Rio de Janeiro,RJ,Sudeste
"ARTIS/GRAVIR/IMAG-INRIA, Brazil",,,,
"PUC-Rio-Department of Mathematics, Matmídia Laboratory, Rio de Janeiro, Brazil",Rio de Janeiro,RJ,Sudeste
"PUC-Rio-Department of Mathematics, Matmídia Laboratory, Rio de Janeiro, Brazil",Rio de Janeiro,RJ,Sudeste
"PUC-Rio-Department of Mathematics, Matmídia Laboratory, Rio de Janeiro, Brazil",Rio de Janeiro,RJ,Sudeste
"PUC-Rio-Department of Mathematics, Matmídia Laboratory, Rio de Janeiro, Brazil",Rio de Janeiro,RJ,Sudeste
"Informatica, Universidade de Fortaleza (UNIFOR), Fortaleza, Brazil",Ceará,CE,Nordeste
"Mestrado em Informática Aplicada, Universidade de Fortaleza (UNIFOR), Fortaleza, Brazil",Ceará,CE,Nordeste
"Mestrado em Informática Aplicada, Universidade de Fortaleza (UNIFOR), Fortaleza, Brazil",Ceará,CE,Nordeste
"Departamento de Computação, Universidade Federal do Cearà, Fortaleza, Ceara, Brazil",Ceará,CE,Nordeste
"Departamento de Computação, Universidade Federal do Cearà, Fortaleza, Ceara, Brazil",Ceará,CE,Nordeste
"Departamento de Computação, Universidade Federal do Cearà, Fortaleza, Ceara, Brazil",Ceará,CE,Nordeste
"Pontifical Catholic University of Minas Gerais, Belo Horizonte, Minas Gerais, Brazil",Minas Gerais,MG,Sudeste
"Department of Electrical Engineering, Centro Universitario da FEI, Sao Paulo, Brazil",São Paulo,SP,Sudeste
"Department of Electrical Engineering, Centro Universitario da FEI, Sao Paulo, Brazil",São Paulo,SP,Sudeste
"Department of Electrical Engineering, Centro Universitario da FEI, Sao Paulo, Brazil",São Paulo,SP,Sudeste
"Departments of Psychiatry and Radiology, Faculty of Medicine, University of São Paulo, Brazil",São Paulo,SP,Sudeste
"Departments of Psychiatry and Radiology, Faculty of Medicine, University of São Paulo, Brazil",São Paulo,SP,Sudeste
"Department of Computing, Imperial College London, London, UK",Internacional,,
"Department of Computing, Imperial College London, London, UK",Internacional,,
"National Laboratory for Scientific Computing, Petrópolis, Rio de Janeiro, Brazil",Rio de Janeiro,RJ,Sudeste
"National Laboratory for Scientific Computing, Petrópolis, Rio de Janeiro, Brazil",Rio de Janeiro,RJ,Sudeste
"Department of C.S. and Information Engineering, National Chung Engineering University, Chiayi, Taiwan",Internacional,,
"Dept of C.S. and Information Engineering, National Chung Cheng University, Chiayi, Taiwan",Internacional,,
"Biomedical Technologies Inc. CO, USA Biomedical Research Institute, ID, USA",Internacional,,
"Biomedical Technologies Inc. CO, USA Biomedical Research Institute, ID, USA",Internacional,,
"National Lab. for Sci. Comput., Rio de Janeiro",Rio de Janeiro,RJ,Sudeste
"National Lab. for Sci. Comput., Rio de Janeiro",Rio de Janeiro,RJ,Sudeste
"Alves Faria, Goiania, Brazil",Goiás,GO,Centro-Oeste
"Federal University of Uberlândia UFU, Uberlandia, Minas Gerais, Brazil",Minas Gerais,MG,Sudeste
"Federal University of Uberlândia UFU, Uberlandia, Minas Gerais, Brazil",Minas Gerais,MG,Sudeste
"Federal University of Goiás, Catalao, Brazil",Goiás,GO,Centro-Oeste
"Harvard University, USA",Internacional,,
"IMPA, Brazil",Rio de Janeiro,RJ,Sudeste
"IMPA, Brazil",Rio de Janeiro,RJ,Sudeste
"Universidade Federal do Rio de Janeiro, Brazil",Rio de Janeiro,RJ,Sudeste
"Universidade Federal do Rio de Janeiro, Brazil",Rio de Janeiro,RJ,Sudeste
"Universidade Federal do Rio de Janeiro, Brazil",Rio de Janeiro,RJ,Sudeste
"Universidade Federal do Rio de Janeiro, Brazil",Rio de Janeiro,RJ,Sudeste
"ARTIS-GRAVIR, IMAG-INRIA, France",Internacional,,
"ARTIS-GRAVIR, IMAG-INRIA, France",Internacional,,
"Institute for Neuro-and Bioinformatics, University of Lübeck, Lubeck, Germany",Internacional,,
"Institute for Neuro-and Bioinformatics, University of Lübeck, Lubeck, Germany",Internacional,,
"Departamento de Matematica, Universidade Federal do Amazonas, Manaus, Brazil",Amazonas,AM,Norte
"Departamento de Ciência da Computação, USP, Sao Paulo, Brazil",São Paulo,SP,Sudeste
"Departamento de Ciência da Computação, USP, Sao Paulo, Brazil",São Paulo,SP,Sudeste
"Department of Engineering Science, University of Oxford, Oxford, UK",Internacional,,
"Department of Computer Science, University of Bristol, Bristol, UK",Internacional,,
"Department of Engineering Science, University of Oxford, Oxford, UK",Internacional,,
"UNICAMP, Universidade Estadual de Campinas, Sao Paulo, Brazil",São Paulo,SP,Sudeste
"UNICAMP, Universidade Estadual de Campinas, Sao Paulo, Brazil",São Paulo,SP,Sudeste
"Universidade Estadual de Campinas, Instituto de Computacao, Campinas, SP, Brazil",São Paulo,SP,Sudeste
"Universidade Estadual de Campinas, Instituto de Computacao, Campinas, SP, Brazil",São Paulo,SP,Sudeste
"Universidade Estadual de Campinas, Instituto de Computacao, Campinas, SP, Brazil",São Paulo,SP,Sudeste
"Department of Mathematics, PUC-Rio, Brazil",Rio de Janeiro,RJ,Sudeste
"Department of Mathematics, PUC-Rio, Brazil",Rio de Janeiro,RJ,Sudeste
"Department of Mathematics, PUC-Rio, Brazil",Rio de Janeiro,RJ,Sudeste
"IMPA, Rio de Janeiro, Brazil",Rio de Janeiro,RJ,Sudeste
"LIV — IC — UNICAMP, Campinas, SP, Brazil",São Paulo,SP,Sudeste
"LIV — IC — UNICAMP, Campinas, SP, Brazil",São Paulo,SP,Sudeste
"LIV — IC — UNICAMP, Campinas, SP, Brazil",São Paulo,SP,Sudeste
"LIV — IC — UNICAMP, Campinas, SP, Brazil",São Paulo,SP,Sudeste
"VISGRAF Project — IMPA, Rio de Janeiro, RJ, Brazil",Rio de Janeiro,RJ,Sudeste
"UNICAMP, Campinas",São Paulo,SP,Sudeste
"UNICAMP, Campinas",São Paulo,SP,Sudeste
"UNICAMP, Campinas",São Paulo,SP,Sudeste
"UNICAMP, Campinas",São Paulo,SP,Sudeste
"Department of Computer Science, University of California, Irvine, USA",Internacional,,
"Department of Computer Science, University of California, Irvine, USA",Internacional,,
"Department of Computer Science, University of California, Irvine, USA",Internacional,,
"Departamento de Matemática-Matmídia Project, PUC-Rio, Rio de Janeiro, Brazil",Rio de Janeiro,RJ,Sudeste
"Departamento de Matemática-Matmídia Project, PUC-Rio, Rio de Janeiro, Brazil",Rio de Janeiro,RJ,Sudeste
"Departamento de Matemática-Matmídia Project, PUC-Rio, Rio de Janeiro, Brazil",Rio de Janeiro,RJ,Sudeste
"Departamento de Matemática-Matmídia Project, PUC-Rio, Rio de Janeiro, Brazil",Rio de Janeiro,RJ,Sudeste
"Departamento de Matemática-Matmídia Project, PUC-Rio, Rio de Janeiro, Brazil",Rio de Janeiro,RJ,Sudeste
"IMPA-Instituto Nacional de Matemática Pura e Aplicada, Brazil",Rio de Janeiro,RJ,Sudeste
"IMPA-Instituto Nacional de Matemática Pura e Aplicada, Brazil",Rio de Janeiro,RJ,Sudeste
"IMPA-Instituto Nacional de Matemática Pura e Aplicada, Brazil",Rio de Janeiro,RJ,Sudeste
"Department of Electrical Engineering, Centro Universitário da FEI, Sao Paulo, Brazil",São Paulo,SP,Sudeste
"Department of Electrical Engineering, Centro Universitário da FEI, Sao Paulo, Brazil",São Paulo,SP,Sudeste
"Department of Computing, Imperial College London, London, UK",Internacional,,
"Instituto de Computação, Universidade Federal de Alagoas, Maceio, Brazil",Alagoas,AL,Nordeste
"Departamento de Matemática, UNRC, Argentina",Internacional,,
"FaMAF-UNC, Cordoba, Argentina",Internacional,,
"Sch. of Electr. & Comput. Eng., Campinas Univ.",São Paulo,SP,Sudeste
"School of Electrical and Computer Engineering, University of Campinas (UNICAMP), Campinas, SP, Brazil",São Paulo,SP,Sudeste
"Departamento de Matemática-Matmídia Project, PUC-Rio, Rio de Janeiro, Brazil",Rio de Janeiro,RJ,Sudeste
"Departamento de Matemática-Matmídia Project, PUC-Rio, Rio de Janeiro, Brazil",Rio de Janeiro,RJ,Sudeste
"Departamento de Matemática-Matmídia Project, PUC-Rio, Rio de Janeiro, Brazil",Rio de Janeiro,RJ,Sudeste
"Departamento de Matemática-Matmídia Project, PUC-Rio, Rio de Janeiro, Brazil",Rio de Janeiro,RJ,Sudeste
"Departamento de Matemática-Matmídia Project, PUC-Rio, Rio de Janeiro, Brazil",Rio de Janeiro,RJ,Sudeste
"Instituto de Informatica, Universidade Federal do Rio Grande do Sul",Rio Grande do Sul,RS,Sul
"Instituto de Informática, Universidade Federal do Rio Grande do Sul, Brazil",Rio Grande do Sul,RS,Sul
"Hochschule Bremen, University of Applied Sciences Fachbereich Elektrotechnik und Informatik, Bremen, Germany",Internacional,,
"Hochschule Bremen, University of Applied Sciences Fachbereich Elektrotechnik und Informatik, Bremen, Germany",Internacional,,
"Hochschule Bremen, University of Applied Sciences Fachbereich Elektrotechnik und Informatik, Bremen, Germany",Internacional,,
"PUC-Rio-Departamento de Matemática, Laboratório Matmídia, Rio de Janeiro, Brazil",Rio de Janeiro,RJ,Sudeste
"PUC-Rio-Departamento de Matemática, Laboratório Matmídia, Rio de Janeiro, Brazil",Rio de Janeiro,RJ,Sudeste
"PUC-Rio-Departamento de Matemática, Laboratório Matmídia, Rio de Janeiro, Brazil",Rio de Janeiro,RJ,Sudeste
"PUC-Rio-Departamento de Matemática, Laboratório Matmídia, Rio de Janeiro, Brazil",Rio de Janeiro,RJ,Sudeste
"PUC-Rio-Departamento de Matemática, Laboratório Matmídia, Rio de Janeiro, Brazil",Rio de Janeiro,RJ,Sudeste
"PUC-Rio-Departamento de Matemática, Laboratório Matmídia, Rio de Janeiro, Brazil",Rio de Janeiro,RJ,Sudeste
"Laboratoire A2SI, Groupe ESIEE BP99, Institut Gaspard Monge, France",Internacional,,
"Laboratoire A2SI, Groupe ESIEE BP99, Institut Gaspard Monge, France",Internacional,,
"School of Electrical and Computer Engineering, DCA-FEEC-UNICAMP, State University of Campinas, Sao Paulo, Brazil",São Paulo,SP,Sudeste
"Laboratoire A2SI, Groupe ESIEE BP99, Institut Gaspard Monge, France",Internacional,,
"Instituto de Matemática e Estatística, University of São Paulo, Sao Paulo, Brazil",São Paulo,SP,Sudeste
"Instituto de Matemática e Estatística, University of São Paulo, Sao Paulo, Brazil",São Paulo,SP,Sudeste
"Instituto de Computação, UNICAMP, Universidade Estadual de Campinas, Sao Paulo, Brazil",São Paulo,SP,Sudeste
"Instituto de Computação, UNICAMP, Universidade Estadual de Campinas, Sao Paulo, Brazil",São Paulo,SP,Sudeste
"Institute of Mathematics and Statistics, Department of Computer Science, USP, Sao Paulo, Brazil",São Paulo,SP,Sudeste
"Institute of Mathematics and Statistics, Department of Computer Science, USP, Sao Paulo, Brazil",São Paulo,SP,Sudeste
"Instituto de Física de São Carlos, Department of Physics and Informatics, USP, Sao Paulo, Brazil",São Paulo,SP,Sudeste
"Institute for Signal Processing, Germany",Internacional,,
"Institute for Neuro-and Bioinformatics, University of Luebeck, Germany",Internacional,,
"Departamento de Matematica, Universidade Federal do Amazonas, Manaus, Brazil",Amazonas,AM,Norte
"PIPCA-Graduate School on Applied Computing, Universidade do Vale do Rio dos Sinos (UNISINOS), Sao Leopoldo, Rio Grande do Sul, Brazil",Rio Grande do Sul,RS,Sul
"PIPCA-Graduate School on Applied Computing, Universidade do Vale do Rio dos Sinos (UNISINOS), Sao Leopoldo, Rio Grande do Sul, Brazil",Rio Grande do Sul,RS,Sul
"PIPCA-Graduate School on Applied Computing, Universidade do Vale do Rio dos Sinos (UNISINOS), Sao Leopoldo, Rio Grande do Sul, Brazil",Rio Grande do Sul,RS,Sul
"PIPCA-Graduate School on Applied Computing, Universidade do Vale do Rio dos Sinos (UNISINOS), Sao Leopoldo, Rio Grande do Sul, Brazil",Rio Grande do Sul,RS,Sul
"School of Engineering, São Carlos, University of São Paulo, Sao Paulo, Brazil",São Paulo,SP,Sudeste
"School of Engineering, São Carlos, University of São Paulo, Sao Paulo, Brazil",São Paulo,SP,Sudeste
"Federal University of Minas Gerais Computer Science Department Av. Antônio Carlos, MG, Brazil",Minas Gerais,MG,Sudeste
"Equipe Traitment des Images et du Signal-ENSEA, Cergy-Pontoise, France",Internacional,,
"Equipe Traitment des Images et du Signal-ENSEA, France",Internacional,,
"Equipe Traitment des Images et du Signal-ENSEA, Cergy-Pontoise, France",Internacional,,
"Equipe Traitment des Images et du Signal-ENSEA, France",Internacional,,
"Equipe Traitment des Images et du Signal-ENSEA, Cergy-Pontoise, France",Internacional,,
"Equipe Traitment des Images et du Signal-ENSEA, France",Internacional,,
"Equipe Traitment des Images et du Signal-ENSEA, Cergy-Pontoise, France",Internacional,,
Federal University of Minas Gerais,Minas Gerais,MG,Sudeste
"Departamento de Tecnologia da Informaç ão, Universidade Federal de Alagoas, Maceio, Brazil",Alagoas,AL,Nordeste
"Department of Physiology and Biomedical Engineering, Mayo Clinic College of Medicine, Rochester, MN, USA",Internacional,,
"Inverse Problems Group, IMECC, Universidade Estadual de Campinas",São Paulo,SP,Sudeste
"Inverse Problems Group, IMECC, Universidade Estadual de Campinas",São Paulo,SP,Sudeste
"Instituto de Informática, Universidade Federal do Rio Grande do Sul, Porto Alegre, Rio Grande do Sul, Brazil",Rio Grande do Sul,RS,Sul
"Instituto de Informática, Universidade Federal do Rio Grande do Sul, Porto Alegre, Rio Grande do Sul, Brazil",Rio Grande do Sul,RS,Sul
"Pontifical Catholic University of Minas Gerais, Belo Horizonte, Minas Gerais, Brazil",Minas Gerais,MG,Sudeste
"Departamento de Ciência da Computaçao, IME USP, Sao Paulo, Brazil",São Paulo,SP,Sudeste
"Departamento de Ciência da Computaçao, IME USP, Sao Paulo, Brazil",São Paulo,SP,Sudeste
"Departamento de Ciência da Computaçao, IME USP, Sao Paulo, Brazil",São Paulo,SP,Sudeste
"Departamento de Matemática, Matmídia Project, PUC-Rio, Rio de Janeiro, Brazil",Rio de Janeiro,RJ,Sudeste
"Géométrica Project, INRIA, France",Internacional,,
"Departamento de Matemática, Matmídia Project, PUC-Rio, Rio de Janeiro, Brazil",Rio de Janeiro,RJ,Sudeste
"Departamento de Matemática, Matmídia Project, PUC-Rio, Rio de Janeiro, Brazil",Rio de Janeiro,RJ,Sudeste
"Fundação Getulio Vargas, Rio de Janeiro, Brazil",Rio de Janeiro,RJ,Sudeste
"Department of Computer Engineering and Industrial Automation, School of Electrical and Computer Engineering (UNICAMP), Sao Paulo, Brazil",São Paulo,SP,Sudeste
"Department of Computer Engineering and Industrial Automation, School of Electrical and Computer Engineering (UNICAMP), Sao Paulo, Brazil",São Paulo,SP,Sudeste
"Department of Computer Science, Institute of Mathematics and Statistics, University of São Paulo, Sao Paulo, Brazil",São Paulo,SP,Sudeste
"IME-Instituto de Matemática e Estatística Rua do Matão, Universidade de São Paulo, Sao Paulo, Brazil",São Paulo,SP,Sudeste
"IME-Instituto de Matemática e Estatística Rua do Matão, Universidade de São Paulo, Sao Paulo, Brazil",São Paulo,SP,Sudeste
"IME-Instituto de Matemática e Estatística Rua do Matão, Universidade de São Paulo, Sao Paulo, Brazil",São Paulo,SP,Sudeste
"Institute of Mathametics Stat and Science Comp, State University of Campinas, Sao Paulo, Brazil",São Paulo,SP,Sudeste
"Institute of Mathametics Stat and Science Comp, State University of Campinas, Sao Paulo, Brazil",São Paulo,SP,Sudeste
"Department of Electrical Engineering, Centro Universitario da FEI, Sao Paulo, Brazil",São Paulo,SP,Sudeste
"Department of Computing, Imperial College London, London, UK",Internacional,,
"Institute of Computing, State University of Campinas, Sao Paulo, Brazil",São Paulo,SP,Sudeste
"Institute of Computing, State University of Campinas, Sao Paulo, Brazil",São Paulo,SP,Sudeste
"Institute of Computing, State University of Campinas, Sao Paulo, Brazil",São Paulo,SP,Sudeste
"Institute of Computing, State University of Campinas, Sao Paulo, Brazil",São Paulo,SP,Sudeste
"Departamento de Computação, Universidade Federal de São Carlos, Sao Paulo, Brazil",São Paulo,SP,Sudeste
"Departamento de Computação, Universidade Federal de São Carlos, Sao Paulo, Brazil",São Paulo,SP,Sudeste
"Departamento de Computação, Universidade Federal de São Carlos, Sao Paulo, Brazil",São Paulo,SP,Sudeste
"Departamento de Computação, Faculdade de Ciéncias, UNESP, Sao Paulo, Brazil",São Paulo,SP,Sudeste
"College of Engineering, Michigan State University, East Lansing, MI, USA",Internacional,,
"Department of Computer Science, Centro Politécnico-Jardim das Américas, Federal University of Paraná (UFPR), Curitiba, Brazil",Paraná,PR,Sul
"Department of Computer Science, Centro Politécnico-Jardim das Américas, Federal University of Paraná (UFPR), Curitiba, Brazil",Paraná,PR,Sul
"PIPCA-Programa Interdisciplinar de Pós-Graduac-ão em Computação Aplicada, UNISINOS-Universidade do Vale do Rio dos Sinos, Sao Leopoldo, Rio Grande do Sul, Brazil",Rio Grande do Sul,RS,Sul
"PIPCA-Programa Interdisciplinar de Pós-Graduac-ão em Computação Aplicada, UNISINOS-Universidade do Vale do Rio dos Sinos, Sao Leopoldo, Rio Grande do Sul, Brazil",Rio Grande do Sul,RS,Sul
"Institute of Computing, State University of Campinas, Sao Paulo, Brazil",São Paulo,SP,Sudeste
"Institute of Computing, State University of Campinas, Sao Paulo, Brazil",São Paulo,SP,Sudeste
"Institute of Computing, State University of Campinas, Sao Paulo, Brazil",São Paulo,SP,Sudeste
"Department of Electrical and Computer Engineering, University of Calgary, Calgary, AB, Canada",Internacional,,
"Department of Electrical and Computer Engineering, University of Calgary, Calgary, AB, Canada",Internacional,,
"UFRGS Universidade Federal do Rio Grande do Sul, Porto Alegre, Rio Grande do Sul, Brazil",Rio Grande do Sul,RS,Sul
"Ciências Exatas e Tecnológicas, UNISINOS-Universidade do Vale do Rio dos Sinos, Sao Leopoldo, Rio Grande do Sul, Brazil",Rio Grande do Sul,RS,Sul
"Departamento de Engenharia Elétrica, Universidade de Brasília, Brasília, DF, Brasil",Distrito Federal,DF,Centro-Oeste
"Departamento de Engenharia Elétrica, Universidade de Brasília, Brasília, DF, Brasil",Distrito Federal,DF,Centro-Oeste
"Departamento de Engenharia Elétrica, Universidade de Brasília, Brasília, DF, Brasil",Distrito Federal,DF,Centro-Oeste
"Universidade de Brasilia, Brasilia, DF, BR",Distrito Federal,DF,Centro-Oeste
"Departamento de Engenharia Eletrica, Brasilia Univ., Brazil",Distrito Federal,DF,Centro-Oeste
"Departamento de Engenharia Elétrica, Universidade de Brasília, Brasília, DF, Brasil",Distrito Federal,DF,Centro-Oeste
"Universidade Federal de Minas Gerais Av. Antônio Carlos, Belo Horizonte, MG, Brazil",Minas Gerais,MG,Sudeste
"Universidade Federal de Minas Gerais Av. Antônio Carlos, Belo Horizonte, MG, Brazil",Minas Gerais,MG,Sudeste
"Universidade Federal de Minas Gerais Av. Antônio Carlos, Belo Horizonte, MG, Brazil",Minas Gerais,MG,Sudeste
"Universidade Federal de Minas Gerais Av. Antônio Carlos, Belo Horizonte, MG, Brazil",Minas Gerais,MG,Sudeste
"Universidade Federal de Minas Gerais Av. Antônio Carlos, Belo Horizonte, MG, Brazil",Minas Gerais,MG,Sudeste
"Universidade Federal de Minas Gerais Av. Antônio Carlos, Belo Horizonte, MG, Brazil",Minas Gerais,MG,Sudeste
"Universidade Federal de Minas Gerais, Belo Horizonte, MG, BR",Minas Gerais,MG,Sudeste
"Univ. Fed. de Minas Gerais, Belo Horizonte, Brazil",Minas Gerais,MG,Sudeste
"Universidade Federal de Minas Gerais Av. Antônio Carlos, Belo Horizonte, MG, Brazil",Minas Gerais,MG,Sudeste
"Department de Tecnologia da Informação, Universidade Federal de Alagoas, Maceio, Alagoas, Brazil",Alagoas,AL,Nordeste
"Department de Tecnologia da Informação, Universidade Federal de Alagoas, Maceio, Alagoas, Brazil",Alagoas,AL,Nordeste
"Department de Tecnologia da Informação, Universidade Federal de Alagoas, Maceio, Alagoas, Brazil",Alagoas,AL,Nordeste
"Department of Physiology and Biophysics, Mayo Clinic College of Medicine, Rochester, MN, USA",Internacional,,
"Department of Physiology and Biophysics, Mayo Clinic College of Medicine, Rochester, MN, USA",Internacional,,
"Department of Physiology and Biophysics, Mayo Clinic College of Medicine, Rochester, MN, USA",Internacional,,
"ADETTI/ISCTE, Associaçcãao para o Desenvolvimento das TelecomunicaçcMoes e Téecnicas de Informáatica, Edifíicio ISCTE, Lisboa, Portugal",Internacional,,
"ADETTI/ISCTE, Associaçcãao para o Desenvolvimento das TelecomunicaçcMoes e Téecnicas de Informáatica, Edifíicio ISCTE, Lisboa, Portugal",Internacional,,
"ADETTI/ISCTE, Associaçcãao para o Desenvolvimento das TelecomunicaçcMoes e Téecnicas de Informáatica, Edifíicio ISCTE, Lisboa, Portugal",Internacional,,
"ADETTI/ISCTE, Associaçcãao para o Desenvolvimento das TelecomunicaçcMoes e Téecnicas de Informáatica, Edifíicio ISCTE, Lisboa, Portugal",Internacional,,
"LPDS-Digital Signal Processing Research Laboratory-Department of Electrical Engineering, Federal University of Santa Catarina, Santa Catarina, Brazil",Santa Catarina,SC,Sul
"LPDS-Digital Signal Processing Research Laboratory-Department of Electrical Engineering, Federal University of Santa Catarina, Santa Catarina, Brazil",Santa Catarina,SC,Sul
"Universidade Federal de Uberlândia, Brazil",Minas Gerais,MG,Sudeste
"Universidade Federal de Uberlândia, Brazil",Minas Gerais,MG,Sudeste
"Universidade Federal de Uberlândia, Uberlandia, Minas Gerais, Brazil",Minas Gerais,MG,Sudeste
"Universidade Federal de Uberlândia, Uberlandia, Minas Gerais, Brazil",Minas Gerais,MG,Sudeste
"DCA, UNICAMP, Campinas, SP, Brazil",São Paulo,SP,Sudeste
"DCC - CCT—Centro de Ciências Tecnológicas - UDESC, Joinville, SC, Brazil",Santa Catarina,SC,Sul
"Universidade Estadual de Campinas, Campinas, SP, BR",São Paulo,SP,Sudeste
"DCA, UNICAMP, Campinas, Brazil",São Paulo,SP,Sudeste
"Institute of Computing, State University of Campinas, Sao Paulo, Brazil",São Paulo,SP,Sudeste
"Institute of Computing, State University of Campinas, Sao Paulo, Brazil",São Paulo,SP,Sudeste
"Institute of Computing, State University of Campinas, Sao Paulo, Brazil",São Paulo,SP,Sudeste
"Ciéncias Exatas e Tecnológicas, UNISINOS-Universidade do Vale do Rio dos Sinos, Sao Leopoldo, Rio Grande do Sul, Brazil",Rio Grande do Sul,RS,Sul
"Ciéncias Exatas e Tecnológicas, UNISINOS-Universidade do Vale do Rio dos Sinos, Sao Leopoldo, Rio Grande do Sul, Brazil",Rio Grande do Sul,RS,Sul
"Coordenação de Pós-Graduação em Engenharia Elétrica, UFCG - Universidade Federal de Campina Grande, Campina Grande, PB, Brazil",Paraíba,PB,Nordeste
"UFCG Universidade Federal de Campina Grande, Curitiba, Parana, Brazil",Paraná,PR,Sul
"PUCPR - Pontificia Universidade Catolica do Parana, Curitiba, PR, Brazil",Paraná,PR,Sul
"Coordenação de Pós-Graduação em Engenharia Elétrica, UFCG - Universidade Federal de Campina Grande, Campina Grande, PB, Brazil",Paraíba,PB,Nordeste
"Éts - Ecole de Technologie Superieure, Montreal, QC, Canada",Internacional,,
"Rua Imaculada Conceição, Pontíficia Universidade Católica do Paraná PUCPR, Curitiba, Parana, Brazil",Paraná,PR,Sul
"Rua Imaculada Conceição, Pontíficia Universidade Católica do Paraná PUCPR, Curitiba, Parana, Brazil",Paraná,PR,Sul
"DCC Departamento de Ciência da Computação, Universidade Federal de Minas Gerais, Belo Horizonte, Minas Gerais, Brazil",Minas Gerais,MG,Sudeste
"FCEyN, Departamento de Computación, Universidad de Buenos Aires, Buenos Aires, Argentina",Internacional,,
"FCEyN, Departamento de Computación, Universidad de Buenos Aires, Buenos Aires, Argentina",Internacional,,
"FCEyN, Departamento de Computación, Universidad de Buenos Aires, Buenos Aires, Argentina",Internacional,,
"FCEyN, Departamento de Computación, Universidad de Buenos Aires, Buenos Aires, Argentina",Internacional,,
"Instituto de Física de São Carlos, Universidade de Sáo Paulo, Sao Paulo, Brazil",São Paulo,SP,Sudeste
"Instituto de Física de São Carlos, Universidade de Sáo Paulo, Sao Paulo, Brazil",São Paulo,SP,Sudeste
"Departamento de Computação, Universidade Federal de São Carlos, Sao Paulo, Brazil",São Paulo,SP,Sudeste
"UNISINOS Universidade do Vale do Rio dos Sinos, Sao Leopoldo, Rio Grande do Sul, Brazil",Rio Grande do Sul,RS,Sul
"UNISINOS Universidade do Vale do Rio dos Sinos, Sao Leopoldo, Rio Grande do Sul, Brazil",Rio Grande do Sul,RS,Sul
"Campinas - UNICAMP, Campinas, Brazil",São Paulo,SP,Sudeste
"UNICAMP - State University of Campinas, Campinas, São Paulo, Brazil",São Paulo,SP,Sudeste
"Faculty of Electrical and Computer Engin., State University of Campinas-UNICAMP, Sao Paulo, Brazil",São Paulo,SP,Sudeste
"Faculty of Electrical and Computer Engin., State University of Campinas-UNICAMP, Sao Paulo, Brazil",São Paulo,SP,Sudeste
"Institute of Computing, State University of Campinas-UNICAMP, Sao Paulo, Brazil",São Paulo,SP,Sudeste
"Departamento de Ciência da Computação, Univ. Federal de Minas Gerais, Belo Horizonte, MG, Brazil",Minas Gerais,MG,Sudeste
"Centro de Desenv. da Tecnologia Nuclear, Belo Horizonte, MG",Minas Gerais,MG,Sudeste
"Departamento de Ciência da Computação, Univ. Federal de Minas Gerais, Belo Horizonte, MG, Brazil",Minas Gerais,MG,Sudeste
"Department of Informatics, State University of Maringá, Maringá, PR, Brazil",Paraná,PR,Sul
"Department of Informatics, State University of Maringá, Maringá, PR, Brazil",Paraná,PR,Sul
"Universidade de Fortaleza (Unifor), Fortaleza, Brazil",Ceará,CE,Nordeste
"IME-Instituto de Matemática e Estatística, USP-Universidade de São Paulo, Sao Paulo, Brazil",São Paulo,SP,Sudeste
"IME-Instituto de Matemática e Estatística, USP-Universidade de São Paulo, Sao Paulo, Brazil",São Paulo,SP,Sudeste
"IME-Instituto de Matemática e Estatística, USP-Universidade de São Paulo, Sao Paulo, Brazil",São Paulo,SP,Sudeste
"Departamento de Informática, Centro Federal de Educação Tecnológica, Manaus, Brazil",Amazonas,AM,Norte
"Departamento de Ciência da Computação, Universidade Federal de Minas Gerais, Belo Horizonte, Minas Gerais, Brazil",Minas Gerais,MG,Sudeste
"Departamento de Ciência da Computação, Universidade Federal de Minas Gerais, Belo Horizonte, Minas Gerais, Brazil",Minas Gerais,MG,Sudeste
"Departamento de Ciência da Computação, Universidade Federal de Minas Gerais, Belo Horizonte, Minas Gerais, Brazil",Minas Gerais,MG,Sudeste
"Departamento de Ciência da Computação, Universidade Federal de Minas Gerais, Belo Horizonte, Minas Gerais, Brazil",Minas Gerais,MG,Sudeste
"Departamento de Ciência da Computação, Universidade Federal de Minas Gerais, Belo Horizonte, Minas Gerais, Brazil",Minas Gerais,MG,Sudeste
"Departamento de Ciência da Computação, Universidade Federal de Minas Gerais, Belo Horizonte, Minas Gerais, Brazil",Minas Gerais,MG,Sudeste
"Instituto de Computação, Universidade Federal Fluminense, Niteroi, Rio de Janeiro, Brazil",Rio de Janeiro,RJ,Sudeste
"Pós-Graduação em Informática Aplicada, Pontifícia Universidade Católica do Paraná, Curitiba, Parana, Brazil",Paraná,PR,Sul
"Instituto de Computação, Universidade Federal Fluminense, Niteroi, Rio de Janeiro, Brazil",Rio de Janeiro,RJ,Sudeste
"Laboratório Visgraf, IMPA Instituto Nacional de Matemática Pura e Aplicada, Rio de Janeiro, Rio de Janeiro, Brazil",Rio de Janeiro,RJ,Sudeste
"Instituto de Computação, Universidade Federal Fluminense, Niteroi, Rio de Janeiro, Brazil",Rio de Janeiro,RJ,Sudeste
"Laboratório Visgraf, IMPA Instituto Nacional de Matemática Pura e Aplicada, Rio de Janeiro, Rio de Janeiro, Brazil",Rio de Janeiro,RJ,Sudeste
"IT-Networks and Multimedia Group, Department of Computer Science and Engineering, University of Beira Interior, Portugal",Internacional,,
"IT-Networks and Multimedia Group, Department of Computer Science and Engineering, University of Beira Interior, Portugal",Internacional,,
"IMPA Instituto Nacional de Matemàtica Pura e Aplicada Estrada Dona Castorina, Rio de Janeiro, Rio de Janeiro, Brazil",Rio de Janeiro,RJ,Sudeste
"IMPA Instituto Nacional de Matemàtica Pura e Aplicada Estrada Dona Castorina, Rio de Janeiro, Rio de Janeiro, Brazil",Rio de Janeiro,RJ,Sudeste
"IMPA Instituto Nacional de Matemàtica Pura e Aplicada Estrada Dona Castorina, Rio de Janeiro, Rio de Janeiro, Brazil",Rio de Janeiro,RJ,Sudeste
"Departamento de Matemática, PUC-Rio, Rio de Janeiro, Brazil",Rio de Janeiro,RJ,Sudeste
"Géométrica Project, INRIA, Sophia-Antipolis, France",Internacional,,
"Departamento de Matemática, PUC-Rio, Rio de Janeiro, Brazil",Rio de Janeiro,RJ,Sudeste
"GVU Center, GaTech, Atlanta, USA",Internacional,,
"Departamento de Matemática, PUC-Rio, Rio de Janeiro, Brazil",Rio de Janeiro,RJ,Sudeste
UFRJ - Universidade Federal do Rio de Janeiro,Rio de Janeiro,RJ,Sudeste
UFRJ - Universidade Federal do Rio de Janeiro,Rio de Janeiro,RJ,Sudeste
UFRJ - Universidade Federal do Rio de Janeiro,Rio de Janeiro,RJ,Sudeste
"Departamento de Matemática, PUC-Rio, Rio de Janeiro, Brazil",Rio de Janeiro,RJ,Sudeste
"Géométrica Project, INRIA, Sophia-Antipolis, France",Internacional,,
"Laboratório Visgraf, IMPA, Rio de Janeiro, Brazil",Rio de Janeiro,RJ,Sudeste
"Departamento de Matemática, PUC-Rio, Rio de Janeiro, Brazil",Rio de Janeiro,RJ,Sudeste
"Laboratório Visgraf, IMPA, Rio de Janeiro, Brazil",Rio de Janeiro,RJ,Sudeste
"School of CIS, University of South Alabama, AL, USA",Alagoas,AL,Nordeste
"SL Technologies, Biloxi, MS, USA",Mato Grosso do Sul,MS,Centro-Oeste
"School of CIS, University of South Alabama, AL, USA",Alagoas,AL,Nordeste
"Departamento de Matemática, PUC-Rio, Rio de Janeiro, Brazil",Rio de Janeiro,RJ,Sudeste
"Géométrica Project, INRIA, Sophia-Antipolis, France",Internacional,,
"Departamento de Matemática, PUC-Rio, Rio de Janeiro, Brazil",Rio de Janeiro,RJ,Sudeste
"Departamento de Matemática, PUC-Rio, Rio de Janeiro, Brazil",Rio de Janeiro,RJ,Sudeste
"Departamento de Matemática, PUC-Rio, Rio de Janeiro, Brazil",Rio de Janeiro,RJ,Sudeste
"COPPE/Universidade Federal do Rio de Janeiro, Brazil",Rio de Janeiro,RJ,Sudeste
"Universidade Federal do Rio de Janeiro, Rio de Janeiro, RJ, BR",Rio de Janeiro,RJ,Sudeste
"COPPE, Univ. Fed. do Rio de Janeiro, Brazil",Rio de Janeiro,RJ,Sudeste
"COPPE/Universidade Federal do Rio de Janeiro, Brazil",Rio de Janeiro,RJ,Sudeste
"COPPE/Universidade Federal do Rio de Janeiro, Brazil",Rio de Janeiro,RJ,Sudeste
"Department of Information Systems and Computer Engineering, Technical University of Lisbon R. Alves Redol, Lisbon, PORTUGAL",Internacional,,
"Department of Information Systems and Computer Engineering, Technical University of Lisbon R. Alves Redol, Lisbon, PORTUGAL",Internacional,,
"Electrical and Computer Engineering Faculty, State University of Campinas, Sao Paulo, Brazil",São Paulo,SP,Sudeste
"Departament of Mathematics and Statistics, Federal University of Campina Grande, Campina Grande, Paraiba, Brazil",Paraíba,PB,Nordeste
"ICAD/IGames/VisionLab, Department of Computer Science, PUC-Rio, Brazil",Rio de Janeiro,RJ,Sudeste
"ICAD/IGames/VisionLab, Department of Computer Science, PUC-Rio, Brazil",Rio de Janeiro,RJ,Sudeste
"ICAD/IGames/VisionLab, Department of Computer Science, PUC-Rio, Brazil",Rio de Janeiro,RJ,Sudeste
"ICAD/IGames/VisionLab, Department of Computer Science, PUC-Rio, Brazil",Rio de Janeiro,RJ,Sudeste
"Tecgraf-Computer Science Department, PUC-Rio, Rio de Janeiro, Rio de Janeiro, Brazil",Rio de Janeiro,RJ,Sudeste
"Tecgraf-Computer Science Department, PUC-Rio, Rio de Janeiro, Rio de Janeiro, Brazil",Rio de Janeiro,RJ,Sudeste
"Tecgraf-Computer Science Department, PUC-Rio, Rio de Janeiro, Rio de Janeiro, Brazil",Rio de Janeiro,RJ,Sudeste
"Tecgraf-Computer Science Department, PUC-Rio, Rio de Janeiro, Rio de Janeiro, Brazil",Rio de Janeiro,RJ,Sudeste
"Instituto de Informática, UFRGS, Brazil",Rio Grande do Sul,RS,Sul
"Instituto de Informática, UFRGS, Brazil",Rio Grande do Sul,RS,Sul
"Instituto de Informática, UFRGS, Brazil",Rio Grande do Sul,RS,Sul
"Instituto de Informática, UFRGS, Brazil",Rio Grande do Sul,RS,Sul
"Instituto de Informática, UFRGS, Brazil",Rio Grande do Sul,RS,Sul
"Instituto de Informática, UFRGS, Brazil",Rio Grande do Sul,RS,Sul
"University of California, Santa Barbara, USA",Internacional,,
"Mitsubishi Electric Research Laboratories, USA",Internacional,,
"Mitsubishi Electric Research Laboratories, USA",Internacional,,
"University of California, Santa Barbara, USA",Internacional,,
"Departament de Llenguatges i Sistemes Informàtics, Universitat Politecnica de Catalunya, Barcelona, Spain",Internacional,,
"Departament de Llenguatges i Sistemes Informàtics, Universitat Politecnica de Catalunya, Barcelona, Spain",Internacional,,
"Mestrado em Informática Aplicada Centro de Ciências Tecnológicas, Universidade de Fortaleza (UNIFOR), Fortaleza, Ceara, Brazil",Ceará,CE,Nordeste
"Mestrado em Informática Aplicada Centro de Ciências Tecnológicas, Universidade de Fortaleza (UNIFOR), Fortaleza, Ceara, Brazil",Ceará,CE,Nordeste
"Bacharelado em Informática Centro de Ciências Tecnológicas, Universidade de Fortaleza (UNIFOR), Fortaleza, Ceara, Brazil",Ceará,CE,Nordeste
"Instituto de Ciências Matemáticas e Computação, Universidade de Sáo Paulo, Sao Paulo, Brazil",São Paulo,SP,Sudeste
"Instituto de Ciências Matemáticas e Computação, Universidade de Sáo Paulo, Sao Paulo, Brazil",São Paulo,SP,Sudeste
"PIPCA-Mestrado em Computação Aplicada, UNISINOS, Brazil",Rio Grande do Sul,RS,Sul
"PIPCA-Mestrado em Computação Aplicada, UNISINOS, Brazil",Rio Grande do Sul,RS,Sul
"Estrada Dona Castorina, IMPA-Instituto Nacional de Matemática Pura e Aplicada, Rio de Janeiro, Rio de Janeiro, Brazil",Rio de Janeiro,RJ,Sudeste
"Estrada Dona Castorina, IMPA-Instituto Nacional de Matemática Pura e Aplicada, Rio de Janeiro, Rio de Janeiro, Brazil",Rio de Janeiro,RJ,Sudeste
"Estrada Dona Castorina, IMPA-Instituto Nacional de Matemática Pura e Aplicada, Rio de Janeiro, Rio de Janeiro, Brazil",Rio de Janeiro,RJ,Sudeste
"Dept. of Systems Engineering and Computer Sciences - COPPE/UFRJ, Rio de Janeiro, R.J., Brazil",Rio de Janeiro,RJ,Sudeste
"Dept. of Systems Engineering and Computer Sciences - COPPE/UFRJ, Rio de Janeiro, R.J., Brazil",Rio de Janeiro,RJ,Sudeste
"Dept. of Systems Engineering and Computer Sciences - COPPE/UFRJ, Rio de Janeiro, R.J., Brazil",Rio de Janeiro,RJ,Sudeste
"Dept. of Systems Engineering and Computer Sciences - COPPE/UFRJ, Rio de Janeiro, R.J., Brazil",Rio de Janeiro,RJ,Sudeste
"Visgraf Laboratory, IMPAGÇôInstituto de Matemática Pura e Aplicada, Rio de Janeiro, Rio de Janeiro, Brazil",Rio de Janeiro,RJ,Sudeste
"Visgraf Laboratory, IMPAGÇôInstituto de Matemática Pura e Aplicada, Rio de Janeiro, Rio de Janeiro, Brazil",Rio de Janeiro,RJ,Sudeste
"Department of Mathematics, MatMídia Lab, Pontificia Universidade Católica, Rio de Janeiro, Rio de Janeiro, Brazil",Rio de Janeiro,RJ,Sudeste
"UNICAMP, Universidade Estadual de Campinas, Sao Paulo, Brazil",São Paulo,SP,Sudeste
"Gallaudet Research Institute, Gallaudet University, Washington D.C., DC, USA",Internacional,,
"Estrada Dona Castorina, 110, IMPA-Instituto de Matemática Pura e Aplicada, Rio de Janeiro, Rio de Janeiro, Brazil",Rio de Janeiro,RJ,Sudeste
"Department of Computer Science, North Carolina State University, Chapel Hill, NC, USA",Internacional,,
"Department of Computer Science, North Carolina State University, Chapel Hill, NC, USA",Internacional,,
"Department of Computer Science, North Carolina State University, Chapel Hill, NC, USA",Internacional,,
"Department of Computer Science, North Carolina State University, Chapel Hill, NC, USA",Internacional,,
"Department of Computer Science, North Carolina State University, Chapel Hill, NC, USA",Internacional,,
"IMPA-Instituto Nacional de Matemática Pura e Aplicada, Rio de Janeiro, Rio de Janeiro, Brazil",Rio de Janeiro,RJ,Sudeste
"IMPA-Instituto Nacional de Matemática Pura e Aplicada, Rio de Janeiro, Rio de Janeiro, Brazil",Rio de Janeiro,RJ,Sudeste
"IMPA-Instituto Nacional de Matemática Pura e Aplicada, Rio de Janeiro, Rio de Janeiro, Brazil",Rio de Janeiro,RJ,Sudeste
"Department of Industrial Automation and Computer Engineering DCA School of Electrical and Computer Engineering FEEC, State University of Campinas, Sao Paulo, Brazil",São Paulo,SP,Sudeste
"Department of Industrial Automation and Computer Engineering DCA School of Electrical and Computer Engineering FEEC, State University of Campinas, Sao Paulo, Brazil",São Paulo,SP,Sudeste
"Department of Mathematics and Statistics (DME)-CCT FCG Center of Science and Technology (CCT), Federal University of Campina Grande, Campina Grande, Paraiba, Brazil",Paraíba,PB,Nordeste
"Department of Computer Science, SUNY at Stony Brook, Stony Brook, NY, USA",Internacional,,
"UFRGS, Instituto de Informática, Porto Alegre, Rio Grande do Sul, Brazil",Rio Grande do Sul,RS,Sul
"IMPA-Instituto de Matemáica Pura e Aplicada, Rio de Janeiro, Brazil",Rio de Janeiro,RJ,Sudeste
"IMPA-Instituto de Matemática Pura e Aplicada, Rio de Janeiro, RJ, Brazil",Rio de Janeiro,RJ,Sudeste
"IMPA-Instituto de Matemática Pura e Aplicada, Rio de Janeiro, RJ, Brazil",Rio de Janeiro,RJ,Sudeste
"IMPA-Instituto de Matemática Pura e Aplicada, Rio de Janeiro, RJ, Brazil",Rio de Janeiro,RJ,Sudeste
"Laboratório Matmídia, PUC Rio, Rio de Janeiro, Brazil",Rio de Janeiro,RJ,Sudeste
"Laboratório Visgraf, IMPA, Rio de Janeiro, Brazil",Rio de Janeiro,RJ,Sudeste
"Laboratório Matmídia, PUC Rio, Rio de Janeiro, Brazil",Rio de Janeiro,RJ,Sudeste
"Laboratório Matmídia, PUC Rio, Rio de Janeiro, Brazil",Rio de Janeiro,RJ,Sudeste
"Laboratório Matmídia, PUC Rio, Rio de Janeiro, Brazil",Rio de Janeiro,RJ,Sudeste
"Géométrica Project, INRIA, Sophia-Antipolis, France",Internacional,,
"Department of Computer Architecture and Electronics, University of Almería, Spain",Internacional,,
"Department of Computer Architecture and Electronics, University of Almería, Spain",Internacional,,
"Department of Computer Architecture and Electronics, University of Almería, Spain",Internacional,,
"Instituto de Matemática Pura e Aplicada, Brazil",Rio de Janeiro,RJ,Sudeste
"Instituto de Matemática Pura e Aplicada, Brazil",Rio de Janeiro,RJ,Sudeste
"Pontifícia Universidade Católica do Rio de Janeiro, Brazil",Rio de Janeiro,RJ,Sudeste
"Instituto de Matemática Pura e Aplicada, Rio de Janeiro, Brazil",Rio de Janeiro,RJ,Sudeste
"Ecole Nationale Superieure d''Electronique et de ses Applications, France",Internacional,,
"Centro Tecnolögico de Minas Gerais, av. JosèCandido da Silveira, Belo Horizonte, Minas Gerais, Brazil",Minas Gerais,MG,Sudeste
"Ecole Nationale Superieure d''Electronique et de ses Applications, France",Internacional,,
"Universidade Federal de Minas Gerais, Minas Gerais, Brazil",Minas Gerais,MG,Sudeste
"Department of Industrial Automation and Computer Engineering (DCA), State University of Campinas (Unicamp), Campinas, SP, Brazil",São Paulo,SP,Sudeste
"Department of Industrial Automation and Computer Engineering (DCA), State University of Campinas (Unicamp), Campinas, SP, Brazil",São Paulo,SP,Sudeste
"Departamento de Ciência da computação, Universidade Federal de Minas Gerais, Belo Horizonte, Minas Gerais, Brazil",Minas Gerais,MG,Sudeste
"Departamento de Ciência da computação, Universidade Federal de Minas Gerais, Belo Horizonte, Minas Gerais, Brazil",Minas Gerais,MG,Sudeste
"Departamento de Ciência da computação, Universidade Federal de Minas Gerais, Belo Horizonte, Minas Gerais, Brazil",Minas Gerais,MG,Sudeste
"Departamento de Ciência da computação, Universidade Federal de Minas Gerais, Belo Horizonte, Minas Gerais, Brazil",Minas Gerais,MG,Sudeste
"Fachbereich Elektrotechnik und Informatik, Hochschule Bremen, Bremen, Germany",Internacional,,
"Fachbereich 2, Hochschule Bremerhaven, Bremerhaven, Germany",Internacional,,
"Faculade SENAC-Rua Tito, Sao Paulo, Brazil",São Paulo,SP,Sudeste
"Faculade SENAC-Rua Tito, Sao Paulo, Brazil",São Paulo,SP,Sudeste
"Escola Politecnica da Universidade de Sao Paulo, Sao Paulo, Brazil",São Paulo,SP,Sudeste
"UNISINOS Universidade do Vale do Rio dos Sinos, Sao Leopoldo, Rio Grande do Sul, Brazil",Rio Grande do Sul,RS,Sul
"UNISINOS Universidade do Vale do Rio dos Sinos, Sao Leopoldo, Rio Grande do Sul, Brazil",Rio Grande do Sul,RS,Sul
"UNISINOS Universidade do Vale do Rio dos Sinos, Sao Leopoldo, Rio Grande do Sul, Brazil",Rio Grande do Sul,RS,Sul
"University of California, Irvine, CA, USA",Internacional,,
"University of California, Irvine, CA, USA",Internacional,,
"National Laboratory for Scientific Computing, Petropolis, Rio de Janeiro, Brazil",Rio de Janeiro,RJ,Sudeste
"National Laboratory for Scientific Computing, LNCC, Petropolis, Rio de Janeiro, Brazil",Rio de Janeiro,RJ,Sudeste
"Department of Systems Engineering, State University of Rio de Janeiro, Brazil",Rio de Janeiro,RJ,Sudeste
"Department of Systems Engineering, State University of Rio de Janeiro, Brazil",Rio de Janeiro,RJ,Sudeste
"Electronic Computing Center NCE, Federal University of Rio de Janeiro, Brazil",Rio de Janeiro,RJ,Sudeste
"Department of Computer Enginnering and Automation, Federal University of Rio Grande do Norte, Brazil",Rio Grande do Norte,RN,Nordeste
"Computer Science Department, University of Sao Paulo, Sao Carlos, Sao Paulo, Brazil",São Paulo,SP,Sudeste
"Computer Science Department, University of Sao Paulo, Sao Carlos, Sao Paulo, Brazil",São Paulo,SP,Sudeste
"Computer Science Department, University of Sao Paulo, Sao Carlos, Sao Paulo, Brazil",São Paulo,SP,Sudeste
"Department of Computer Science, SUNY at Stony Brook, Stony Brook, NY, USA",Internacional,,
"Department of Computer Science, SUNY at Stony Brook, Stony Brook, NY, USA",Internacional,,
"Instituto de Informática, UFRGS, Porto Alegre, Rio Grande do Sul, Brazil",Rio Grande do Sul,RS,Sul
"Institude de Ciências Matemáticas de Computacào, Universidade de Sáo Paulo, Sao Paulo, Brazil",São Paulo,SP,Sudeste
"Institude de Ciências Matemáticas de Computacào, Universidade de Sáo Paulo, Sao Paulo, Brazil",São Paulo,SP,Sudeste
"Image Computing Group (GCI), State University of Campinas (Unicamp), Campinas, SP, Brazil",São Paulo,SP,Sudeste
"Image Computing Group (GCI), State University of Campinas (Unicamp), Campinas, SP, Brazil",São Paulo,SP,Sudeste
"Image Computing Group (GCI), State University of Campinas (Unicamp), Campinas, SP, Brazil",São Paulo,SP,Sudeste
"Image Computing Group (GCI), State University of Campinas (Unicamp), Campinas, SP, Brazil",São Paulo,SP,Sudeste
"Departamento de Ciência da Computação, Universidade Federal de Minas Gerais, Belo Horizonte, MG, Brazil",Minas Gerais,MG,Sudeste
"Departamento de Ciência da Computação, Universidade Federal de Minas Gerais, Belo Horizonte, MG, Brazil",Minas Gerais,MG,Sudeste
"Departamento de Ciência da Computação, Universidade Federal de Minas Gerais, Belo Horizonte, MG, Brazil",Minas Gerais,MG,Sudeste
"Departamento de Ciência da Computação, Universidade Federal de Minas Gerais, Belo Horizonte, MG, Brazil",Minas Gerais,MG,Sudeste
"Departamento de Ciência da Computação, Universidade Federal de Minas Gerais, Belo Horizonte, MG, Brazil",Minas Gerais,MG,Sudeste
"Departamento de Ciência da Computação, Universidade Federal de Minas Gerais, Belo Horizonte, MG, Brazil",Minas Gerais,MG,Sudeste
"Equipes Traitement des Images et du Signal, ENSEA, UCP, Cergy, France",Internacional,,
"Equipes Traitement des Images et du Signal, ENSEA, UCP, Cergy, France",Internacional,,
"Institute of Computing, State University of Campinas-UNICAMP, Sao Paulo, Brazil",São Paulo,SP,Sudeste
"Institute of Computing, State University of Campinas-UNICAMP, Sao Paulo, Brazil",São Paulo,SP,Sudeste
"Institute of Computing, State University of Campinas-UNICAMP, Sao Paulo, Brazil",São Paulo,SP,Sudeste
"Institute of Physics, University of São Paulo, Sao Paulo, Brazil",São Paulo,SP,Sudeste
"ETIS (CNRS UMR-8051), University of Cergy-Pontoise, ENSEA, Cergy-Pontoise, France",Internacional,,
"ETIS (CNRS UMR-8051), University of Cergy-Pontoise, ENSEA, Cergy-Pontoise, France",Internacional,,
"ETIS (CNRS UMR-8051), University of Cergy-Pontoise, ENSEA, Cergy-Pontoise, France",Internacional,,
"Computer Science Department, University of Sao Paulo, Sao Carlos, Sao Paulo, Brazil",São Paulo,SP,Sudeste
"Computer Science Department, University of Sao Paulo, Sao Carlos, Sao Paulo, Brazil",São Paulo,SP,Sudeste
"Computer Science Department, University of Sao Paulo, Sao Carlos, Sao Paulo, Brazil",São Paulo,SP,Sudeste
"Computer Science Department, University of Sao Paulo, Sao Carlos, Sao Paulo, Brazil",São Paulo,SP,Sudeste
"Pontifícia Universidade Católica de Minas Gerais, Belo Horizonte, MG, Brasil",Minas Gerais,MG,Sudeste
"Mário Fernando Montenegro Campos, Universidade Federal de Minas Gerais, Belo Horizonte, MG, Brasil",Minas Gerais,MG,Sudeste
"Escola Politécnica, Universidade de Sáo Paulo, Sao Paulo, Brazil",São Paulo,SP,Sudeste
"Escola Politécnica, Universidade de Sáo Paulo, Sao Paulo, Brazil",São Paulo,SP,Sudeste
"Departamento de Computação, Universidade Federal de São Carlos, Sao Paulo, Brazil",São Paulo,SP,Sudeste
"Departamento de Computação, Universidade Federal de São Carlos, Sao Paulo, Brazil",São Paulo,SP,Sudeste
"Departamento de Computação, Universidade Federal de São Carlos, Sao Paulo, Brazil",São Paulo,SP,Sudeste
"óLaboratório Associado de Computação e Matemática Aplicada, Instituto Nacional de Pesquisas Espaciais, Sao Paulo, Brazil",São Paulo,SP,Sudeste
"óLaboratório Associado de Computação e Matemática Aplicada, Instituto Nacional de Pesquisas Espaciais, Sao Paulo, Brazil",São Paulo,SP,Sudeste
"Digital Signal Processing Research Laboratory LPDS Department of Electrical Engineering, Federal University of Santa Catarina, Florianopolis, Santa Catarina, Brazil",Santa Catarina,SC,Sul
"Digital Signal Processing Research Laboratory LPDS Department of Electrical Engineering, Federal University of Santa Catarina, Florianopolis, Santa Catarina, Brazil",Santa Catarina,SC,Sul
"Department Computer Science, IME USP, Sao Paulo, Brazil",São Paulo,SP,Sudeste
"Science and Technology, SENAC College of Computer, Sao Paulo, Brazil",São Paulo,SP,Sudeste
"UBS-Universidade Braz Cubas, Sao Paulo, Brazil",São Paulo,SP,Sudeste
"INPE-Instituto Nacional de Pesquisas Espaciais, Sao Paulo, Brazil",São Paulo,SP,Sudeste
"UBS-Universidade Braz Cubas, Sao Paulo, Brazil",São Paulo,SP,Sudeste
"Departamento de Física CCNE, Universidade Federal de Santa Maria, Santa Maria, Rio Grande do Sul, Brazil",Rio Grande do Sul,RS,Sul
"Pontíficia Universidade Católica do Paraná PUCPR, Curitiba, Parana, Brazil",Paraná,PR,Sul
"Pontíficia Universidade Católica do Paraná PUCPR, Curitiba, Parana, Brazil",Paraná,PR,Sul
"Instituto de Computaçāo, UFF, Niteroi, Rio de Janeiro, Brazil",Rio de Janeiro,RJ,Sudeste
"Instituto de Computaçāo, UFF, Niteroi, Rio de Janeiro, Brazil",Rio de Janeiro,RJ,Sudeste
"Department of Computer Science, Institute of Mathematics and Statistics-USP, Sao Paulo, Brazil",São Paulo,SP,Sudeste
"Department of Computer Science, Institute of Mathematics and Statistics-USP, Sao Paulo, Brazil",São Paulo,SP,Sudeste
"Department of Computer Science, Institute of Mathematics and Statistics-USP, Sao Paulo, Brazil",São Paulo,SP,Sudeste
"School of Community Health, Charles Sturt University, Albury, Australia",Internacional,,
"Universidade Estatual de Maringá, Maringa, Parana, Brazil",Paraná,PR,Sul
"Universidade Estatual de Maringá, Maringa, Parana, Brazil",Paraná,PR,Sul
"UNESP R. Roberto Simonsen, Sao Paulo, Brazil",São Paulo,SP,Sudeste
"UNESP R. Roberto Simonsen, Sao Paulo, Brazil",São Paulo,SP,Sudeste
"Universidade Estatual de Maringá, Maringa, Parana, Brazil",Paraná,PR,Sul
"Centro de Ciencias Exatas e Tecnológicas, UNISINOS Universidade do Vale do Rio dos Sinos, Rio Grande do Sul, Brazil",Rio Grande do Sul,RS,Sul
"Universidade Federal de Uberländia, Uberlandia, Minas Gerais, Brazil",Minas Gerais,MG,Sudeste
"Universidade Federal de Uberländia, Uberlandia, Minas Gerais, Brazil",Minas Gerais,MG,Sudeste
"Pós-Graduacção em Informática Aplicada, Pontifícia Universidade Católica do Paraná, Curitiba, Parana, Brazil",Paraná,PR,Sul
"Instituto de Computacção, Universidade Federal Fluminense, Niteroi, Rio de Janeiro, Brazil",Rio de Janeiro,RJ,Sudeste
"Instituto de Computacção, Universidade Federal Fluminense, Niteroi, Rio de Janeiro, Brazil",Rio de Janeiro,RJ,Sudeste
"Departamento de Sistemas e Computação, Universidade Federal de Campina Grande, Campina Grande, Paraiba, Brazil",Paraíba,PB,Nordeste
"School of Informatics, Edinburgh University, UK",Internacional,,
"CPGEI, CEFET, Curitiba, Parana, Brazil",Paraná,PR,Sul
"UFPR, UFPR, Curitiba, Parana, Brazil",Paraná,PR,Sul
"EE, OSU, Columbus, OH, USA",Internacional,,
"Pontifícia Universidade Católica do Paraná (PUCPR), Curitiba, PR, Brazil",Paraná,PR,Sul
"Pontifícia Universidade Católica do Paraná (PUCPR), Curitiba, PR, Brazil",Paraná,PR,Sul
"Pontifícia Universidade Católica do Paraná (PUCPR), Curitiba, PR, Brazil",Paraná,PR,Sul
"École de Technologie Supérieure (ETS), Montreal, QC, Canada",Internacional,,
"Instituto de Informática, Universidade Federal do Rio Grande do Sul, Porto Alegre, Rio Grande do Sul, Brazil",Rio Grande do Sul,RS,Sul
"Instituto de Informática, Universidade Federal do Rio Grande do Sul, Porto Alegre, Rio Grande do Sul, Brazil",Rio Grande do Sul,RS,Sul
"Hospital de Clínicas de Porto Alegre, Porto Alegre, Brazil",Rio Grande do Sul,RS,Sul
"Human Reproduction Center, Ob/GYn department, Universidade Federal do Rio Grande do Sul",Rio Grande do Sul,RS,Sul
"LCMAT-CCT, Grupo de Computação Científica, Universidade Estadual do Norte Fluminense, Campos, Rio de Janeiro, Brazil",Rio de Janeiro,RJ,Sudeste
"LCMAT-CCT, Grupo de Computação Científica, Universidade Estadual do Norte Fluminense, Campos, Rio de Janeiro, Brazil",Rio de Janeiro,RJ,Sudeste
"LCMAT-CCT, Grupo de Computação Científica, Universidade Estadual do Norte Fluminense, Campos, Rio de Janeiro, Brazil",Rio de Janeiro,RJ,Sudeste
"Laboratório de Instrumentação Nuclear EE/COPPE/, UFRJ, Rio de Janeiro, Brazil",Rio de Janeiro,RJ,Sudeste
"Universidade de Fortaleza (UNIFOR), Fortaleza, Brazil",Ceará,CE,Nordeste
"Universidade Estadual de Campinas, Campinas, Brazil",São Paulo,SP,Sudeste
"Faculdade de Engenharia Elétrica e de Computaç ão, State University of Campinas-UNICAMP, Brazil",São Paulo,SP,Sudeste
"Departamento de Informática, UEM, Brazil",Paraná,PR,Sul
"Faculdade de Engenharia Elétrica e de Computaç ão, State University of Campinas-UNICAMP, Brazil",São Paulo,SP,Sudeste
"Dept. de Computação e Automação Fac. de Eng. Elétrica e Computação, UNICAMP, Campinas, SP, Brasil",São Paulo,SP,Sudeste
"Dept. de Computação e Automação Fac. de Eng. Elétrica e Computação, UNICAMP, Campinas, SP, Brasil",São Paulo,SP,Sudeste
"Inst. de Computação, UNICAMP, Campinas, SP, Brasil",São Paulo,SP,Sudeste
"Lab. de NeuroImagem, Hospital das Clínicas, UNICAMP, Campinas, SP, Brasil",São Paulo,SP,Sudeste
"Doctoral Program in Computer Science The Graduate Center,City College and Graduate Center, City University of New York, New York, NY, USA",Internacional,,
"Doctoral Program in Computer Science The Graduate Center,City College and Graduate Center, City University of New York, New York, NY, USA",Internacional,,
"DETI-Departamento de Teleinformática, UFC, Fortaleza, Ceara, Brazil",Ceará,CE,Nordeste
"DETI-Departamento de Teleinformática, UFC, Fortaleza, Ceara, Brazil",Ceará,CE,Nordeste
"DETI-Departamento de Teleinformática, UFC, Fortaleza, Ceara, Brazil",Ceará,CE,Nordeste
"DETI-Departamento de Teleinformática, UFC, Fortaleza, Ceara, Brazil",Ceará,CE,Nordeste
"DCA-FEEC-UNICAMP, Sao Paulo, Brazil",São Paulo,SP,Sudeste
"DCA-FEEC-UNICAMP, Sao Paulo, Brazil",São Paulo,SP,Sudeste
France,Internacional,,
"Ishikawa Hashimoto Laboratory, University of Tokyo, Tokyo, Japan",Internacional,,
"Ishikawa Hashimoto Laboratory, University of Tokyo, Tokyo, Japan",Internacional,,
"Center of Paraná –, CEFET-PR – Technological Education Federal, Ponta Grossa, PR, Brazil",Paraná,PR,Sul
"LPDS: Digital Signal Processing Research Laboratory, UFSC – Federal University of Santa Catarina –, Florianópolis, SC, Brazil",Santa Catarina,SC,Sul
"FACULDADE CAMBURY, Cambury College, Goiania, Goias, Brazil",Goiás,GO,Centro-Oeste
"Laboratory for Vision and Image, CCET-PPGIA, PUCPR-Pontifical Catholic University of Parana, Curitiba, Parana, Brazil",Paraná,PR,Sul
"Laboratory for Vision and Image, CCET-PPGIA, PUCPR-Pontifical Catholic University of Parana, Curitiba, Parana, Brazil",Paraná,PR,Sul
"Departamento de Ciência da Computaç ão, IME USP, Sao Paulo, Brazil",São Paulo,SP,Sudeste
"Departamento de Ciência da Computaç ão, IME USP, Sao Paulo, Brazil",São Paulo,SP,Sudeste
"Department of Computer Science, Pontifical Catholic University of Minas Gerais, Belo Horizonte, Minas Gerais, Brazil",Minas Gerais,MG,Sudeste
"Department of Radiology, University of Pennsylvania, Philadelphia, PA, USA",Pará,PA,Norte
"Department of Computer Science, Federal University of Minas Gerais, Belo Horizonte, Minas Gerais, Brazil",Minas Gerais,MG,Sudeste
"USP-Escola Politécnica, Universidade de Sáo Paulo, Sao Paulo, Brazil",São Paulo,SP,Sudeste
"UCI-Department of Radiological Sciences, University of California, Irvine, Irvine, CA, USA",Internacional,,
"Departamento de Informática, Centro Tecnológico, Universidade Federal do Espírito Santo UFES, Brazil",Espírito Santo,ES,Sudeste
"Departamento de Morfologia, Centro Biomédico, Universidade Federal do Espírito Santo UFES, Brazil",Espírito Santo,ES,Sudeste
"Departamento de Informática, Centro Tecnológico, Universidade Federal do Espírito Santo UFES, Brazil",Espírito Santo,ES,Sudeste
"LCG-Computer Graphics Laboratory, UFRJ-COPPE, Rio de Janeiro, Brazil",Rio de Janeiro,RJ,Sudeste
"National Laboratory of Scientific Computing (LNCC), Rio de Janeiro, Brazil",Rio de Janeiro,RJ,Sudeste
"National Laboratory of Scientific Computing (LNCC), Rio de Janeiro, Brazil",Rio de Janeiro,RJ,Sudeste
"LCG-Computer Graphics Laboratory, UFRJ-COPPE, Rio de Janeiro, Brazil",Rio de Janeiro,RJ,Sudeste
"LCG-Computer Graphics Laboratory, UFRJ-COPPE, Rio de Janeiro, Brazil",Rio de Janeiro,RJ,Sudeste
"Instituto de Ciencias Matemáticas e de Computação, Universidade de Sáo Paulo, Sao Paulo, Brazil",São Paulo,SP,Sudeste
"Instituto de Ciencias Matematicas e de Computação, Universidade de Sáo Paulo, Sao Paulo, Brazil",São Paulo,SP,Sudeste
"Institute for Visualization and Perception Research, Department of Computer Science, University of Massachusetts, Lowell, MA, USA",Maranhão,MA,Nordeste
"School of Electrical and Computer Engineering,State University of Campinas, State University of Campinas-UNICAMP, Brazil",São Paulo,SP,Sudeste
"School of Electrical and Computer Engineering,State University of Campinas, State University of Campinas-UNICAMP, Brazil",São Paulo,SP,Sudeste
"Pontifícia Universidade Católica do Rio Grande do Sul, Porto Alegre, Rio Grande do Sul, Brazil",Rio Grande do Sul,RS,Sul
"Instituto de Informática, UFRGS Universidade Federal do Rio Grande do Sul, Porto Alegre, Rio Grande do Sul, Brazil",Rio Grande do Sul,RS,Sul
"Unidade de Pesquisa e Desenvolvimento, InCor Instituto do Coração HC-FMUSP, Sao Paulo, Brazil",São Paulo,SP,Sudeste
"Instituto de Informática, UFRGS Universidade Federal do Rio Grande do Sul, Porto Alegre, Rio Grande do Sul, Brazil",Rio Grande do Sul,RS,Sul
"Instituto de Informática, UFRGS Universidade Federal do Rio Grande do Sul, Porto Alegre, Rio Grande do Sul, Brazil",Rio Grande do Sul,RS,Sul
"Princeton University, Princeton, NJ, USA",Internacional,,
"Tel-Aviv University, Tel-Aviv, Israel",Internacional,,
"OGI School of Science and Technology, AT and T Research Laboratories, Beaverton, OR, USA",Internacional,,
"DETI UFC, Campus do Pici, Fortaleza, Ceara, Brazil",Ceará,CE,Nordeste
"DC-UFSCar, Sao Paulo, Brazil",São Paulo,SP,Sudeste
"DETI UFC, Campus do Pici, Fortaleza, Ceara, Brazil",Ceará,CE,Nordeste
"DETI UFC, Campus do Pici, Fortaleza, Ceara, Brazil",Ceará,CE,Nordeste
"Universidade Federal de São Carlos, Sao Paulo, Brazil",São Paulo,SP,Sudeste
"Universidade Federal de São Carlos, Sao Paulo, Brazil",São Paulo,SP,Sudeste
"FEN/DETEL, Universidade do Estado do Rio de Janeiro, Rio de Janeiro, Brazil",Rio de Janeiro,RJ,Sudeste
"DESC, Rio de Janeiro, Brazil",Rio de Janeiro,RJ,Sudeste
"Laboratório Associado de Computação e Matemática Aplicada, INPE-Instituto Nacional de Pesquisas Espaciais, Sao Paulo, Brazil",São Paulo,SP,Sudeste
"CTA-Centro Técnico Aeroespacial, IEAv-Instituto de Estudos Avançados, Sao Paulo, Brazil",São Paulo,SP,Sudeste
"Divisão de Processamento de Imagens, INPE-Instituto Nacional de Pesquisas Espaciais, Sao Paulo, Brazil",São Paulo,SP,Sudeste
"IMPA-Instituto Nacional de Matemática Pura e Aplicada, Rio de Janeiro, Brazil",Rio de Janeiro,RJ,Sudeste
"IMPA-Instituto Nacional de Matemática Pura e Aplicada, Rio de Janeiro, Brazil",Rio de Janeiro,RJ,Sudeste
"IMPA-Instituto Nacional de Matemática Pura e Aplicada, Rio de Janeiro, Brazil",Rio de Janeiro,RJ,Sudeste
"NPDI/DCC, Universidade Federal de Minas Gerais, Belo Horizonte, MG, Brazil",Minas Gerais,MG,Sudeste
"Ecole Nationale Supérieure d'Electronique et de ses Applications, Cergy Cedex, France",Internacional,,
"Ecole Nationale Supérieure d'Electronique et de ses Applications, Cergy Cedex, France",Internacional,,
"Centro Tecnológico de Minas Gerais, Belo Horizonte, MG, Brazil",Minas Gerais,MG,Sudeste
"Ecole Nationale Supérieure d'Electronique et de ses Applications, Cergy Cedex, France",Internacional,,
"Dept. of Comput. Sci., North Carolina Univ., Chapel Hill, NC, USA",Internacional,,
"Laboratório de Sistemas Integráveis, Politécnica da Universidade de São Paulo, Sao Paulo, Brazil",São Paulo,SP,Sudeste
"Department of Computer Science, University of North Carolina, Chapel Hill, Chapel Hill, NC, USA",Internacional,,
"Laboratório de Sistemas Integráveis, Politécnica da Universidade de São Paulo, Sao Paulo, Brazil",São Paulo,SP,Sudeste
"Department of Computer Science, University of North Carolina, Chapel Hill, Chapel Hill, NC, USA",Internacional,,
"Institute for Pattern Recognition & Artificial Intelligence,State Key Laboratory For Image Processing & Intelligent Control, Huazhong University of Science슠and슠Technology, Wuhan, Hubei, China",Internacional,,
"Institute for Pattern Recognition & Artificial Intelligence,State Key Laboratory For Image Processing & Intelligent Control, Huazhong University of Science슠and슠Technology, Wuhan, Hubei, China",Internacional,,
"Centro de Ciências Exatas e Tecnológicas, UNISINOS-Universidade do Vale do Rio dos Sinos, Sao Leopoldo, Rio Grande do Sul, Brazil",Rio Grande do Sul,RS,Sul
"Instituto de Informática, UFRGS Universidade Federal do Rio Grande do Sul, Porto Alegre, Rio Grande do Sul, Brazil",Rio Grande do Sul,RS,Sul
"Feec-Faculdade de Engenharia Elétrica e de Computação, Universidade Estadual de Campinas (UNICAMP), Sao Paulo, Brazil",São Paulo,SP,Sudeste
"Feec-Faculdade de Engenharia Elétrica e de Computação, Universidade Estadual de Campinas (UNICAMP), Sao Paulo, Brazil",São Paulo,SP,Sudeste
"Feec-Faculdade de Engenharia Elétrica e de Computação, Universidade Estadual de Campinas (UNICAMP), Sao Paulo, Brazil",São Paulo,SP,Sudeste
"FEEC-Faculdade de Engenharia Elétrica e de Computação, State University of Campinas-UNICAMP, Sao Paulo, Brazil",São Paulo,SP,Sudeste
"IC-Instituto de Computação, State University of Campinas-UNICAMP, Sao Paulo, Brazil",São Paulo,SP,Sudeste
"FEEC-Faculdade de Engenharia Elétrica e de Computação, State University of Campinas-UNICAMP, Sao Paulo, Brazil",São Paulo,SP,Sudeste
"State University of Campinas-UNICAMP, Sao Paulo, Brazil",São Paulo,SP,Sudeste
"State University of Campinas-UNICAMP, Sao Paulo, Brazil",São Paulo,SP,Sudeste
"State University of Campinas-UNICAMP, Sao Paulo, Brazil",São Paulo,SP,Sudeste
"State University of Campinas-UNICAMP, Sao Paulo, Brazil",São Paulo,SP,Sudeste
"State University of Campinas-UNICAMP, Sao Paulo, Brazil",São Paulo,SP,Sudeste
"State University of Campinas-UNICAMP, Sao Paulo, Brazil",São Paulo,SP,Sudeste
"IMPA-Instituto de Matemática Pura e Aplicada, Rio de Janeiro, Brazil",Rio de Janeiro,RJ,Sudeste
"Instituo de Computação, Universidade Estadual de Campinas (UNICAMP), Sao Paulo, Brazil",São Paulo,SP,Sudeste
"IMPA-Instituto de Matemática Pura e Aplicada, Rio de Janeiro, Brazil",Rio de Janeiro,RJ,Sudeste
"Electr. & Comput. Eng. Fac., Univ. Estadual de Campinas, Brazil",São Paulo,SP,Sudeste
"Electrical and Computer Engineering Faculty, State University of Campinas, Sao Paulo, SP, Brazil",São Paulo,SP,Sudeste
"University of California, Irvine, Irvine, USA",Internacional,,
"AT and T Research Laboratories, USA",Internacional,,
"USP, ICMC - Instituto de Ciências Matemáticas e de Computação, São Carlos, SP, Brasil",São Paulo,SP,Sudeste
"USP, ICMC - Instituto de Ciências Matemáticas e de Computação, São Carlos, SP, Brasil",São Paulo,SP,Sudeste
"USP, ICMC - Instituto de Ciências Matemáticas e de Computação, São Carlos, SP, Brasil",São Paulo,SP,Sudeste
"USP, ICMC - Instituto de Ciências Matemáticas e de Computação, São Carlos, SP, Brasil",São Paulo,SP,Sudeste
"PUCPR-Pontifícia Universidade Católica do Paraná, Curitiba, Parana, Brazil",Paraná,PR,Sul
"PUCPR-Pontifícia Universidade Católica do Paraná, Curitiba, Parana, Brazil",Paraná,PR,Sul
"Éts-École de Technologie Supérieure, Montreal, QUE, Canada",Internacional,,
"Rua Imaculada Conceição, Pontificia Universidade Católica do Paraná PUCPR, Curitiba, Brazil",Paraná,PR,Sul
"HEUDIASYC-Universitè de Technologie de Compiègne (UTC), Compiegne, France",Internacional,,
"HEUDIASYC-Universitè de Technologie de Compiègne (UTC), Compiegne, France",Internacional,,
"Rua Imaculada Conceição, Pontificia Universidade Católica do Paraná PUCPR, Curitiba, Brazil",Paraná,PR,Sul
"Department of Electrical Engineering, UFCG - Federal University of Campina Grande, Campina Grande, PB, Brazil",Paraíba,PB,Nordeste
"Department of Electrical Engineering, UFCG - Federal University of Campina Grande, Campina Grande, PB, Brazil",Paraíba,PB,Nordeste
"Rua Imaculada Conceição 1155, PUCPR - Pontíficia Universidade Católica do Paraná, Curitiba, PR, Brazil",Paraná,PR,Sul
"ÉTS - École de Technologie Supérieure, Montreal, QC, Canada",Internacional,,
"Depto. de Informática e Estatística, UFSC – Universidade Federal de Santa Catarina, Florianópolis, SC, Brasil",Santa Catarina,SC,Sul
"Depto. de Informática e Estatística, UFSC – Universidade Federal de Santa Catarina, Florianópolis, SC, Brasil",Santa Catarina,SC,Sul
"Institute of Computing, University of Campinas, Campinas, SP, Brasil",São Paulo,SP,Sudeste
"Universidade Estadual de Campinas, Campinas, SP, BR",São Paulo,SP,Sudeste
"Inst. of Comput., Univ. of Campinas, Brazil",São Paulo,SP,Sudeste
"USC-Universidade do Sagrado Coração - R, Bauru, SP, Brasil",São Paulo,SP,Sudeste
"Pontifícia Universidade Católica do Rio de Janeiro, Rio de Janeiro, Brazil",Rio de Janeiro,RJ,Sudeste
"Instituto de Matemática Pura e Aplicada, IMPA, Brazil",Rio de Janeiro,RJ,Sudeste
"PIPCA-Mestrado em Computação Aplicada, UNISINOS-Centro de Ciências Exatas e Tecnológicas, Brazil",Rio Grande do Sul,RS,Sul
"PIPCA-Mestrado em Computação Aplicada, UNISINOS-Centro de Ciências Exatas e Tecnológicas, Brazil",Rio Grande do Sul,RS,Sul
"Universidade Federal de Minas Gerais, Belo Horizonte, Minas Gerais, Brazil",Minas Gerais,MG,Sudeste
"A2SI ESIEE Cité Descartes, France",Internacional,,
"Instituto de Computação-UNICAMP, Sao Paulo, Brazil",São Paulo,SP,Sudeste
"A2SI ESIEE Cité Descartes, France",Internacional,,
"CVRG-Cybernetic Vision Research Group, Universidade de Saão Paulo, Sao Paulo, Brazil",São Paulo,SP,Sudeste
"CVRG-Cybernetic Vision Research Group, Universidade de Saão Paulo, Sao Paulo, Brazil",São Paulo,SP,Sudeste
"2Integrative Morphology Group, Department of Anatomy, University of Technology, Vienna, Vienna, Austria",Internacional,,
"2Integrative Morphology Group, Department of Anatomy, University of Technology, Vienna, Vienna, Austria",Internacional,,
"Instituto de Informácitica, Universidade Federal do Rio Grande do Sul, Porto Alegre, Rio Grande do Sul, Brazil",Rio Grande do Sul,RS,Sul
"Instituto de Informácitica, Universidade Federal do Rio Grande do Sul, Porto Alegre, Rio Grande do Sul, Brazil",Rio Grande do Sul,RS,Sul
"Instituto de Informácitica, Universidade Federal do Rio Grande do Sul, Porto Alegre, Rio Grande do Sul, Brazil",Rio Grande do Sul,RS,Sul
"NPDI/DCC, Universidade Federal de Minas Gerais, Belo Horizonte, Minas Gerais, Brazil",Minas Gerais,MG,Sudeste
"NPDI/DCC, Universidade Federal de Minas Gerais, Belo Horizonte, Minas Gerais, Brazil",Minas Gerais,MG,Sudeste
"PIPCA Mestrado em Computação Aplicada, Universidade do Vale do Rio dos Sinos (UNISINOS), Sao Leopoldo, Rio Grande do Sul, Brazil",Rio Grande do Sul,RS,Sul
"PIPCA Mestrado em Computação Aplicada, Universidade do Vale do Rio dos Sinos (UNISINOS), Sao Leopoldo, Rio Grande do Sul, Brazil",Rio Grande do Sul,RS,Sul
"UFG - Universidade Federal de Goiás, Setor Universitário, Goiânia, GO, Brasil",Goiás,GO,Centro-Oeste
"PUC-PR - Pontificia Universidade Católica do Paraná, Programa de Pós-graduação em Informática Aplicada - PPGIA, Curitiba, PR, Brasil",Paraná,PR,Sul
"Tecgraf Computer Science Department, PUC Rio, Rio de Janeiro, Brazil",Rio de Janeiro,RJ,Sudeste
"Tecgraf Computer Science Department, PUC Rio, Rio de Janeiro, Brazil",Rio de Janeiro,RJ,Sudeste
"Departamento de Informática,Centro Politécnico-Jd. Américas, Universidade Federal do Paraná, Curitiba, Parana, Brazil",Paraná,PR,Sul
"Departamento de Informática,Centro Politécnico-Jd. Américas, Universidade Federal do Paraná, Curitiba, Parana, Brazil",Paraná,PR,Sul
"Departamento de Engenharia Elétrica,ENE, Universidade de Brasília, Brasilia, Brazil",Distrito Federal,DF,Centro-Oeste
"Departamento de Engenharia Elétrica,ENE, Universidade de Brasília, Brasilia, Brazil",Distrito Federal,DF,Centro-Oeste
"NPDI Nucleo de Processamento Digital de Imagens, DCC-Departamento de Ciencia da Computacao, Universidade Federal de Minas Gerais, Belo Horizonte, Minas Gerais, Brazil",Minas Gerais,MG,Sudeste
"NPDI Nucleo de Processamento Digital de Imagens, DCC-Departamento de Ciencia da Computacao, Universidade Federal de Minas Gerais, Belo Horizonte, Minas Gerais, Brazil",Minas Gerais,MG,Sudeste
"NPDI Nucleo de Processamento Digital de Imagens, DCC-Departamento de Ciencia da Computacao, Universidade Federal de Minas Gerais, Belo Horizonte, Minas Gerais, Brazil",Minas Gerais,MG,Sudeste
"NPDI Nucleo de Processamento Digital de Imagens, DCC-Departamento de Ciencia da Computacao, Universidade Federal de Minas Gerais, Belo Horizonte, Minas Gerais, Brazil",Minas Gerais,MG,Sudeste
"Decom-Departamento de Comunicações, Universidade Estadual de Campinas, Sao Paulo, Brazil",São Paulo,SP,Sudeste
"Decom-Departamento de Comunicações, Universidade Estadual de Campinas, Sao Paulo, Brazil",São Paulo,SP,Sudeste
"Universidade Federal de São Carlos, Sao Paulo, Brazil",São Paulo,SP,Sudeste
"Universidade Federal de São Carlos, Sao Paulo, Brazil",São Paulo,SP,Sudeste
"EMBRAPA-CNPDIA-Empresa Brasileira de Instrumentação AGroupecuãria, Centro Nacional de Pesquisa e Desenvolvimento de Instrumentação AGroupecuria, Sao Paulo, Brazil",São Paulo,SP,Sudeste
"Centro de Informática, Universidade Federal de Pernambuco, Recife, Pernambuco, Brazil",Pernambuco,PE,Nordeste
"Departamento de Estatística, Universidade Federal de Pernambuco, Recife, Pernambuco, Brazil",Pernambuco,PE,Nordeste
"Departamento de Estatística, Universidade Federal de Pernambuco, Recife, Pernambuco, Brazil",Pernambuco,PE,Nordeste
"School of Electrical and Electronic Engineering, Nanyang Technological University, Singapore",Internacional,,
"School of Electrical and Electronic Engineering, Singapore",Internacional,,
"School of Electrical and Electronic Engineering, School of Computer Engineering, Singapore",Internacional,,
"School of Computer Engineering, Nanyang Technological University, Singapore",Internacional,,
"UNISINOS PIPCA Masters in Applied Computing, Sao Leopoldo, Brazil",Rio Grande do Sul,RS,Sul
"UNISINOS PIPCA Masters in Applied Computing, Sao Leopoldo, Brazil",Rio Grande do Sul,RS,Sul
"UNISINOS PIPCA Masters in Applied Computing, Sao Leopoldo, Brazil",Rio Grande do Sul,RS,Sul
"Instituto de Informática, Universidade Federal do Rio Grande do Sul, Porto Alegre, Rio Grande do Sul, Brazil",Rio Grande do Sul,RS,Sul
"Instituto de Informática, Universidade Federal do Rio Grande do Sul, Porto Alegre, Rio Grande do Sul, Brazil",Rio Grande do Sul,RS,Sul
"Instituto de Informática, Universidade Federal do Rio Grande do Sul, Porto Alegre, Rio Grande do Sul, Brazil",Rio Grande do Sul,RS,Sul
"Fraunhofer Institute of Computer Graphics Research (IGD), Germany",Internacional,,
"Ask-Innovative, Visualisierungslösungen GmbH, USA",Internacional,,
"National Center for Atmospheric Research NCAR, USA",Internacional,,
"Fraunhofer Institute of Computer Graphics Research (IGD), Germany",Internacional,,
"Universidade Estadual de Campinas (UNICAMP), Sao Paulo, Brazil",São Paulo,SP,Sudeste
"Universidade Estadual de Campinas (UNICAMP), Sao Paulo, Brazil",São Paulo,SP,Sudeste
"DCA-Centro de Tecnologia-UFRN, Universidade Federal do Rio Grande do Norte, Natal, Rio Grande do Norte, Brazil",Rio Grande do Norte,RN,Nordeste
"Universidade de Saão Paulo, Sao Paulo, Brazil",São Paulo,SP,Sudeste
"Universidade de Saão Paulo, Sao Paulo, Brazil",São Paulo,SP,Sudeste
"DETI UFC, Campus do Pici, Fortaleza, Ceara, Brazil",Ceará,CE,Nordeste
"DETI UFC, Campus do Pici, Fortaleza, Ceara, Brazil",Ceará,CE,Nordeste
"DETI UFC, Campus do Pici, Fortaleza, Ceara, Brazil",Ceará,CE,Nordeste
"Campus do Pici, DETI-UFC, Fortaleza, Ceara, Brazil",Ceará,CE,Nordeste
"Campus do Pici, DETI-UFC, Fortaleza, Ceara, Brazil",Ceará,CE,Nordeste
"CBPF-Centro Brasileiro de Pesquisas Físicas, Urca, Rio de Janeiro, Brazil",Rio de Janeiro,RJ,Sudeste
"CBPF-Centro Brasileiro de Pesquisas Físicas, Urca, Rio de Janeiro, Brazil",Rio de Janeiro,RJ,Sudeste
"CBPF-Centro Brasileiro de Pesquisas Físicas, Urca, Rio de Janeiro, Brazil",Rio de Janeiro,RJ,Sudeste
"A2SI - ESIEE, Noisy-Le-Grand, France",Internacional,,
"A2SI ESIEE Cité Descartes, France",Internacional,,
"Universidade Federal da Paraìba, Campina Grande, Paraiba, Brazil",Paraíba,PB,Nordeste
"Universidade Federal da Paraìba, Campina Grande, Paraiba, Brazil",Paraíba,PB,Nordeste
"ETS-École de Technologie Supériure, Montreal, Canada",Internacional,,
"Grupo SIM, Escola Politécnica da Universidade de São Paulo, Sao Paulo, Brazil",São Paulo,SP,Sudeste
"Grupo SIM, Escola Politécnica da Universidade de São Paulo, Sao Paulo, Brazil",São Paulo,SP,Sudeste
"Grupo SIM, Escola Politécnica da Universidade de São Paulo, Sao Paulo, Brazil",São Paulo,SP,Sudeste
"Universidade Federal do Rio Grande do Norte, Natal, RN, Brasil",Rio Grande do Norte,RN,Nordeste
"Universidade Federal do Rio Grande do Norte, Natal, RN, Brasil",Rio Grande do Norte,RN,Nordeste
"Universidade Federal do Rio Grande do Norte, Natal, RN, Brasil",Rio Grande do Norte,RN,Nordeste
"Universidade Federal do Rio Grande do Norte, Natal, RN, Brasil",Rio Grande do Norte,RN,Nordeste
"IME University of São Paulo, Sao Paulo, Brazil",São Paulo,SP,Sudeste
"University of Oxford, Oxford, UK",Internacional,,
"IME University of São Paulo, Sao Paulo, Brazil",São Paulo,SP,Sudeste
"ENST, Department TSI, CNRS URA 820, Paris, France",Internacional,,
"DRV-Development and Representation LTDA, Rio de Janeiro, RJ, Brazil",Rio de Janeiro,RJ,Sudeste
"DRV-Development and Representation LTDA, Rio de Janeiro, RJ, Brazil",Rio de Janeiro,RJ,Sudeste
"Technical Activity Dept, CBPF/CNPq-Brazilian Center for Research in Physics, Rio de Janeiro, RJ, Brazil",Rio de Janeiro,RJ,Sudeste
"Technical Activity Dept, CBPF/CNPq-Brazilian Center for Research in Physics, Rio de Janeiro, RJ, Brazil",Distrito Federal,DF,Centro-Oeste
"Technical Activity Dept, CBPF/CNPq-Brazilian Center for Research in Physics, Rio de Janeiro, RJ, Brazil",Rio de Janeiro,RJ,Sudeste
"Technical Activity Dept, CBPF/CNPq-Brazilian Center for Research in Physics, Rio de Janeiro, RJ, Brazil",Distrito Federal,DF,Centro-Oeste
"Technical Activity Dept, CBPF/CNPq-Brazilian Center for Research in Physics, Rio de Janeiro, RJ, Brazil",Rio de Janeiro,RJ,Sudeste
"Technical Activity Dept, CBPF/CNPq-Brazilian Center for Research in Physics, Rio de Janeiro, RJ, Brazil",Distrito Federal,DF,Centro-Oeste
"DCC-Departamento de Ciěncia da Computacção NPDI-Nucleo de Processamento Digital de Imagens, UFMG Universidade Federal de Minas Gerais, Belo Horizonte, Minas Gerais, Brazil",Minas Gerais,MG,Sudeste
"DCC-Departamento de Ciěncia da Computacção NPDI-Nucleo de Processamento Digital de Imagens, UFMG Universidade Federal de Minas Gerais, Belo Horizonte, Minas Gerais, Brazil",Minas Gerais,MG,Sudeste
"DCC-Departamento de Ciěncia da Computacção NPDI-Nucleo de Processamento Digital de Imagens, UFMG Universidade Federal de Minas Gerais, Belo Horizonte, Minas Gerais, Brazil",Minas Gerais,MG,Sudeste
"DCC-Departamento de Ciěncia da Computacção NPDI-Nucleo de Processamento Digital de Imagens, UFMG Universidade Federal de Minas Gerais, Belo Horizonte, Minas Gerais, Brazil",Minas Gerais,MG,Sudeste
"A2SI - ESIEE, Noisy-Le-Grand, France",Internacional,,
"AßSI-ESIEE-Cité Descartes, France",Internacional,,
"CEFET-PR Centro Federal de Eduçãcaio Tecnológica do Paraná, Cornelio Procopio, Parana, Brazil",Paraná,PR,Sul
"CEFET-PR - Centro Federal de Educação Tecnológica do Paraná, Cornélio Procópio, PR, Brasil",Paraná,PR,Sul
"Centro de Informática, CIN/UFPE, Recife, Pernambuco, Brazil",Pernambuco,PE,Nordeste
"Centro de Informática, CIN/UFPE, Recife, Pernambuco, Brazil",Pernambuco,PE,Nordeste
"Mestrado em Computação Aplicada PIPCA / Laboratory de Sensoriamento Remoto e Cartografia-LASERCA, Universidade do Vale do Rio dos Sinos (UNISINOS), Sao Leopoldo, Rio Grande do Sul, Brazil",Rio Grande do Sul,RS,Sul
"Mestrado em Computação Aplicada PIPCA / Laboratory de Sensoriamento Remoto e Cartografia-LASERCA, Universidade do Vale do Rio dos Sinos (UNISINOS), Sao Leopoldo, Rio Grande do Sul, Brazil",Rio Grande do Sul,RS,Sul
"Mestrado em Computação Aplicada PIPCA / Laboratory de Sensoriamento Remoto e Cartografia-LASERCA, Universidade do Vale do Rio dos Sinos (UNISINOS), Sao Leopoldo, Rio Grande do Sul, Brazil",Rio Grande do Sul,RS,Sul
"Mestrado em Computação Aplicada PIPCA / Laboratory de Sensoriamento Remoto e Cartografia-LASERCA, Universidade do Vale do Rio dos Sinos (UNISINOS), Sao Leopoldo, Rio Grande do Sul, Brazil",Rio Grande do Sul,RS,Sul
"Mestrado em Computação Aplicada PIPCA / Laboratory de Sensoriamento Remoto e Cartografia-LASERCA, Universidade do Vale do Rio dos Sinos (UNISINOS), Sao Leopoldo, Rio Grande do Sul, Brazil",Rio Grande do Sul,RS,Sul
"Universidade Federal de Minas Gerais, Belo Horizonte, Minas Gerais, Brazil",Minas Gerais,MG,Sudeste
"Universidade Federal de Minas Gerais, Belo Horizonte, Minas Gerais, Brazil",Minas Gerais,MG,Sudeste
"Universidade Federal de Minas Gerais, Belo Horizonte, Minas Gerais, Brazil",Minas Gerais,MG,Sudeste
"Universidade Federal de Minas Gerais, Belo Horizonte, Minas Gerais, Brazil",Minas Gerais,MG,Sudeste
"Departamento de Sistemas e Computação, Universídade Federal da Paraíba, Campina Grande, Paraiba, Brazil",Paraíba,PB,Nordeste
"Departamento de Sistemas e Computação, Universídade Federal da Paraíba, Campina Grande, Paraiba, Brazil",Paraíba,PB,Nordeste
"Dipartimento di Scienze Mediche Internistiche, Facoltà di Medicina, Cagliari, Italy",Internacional,,
"Dipartimento di Scienze Mediche Internistiche, Facoltà di Medicina, Cagliari, Italy",Internacional,,
"Dipartimento di Scienze Mediche Internistiche, Facoltà di Medicina, Cagliari, Italy",Internacional,,
"Departamento de Informática, Universidade Federal de Viçosa UFV, Vicosa, Minas Gerais, Brazil",Minas Gerais,MG,Sudeste
"Departamento de Informática, Universidade Federal de Viçosa UFV, Vicosa, Minas Gerais, Brazil",Minas Gerais,MG,Sudeste
"CVRG Cybernetic Vision Research Group, Institute of Physics at Sao Carlos, University of Sao Paulo, Sao Paulo, Brazil",São Paulo,SP,Sudeste
"Centro de Tecnologia-Bloco H-UFRJ, LCG-Laboratório de computaçåão Gráfica, Rio de Janeiro, Brazil",Rio de Janeiro,RJ,Sudeste
"Centro de Tecnologia-Bloco H-UFRJ, LCG-Laboratório de computaçåão Gráfica, Rio de Janeiro, Brazil",Rio de Janeiro,RJ,Sudeste
"Instituto de Computação-UFF, Niteroi, Rio de Janeiro, Brazil",Rio de Janeiro,RJ,Sudeste
"Instituto de Computação-UFF, Niteroi, Rio de Janeiro, Brazil",Rio de Janeiro,RJ,Sudeste
"IFSC/USP, Sao Paulo, Brazil",São Paulo,SP,Sudeste
"Department of Physics, Emory University, Atlanta, GA, USA",Internacional,,
"IFSC/USP, Sao Paulo, Brazil",São Paulo,SP,Sudeste
"PIPCA-Mestrado em Computação Aplicada, UNISINOS-Centro de Ciências Exatas e Tecnológicas, Brazil",Rio Grande do Sul,RS,Sul
"PIPCA-Mestrado em Computação Aplicada, UNISINOS-Centro de Ciências Exatas e Tecnológicas, Brazil",Rio Grande do Sul,RS,Sul
"Department of Oceanography, Federal University of Pernambuco (UFPE), Recife, Pernambuco, Brazil",Pernambuco,PE,Nordeste
"Department of Oceanography, Federal University of Pernambuco (UFPE), Recife, Pernambuco, Brazil",Pernambuco,PE,Nordeste
"Department of Cartographic Engineering, Recife, Pernambuco, Brazil",Pernambuco,PE,Nordeste
"Unisinos-Centro de Ciências Exatas e Tecnológicas, PIPCA-Mestrado em Computação Aplicada, Brazil",Rio Grande do Sul,RS,Sul
"Unisinos-Centro de Ciências Exatas e Tecnológicas, PIPCA-Mestrado em Computação Aplicada, Brazil",Rio Grande do Sul,RS,Sul
"Federal University of São Carlos, Sao Paulo, Brazil",São Paulo,SP,Sudeste
"Federal University of São Carlos, Sao Paulo, Brazil",São Paulo,SP,Sudeste
"Federal University of São Carlos, Sao Paulo, Brazil",São Paulo,SP,Sudeste
"UNILASALLE, Centro Universitário, Canoas, Rio Grande do Sul, Brazil",Rio Grande do Sul,RS,Sul
"LELIC, UFRGS Universidade Federal do Rio Grande do Sul, Porto Alegre, Rio Grande do Sul, Brazil",Rio Grande do Sul,RS,Sul
"LELIC, UFRGS Universidade Federal do Rio Grande do Sul, Porto Alegre, Rio Grande do Sul, Brazil",Rio Grande do Sul,RS,Sul
"Computer Graphics Laboratory LCG COPPE UFRJ, Brazil",Rio de Janeiro,RJ,Sudeste
"Computer Graphics Laboratory LCG COPPE UFRJ, Brazil",Rio de Janeiro,RJ,Sudeste
"Computer Graphics Laboratory LCG COPPE UFRJ, Brazil",Rio de Janeiro,RJ,Sudeste
"Instituto de Computação-UFF, Niteroi, Rio de Janeiro, Brazil",Rio de Janeiro,RJ,Sudeste
"Instituto de Computação-UFF, Niteroi, Rio de Janeiro, Brazil",Rio de Janeiro,RJ,Sudeste
"Instituto de Computação-UFF, Niteroi, Rio de Janeiro, Brazil",Rio de Janeiro,RJ,Sudeste
"Universidade Federal do Paraná, Curitiba, Parana, Brazil",Paraná,PR,Sul
"Universidade Estadual de Mato Grosso do Sul, Dourados, Mato Grosso do Sul, Brazil",Mato Grosso do Sul,MS,Centro-Oeste
"Universidade Estatual de Maringá, Maringa, Parana, Brazil",Paraná,PR,Sul
"UFMG/DCC/NPDI, Belo Horizonte, MG, Brazil",Minas Gerais,MG,Sudeste
"DCC/NPDI, Univ. Fed. de Minas Gerais, Belo Horizonte, Brazil",Minas Gerais,MG,Sudeste
"ENSEA/ETIS, Cergy-Pontoise, France",Internacional,,
"ENSEA/ETIS, Cergy-Pontoise, France",Internacional,,
"ENSEA/ETIS, Cergy-Pontoise, France",Internacional,,
"INFOSTRATA-R, Belo Horizonte, MG, Brazil",Minas Gerais,MG,Sudeste
"Pontifícia Universidade Católica do Rio Grande do Sul, Porto Alegre, Rio Grande do Sul, Brazil",Rio Grande do Sul,RS,Sul
"Pontifícia Universidade Católica do Rio Grande do Sul, Porto Alegre, Rio Grande do Sul, Brazil",Rio Grande do Sul,RS,Sul
"Pontifícia Universidade Católica do Rio Grande do Sul, Porto Alegre, Rio Grande do Sul, Brazil",Rio Grande do Sul,RS,Sul
"Electrical and Computer Engineering Faculty, State University of Campinas, Campinas, SP, Brazil",São Paulo,SP,Sudeste
"Electrical and Computer Engineering Faculty, State University of Campinas, Campinas, SP, Brazil",São Paulo,SP,Sudeste
"CIn/UFPE - Centro de Informática, Recife, PE, Brasil",Pernambuco,PE,Nordeste
"CIn/UFPE - Centro de Informática, Recife, PE, Brasil",Pernambuco,PE,Nordeste
"CIn/UFPE - Centro de Informática, Recife, PE, Brasil",Pernambuco,PE,Nordeste
"CIn/UFPE - Centro de Informática, Recife, PE, Brasil",Pernambuco,PE,Nordeste
"Computer Science Department, Universidade Federal de São Carlos Via Washington Luís, Km 235, Sao Paulo, Brazil",São Paulo,SP,Sudeste
"Computer Science Department, Universidade Federal de São Carlos Via Washington Luís, Km 235, Sao Paulo, Brazil",São Paulo,SP,Sudeste
"Computer Science Department, Universidade Federal de São Carlos Via Washington Luís, Km 235, Sao Paulo, Brazil",São Paulo,SP,Sudeste
"PIPCA-Programa Interdisciplinar de Pós-Graduação em Computação Aplicada, UNISINOS-Universidade do Vale do Rio dos Sinos, Sao Leopoldo, Rio Grande do Sul, Brazil",Rio Grande do Sul,RS,Sul
"PIPCA-Programa Interdisciplinar de Pós-Graduação em Computação Aplicada, UNISINOS-Universidade do Vale do Rio dos Sinos, Sao Leopoldo, Rio Grande do Sul, Brazil",Rio Grande do Sul,RS,Sul
"Electrical and Computer Engineering Faculty, State University of Campinas, Campinas, SP, Brazil",São Paulo,SP,Sudeste
"Electrical and Computer Engineering Faculty, State University of Campinas, Campinas, SP, Brazil",São Paulo,SP,Sudeste
"Departamento Matemática, Pontifícia Universidade Católica Rio Janeiro, Rio de Janeiro, Brazil",Rio de Janeiro,RJ,Sudeste
"Departamento Matemática, Pontifícia Universidade Católica Rio Janeiro, Porto Alegre, Rio Grande do Sul, Brazil",Rio Grande do Sul,RS,Sul
"IMPA-Instituto de Matemáica Pura e Aplicada, Rio de Janeiro, Brazil",Rio de Janeiro,RJ,Sudeste
"Department of Civil Engineering and Computer Graphics Technology Group, Tecgraf, Rio de Janeiro, Rio de Janeiro, Brazil",Rio de Janeiro,RJ,Sudeste
"Department of Computer Science, Federal University of Rio de Janeiro, Rio de Janeiro, Rio de Janeiro, Brazil",Rio de Janeiro,RJ,Sudeste
"Department of Civil Engineering and Computer Graphics Technology Group, Tecgraf, Rio de Janeiro, Rio de Janeiro, Brazil",Rio de Janeiro,RJ,Sudeste
"Department of Civil Engineering and Computer Graphics Technology Group, Tecgraf, Rio de Janeiro, Rio de Janeiro, Brazil",Rio de Janeiro,RJ,Sudeste
"DCA-Faculty of Electrical and Computer Engineering, State University of Campinas, Sao Paulo, Brazil",São Paulo,SP,Sudeste
"DCA-Faculty of Electrical and Computer Engineering, State University of Campinas, Sao Paulo, Brazil",São Paulo,SP,Sudeste
"Department of Mathematics and Statistics, Federal University of Paraiba, Brazil",Paraíba,PB,Nordeste
"PPGIA Programa de Pós-Graduação em Informática Aplicada, LARDOC Laboratório de Análise e Reconhecimento de Documentos, PUCPR Pontifícia Universidade Católica do Paraná, Curitiba, Brazil",Paraná,PR,Sul
"LIVIA Laboratoire dImagerie, de Vision et dIntelligence Artificielle, ETS Ecole de Technologie Supérieure, Montreal, QUE, Canada",Internacional,,
"PPGIA Programa de Pós-Graduação em Informática Aplicada, LARDOC Laboratório de Análise e Reconhecimento de Documentos, PUCPR Pontifícia Universidade Católica do Paraná, Curitiba, Brazil",Paraná,PR,Sul
"LIVIA Laboratoire dImagerie, de Vision et dIntelligence Artificielle, ETS Ecole de Technologie Supérieure, Montreal, QUE, Canada",Internacional,,
"PPGIA Programa de Pós-Graduação em Informática Aplicada, LARDOC Laboratório de Análise e Reconhecimento de Documentos, PUCPR Pontifícia Universidade Católica do Paraná, Curitiba, Brazil",Paraná,PR,Sul
"CENPARMI Centre for Pattern Recognition and Machine Intelligence, Montreal, Canada",Internacional,,
"Universitat Jaume I, Spain",Internacional,,
"Instituto Tecnológico de Toluca, Metepec, Mexico",Internacional,,
"Instituto Tecnológico de Toluca, Metepec, Mexico",Internacional,,
"Universitat Jaume I, Spain",Internacional,,
"Lab for Pattern Recognition, Instituto Tecnológico de Toluca, Metepec, Edomex, México",Internacional,,
"Lab for Pattern Recognition, Instituto Tecnológico de Toluca, Metepec, Edomex, México",Internacional,,
"Departamento de Ciência da Computação, Instituto de MatemSáica e Estatística, Universidade de Sáo Paulo, Sao Paulo, Brazil",São Paulo,SP,Sudeste
"Departamento de Ciência da Computação, Universidade de São Paulo Rua do Matão, São Paulo, SP",São Paulo,SP,Sudeste
"Departamento de Ciência da Computação, Instituto de MatemSáica e Estatística, Universidade de Sáo Paulo, Sao Paulo, Brazil",São Paulo,SP,Sudeste
"Departamento de Ciência da Computação, Instituto de MatemSáica e Estatística, Universidade de Sáo Paulo, Sao Paulo, Brazil",São Paulo,SP,Sudeste
"Departamento de Ciência da Computação, Instituto de MatemSáica e Estatística, Universidade de Sáo Paulo, Sao Paulo, Brazil",São Paulo,SP,Sudeste
"Departamento de Ciência da Computação, Instituto de MatemSáica e Estatística, Universidade de Sáo Paulo, Sao Paulo, Brazil",São Paulo,SP,Sudeste
"Instituto de Matemática Pura e Aplicada, IMPA, Brazil",Rio de Janeiro,RJ,Sudeste
"Instituto de Matemática Pura e Aplicada, IMPA, Brazil",Rio de Janeiro,RJ,Sudeste
"Instituto de Matemática Pura e Aplicada, IMPA, Brazil",Rio de Janeiro,RJ,Sudeste
"PPGIA-Programa Pós-graduação em Informática Aplicada, Pontificia Universidade Católica do Paraná PUCPR, Curitiba, Parana, Brazil",Paraná,PR,Sul
"PPGIA-Programa Pós-graduação em Informática Aplicada, Pontificia Universidade Católica do Paraná PUCPR, Curitiba, Parana, Brazil",Paraná,PR,Sul
"Department of Computer Science, IME-USP, Sao Paulo, Brazil",São Paulo,SP,Sudeste
"Department of Computer Science-IME-USP, IME-USP, Sao Paulo, Brazil",São Paulo,SP,Sudeste
"School of Community Health, Charles Sturt University, Albury, Australia",Internacional,,
"Instituto de Computação - UFF, Niterói, RJ, Brasil",Rio de Janeiro,RJ,Sudeste
"Instituto de Computação - UFF, Niterói, RJ, Brasil",Rio de Janeiro,RJ,Sudeste
"FEEC-Faculdade de Engenharia Elétrica e de Computação, Sao Paulo, Brazil",São Paulo,SP,Sudeste
"FEEC-Faculdade de Engenharia Elétrica e de Computação, Sao Paulo, Brazil",São Paulo,SP,Sudeste
"Department of Electrical Engineering, Texas A&M University College Station, College Station, TX, United States",Internacional,,
"Departamento de Ciência da Computação, Instituto de Matemática e Estatística - USP Rua do Matão, São Paulo, Brazil",São Paulo,SP,Sudeste
"SENAC College of Computer Science and Technology Rua Galvão Bueno, São Paulo, Brazil",São Paulo,SP,Sudeste
"Departamento de Ciência da Computação, Instituto de Matemática e Estatística - USP Rua do Matão, São Paulo, Brazil",São Paulo,SP,Sudeste
"Departamento de Ciência da Computação, Instituto de Matemática e Estatística - USP Rua do Matão, São Paulo, Brazil",São Paulo,SP,Sudeste
"Department of Electrical Engineering, Texas A&M University College Station, College Station, TX, United States",Internacional,,
"Departamento de Ciêcia da Computação, Instituto de Matemática e Estatística., Universidade de Sáo Paulo, Sao Paulo, Brazil",São Paulo,SP,Sudeste
"Departamento de Ciêcia da Computação, Instituto de Matemática e Estatística., Universidade de Sáo Paulo, Sao Paulo, Brazil",São Paulo,SP,Sudeste
"Departamento de Ciêcia da Computação, Instituto de Matemática e Estatística., Universidade de Sáo Paulo, Sao Paulo, Brazil",São Paulo,SP,Sudeste
"Departamento de Ciêcia da Computação, Instituto de Matemática e Estatística., Universidade de Sáo Paulo, Sao Paulo, Brazil",São Paulo,SP,Sudeste
"Faculdade de Engenharia Elétrica e Computação, Universidade Estadual de Campinas, Campinas, SP, Brazil",São Paulo,SP,Sudeste
"Faculdade de Engenharia Elétrica e Computação, Universidade Estadual de Campinas, Campinas, SP, Brazil",São Paulo,SP,Sudeste
"P ç. Mal Eduardo Gomes 50, ITA - Instituto Tecnologico de Aeronáutica, SP, Brasil",São Paulo,SP,Sudeste
"P ç. Mal Eduardo Gomes 50, ITA - Instituto Tecnologico de Aeronáutica, SP, Brasil",São Paulo,SP,Sudeste
"Department of Computer Science, ICAD, Inc., Brazil",Rio de Janeiro,RJ,Sudeste,S
"Department of Mechanical Engineering, ICAD, Inc., Brazil",Rio de Janeiro,RJ,Sudeste,S
"Department of Computer Science, ICAD, Inc., Brazil",Rio de Janeiro,RJ,Sudeste,S
"LIMPA-Instituto Matematica Pura e Aplicada, Brazil",Rio de Janeiro,RJ,Sudeste
"Media Research Laboratory NYU, USA",Internacional,,
"Media Research Laboratory NYU, USA",Internacional,,
"Media Research Laboratory NYU, USA",Internacional,,
"IST UTL Instituto Superior Técnico, Universidade Técnica de Lisboa, Portugal",Internacional,,
"INESC-ID-Instituto de Engenharia de Sistemas e Computadores, Lisboa, Portugal",Internacional,,
"IST UTL Instituto Superior Técnico, Universidade Técnica de Lisboa, Portugal",Internacional,,
"INESC-ID-Instituto de Engenharia de Sistemas e Computadores, Lisboa, Portugal",Internacional,,
"IRCOM-SIC-UMR 6615, SP2MI, Chasseneuil, France",Internacional,,
"IRCOM-SIC-UMR 6615, SP2MI, Chasseneuil, France",Internacional,,
"IRCOM-SIC-UMR 6615, SP2MI, Chasseneuil, France",Internacional,,
"IRCOM-SIC-UMR 6615, SP2MI, Chasseneuil, France",Internacional,,
"UFRGS-Universidade Federal do Rio Grande do Sul, Instituto de Informatica, Porto Alegre, RS, Brasil",Rio Grande do Sul,RS,Sul
"Superieure des Telecommunications, TSI, Paris, France",Internacional,,
"Institute of Image Processing and Pattern Recognition., Shanghai Jiaotong University, Shanghai, China",Internacional,,
"Department of Electronics, Jingdezhen Comprehensive College, Jiangxi, China",Internacional,,
"Instituto de Computação, Universidade Estadual de Campinas, Campinas, SP, Brasil",São Paulo,SP,Sudeste
"Computer Graphics Laboratory (LIG), Swiss Federal Institute of Technology, Lausanne, Switzerland",Internacional,,
"Computer Graphics Lab (LIG), Swiss Federal Institute of Technology (EPFL), Lausanne, Switzerland",Internacional,,
"Computer Graphics Lab (LIG), Swiss Federal Institute of Technology (EPFL), Lausanne, Switzerland",Internacional,,
"Department of Computer Science, University of Calgary, Calgary, AB, Canada",Internacional,,
"Department of Mechanical Engineering, University of Calgary, Calgary, AB, Canada",Internacional,,
"Faculty of Kinesiology, University of Calgary, Calgary, AB, Canada",Internacional,,
"Department of Computer Science, University of Calgary, Calgary, AB, Canada",Internacional,,
"Department of Computer Engineering and Industrial Automation-DCA, School of Electrical and Computer Engineering-FEEC, State University of Campinas, Sao Paulo, Brazil",São Paulo,SP,Sudeste
"Department of Computer Engineering and Industrial Automation-DCA, School of Electrical and Computer Engineering-FEEC, State University of Campinas, Sao Paulo, Brazil",São Paulo,SP,Sudeste
"Department of Computer Engineering and Industrial Automation-DCA, School of Electrical and Computer Engineering-FEEC, State University of Campinas, Sao Paulo, Brazil",São Paulo,SP,Sudeste
"Faculdade SENAC de Ciênias Exatas e Tecnologia, SP, Brazil",São Paulo,SP,Sudeste
"Faculdade SENAC de Ciênias Exatas e Tecnologia, SP, Brazil",São Paulo,SP,Sudeste
"Faculdade SENAC de Ciênias Exatas e Tecnologia, SP, Brazil",São Paulo,SP,Sudeste
"Faculdade SENAC de Ciênias Exatas e Tecnologia, SP, Brazil",São Paulo,SP,Sudeste
"Rede Globo, Rio de Janeiro, Brasil",Rio de Janeiro,RJ,Sudeste
"Universidade Federal do Rio de Janeiro, Rio de Janeiro, Brasil",Rio de Janeiro,RJ,Sudeste
"Universidade Estadual de Campinas, Campinas, SP, Brasil",São Paulo,SP,Sudeste
"State University of Campinas-UNICAMP, Sao Paulo, Brazil",São Paulo,SP,Sudeste
"Robotics and Computer Vision Laboratory, ITI, Sao Paulo, Brazil",São Paulo,SP,Sudeste
"State University of Campinas-UNICAMP, Sao Paulo, Brazil",São Paulo,SP,Sudeste
"I.N.R.I.A. Sophia Antipolis, La Valbonne, France",Internacional,,
"Robotics and Computer Vision Laboratory, ITI, Sao Paulo, Brazil",São Paulo,SP,Sudeste
"Departamento de Ciencia da Computacao do IME-USP, Sao Paulo, SP, Brazil",São Paulo,SP,Sudeste
"Department of Computation, Federal University of São Carlos, São Carlos, SP, Brazil",São Paulo,SP,Sudeste
"Agricultural Instrumentation, EMBRAPA-Instrumentacao AGroupecuaria, Sao Paulo, Brazil",São Paulo,SP,Sudeste
"EMBRAPA –Agricultural Instrumentation, São Carlos, SP, Brazil",São Paulo,SP,Sudeste
"IAPAR–Agronomic Institute of Parana, Londrina, Pr, Brazil",Paraná,PR,Sul
"Departamento Física CCNE, University Federal of Santa Maria, Santa Maria, Rio Grande do Sul, Brazil",Rio Grande do Sul,RS,Sul
"Instituto Informática, University Federal do Rio Grande do Sul, Porto Alegre, Rio Grande do Sul, Brazil",Rio Grande do Sul,RS,Sul
"Curso de Ciência da Computação, University Federal de Santa Maria, Santa Maria, Rio Grande do Sul, Brazil",Rio Grande do Sul,RS,Sul
"Hospital Universitário de Santa Maria, University Federal de Santa Maria, Santa Maria, Rio Grande do Sul, Brazil",Rio Grande do Sul,RS,Sul
"LEB-Laborat6rio de Engenharia BiomCdica, Escola Politecnica da Universidade de Sao Paulo, Sao Paulo, Brazil",São Paulo,SP,Sudeste
"InCor-Instituto do Corapo, Servigo de Informiitica, Sao Paulo, Brazil",São Paulo,SP,Sudeste
"Departamento de Computação-Rod, Universidade Federal de São Carlos, Sao Paulo, Brazil",São Paulo,SP,Sudeste
"Departamento de Computação-Rod, Universidade Federal de São Carlos, Sao Paulo, Brazil",São Paulo,SP,Sudeste
"Centro de Ciências das Imagens e Fisíca Médica, Ribeirão Preto, Sao Paulo, Brazil",São Paulo,SP,Sudeste
"Departamento de Engenharia Elétrica - EESC, Universidade de São Paulo, São Carlos, SP",São Paulo,SP,Sudeste
"Departamento de Engenharia Elétrica - EESC, Universidade de São Paulo, São Carlos, SP, Brazil",São Paulo,SP,Sudeste
"Centro de Desenvolvimento da Tecnologia Nuclear - CDTN, Belo Horizonte, MG, Brazil",Minas Gerais,MG,Sudeste
"Computer and Information Sciences and Engineering - CISE, University of Florida, Gainesville, FL, USA",Internacional,,
"Equipe Traitement des Images et du Signal, Cergy, Cedex, France",Internacional,,
"Equipe Traitement des Images et du Signal, Cergy, Cedex, France",Internacional,,
"Departamento de Ciencia da Computação, Instituto de Ciências Exatas, Belo Horizonte, MG, Brasil",Minas Gerais,MG,Sudeste
"Equipe Traitement des Images et du Signal, Cergy, Cedex, France",Internacional,,
"Departamento de Ciencia da Computação, Instituto de Ciências Exatas, Belo Horizonte, MG, Brasil",Minas Gerais,MG,Sudeste
"PUCRS-Faculdade Engenharia, Pontificia Universidade Catolica Rio Grande Sul, Porto Alegre, Rio Grande do Sul, Brazil",Rio Grande do Sul,RS,Sul
"UFRGS-Instituto Informatica, Universidade Federal do Rio Grande do Sul, Porto Alegre, Rio Grande do Sul, Brazil",Rio Grande do Sul,RS,Sul
"UFRGS-Instituto Fisica, Universidade Federal do Rio Grande do Sul, Porto Alegre, Rio Grande do Sul, Brazil",Rio Grande do Sul,RS,Sul
"A SI/ESIEE-Cite Descartes, France",Internacional,,
"A2SI/ESIEE, Noisy le Grand, France",Internacional,,
"Institutto de Computação, State University of Campinas-UNICAMP, Sao Paulo, Brazil",São Paulo,SP,Sudeste
"NPDI/DCC, Universidade Federal de Minas Gerais, Belo Horizonte, Minas Gerais, Brazil",Minas Gerais,MG,Sudeste
"Université du Littoral Côte d'Opale, Calais, France",Internacional,,
"Université du Littoral Côte d'Opale, Calais, France",Internacional,,
"Instituto Superior de Engenharia do Porto, Portugal",Internacional,,
"INESC - Instituto de Engenharia de Sistemas e Computadores - Rua Alves Redol, Lisboa, Portugal",Internacional,,
"Lic. Engineering Informática e de Computadores, Istituto Superior TécniCompany, Lisboa, Portugal",Internacional,,
"Lic. Engineering Informática e de Computadores, Istituto Superior TécniCompany, Lisboa, Portugal",Internacional,,
"Departamento de Engenharia Informática, Instituto Superior Técnico, Lisboa, Portugal",Internacional,,
"Department of Computer Engineering and Industrial Automation-DCA, school of Electrical and Computer Engineering-FEEC, State University of Campinas, Sao Paulo, Brazil",São Paulo,SP,Sudeste
"Department of Computer Engineering and Industrial Automation-DCA, school of Electrical and Computer Engineering-FEEC, State University of Campinas, Sao Paulo, Brazil",São Paulo,SP,Sudeste
"Departamento de Sistemas e Computacao, Universidade Federal da Paraiba, Campina Grande, PB, Brasil",Paraíba,PB,Nordeste
"Action and Behaviour, Division of Informatics, Edinburgh University, Edinburgh, UK",Internacional,,
"National Laboratory of Scientific Computing (LNCC), Janeiro, Rio de Janeiro, Brazil",Rio de Janeiro,RJ,Sudeste
"LCG-Computer Graphics Laboratory, Janeiro, Rio de Janeiro, Brazil",Rio de Janeiro,RJ,Sudeste
"LCG-Computer Graphics Laboratory, Janeiro, Rio de Janeiro, Brazil",Rio de Janeiro,RJ,Sudeste
"IFSC-USP-Cybernetic Vision Res. Group, Sao Carlos, Brazil",São Paulo,SP,Sudeste
"IFSC-USP-Cybernetic Vision Research Group, São Carlos, SP, Brazil",São Paulo,SP,Sudeste
"Laboratorio de Analise e Reconhecimento de Documentos, Pontificia Univ. Catolica do Parana, Curitiba, Brazil",Paraná,PR,Sul
"LIVIA Laboratoire dImagerie, Vision et dIntelligence Artificielle, Ecole de Technologie Supérieure, Montreal, Canada",Internacional,,
"PPGIA Programa Pós-Graduação em Informática Aplicada LARDOC Laboratório Análise e Reconhecimento Documentos, Pontifícia Universidade Católica Parana, Curitiba, Parana, Brazil",Paraná,PR,Sul
"CENPARMI Centre for Pattern Recognition and Machine Intelligence, Montreal, Canada",Internacional,,
"Universidade Federal de Pernambuco, Centro de Informática, Recife, Brazil",Pernambuco,PE,Nordeste
"Universidade Federal de Pernambuco, Centro de Informática, Recife, Brazil",Pernambuco,PE,Nordeste
"Universidade Federal de Pernambuco, Centro de Informática, Recife, Brazil",Pernambuco,PE,Nordeste
"Universidade Federal de Pernambuco, Centro de Informática, Recife, Brazil",Pernambuco,PE,Nordeste
"Universidade Federal de Pernambuco, Centro de Informática, Recife, Brazil",Pernambuco,PE,Nordeste
"Universidade Federal de Pernambuco, Centro de Informática, Recife, Brazil",Pernambuco,PE,Nordeste
"Federal Center for Technology Education, Catholic University of Pelotas, Pelotas, Rio Grande do Sul, Brazil",Rio Grande do Sul,RS,Sul
"Federal University of Rio Grande do Sul, Computer Science Institute, Porto Alegre, RS, Brazil",Rio Grande do Sul,RS,Sul
"Catholic University of Pelotas, and Federal Center for Technology Education, Pelotas, RS, Brazil",Rio Grande do Sul,RS,Sul
"Federal University of Rio Grande do Sul, Computer Science Institute, Porto Alegre, RS, Brazil",Rio Grande do Sul,RS,Sul
"Laboratory of Integrated Systems (LSI), Polytechnic School of University of São Paulo (EPUSP), São Paulo, Brazil",São Paulo,SP,Sudeste
"Laboratory of Integrated Systems (LSI), Polytechnic School of University of São Paulo (EPUSP), São Paulo, Brazil",São Paulo,SP,Sudeste
"DCC - Dpto. de Ciência da Computação, PUC-MG, Belo Horizonte, MG, Brasil",Minas Gerais,MG,Sudeste
"DCC - Dpto. de Ciência da Computação, PUC-MG, Belo Horizonte, MG, Brasil",Minas Gerais,MG,Sudeste
"Paralelo Computação, Niteroi, Rio de Janeiro, Brazil",Rio de Janeiro,RJ,Sudeste
"Institute de Computação-UFF, Niteroi, Rio de Janeiro, Brazil",Rio de Janeiro,RJ,Sudeste
"IMPA-Instituto de Matemtica Pura e Aplicada, Brazil",Rio de Janeiro,RJ,Sudeste
"IMPA-Instituto de Matemtica Pura e Aplicada, Brazil",Rio de Janeiro,RJ,Sudeste
"Pontificia Universidade Catòlica do Rio Grande do Sul, Brazil",Rio Grande do Sul,RS,Sul
"Universidade Estadual de Campinas, Campinas, SP, Brasil",São Paulo,SP,Sudeste
"LCG - Laboratório de Computaçāo Gràfica, COPPE - Sistemas/UFRJ, Rio de Janeiro, RJ, Brasil",Rio de Janeiro,RJ,Sudeste